$MeshFormat
2.2 0 8
$EndMeshFormat
$PhysicalNames
2
2 2 "pec"
3 1 "vacuum"
$EndPhysicalNames
$Nodes
1560
1 -11 -11 1.5
2 -11 -11 0
3 -11 11 1.5
4 -11 11 0
5 11 -11 1.5
6 11 -11 0
7 11 11 1.5
8 11 11 0
9 -11 -11 0.7499999999999978
10 -11 -10.08333333333333 1.5
11 -11 -9.166666666666666 1.5
12 -11 -8.25 1.5
13 -11 -7.333333333333333 1.5
14 -11 -6.416666666666667 1.5
15 -11 -5.499999999999999 1.5
16 -11 -4.583333333333332 1.5
17 -11 -3.666666666666666 1.5
18 -11 -2.75 1.5
19 -11 -1.833333333333334 1.5
20 -11 -0.9166666666666661 1.5
21 -11 1.77635683940025e-15 1.5
22 -11 0.9166666666666679 1.5
23 -11 1.833333333333336 1.5
24 -11 2.750000000000002 1.5
25 -11 3.666666666666668 1.5
26 -11 4.583333333333334 1.5
27 -11 5.5 1.5
28 -11 6.416666666666668 1.5
29 -11 7.333333333333332 1.5
30 -11 8.25 1.5
31 -11 9.166666666666668 1.5
32 -11 10.08333333333333 1.5
33 -11 11 0.7499999999999978
34 -11 -10.08333333333333 0
35 -11 -9.166666666666666 0
36 -11 -8.25 0
37 -11 -7.333333333333333 0
38 -11 -6.416666666666667 0
39 -11 -5.499999999999999 0
40 -11 -4.583333333333332 0
41 -11 -3.666666666666666 0
42 -11 -2.75 0
43 -11 -1.833333333333334 0
44 -11 -0.9166666666666661 0
45 -11 1.77635683940025e-15 0
46 -11 0.9166666666666679 0
47 -11 1.833333333333336 0
48 -11 2.750000000000002 0
49 -11 3.666666666666668 0
50 -11 4.583333333333334 0
51 -11 5.5 0
52 -11 6.416666666666668 0
53 -11 7.333333333333332 0
54 -11 8.25 0
55 -11 9.166666666666668 0
56 -11 10.08333333333333 0
57 11 -11 0.7499999999999978
58 11 -10.08333333333333 1.5
59 11 -9.166666666666666 1.5
60 11 -8.25 1.5
61 11 -7.333333333333333 1.5
62 11 -6.416666666666667 1.5
63 11 -5.499999999999999 1.5
64 11 -4.583333333333332 1.5
65 11 -3.666666666666666 1.5
66 11 -2.75 1.5
67 11 -1.833333333333334 1.5
68 11 -0.9166666666666661 1.5
69 11 1.77635683940025e-15 1.5
70 11 0.9166666666666679 1.5
71 11 1.833333333333336 1.5
72 11 2.750000000000002 1.5
73 11 3.666666666666668 1.5
74 11 4.583333333333334 1.5
75 11 5.5 1.5
76 11 6.416666666666668 1.5
77 11 7.333333333333332 1.5
78 11 8.25 1.5
79 11 9.166666666666668 1.5
80 11 10.08333333333333 1.5
81 11 11 0.7499999999999978
82 11 -10.08333333333333 0
83 11 -9.166666666666666 0
84 11 -8.25 0
85 11 -7.333333333333333 0
86 11 -6.416666666666667 0
87 11 -5.499999999999999 0
88 11 -4.583333333333332 0
89 11 -3.666666666666666 0
90 11 -2.75 0
91 11 -1.833333333333334 0
92 11 -0.9166666666666661 0
93 11 1.77635683940025e-15 0
94 11 0.9166666666666679 0
95 11 1.833333333333336 0
96 11 2.750000000000002 0
97 11 3.666666666666668 0
98 11 4.583333333333334 0
99 11 5.5 0
100 11 6.416666666666668 0
101 11 7.333333333333332 0
102 11 8.25 0
103 11 9.166666666666668 0
104 11 10.08333333333333 0
105 -10.08333333333333 -11 0
106 -9.166666666666666 -11 0
107 -8.25 -11 0
108 -7.333333333333333 -11 0
109 -6.416666666666667 -11 0
110 -5.499999999999999 -11 0
111 -4.583333333333332 -11 0
112 -3.666666666666666 -11 0
113 -2.75 -11 0
114 -1.833333333333334 -11 0
115 -0.9166666666666661 -11 0
116 1.77635683940025e-15 -11 0
117 0.9166666666666679 -11 0
118 1.833333333333336 -11 0
119 2.750000000000002 -11 0
120 3.666666666666668 -11 0
121 4.583333333333334 -11 0
122 5.5 -11 0
123 6.416666666666668 -11 0
124 7.333333333333332 -11 0
125 8.25 -11 0
126 9.166666666666668 -11 0
127 10.08333333333333 -11 0
128 -10.08333333333333 -11 1.5
129 -9.166666666666666 -11 1.5
130 -8.25 -11 1.5
131 -7.333333333333333 -11 1.5
132 -6.416666666666667 -11 1.5
133 -5.499999999999999 -11 1.5
134 -4.583333333333332 -11 1.5
135 -3.666666666666666 -11 1.5
136 -2.75 -11 1.5
137 -1.833333333333334 -11 1.5
138 -0.9166666666666661 -11 1.5
139 1.77635683940025e-15 -11 1.5
140 0.9166666666666679 -11 1.5
141 1.833333333333336 -11 1.5
142 2.750000000000002 -11 1.5
143 3.666666666666668 -11 1.5
144 4.583333333333334 -11 1.5
145 5.5 -11 1.5
146 6.416666666666668 -11 1.5
147 7.333333333333332 -11 1.5
148 8.25 -11 1.5
149 9.166666666666668 -11 1.5
150 10.08333333333333 -11 1.5
151 -10.08333333333333 11 0
152 -9.166666666666666 11 0
153 -8.25 11 0
154 -7.333333333333333 11 0
155 -6.416666666666667 11 0
156 -5.499999999999999 11 0
157 -4.583333333333332 11 0
158 -3.666666666666666 11 0
159 -2.75 11 0
160 -1.833333333333334 11 0
161 -0.9166666666666661 11 0
162 1.77635683940025e-15 11 0
163 0.9166666666666679 11 0
164 1.833333333333336 11 0
165 2.750000000000002 11 0
166 3.666666666666668 11 0
167 4.583333333333334 11 0
168 5.5 11 0
169 6.416666666666668 11 0
170 7.333333333333332 11 0
171 8.25 11 0
172 9.166666666666668 11 0
173 10.08333333333333 11 0
174 -10.08333333333333 11 1.5
175 -9.166666666666666 11 1.5
176 -8.25 11 1.5
177 -7.333333333333333 11 1.5
178 -6.416666666666667 11 1.5
179 -5.499999999999999 11 1.5
180 -4.583333333333332 11 1.5
181 -3.666666666666666 11 1.5
182 -2.75 11 1.5
183 -1.833333333333334 11 1.5
184 -0.9166666666666661 11 1.5
185 1.77635683940025e-15 11 1.5
186 0.9166666666666679 11 1.5
187 1.833333333333336 11 1.5
188 2.750000000000002 11 1.5
189 3.666666666666668 11 1.5
190 4.583333333333334 11 1.5
191 5.5 11 1.5
192 6.416666666666668 11 1.5
193 7.333333333333332 11 1.5
194 8.25 11 1.5
195 9.166666666666668 11 1.5
196 10.08333333333333 11 1.5
197 -11 5.958333333333336 0.75
198 -11 6.875 0.75
199 -11 9.586805555555557 0.7658179012345668
200 -11 7.791666666666657 0.7499999999999998
201 -11 8.708333333333346 0.749999999999999
202 -11 -7.791666666666666 0.75
203 -11 -9.586805555555555 0.7658179012345677
204 -11 1.375 0.75
205 -11 -5.958333333333333 0.75
206 -11 -6.875 0.75
207 -11 -4.124999999999999 0.75
208 -11 -3.208333333333333 0.7499999999999999
209 -11 -2.291666666666666 0.75
210 -11 2.291666666666668 0.75
211 -11 3.20833333333333 0.75
212 -11 4.125000000000005 0.75
213 -11 5.041666666666664 0.75
214 -11 -1.375 0.75
215 -11 0.4583333333333357 0.75
216 -11 -0.4583333333333321 0.75
217 -11 -5.041666666666666 0.7500000000000001
218 -11 -8.708333333333332 0.7500000000000001
219 -11 10.3125 0.8449074074074027
220 -11 -10.3125 0.844907407407407
221 11 5.958333333333336 0.75
222 11 6.875 0.75
223 11 9.586805555555557 0.7658179012345668
224 11 7.791666666666657 0.7499999999999998
225 11 8.708333333333346 0.749999999999999
226 11 -7.791666666666666 0.75
227 11 -9.586805555555555 0.7658179012345677
228 11 1.375000000000002 0.75
229 11 -5.958333333333333 0.75
230 11 -6.875 0.75
231 11 -4.124999999999999 0.75
232 11 -3.208333333333334 0.75
233 11 -2.291666666666666 0.7500000000000001
234 11 2.291666666666668 0.75
235 11 3.20833333333333 0.75
236 11 4.125000000000005 0.75
237 11 5.041666666666664 0.75
238 11 -1.375 0.75
239 11 -0.4583333333333321 0.75
240 11 0.4583333333333357 0.75
241 11 -5.041666666666665 0.75
242 11 -8.708333333333332 0.7500000000000001
243 11 10.3125 0.8449074074074027
244 11 -10.3125 0.844907407407407
245 5.958333333333336 -11 0.75
246 6.875 -11 0.75
247 9.586805555555554 -11 0.7658179012345669
248 7.791666666666661 -11 0.75
249 8.708333333333346 -11 0.75
250 -9.586805555555555 -11 0.7341820987654321
251 1.375000000000002 -11 0.75
252 -5.041666666666666 -11 0.7499999999999999
253 -5.958333333333333 -11 0.7499999999999998
254 -7.791666666666666 -11 0.75
255 -6.875 -11 0.75
256 -4.125 -11 0.7499999999999999
257 -3.208333333333333 -11 0.7499999999999999
258 -2.291666666666666 -11 0.75
259 0.4583333333333357 -11 0.75
260 2.291666666666668 -11 0.75
261 3.20833333333333 -11 0.75
262 4.125000000000005 -11 0.75
263 5.041666666666664 -11 0.75
264 -1.375 -11 0.7499999999999998
265 -0.4583333333333321 -11 0.75
266 -8.708333333333332 -11 0.7500000000000001
267 10.31249999999999 -11 0.8449074074074023
268 -10.3125 -11 0.6550925925925928
269 5.958333333333336 11 0.75
270 6.875 11 0.75
271 9.586805555555554 11 0.7658179012345669
272 7.791666666666661 11 0.75
273 8.708333333333346 11 0.75
274 -9.586805555555555 11 0.7341820987654321
275 1.375000000000002 11 0.75
276 -5.958333333333334 11 0.7499999999999998
277 -7.791666666666666 11 0.75
278 -6.875 11 0.7499999999999999
279 -4.124999999999999 11 0.75
280 -3.208333333333334 11 0.75
281 -2.291666666666666 11 0.75
282 0.4583333333333357 11 0.75
283 2.291666666666668 11 0.75
284 3.20833333333333 11 0.75
285 4.125000000000005 11 0.75
286 5.041666666666664 11 0.75
287 -1.375 11 0.7499999999999998
288 -0.4583333333333321 11 0.75
289 -5.041666666666665 11 0.7499999999999998
290 -8.708333333333332 11 0.7500000000000001
291 10.31249999999999 11 0.8449074074074023
292 -10.3125 11 0.6550925925925928
293 0.4583333333333339 10.20614337986427 0
294 10.22519687936963 -0.4583333333333268 0
295 -0.4697128296964976 -10.22141068545491 0
296 -10.20614337986424 0.4583333333333357 0
297 -10.20614337986427 -3.208333333333333 0
298 10.24261666053724 3.177971834464554 0
299 3.236949080806362 -10.19552752223383 0
300 -3.208333333333334 10.20614337986427 0
301 -10.20614337986425 4.125000000000004 0
302 10.20614337986427 -4.124999999999999 0
303 -4.124999999999999 -10.20614337986427 0
304 4.178602535721428 10.26978056803745 0
305 10.25420425892358 5.947489940880189 0
306 5.974686069500951 -10.22055907727561 0
307 -10.20614337986419 -5.958333333333317 0
308 -6.085844358834349 10.12916585891683 0
309 -10.20614337986427 6.875 0
310 6.875 10.20614337986427 0
311 -6.820263374172919 -10.18200536939029 0
312 10.25420425892366 -6.864156607546791 0
313 -10.20614337986426 -1.375 0
314 10.20614337986427 1.375000000000009 0
315 -10.20614337986424 -7.791666666666661 0
316 -2.238474107815112 -10.2312633165699 0
317 -7.803362329445712 10.18801711271091 0
318 1.496898565316787 -10.12459175793228 0
319 -1.399549077902799 10.08703092395631 0
320 10.20614337986427 -2.291666666666666 0
321 -10.20614337986424 2.291666666666675 0
322 2.266165636658823 10.2208664064039 0
323 10.20614337986427 7.791666666666661 0
324 7.912000222156497 -10.12877635638962 0
325 8.667791366729706 10.18299233491515 0
326 10.20614337986427 -8.708333333333332 0
327 -10.21522302086267 8.727459740533263 0
328 -8.787831850147668 -10.17839521879086 0
329 9.606998388126286 -10.19274198408348 0
330 -10.22379229203215 -9.621115744825865 0
331 10.12012104411836 9.563709905030695 0
332 -9.508824852283782 10.19710859061616 0
333 -10.207656653364 7.794854401199991 0
334 -9.412538971978485 7.333864622422226 0
335 -9.412328795103525 6.416755214848152 0
336 -8.618479180863622 6.875103306211734 0
337 -8.618445319033766 5.958365309065545 0
338 -7.824584222909028 6.416689213657335 0
339 -7.824577833272547 5.500009087120496 0
340 -7.030719402199233 5.958338605685217 0
341 -7.03071803543688 5.041669059912081 0
342 -6.236860885684496 5.50000127759958 0
343 -6.236860569621314 4.583333945140861 0
344 -5.443003808538956 5.041666981567889 0
345 -5.443003732370634 4.125000154451499 0
346 -4.64914707604909 4.583333411558835 0
347 -4.649147057323384 3.666666705446215 0
348 -3.855290428035739 4.125000019500897 0
349 -3.855290423389457 3.208333343046798 0
350 -3.061433800954033 3.666666671535795 0
351 -3.061433799796357 2.750000002430498 0
352 -2.267577179084405 3.208333334550012 0
353 -2.267577178795408 2.291666667274601 0
354 -1.473720558515479 2.75000000030418 0
355 -1.473720558443267 1.833333333485431 0
356 -0.6798639382714722 2.291666666742795 0
357 -0.6798639382534226 1.375000000038122 0
358 -1.473720558386139 0.9166666666984469 0
359 -0.6798639382408833 0.4583333333450703 0
360 -1.47372055837452 7.329248319365433e-12 0
361 -0.6798639382368439 -0.4583333333300672 0
362 0.1139926818913253 1.833333333352465 0
363 -1.473720558371902 -0.916666666664824 0
364 -0.6798639382357248 -1.374999999999059 0
365 0.1139926819000756 -0.9166666666658685 0
366 0.1139926819002852 -1.833333333332947 0
367 0.9078493020360554 -1.3749999999997 0
368 -1.473720558371209 -1.833333333332913 0
369 0.9078493020361087 -2.291666666666446 0
370 1.701705922171849 -1.833333333333139 0
371 0.1139926818928174 2.750000000015966 0
372 0.9078493020360821 2.291666666666812 0
373 1.701705922171872 -2.749999999999821 0
374 -2.26757717850697 -1.374999999999556 0
375 -2.267577178506794 -2.291666666666556 0
376 2.495562542307614 -2.291666666666492 0
377 2.495562542307621 -3.208333333333159 0
378 0.9078493020348084 3.208333333336121 0
379 1.7017059221716 2.750000000000597 0
380 -4.64914704275081 2.75000000808221 0
381 -3.061433798642565 -1.833333333333179 0
382 -3.061433798642528 -2.749999999999892 0
383 -2.26757717850678 -3.208333333333223 0
384 1.70170592217155 3.666666666667341 0
385 2.495562542307503 3.208333333333588 0
386 1.701705922171891 -3.666666666666499 0
387 -3.061433798642512 -3.666666666666565 0
388 3.289419162443352 -2.749999999999822 0
389 3.289419162443362 -3.666666666666487 0
390 0.907849302035789 4.125000000000679 0
391 -2.267577178506773 -4.12499999999989 0
392 -3.855290418778273 -2.29166666666657 0
393 2.495562542307482 4.125000000000266 0
394 3.289419162443263 3.666666666666861 0
395 4.083275782579088 -3.208333333333147 0
396 4.08327578257911 -2.291666666666483 0
397 4.083275782579106 -4.124999999999808 0
398 3.289419162443249 4.583333333333531 0
399 4.083275782578998 4.12500000000019 0
400 4.083275782579015 3.208333333333517 0
401 -3.061433800570775 4.583333337395068 0
402 -3.061433798642503 -4.583333333333232 0
403 4.083275782578982 5.041666666666856 0
404 4.877132402714725 4.58333333333354 0
405 -2.267577178506762 -5.041666666666558 0
406 4.877132402714873 -3.666666666666465 0
407 4.877132402714853 -4.58333333333313 0
408 4.083275782579118 -5.041666666666475 0
409 4.877132402714709 5.500000000000203 0
410 4.877132402714858 -5.499999999999794 0
411 3.289419162443233 5.500000000000171 0
412 -3.061433798642494 -5.499999999999897 0
413 -3.855290418778234 -5.041666666666572 0
414 -5.443003785047862 5.958333598750158 0
415 5.670989022850456 5.041666666666888 0
416 5.670989022850591 -5.041666666666453 0
417 -2.267577178506755 -5.958333333333222 0
418 -3.855290418778225 -5.958333333333239 0
419 -4.649147038913965 -5.499999999999914 0
420 5.670989022850591 -5.958333333333119 0
421 5.670989022850435 5.958333333333556 0
422 4.083275782579129 -5.958333333333139 0
423 -4.649147038913956 -6.416666666666581 0
424 -5.443003659049694 -5.958333333333254 0
425 -5.443003659049703 -5.041666666666588 0
426 -3.855290418778287 -1.374999999999906 0
427 -4.649147038914011 -1.833333333333258 0
428 6.464845642986351 -5.499999999999771 0
429 6.464845642986326 -6.41666666666645 0
430 -6.236860279185434 -5.499999999999928 0
431 -6.236860279185441 -4.583333333333261 0
432 6.464845642986393 -4.58333333333309 0
433 -7.03071713707985 4.125000500842173 0
434 -1.473720558371024 -5.499999999999882 0
435 2.495562542307603 -1.374999999999822 0
436 -4.649147038914023 -0.916666666666595 0
437 -5.443003659049751 -1.374999999999943 0
438 -5.443003659049769 -0.4583333333332789 0
439 -6.236860279185496 -0.916666666666627 0
440 -6.236860279185512 3.907985046680551e-14 0
441 5.670989022850474 4.125000000000215 0
442 6.464845642986198 4.583333333333574 0
443 6.464845642986226 3.666666666666909 0
444 2.495562542307514 2.291666666666922 0
445 -1.473720558371017 -6.416666666666549 0
446 -0.6798639382352878 -5.95833333333321 0
447 -6.236860279185425 -6.416666666666595 0
448 4.87713240271469 6.41666666666687 0
449 5.670989022850584 -6.874999999999782 0
450 -3.855290418778216 -6.874999999999904 0
451 5.670989022850414 6.875000000000217 0
452 6.464845642986159 6.416666666666913 0
453 -0.6798639382352789 -6.874999999999875 0
454 0.1139926819004504 -6.416666666666538 0
455 -7.030719100376303 6.875004636557097 0
456 -4.649147038913945 -7.333333333333246 0
457 -7.030716899321172 -5.041666666666602 0
458 -7.030716899321181 -4.124999999999936 0
459 -7.030716899321241 -0.4583333333333073 0
460 -7.030716899321252 0.4583333333333606 0
461 -3.061433798882973 1.833333333839796 0
462 6.464845642986315 -7.333333333333119 0
463 7.25870226312194 4.12500000000027 0
464 7.258702263121982 3.208333333333606 0
465 6.464845642986273 2.750000000000238 0
466 7.258702263122029 2.291666666666931 0
467 6.464845642986315 1.833333333333574 0
468 7.258702263122068 1.375000000000272 0
469 6.464845642986354 0.9166666666669059 0
470 7.258702263122114 0.4583333333336128 0
471 6.464845642986404 2.380318164796336e-13 0
472 5.670989022850641 0.4583333333335364 0
473 7.25870226312216 -0.4583333333330515 0
474 7.258702263122125 -5.958333333333069 0
475 0.1139926819004575 -7.333333333333204 0
476 0.9078493020361904 -6.874999999999867 0
477 -1.47372055837101 -7.333333333333214 0
478 4.877132402714675 7.333333333333528 0
479 6.464845642986138 7.33333333333357 0
480 7.258702263121883 6.875000000000266 0
481 6.464845642986454 -0.9166666666664263 0
482 7.258702263122213 -1.374999999999716 0
483 -7.824573519456912 -4.583333333333279 0
484 -7.824573519456903 -5.499999999999944 0
485 -7.824573519456919 -3.666666666666616 0
486 3.289419162443389 -5.499999999999821 0
487 3.289419162443398 -6.416666666666497 0
488 -1.47372055837104 -3.666666666666552 0
489 -1.473720558491475 3.666666666920237 0
490 0.9078493020360554 -0.4583333333330621 0
491 7.258702263121862 7.79166666666692 0
492 5.670989022850584 -7.791666666666451 0
493 -3.855290418778203 -7.79166666666657 0
494 -8.626885013917676 7.805236415070315 0
495 0.9155400326018182 -7.778345930579555 0
496 6.464845642986496 -1.833333333333091 0
497 7.258702263122263 -2.291666666666377 0
498 -7.824573519456981 1.598721155460225e-14 0
499 -7.82457351945699 0.9166666666666821 0
500 -7.030716899321262 1.37500000000003 0
501 -7.824573519456998 1.83333333333335 0
502 -7.824573519456971 -0.9166666666666501 0
503 0.9078493020361815 -5.958333333333199 0
504 -4.649147038914043 6.750155989720952e-14 0
505 -5.443003659049708 -4.124999999999924 0
506 -6.236860279185478 -1.83333333333329 0
507 -4.649147038913935 -8.249999999999911 0
508 6.456815813599707 -8.290936682176799 0
509 7.257363958224289 -7.798489447029288 0
510 6.46484564298612 8.250000000000234 0
511 8.052558883257696 3.666666666666965 0
512 8.05255888325765 4.583333333333627 0
513 8.052558883257781 1.833333333333629 0
514 8.052558883257618 7.333333333333613 0
515 8.024795493168664 -0.01518074943420622 0
516 8.052558883257973 -1.833333333333007 0
517 8.052558883258008 -2.74999999999967 0
518 8.052558883257593 8.250000000000291 0
519 0.1664892262576103 -8.175842351192015 0
520 -8.618430139592643 -5.041666666666621 0
521 -8.618430139592633 -5.958333333333287 0
522 5.670989022850737 -1.374999999999794 0
523 5.670989022850559 2.291666666666865 0
524 -8.618430139592709 -0.458333333333325 0
525 -8.618430139592721 -1.374999999999989 0
526 -8.618430139592729 1.375000000000018 0
527 -8.618430139592729 2.291666666666686 0
528 1.702987710599537 -7.331113210652035 0
529 1.710892072569759 -8.234089120784859 0
530 2.497307198778573 -7.788644833017164 0
531 -8.61843338846886 5.041673510475455 0
532 -7.030716899321274 2.291666666666693 0
533 -6.236860279185533 1.833333333333375 0
534 -2.267577178509912 0.4583333333399153 0
535 0.1139926819003882 -2.749999999999808 0
536 -0.6798639382352949 -5.041666666666544 0
537 -5.443003659049675 -7.791666666666588 0
538 -5.443003659049666 -8.708333333333254 0
539 -6.236860279185406 -8.249999999999927 0
540 -7.824573519456893 -6.416666666666611 0
541 -8.618430139592622 -6.874999999999954 0
542 -7.824573519456882 -7.333333333333277 0
543 -8.618430139592643 -7.791666666666626 0
544 0.9078493020345775 1.375000000003299 0
545 -7.824573519456878 -8.249999999999945 0
546 4.083275782578944 6.875000000000178 0
547 4.083275782578932 7.79166666666686 0
548 3.289419162443203 7.333333333333517 0
549 3.289419162443192 8.250000000000185 0
550 2.495562542307464 7.791666666666842 0
551 2.49556254230747 6.87500000000016 0
552 1.701705922171737 7.333333333333492 0
553 1.70170592217174 6.416666666666828 0
554 0.9078493020360057 6.87500000000016 0
555 0.9078493020360057 7.791666666666835 0
556 0.1139926819002657 7.333333333333499 0
557 0.113992681900271 6.416666666666828 0
558 -0.6798639382354601 6.87500000000016 0
559 -0.6798639382354779 7.791666666666828 0
560 -1.473720558371198 7.333333333333478 0
561 -0.6798639382354636 5.958333333333492 0
562 -1.470883290173397 8.245085707326798 0
563 -2.264267032276145 7.78593332521455 0
564 -2.267025487468459 6.874044443091414 0
565 -3.060790159097792 7.332218516939928 0
566 -3.091020834109012 8.186642446698464 0
567 -3.864878926991677 7.773351628818325 0
568 -3.856781230223123 6.87176169095974 0
569 6.464845642986521 -2.749999999999755 0
570 8.052558883257603 6.416666666666952 0
571 4.877132402714675 8.250000000000199 0
572 -7.82457351945696 -1.833333333333311 0
573 -8.618430139592721 -2.29166666666665 0
574 4.083275782579125 -6.874999999999813 0
575 -4.650993592190473 7.329741108851913 0
576 -4.659652894674092 8.231453131573151 0
577 -5.445062393889262 7.787976817848623 0
578 -0.6928115248924485 8.684269357850482 0
579 8.82736200388802 4.12500000000032 0
580 8.846415503393345 6.875000000000277 0
581 8.834475310369989 5.02648591723252 0
582 2.497384343452456 -8.705177881189128 0
583 3.290013572046007 -8.248970452367614 0
584 5.665388864429129 -8.715289537320862 0
585 -3.842784366931678 -8.686672216132976 0
586 -3.059349456668044 -8.246389813799851 0
587 7.25870226312205 -8.708333333333119 0
588 8.052335832441493 -8.251137130060261 0
589 8.052298657305464 -7.334659985070315 0
590 8.846415503393526 -7.791666666666456 0
591 -5.454597147641478 8.688173787397318 0
592 -6.23913564975745 8.246025100874302 0
593 -4.622067695356764 9.269919895022618 0
594 0.1139926819002692 5.50000000000016 0
595 2.495562542307656 -5.958333333333182 0
596 2.495562542307644 -5.041666666666503 0
597 -0.679863938235469 5.041666666666835 0
598 -1.473720558371197 5.500000000000156 0
599 -6.236860279185546 2.750000000000043 0
600 -4.649147038913994 -2.749999999999924 0
601 4.876199042977939 -8.251159367331095 0
602 4.877132402714849 -9.166666666666453 0
603 -7.030716899321193 -3.208333333333274 0
604 8.818608742312357 -6.860040359188189 0
605 8.775899970270789 3.193152583899177 0
606 8.846415503393541 -8.708333333333115 0
607 -8.603078883776311 -8.681744178299375 0
608 2.509718196389521 8.715697583335206 0
609 -7.815673257572255 -9.131009961635817 0
610 9.559111386840755 4.550441709558932 0
611 8.846415503393732 -2.291666666666311 0
612 8.846415503393754 -3.208333333332987 0
613 8.052558883258023 -3.666666666666329 0
614 8.846415503393686 -1.374999999999641 0
615 8.84641550339375 -4.124999999999659 0
616 8.052558883258019 -4.583333333332993 0
617 8.827362003888364 -5.041666666666329 0
618 3.279337029282203 9.140210825257949 0
619 -3.105595636431412 -9.146654387799536 0
620 -2.219748661181015 -8.760554664263188 0
621 -6.302414452852034 -9.313270600838216 0
622 -5.471669289651071 -9.539775640217863 0
623 -6.236860279185673 9.166666666666636 0
624 -7.031096127750018 8.707670850145675 0
625 1.655958783635748 -9.12760743193237 0
626 -1.439486741539497 9.120916101287641 0
627 3.285384336420016 -9.176695150893551 0
628 -6.991721092029085 9.62360222373389 0
629 -7.823434640892441 9.178377545797659 0
630 -8.629666804201982 9.696592214326461 0
631 -8.668858132021258 8.789117228454622 0
632 -9.43708795595561 9.257917921600189 0
633 8.049383300007065 -5.499999999999671 0
634 7.258702263122274 -4.124999999999664 0
635 -9.412286759728442 -7.333333333333313 0
636 -9.412286759728387 -5.499999999999966 0
637 -9.412286759728385 -4.583333333333299 0
638 8.829311586314958 -5.940659310429988 0
639 9.55825076616518 -5.466692830647027 0
640 -9.412286759728454 -0.9166666666666607 0
641 7.268645302897774 8.691111483259981 0
642 8.158749400768581 9.293328171067689 0
643 8.84641550339331 8.708333333333666 0
644 6.45061288869293 9.297454488582538 0
645 -9.412286759728453 7.105427357601002e-15 0
646 8.846415503393395 7.791666666667009 0
647 0.1139926819002426 4.583333333333579 0
648 -1.473720558391243 4.583333333375727 0
649 -10.20614337986418 -5.04166666666665 0
650 8.052558883257774 -9.16666666666646 0
651 8.810100019137398 -9.624586781953777 0
652 -9.412286759728463 1.833333333333364 0
653 -9.412286759728477 2.750000000000016 0
654 -8.61843013959273 3.208333333333343 0
655 -9.412286759728499 3.666666666666668 0
656 5.670989022850726 -2.291666666666456 0
657 5.670989022850662 -3.208333333333128 0
658 4.877132402714903 -1.833333333333142 0
659 4.877132402714938 -0.916666666666476 0
660 0.1118347507907664 8.245989337419665 0
661 0.9078493020360021 8.708333333333506 0
662 0.0690217811751328 9.294821022964978 0
663 3.28980900678898 -7.332658103119575 0
664 7.258172999247037 -5.041666666666378 0
665 1.701705922171527 1.8333333333341 0
666 2.495562542307512 1.375000000000284 0
667 3.289419162443295 1.833333333333535 0
668 3.289419162443309 0.9166666666668792 0
669 4.083275782579058 1.375000000000185 0
670 2.495562542307583 0.4583333333335275 0
671 3.289419162443355 2.096101070492296e-13 0
672 1.701705922171531 0.9166666666674637 0
673 1.701705922171787 2.913225216616411e-13 0
674 -7.824575008884645 4.583336470836144 0
675 -9.412286759728479 0.916666666666675 0
676 1.701705922171687 4.583333333333679 0
677 0.9078493020359559 5.041666666666956 0
678 0.1139926818987966 3.666666666669997 0
679 2.495562542307486 5.958333333333492 0
680 5.670989022850513 3.208333333333535 0
681 4.877132402714786 2.750000000000171 0
682 4.877132402714832 1.833333333333499 0
683 1.701919553576525 -6.416296646219669 0
684 8.044501135364005 -6.411448831336837 0
685 -7.030716899321226 -1.37499999999997 0
686 3.289419162443217 6.416666666666835 0
687 2.434951414028149 -9.619448926962686 0
688 0.7810214927378816 -9.448376914876773 0
689 4.108234711531168 -9.651412906456841 0
690 4.08327578257896 5.958333333333517 0
691 6.464845642986173 5.500000000000249 0
692 1.701741527406014 -5.499938329925374 0
693 0.9078552362418524 -5.04165638832078 0
694 -5.443003659689262 2.291666668013741 0
695 -5.443003659156375 1.375000000224555 0
696 -4.64914703967786 1.833333334942342 0
697 -1.473720558371078 -2.749999999999833 0
698 0.907849302035995 5.958333333333513 0
699 -10.2061503857601 5.958348091363582 0
700 7.782752344667706 10.20415555832758 0
701 2.495562542307633 -4.124999999999826 0
702 -8.618430139592654 -4.124999999999959 0
703 -9.412286759728399 -3.666666666666631 0
704 4.966643276298003 -10.14179014004931 0
705 -6.236860279185453 -3.6666666666666 0
706 -0.6798639382353251 -3.20833333333319 0
707 -3.061433798642584 -0.916666666666508 0
708 4.877132402714752 3.666666666666849 0
709 5.670989022850641 -4.124999999999792 0
710 4.065763110121491 8.676501649106697 0
711 4.797269361170098 9.05666876252225 0
712 0.1139926818991412 2.721378677961184e-12 0
713 -7.030716938947704 3.208333416807047 0
714 -10.20908486522558 -8.707685957470977 0
715 -9.334635094104913 -9.305214623657328 0
716 -10.20614454751357 5.041669126338377 0
717 -9.39727652038202 -8.268551904349046 0
718 -6.236860386042476 3.666666891762503 0
719 -4.649349753364985 6.416251805873159 0
720 -3.855572673094325 5.957724471694412 0
721 -3.061530087838885 6.415680409336499 0
722 -10.20614337986427 -2.291666666666664 0
723 -9.412286759728497 -1.833333333333325 0
724 -10.20614337986422 -0.4583333333333321 0
725 -10.20614337986425 3.208333333333337 0
726 10.20614337986426 -3.208333333333329 0
727 10.20931896311516 0.4583333333333428 0
728 9.412286759728531 0.9166666666666892 0
729 9.412286759728559 1.833333333333362 0
730 9.462993958163633 -0.01084339245313615 0
731 -3.163037984865983 -10.08806409541437 0
732 -2.291666666666664 10.20614337986427 0
733 -2.781381638315546 9.493397151208018 0
734 -3.649048391927072 9.440033407545691 0
735 3.246578224182478 10.08456406495911 0
736 5.066953158787808 10.2867726340911 0
737 5.984558188525476 10.21485857445579 0
738 -0.4248745594060104 10.1789209610935 0
739 -3.855290418778303 -0.4583333333332416 0
740 -3.855290418778313 0.4583333333334156 0
741 -3.061433798643086 1.183053655040567e-12 0
742 -10.2061433798642 -6.874999999999988 0
743 1.370749828332023 10.22777241310732 0
744 1.775834969953165 9.3372485219422 0
745 -5.041666666666671 10.20614337986426 0
746 -7.030716899321163 -5.958333333333268 0
747 -9.412286759728399 -6.416666666666636 0
748 10.21687533089327 -1.374999999999998 0
749 -6.236860609386625 6.416667362240396 0
750 1.701712845411864 -4.583321341929807 0
751 0.907851444943768 -4.124996288375001 0
752 -2.267577178831619 5.041666667350764 0
753 7.258283328357741 -6.875127186448584 0
754 -1.369761674499067 -10.21015451539573 0
755 -0.9166666666666625 -9.412286759728529 0
756 -3.855290418778238 -4.124999999999908 0
757 -10.20614337986424 1.375000000000009 0
758 -4.607181061716833 -9.307388157901242 0
759 10.22961669983537 -7.790744609485269 0
760 -7.807300770205531 -10.06160706116214 0
761 -9.423540234696205 8.27481551539055 0
762 -2.26757717850778 -0.4583333333312147 0
763 3.289419162443377 -4.583333333333154 0
764 -2.267577178506746 -6.874999999999886 0
765 3.289419162443345 -1.833333333333151 0
766 4.08327578257911 -1.374999999999808 0
767 4.083275782579209 -0.4583333333331154 0
768 3.289419162443375 -0.9166666666664689 0
769 -5.443003659049686 -6.874999999999921 0
770 -6.236860279185415 -7.333333333333263 0
771 -1.47372055837103 -4.583333333333218 0
772 10.23540639739889 8.659263641815102 0
773 -2.267577178610047 1.375000000217486 0
774 -3.061433798642485 -6.416666666666563 0
775 6.895285576683609 -10.21388184882536 0
776 6.452479358016959 -9.309921474669526 0
777 0.1139936709347218 -5.499998286942247 0
778 -0.6798639382354459 -2.291666666666293 0
779 -4.649147038913971 -4.583333333333249 0
780 -7.030716899321154 -6.874999999999938 0
781 -7.030716899321134 -8.708333333333268 0
782 -5.443003692893686 3.208333404626034 0
783 -7.030716899321145 -7.791666666666604 0
784 -3.061086408313406 -7.332731635633222 0
785 -0.6632117854784916 -7.765619130909814 0
786 10.22961669983536 6.874077942818609 0
787 -1.437420927942483 -8.198543034109846 0
788 -3.061433798700442 0.9166666667886432 0
789 -4.125000000000029 10.20614337986426 0
790 -3.855290418778253 -3.208333333333242 0
791 -5.443003659067548 0.4583333333708026 0
792 -3.855290418955331 1.375000000372944 0
793 -9.412298199268058 5.500024097570741 0
794 -0.6798639382353091 -4.124999999999877 0
795 -3.855290420575466 2.291666670452429 0
796 2.495562542307477 5.041666666666885 0
797 8.039167041803893 -0.9343775410065689 0
798 -4.649147038913979 -3.666666666666585 0
799 0.9078496591874075 -3.208332714729019 0
800 4.083275782579104 0.4583333333335275 0
801 -5.443003659049737 -2.291666666666604 0
802 0.113994192925027 -4.583330716161831 0
803 1.716420039148982 8.279657684213014 0
804 5.670989022850609 1.37500000000021 0
805 3.289419162443275 2.750000000000199 0
806 4.08327578257904 2.291666666666851 0
807 -8.618430139592723 0.4583333333333446 0
808 0.113992681894473 0.9166666666791876 0
809 4.877132402714892 -2.749999999999805 0
810 5.670989022850691 -0.4583333333331314 0
811 -2.257272430880819 -7.791256247754635 0
812 -2.267577179135726 4.125000001324745 0
813 2.496167529082445 -6.873952132168021 0
814 -5.443003659049724 -3.208333333333264 0
815 -7.825992989474175 7.335616706360511 0
816 0.1139933504143258 -3.666665508766455 0
817 -4.649168092702006 5.499955614679305 0
818 -4.649147039091579 0.9166666670406869 0
819 -0.6798639382617537 3.208333333388946 0
820 -6.236860279206248 0.9166666667103573 0
821 8.044539805696537 2.749341387727867 0
822 -9.412289402405994 4.583338900175203 0
823 8.037025066816511 0.9157446094855359 0
824 -10.20614337986418 -4.124999999999986 0
825 -3.855340978182438 5.041557809138091 0
826 1.701705922171721 5.500000000000224 0
827 5.670989022850421 7.791666666666867 0
828 4.877132402714858 -6.416666666666462 0
829 -6.236860279185469 -2.749999999999943 0
830 -8.618430139592695 -3.208333333333302 0
831 -0.6798639382634839 4.125000000059218 0
832 -7.824573526061406 2.750000013912301 0
833 7.258702263121901 5.041666666666931 0
834 0.9078493020345917 0.4583333333366486 0
835 -9.412286759728513 -2.749999999999986 0
836 10.2209868697489 2.27142566742079 0
837 -7.82457351945695 -2.749999999999963 0
838 -7.030716899321212 -2.291666666666622 0
839 8.050568851087057 5.497469875094552 0
840 -1.473628609864784 6.416507407182028 0
841 -5.443181903304241 6.874666112509459 0
842 4.08327578257911 -7.791666666666497 0
843 1.701705922171829 -0.9166666666664511 0
844 -7.824573815026511 3.666667289288497 0
845 4.876976842758697 -7.333526561221683 0
846 8.816330409105191 5.940200771509094 0
847 7.25837059109346 5.957911645849308 0
848 4.08670664137818 -8.714428535063675 0
849 5.670989022850407 8.708333333333574 0
850 2.495562542307589 -0.458333333333119 0
851 6.464845642986468 -3.666666666666407 0
852 7.25870226312226 -3.208333333333034 0
853 4.877132402714928 1.794120407794253e-13 0
854 4.877132402714846 0.9166666666668348 0
855 -6.237056155943598 7.332986546260965 0
856 -2.267485953502939 5.957983154493483 0
857 -8.618431419017874 4.125002695129218 0
858 -3.061490112003497 5.499657641568049 0
859 -7.031428923793109 7.79121730669975 0
860 -7.834615971308113 8.267872675421422 0
861 -2.331158447188599 8.755562363176157 0
862 -1.764624383946231 -9.510915364118587 0
863 9.588778902983471 10.26145057214715 0
864 10.27786863160458 -9.607782568413086 0
865 -9.633015336927535 -10.23698927203238 0
866 0.4542810685151117 -10.24514378042675 0
867 -10.24593596723098 9.598355388391148 0
868 -5.941704326132939 -10.22481510910744 0
869 -0.0759673398769074 -9.475086233374741 0
870 9.165807580657592 9.493047766541892 0
871 0.9262703449505416 -8.610225873587726 0
872 -0.5666966928389172 -8.691192806194477 0
873 -3.885854238526091 8.625025554199429 0
874 10.27469059179521 4.11445781289286 0
875 9.479230297287543 2.716144519118602 0
876 9.551186528706978 -6.403869295746442 0
877 9.55181086396081 5.487158612085679 0
878 8.778284452643426 -0.4895640247717079 0
879 10.26846827490389 -5.036115471774443 0
880 -5.493983280376016 9.508797031396536 0
881 9.537442862807865 6.409543433437864 0
882 9.527782146281041 7.332984290815915 0
883 9.537009574852107 8.202908868637497 0
884 9.537718529133478 -7.326746256438861 0
885 9.52627944162899 -8.250000000000012 0
886 8.732422821493255 1.375000000000075 0
887 8.741301425335671 0.4486371849155422 0
888 9.526279441629132 -1.83333333333335 0
889 9.526224722440347 -3.66666666666643 0
890 9.526270321764244 -2.749999999999847 0
891 10.27330285025339 5.030480234791831 0
892 9.52211305947877 -0.9184920382085089 0
893 9.525951126497166 -4.58333333333297 0
894 9.526485151769922 3.646194743322406 0
895 8.732094506361136 2.291666666666977 0
896 10.27201830478328 -5.947916812063562 0
897 0.9163578429659314 9.554863734242453 0
898 9.545634227292506 -9.181963000186133 0
899 -5.009651135510468 -10.22808862626188 0
900 7.317278858417964 -9.517464150604415 0
901 7.31264187199578 9.530224877447274 0
902 5.595291962920513 -9.50192141561466 0
903 5.42561932556 9.551669784238875 0
904 -3.776050646434539 -9.492100042652625 0
905 -0.7691384090985594 9.479235150823982 0
906 2.291666666666671 -10.37377124230575 0
907 -6.888324020216011 10.38217625010527 0
908 -7.155273750824775 -9.479245265271945 0
909 8.708333333333343 -10.38195554863841 0
910 2.601818109660446 9.500388705256789 0
911 -8.469703971161335 -9.471594208709103 0
912 3.988281880995277 9.46046573604815 0
913 -8.708333333333332 10.43285793347752 0
914 10.32895342639519 10.32895342639519 0
915 10.32895342639521 -10.32895342639521 0
916 -10.32895342639519 -10.32895342639519 0
917 -10.32895342639519 10.32895342639519 0
918 4.120395558938451 -10.43420567437885 0
919 -2.055548634935183 9.538547592531103 0
920 -2.48366487231489 -9.541048193123865 0
921 9.580952020084052 8.92545270307177 0
922 0.3277204619004479 -8.897093492160781 0
923 -3.208333333333332 8.912229208974214 0
924 -1.36781981806592 -8.913878641885608 0
925 4.638441455330048 9.735288353539627 0
926 0.4583333333333819 10.20614337986424 1.5
927 -10.20614337986426 -0.4583333333333321 1.5
928 10.20614337986427 -0.4583333333333321 1.5
929 0.4583333333333357 -10.20614337986427 1.5
930 -10.12593160182653 3.134656916883207 1.5
931 10.12593160182641 3.134656916883204 1.5
932 -3.208333333333333 -10.20614337986427 1.5
933 -3.208333333333316 10.20614337986426 1.5
934 10.27184515842524 -4.172974897351014 1.5
935 -10.2280111306296 -4.168823073621988 1.5
936 4.125000000000028 10.20614337986425 1.5
937 4.125 -10.20614337986427 1.5
938 -5.958333333333333 10.20614337986427 1.5
939 10.1291658589167 6.085844358834333 1.5
940 -5.958333333333333 -10.20614337986427 1.5
941 -10.13731584679686 6.08584435883434 1.5
942 6.875 -10.22519687936964 1.5
943 6.875 10.20614337986427 1.5
944 -10.22437373650259 -6.872504528074017 1.5
945 10.31726945012453 -6.859576975636055 1.5
946 -1.375 -10.20614337986426 1.5
947 10.12457405082315 1.428812066179017 1.5
948 -7.791666666666643 10.20614337986427 1.5
949 -10.2208664064039 -2.266165636658835 1.5
950 2.291666666666668 -10.20614337986427 1.5
951 -7.791666666666666 -10.20614337986427 1.5
952 -1.374999999999977 10.20614337986426 1.5
953 10.17688049539738 -2.241050992695762 1.5
954 -10.16598392652634 1.410765354223884 1.5
955 2.291666666666668 10.20614337986427 1.5
956 -10.18540197316837 7.801740193031087 1.5
957 10.18801711271076 7.803362329445697 1.5
958 8.661953755246834 -10.25409114937609 1.5
959 8.727459740533256 10.21522302086267 1.5
960 -10.18299233491508 -8.667791366729706 1.5
961 10.17868006525633 -8.675426480542965 1.5
962 -10.16977752317924 9.540826515864055 1.5
963 -9.563709905030676 -10.12012104411837 1.5
964 10.19710859061611 9.50882485228378 1.5
965 7.794854401199988 10.207656653364 1.5
966 7.333864622422219 9.412538971978488 1.5
967 6.416755214848145 9.412328795103523 1.5
968 6.875103306211727 8.618479180863623 1.5
969 5.958365309065531 8.618445319033768 1.5
970 6.416689213657321 7.824584222909031 1.5
971 5.500009087120468 7.824577833272542 1.5
972 5.958338605685192 7.030719402199235 1.5
973 5.041669059912049 7.03071803543688 1.5
974 5.500001277599548 6.2368608856845 1.5
975 4.583333945140833 6.236860569621328 1.5
976 5.041666981567857 5.443003808538961 1.5
977 4.125000154451467 5.443003732370656 1.5
978 4.58333341155879 4.649147076049099 1.5
979 3.666666705446175 4.649147057323407 1.5
980 4.125000019500845 3.855290428035755 1.5
981 3.208333343046753 3.855290423389476 1.5
982 3.666666671535717 3.06143380095406 1.5
983 2.750000002430443 3.061433799796383 1.5
984 3.208333334549909 2.267577179084448 1.5
985 2.29166666727453 2.267577178795444 1.5
986 2.750000000304091 1.47372055851552 1.5
987 1.833333333485358 1.473720558443306 1.5
988 2.291666666742721 0.6798639382715095 1.5
989 1.375000000038046 0.6798639382534564 1.5
990 0.9166666666983758 1.47372055838618 1.5
991 0.4583333333449922 0.6798639382409242 1.5
992 7.261746759468224e-12 1.473720558374566 1.5
993 -0.4583333333301489 0.6798639382368989 1.5
994 0.9166666666749705 -0.113992681896395 1.5
995 -0.9166666666648879 1.47372055837196 1.5
996 -1.374999999999137 0.6798639382357941 1.5
997 -1.833333333332975 1.473720558371287 1.5
998 -2.291666666666426 0.6798639382354992 1.5
999 -1.833333333333115 -0.1139926819002461 1.5
1000 -2.74999999999989 -0.1139926819002959 1.5
1001 -2.291666666666581 -0.907849302036043 1.5
1002 -1.3749999999996 2.26757717850704 1.5
1003 -2.2916666666666 2.267577178506887 1.5
1004 3.208333333396691 0.6798639382654983 1.5
1005 -3.208333333333274 -0.9078493020360519 1.5
1006 -2.749999999999947 -1.70170592217179 1.5
1007 2.750000008082186 4.649147042750815 1.5
1008 -1.833333333333208 3.061433798642643 1.5
1009 -2.749999999999918 3.061433798642629 1.5
1010 -3.666666666666648 -1.701705922171794 1.5
1011 -3.208333333333289 -2.495562542307526 1.5
1012 -2.291666666666622 -2.49556254230753 1.5
1013 -3.666666666666606 -0.1139926819003119 1.5
1014 -2.749999999999959 -3.289419162443263 1.5
1015 -1.833333333333293 -3.289419162443268 1.5
1016 -3.666666666666643 -3.289419162443277 1.5
1017 -2.291666666666583 3.85529041877836 1.5
1018 -3.208333333333253 3.855290418778363 1.5
1019 -2.291666666666632 -4.083275782579001 1.5
1020 -1.374999999999966 -4.083275782579008 1.5
1021 4.583333337394951 3.061433800570757 1.5
1022 -2.74999999999992 4.649147038914089 1.5
1023 -3.666666666666583 4.649147038914094 1.5
1024 -4.124999999999924 3.855290418778372 1.5
1025 -4.58333333333325 4.649147038914103 1.5
1026 -5.041666666666593 3.855290418778381 1.5
1027 -1.833333333333306 -4.877132402714739 1.5
1028 -0.9166666666666394 -4.877132402714745 1.5
1029 -0.458333333333302 -4.083275782579014 1.5
1030 2.664535259100376e-14 -4.87713240271475 1.5
1031 0.4583333333333677 -4.083275782579015 1.5
1032 0.9166666666666927 -4.877132402714757 1.5
1033 1.375000000000037 -4.083275782579021 1.5
1034 1.833333333333359 -4.877132402714761 1.5
1035 2.2916666666667 -4.083275782579032 1.5
1036 2.750000000000025 -4.877132402714768 1.5
1037 3.208333333333361 -4.083275782579035 1.5
1038 3.666666666666687 -4.877132402714771 1.5
1039 4.125000000000025 -4.083275782579039 1.5
1040 4.583333333333352 -4.877132402714777 1.5
1041 5.041666666666696 -4.08327578257904 1.5
1042 5.500000000000021 -4.877132402714782 1.5
1043 -1.833333333333256 4.649147038914087 1.5
1044 -5.499999999999917 4.649147038914116 1.5
1045 -5.04166666666657 5.44300365904984 1.5
1046 -2.291666666666583 5.443003659049822 1.5
1047 -1.37499999999992 5.443003659049822 1.5
1048 5.958333598750077 5.443003785047896 1.5
1049 -0.4583333333333126 -5.670989022850548 1.5
1050 3.20833333333335 -5.670989022850526 1.5
1051 5.958333333333357 -4.083275782579051 1.5
1052 5.500000000000028 -3.289419162443306 1.5
1053 -5.95833333333324 5.443003659049847 1.5
1054 -5.958333333333258 3.855290418778386 1.5
1055 6.416666666666686 -4.877132402714786 1.5
1056 5.95833333333335 -5.670989022850519 1.5
1057 4.125000500842155 7.030717137079833 1.5
1058 -5.499999999999902 6.236860279185581 1.5
1059 -6.416666666666571 6.236860279185588 1.5
1060 -5.499999999999936 3.06143379864265 1.5
1061 -6.416666666666604 3.061433798642664 1.5
1062 -5.958333333333286 2.267577178506919 1.5
1063 2.750000000000039 -3.289419162443286 1.5
1064 -1.833333333333242 6.236860279185557 1.5
1065 -0.9166666666665844 6.236860279185553 1.5
1066 -2.749999999999973 -4.877132402714729 1.5
1067 -2.291666666666648 -5.670989022850469 1.5
1068 -3.208333333333316 -5.670989022850458 1.5
1069 -0.9166666666666021 4.649147038914085 1.5
1070 1.375000000000016 -5.670989022850517 1.5
1071 6.416666666666693 -3.289419162443309 1.5
1072 5.958333333333346 -2.495562542307569 1.5
1073 -6.874999999999922 3.855290418778408 1.5
1074 -2.749999999999986 -6.464845642986244 1.5
1075 -3.666666666666657 -6.464845642986198 1.5
1076 -4.124999999999984 -5.670989022850446 1.5
1077 -4.583333333333326 -6.464845642986177 1.5
1078 -5.041666666666649 -5.670989022850436 1.5
1079 -5.499999999999992 -6.464845642986166 1.5
1080 -5.958333333333316 -5.670989022850427 1.5
1081 -6.416666666666658 -6.464845642986156 1.5
1082 -6.874999999999982 -5.670989022850416 1.5
1083 -6.416666666666639 -4.877132402714687 1.5
1084 6.875000000000014 -5.670989022850525 1.5
1085 6.416666666666679 -6.464845642986257 1.5
1086 6.875000000000025 -2.495562542307569 1.5
1087 6.416666666666679 -1.701705922171836 1.5
1088 6.875004636557026 7.030719100376302 1.5
1089 -6.874999999999952 2.267577178506938 1.5
1090 -6.416666666666636 1.473720558371195 1.5
1091 5.500000000000007 -1.70170592217185 1.5
1092 5.958333333333321 -0.9078493020361087 1.5
1093 6.874999999999993 -0.9078493020360874 1.5
1094 6.416666666666629 -0.1139926819003652 1.5
1095 3.907985046680551e-14 -3.289419162443272 1.5
1096 7.333333333333286 -0.1139926819003261 1.5
1097 6.874999999999918 0.6798639382353926 1.5
1098 2.75000000000005 -0.1139926819003065 1.5
1099 -1.374999999999909 7.030716899321288 1.5
1100 -0.4583333333332398 7.030716899321281 1.5
1101 -2.291666666666568 7.030716899321298 1.5
1102 -5.958333333333227 7.03071689932132 1.5
1103 -6.874999999999893 7.030716899321334 1.5
1104 1.833333333839748 3.061433798882982 1.5
1105 8.526512829121202e-14 6.236860279185539 1.5
1106 0.4583333333334281 7.03071689932127 1.5
1107 -4.12499999999998 -7.258702263121978 1.5
1108 -7.333333333333307 1.473720558371214 1.5
1109 -6.874999999999985 0.6798639382354708 1.5
1110 7.333333333333357 -3.2894191624433 1.5
1111 -7.33333333333324 6.23686027918561 1.5
1112 -7.333333333333306 -4.877132402714675 1.5
1113 -6.874999999999963 -4.083275782578951 1.5
1114 -7.333333333333323 -6.464845642986147 1.5
1115 -6.874999999999999 -7.258702263121886 1.5
1116 7.333333333333343 -6.464845642986269 1.5
1117 -1.374999999999922 -0.9078493020360447 1.5
1118 -3.208333333333264 2.26757717850689 1.5
1119 5.500000000000014 -6.464845642986253 1.5
1120 5.958333333333343 -7.258702263121988 1.5
1121 5.041666666666689 -7.258702263121993 1.5
1122 -5.041666666666556 7.030716899321316 1.5
1123 5.958333333333261 0.6798639382353464 1.5
1124 6.416666666666551 1.473720558371099 1.5
1125 7.333333333333208 1.473720558371156 1.5
1126 6.874999999999861 2.267577178506849 1.5
1127 7.791666666666686 -5.670989022850544 1.5
1128 7.791666666666664 -0.9078493020360536 1.5
1129 5.484819250565593 -8.043794273485252 1.5
1130 -7.791666666666665 -7.258702263121877 1.5
1131 -7.757733235999301 0.6994554135658095 1.5
1132 -7.294770908765051 -0.09172865569515487 1.5
1133 -6.410239595905284 -0.1102820108660918 1.5
1134 -6.867501750778401 -0.9035201858294482 1.5
1135 -7.821313442805682 -0.9072520708291236 1.5
1136 6.416666666666696 -8.052558883257721 1.5
1137 4.580803208427628 -8.05109811496234 1.5
1138 7.791666666666504 2.267577178506908 1.5
1139 7.333333333333151 3.061433798642613 1.5
1140 -7.791666666666675 2.267577178506956 1.5
1141 -7.791666666666629 -4.083275782578935 1.5
1142 7.805236415070251 8.626885013917665 1.5
1143 -7.791666666666556 7.030716899321352 1.5
1144 -8.191519264085329 -4.914109977437548 1.5
1145 -5.95601244666951 -0.9065093374958924 1.5
1146 -0.9166666666665684 7.824573519457015 1.5
1147 -5.499999999999886 7.824573519457054 1.5
1148 -4.583333333333221 7.82457351945704 1.5
1149 -5.499999999999961 1.473720558371177 1.5
1150 -7.333333333333202 7.824573519457068 1.5
1151 -5.9583333333333 -4.083275782578967 1.5
1152 -7.333333333333293 -3.289419162443205 1.5
1153 3.666666666677241 -0.1139926818953327 1.5
1154 3.208333333335126 -0.907849302035217 1.5
1155 0.9166666666667478 6.236860279185528 1.5
1156 1.375000000000089 7.030716899321263 1.5
1157 0.9166666666667727 7.824573519457001 1.5
1158 1.833333333333439 7.824573519456987 1.5
1159 -7.333333333333342 -8.052558883257618 1.5
1160 -6.416666666666674 -8.052558883257626 1.5
1161 8.249999999999957 -0.1139926819002977 1.5
1162 -8.249999999999954 -3.289419162443195 1.5
1163 -8.250000000000007 -8.052558883257605 1.5
1164 -8.249999999999865 7.824573519457083 1.5
1165 8.249999999999794 3.061433798642671 1.5
1166 7.791666666666419 3.855290418778376 1.5
1167 8.25 -6.464845642986292 1.5
1168 8.708333333333353 -5.670989022850568 1.5
1169 -8.249999999999902 6.23686027918562 1.5
1170 -5.041666666666561 8.618430139592789 1.5
1171 5.499999999999883 1.473720558371047 1.5
1172 7.791666666666693 -2.495562542307562 1.5
1173 8.250000000000028 -3.289419162443307 1.5
1174 4.124578312515732 -7.258458801739452 1.5
1175 3.666174697935034 -8.052274844978115 1.5
1176 3.208293694631772 -7.258679377707026 1.5
1177 2.749911398761165 -8.052507729308687 1.5
1178 2.291645293343276 -7.258689923228054 1.5
1179 1.83331500423966 -8.052548300950637 1.5
1180 1.374998277522531 -7.258701268649258 1.5
1181 0.9166633247381757 -8.052556953794513 1.5
1182 0.4583324892656861 -7.258701775799405 1.5
1183 -6.976659943092045e-07 -8.052558480460197 1.5
1184 -0.4583334002209654 -7.258702224504539 1.5
1185 -0.9166667940922419 -8.052558809688676 1.5
1186 8.249999999999879 1.473720558371198 1.5
1187 -1.374999999999957 -2.495562542307535 1.5
1188 5.041673510475452 8.618433388468862 1.5
1189 -7.791666666666593 5.443003659049879 1.5
1190 -8.275645447082191 -6.465644212297772 1.5
1191 -4.583333333333317 -4.877132402714717 1.5
1192 0.4583333333398656 2.267577178509947 1.5
1193 6.874999999999826 3.855290418778385 1.5
1194 0.4583333333333943 5.443003659049804 1.5
1195 -4.124999999999877 8.61843013959276 1.5
1196 -5.498542007095774 -0.1131509093045704 1.5
1197 -4.12499999999989 7.03071689932132 1.5
1198 1.375000000000128 8.618430139592732 1.5
1199 2.291666666666787 8.618430139592711 1.5
1200 0.4583333333334565 8.618430139592743 1.5
1201 2.291666666666998 -0.9078493020359062 1.5
1202 -0.9166666666665417 3.061433798642643 1.5
1203 -6.415030144019109 -1.700761075380619 1.5
1204 -5.499340431781451 -1.701325120283219 1.5
1205 1.8333333333334 6.236860279185535 1.5
1206 7.791666666666657 -7.258702263122006 1.5
1207 -5.958333333333215 8.6184301395928 1.5
1208 7.333333333333112 4.649147038914158 1.5
1209 8.249999999999719 4.64914703891414 1.5
1210 7.791666666666416 5.443003659049904 1.5
1211 -8.691879906938073 5.452503049208254 1.5
1212 -8.247257762267433 4.650730270607216 1.5
1213 -9.2972957858135 4.629349216137131 1.5
1214 -8.708333333333332 3.855290418778448 1.5
1215 8.692056322107849 -0.9093188628077868 1.5
1216 -6.875000000000016 -8.846415503393358 1.5
1217 5.036946612047693 -8.833813545642727 1.5
1218 3.208333333333396 -8.846415503393526 1.5
1219 1.375000000000066 -8.846415503393576 1.5
1220 -0.4583333333332806 -8.846415503393615 1.5
1221 8.691111483259732 -7.268645302897967 1.5
1222 8.247129691654365 -8.054216056553743 1.5
1223 8.691879906937849 5.452503049208239 1.5
1224 8.247257762267193 6.238443510878664 1.5
1225 9.297687534060856 4.629123040180978 1.5
1226 -1.37500003238552 -7.258702244424326 1.5
1227 -1.833333359968483 -8.052558867880071 1.5
1228 8.250000000000028 -4.87713240271481 1.5
1229 2.750000000000378 -1.701705922171621 1.5
1230 1.833333333333474 -1.70170592217173 1.5
1231 3.666666666667043 -1.701705922171641 1.5
1232 -4.583333333333279 9.41228675972852 1.5
1233 -7.757863319584798 -2.515078913844675 1.5
1234 -5.957950651522304 -2.495341600860881 1.5
1235 -5.0414929583284 -2.495462251751666 1.5
1236 5.041666666666661 -0.9078493020361229 1.5
1237 -7.791666666666545 8.618430139592807 1.5
1238 -8.708333333333208 8.618430139592824 1.5
1239 2.750000000000075 7.824573519456973 1.5
1240 3.20833333333341 8.618430139592704 1.5
1241 5.041666666666607 0.679863938235318 1.5
1242 4.583333333333247 1.473720558371108 1.5
1243 -5.958333333333349 -8.846415503393366 1.5
1244 -5.499999999999999 -8.052558883257642 1.5
1245 -5.041666666666683 -8.846415503393377 1.5
1246 -8.679007388863994 -2.388292649058922 1.5
1247 8.684554924331543 -2.509291013145639 1.5
1248 -9.151501477612378 -3.257686026582663 1.5
1249 9.131971153261055 -3.276089089972164 1.5
1250 9.082351720348615 -4.811423042105558 1.5
1251 9.585373996616017 -5.547989509013113 1.5
1252 9.292313402581328 -8.16019959692845 1.5
1253 8.708333333333261 -8.846415503393516 1.5
1254 7.791666666666593 -8.84641550339348 1.5
1255 9.296506398227418 -0.07138964953776217 1.5
1256 9.166666666666313 6.236860279185638 1.5
1257 8.707876293710939 7.030980771270155 1.5
1258 -9.166666666666568 6.23686027918566 1.5
1259 -9.189810551104793 7.820767965052756 1.5
1260 -9.634323302466237 8.650397484433771 1.5
1261 -9.175135982573595 9.443363412650211 1.5
1262 9.623626681300966 6.991707359114791 1.5
1263 9.17838751998924 7.823429040387666 1.5
1264 9.696593062471877 8.629666327968579 1.5
1265 8.789117228454451 8.668858132021324 1.5
1266 -9.640019326666691 6.991029792118631 1.5
1267 9.25791799372135 9.437087915459585 1.5
1268 -2.29166666922724 -7.258702261643798 1.5
1269 -2.750000004865923 -8.052558880448521 1.5
1270 -2.2916666666666 -8.846415503393661 1.5
1271 -3.208333333333268 -8.846415503393683 1.5
1272 -3.666666667477619 -8.052558882789587 1.5
1273 -1.833333339157672 -6.464845639623622 1.5
1274 2.750000000000101 9.412286759728442 1.5
1275 -1.518258692101426e-07 -6.464845555329607 1.5
1276 0.916666666666794 9.412286759728481 1.5
1277 1.833329484033195 -6.464843420591815 1.5
1278 -4.124999999999935 -8.846415503393702 1.5
1279 -7.791209627044549 3.855554290727262 1.5
1280 -4.583194453907196 -1.701625740097716 1.5
1281 4.583263052085965 -6.464805066089168 1.5
1282 7.7916666666667 -4.083275782579046 1.5
1283 1.375000000000055 5.443003659049772 1.5
1284 0.916666666666714 4.649147038914039 1.5
1285 8.661075879387411 -4.054270226801719 1.5
1286 8.243324096628807 -1.704238927440098 1.5
1287 9.287518099566572 -1.747642832870303 1.5
1288 2.29166666666678 -2.495562542307502 1.5
1289 1.375000000000073 -2.495562542307518 1.5
1290 0.9166666666667087 -1.701705922171778 1.5
1291 3.666578065427803 -6.464794489037167 1.5
1292 -8.249923826729662 3.061477777300844 1.5
1293 -9.166666666666712 3.061433798642746 1.5
1294 -8.708320637788333 2.267584508283349 1.5
1295 -9.620374561488504 2.273304633845187 1.5
1296 -9.176367011172223 1.457142484288276 1.5
1297 -9.551584092108371 0.7780005178673335 1.5
1298 -8.244932458505218 1.474816708555458 1.5
1299 -4.124947902039246 -2.495532463535884 1.5
1300 -4.583295698950148 -3.289397434222017 1.5
1301 7.332220682771471 -1.702128089716537 1.5
1302 3.666666666666774 9.412286759728442 1.5
1303 5.041666667343534 2.267577178828214 1.5
1304 -4.124976853428944 -0.9078359383570351 1.5
1305 -4.583086476754083 -0.1138501591878445 1.5
1306 -4.124958857236724 0.6798876920208361 1.5
1307 0.4583333333333783 -2.495562542307526 1.5
1308 3.197442310920451e-14 -1.701705922171792 1.5
1309 5.500021227953752 9.41229683701054 1.5
1310 7.33333333333335 -4.877132402714789 1.5
1311 -3.208333334706235 -7.258702262329388 1.5
1312 0.4583333333347444 -0.9078493020353982 1.5
1313 -5.041375667958846 0.6800319464177029 1.5
1314 -4.583277976421442 1.473752518699115 1.5
1315 -5.041657440514639 2.267582505228244 1.5
1316 -4.583333333333208 6.236860279185578 1.5
1317 -3.666666666666552 6.236860279185578 1.5
1318 0.9166666666667105 -3.289419162443277 1.5
1319 -6.874999999999918 5.443003659049857 1.5
1320 8.708333333333233 0.6798639382354601 1.5
1321 -7.332800120440831 4.64945488952112 1.5
1322 3.208333366885549 5.443003674977639 1.5
1323 4.583333333333375 -3.289419162443285 1.5
1324 3.666666666666703 -3.289419162443291 1.5
1325 4.125000000000082 -2.49556254230753 1.5
1326 2.749974422906014 -6.464830876044181 1.5
1327 -1.833333333333234 7.824573519457026 1.5
1328 -1.374999999999913 8.61843013959276 1.5
1329 -2.291666666666561 8.618430139592768 1.5
1330 -0.4583333333332291 8.618430139592739 1.5
1331 -0.9166666666666128 9.412286759728502 1.5
1332 -5.040858778272828 -0.9073828674543805 1.5
1333 0.4583333333333997 -8.846415503393604 1.5
1334 -2.749999999999899 7.824573519457033 1.5
1335 -4.124989236155963 2.267583393015117 1.5
1336 -0.9166666666659324 -0.1139926818999975 1.5
1337 6.416667362240336 6.236860609386639 1.5
1338 4.583336470836141 7.824575008884629 1.5
1339 8.708333333333165 2.267577178506954 1.5
1340 9.166666666666465 3.061433798642714 1.5
1341 9.613475031461977 2.276311197541627 1.5
1342 -7.791666666666686 -8.846415503393347 1.5
1343 -8.664871394333545 -8.861299049895331 1.5
1344 -9.289579586935204 -8.159455187443742 1.5
1345 -10.20614337986427 5.041666666666664 1.5
1346 10.20614337986427 5.041666666666668 1.5
1347 7.787722824992642 -10.23125519516612 1.5
1348 5.50000005599858 4.649147065497649 1.5
1349 0.4583333080290348 -5.670989008241069 1.5
1350 5.041654953125452 -5.670982260034334 1.5
1351 -3.666666666666645 -4.877132402714727 1.5
1352 10.22703432864575 -9.619117029277369 1.5
1353 -0.4583333333333321 -10.20614337986427 1.5
1354 -1.833333333333286 -1.701705922171795 1.5
1355 -10.08992961778978 -3.229996729935213 1.5
1356 10.07478458416012 -3.238999556431031 1.5
1357 10.19136885480528 0.4376360090892284 1.5
1358 10.19280237193143 4.13520246802741 1.5
1359 -5.041666666666665 -10.20614337986427 1.5
1360 -2.291666666666664 -10.20614337986427 1.5
1361 3.208333333333329 -10.20614337986427 1.5
1362 5.041666666666664 -10.20614337986427 1.5
1363 5.958333333333332 -10.22837246262054 1.5
1364 6.416666666666661 -9.515740090838142 1.5
1365 -6.874999999999988 10.20614337986427 1.5
1366 -6.416666666666607 9.412286759728534 1.5
1367 -2.291666666666664 10.20614337986427 1.5
1368 -2.749999999999961 9.412286759728509 1.5
1369 3.208333333333353 10.20614337986425 1.5
1370 -5.04166666666665 10.20614337986427 1.5
1371 -10.20859721762087 -1.370749828332027 1.5
1372 -9.401181569794755 -0.9359014198596718 1.5
1373 -9.412286759728531 -1.833333333333332 1.5
1374 -8.663233203049113 -1.390319492968239 1.5
1375 -8.650939890758412 -0.4487751864483158 1.5
1376 -8.659263641815109 -10.23540639739888 1.5
1377 3.208333333333441 -2.495562542307511 1.5
1378 10.2044522280998 -1.369086397402384 1.5
1379 -6.875 -10.20614337986427 1.5
1380 -5.958333333333332 -7.258702263121897 1.5
1381 -4.583333333468481 -8.052558883179699 1.5
1382 -0.9166667094872203 -6.464845618263853 1.5
1383 5.041666685450771 3.855290427695532 1.5
1384 5.500000003920377 3.061433800503711 1.5
1385 -10.20503516064207 -7.782643641724869 1.5
1386 1.375 -10.20614337986428 1.5
1387 -1.375000008107467 -5.670989018169664 1.5
1388 -10.20918177263732 -5.957917421345669 1.5
1389 -9.281153695943866 -6.442441191665204 1.5
1390 -9.433018963028434 -5.478727227291484 1.5
1391 10.20931356669333 -7.785024333967547 1.5
1392 -8.749713870594402 -4.157636692805276 1.5
1393 -4.124999999999999 -10.20614337986427 1.5
1394 -7.791666666666648 -5.670989022850405 1.5
1395 -10.21336102513124 -5.047392572769176 1.5
1396 -2.749999999999897 1.473720558371166 1.5
1397 1.37500000021743 2.267577178610072 1.5
1398 5.958351629355874 10.2061520653071 1.5
1399 -5.956970656271082 0.6806506802041472 1.5
1400 -5.041666666689187 -7.258702263108927 1.5
1401 2.291666666666728 -8.846415503393541 1.5
1402 5.04167002754901 10.20614497533407 1.5
1403 4.125000000000057 -8.846415503393512 1.5
1404 -10.19275573523534 4.135229393736466 1.5
1405 -0.9166666666666288 -3.289419162443275 1.5
1406 -0.4583333333332966 -2.495562542307534 1.5
1407 -8.708333333333332 -7.258702263121867 1.5
1408 1.833333334680406 4.649147039553506 1.5
1409 8.274815523976372 9.423540229875261 1.5
1410 -3.20832647620602 0.6798678971996708 1.5
1411 -5.499999999999982 -4.877132402714706 1.5
1412 1.101341240428155e-13 7.824573519457008 1.5
1413 5.958333334099464 2.267577178870576 1.5
1414 9.095571253156081 -6.434988555260713 1.5
1415 -3.208333333333234 5.443003659049829 1.5
1416 2.291661762267655 -5.670986191294428 1.5
1417 -4.124999999999901 5.443003659049836 1.5
1418 -7.333244464517893 3.061485107077177 1.5
1419 0.9166666667884229 3.061433798700365 1.5
1420 7.335616706360433 7.825992989474127 1.5
1421 4.124971567328766 -5.670972607240124 1.5
1422 1.833333333333389 -3.289419162443274 1.5
1423 -3.208333333333304 -4.083275782579003 1.5
1424 6.875000000000021 -4.083275782579046 1.5
1425 0.9166655678374305 -6.464845008576946 1.5
1426 -1.374999999999918 3.85529041877836 1.5
1427 -0.9166666666666217 -1.701705922171792 1.5
1428 -1.37499999999994 -8.846415503393629 1.5
1429 1.833333333353801 -0.1139926818906147 1.5
1430 -2.749999999999897 6.236860279185567 1.5
1431 8.708333333333066 3.855290418778432 1.5
1432 2.142996891052462e-11 3.061433798652745 1.5
1433 7.791666666666575 0.6798639382354388 1.5
1434 9.148374364787774 1.48111194420153 1.5
1435 8.171241461241152e-14 9.412286759728481 1.5
1436 -0.4583333333333002 10.20614337986424 1.5
1437 -6.416666666666546 7.824573519457047 1.5
1438 -0.4583333333296924 3.85529041878004 1.5
1439 -0.4583333333332646 5.443003659049825 1.5
1440 -6.416577797851181 4.649198347348623 1.5
1441 -0.4583333333270794 2.267577178509814 1.5
1442 1.375000000005116 -0.907849302033636 1.5
1443 4.220623850414995e-12 -0.1139926818983383 1.5
1444 6.875000000000007 -7.258702263121989 1.5
1445 2.291666666666732 7.030716899321266 1.5
1446 -1.833333333333297 9.41228675972852 1.5
1447 1.375000000000034 10.20614337986427 1.5
1448 5.499999999999986 -0.1139926819003865 1.5
1449 3.666666883442236 6.236860382092711 1.5
1450 -0.4583333333322486 -0.9078493020355616 1.5
1451 -7.297314762449483 -1.72349648993106 1.5
1452 -8.714693868517397 7.023468122386848 1.5
1453 -6.4166028863648 -3.289382338868784 1.5
1454 -4.583330001667274 3.061435722180903 1.5
1455 6.608047442568932e-13 4.64914703891435 1.5
1456 -3.666664317414932 3.061435154983712 1.5
1457 4.125000000002126 -0.9078493020351015 1.5
1458 -5.499890365860938 -3.289355865143552 1.5
1459 1.833333333333446 9.412286759728481 1.5
1460 -3.208333333333242 7.030716899321316 1.5
1461 -4.124999999999974 10.20614337986425 1.5
1462 2.750000041721336 6.23686029899137 1.5
1463 0.4583333333579223 3.855290418789963 1.5
1464 5.041666666666679 -2.495562542307557 1.5
1465 4.583333333333766 -1.701705922171636 1.5
1466 -3.666666666666551 7.824573519457033 1.5
1467 -3.666647646558886 1.473731539635466 1.5
1468 2.29166668078382 5.443003665751434 1.5
1469 -3.208333333333242 8.61843013959276 1.5
1470 7.348035698043475 -8.04407046903458 1.5
1471 -4.124993727602789 -4.083272161208789 1.5
1472 -5.041641076513413 -4.083261008097127 1.5
1473 -5.499999999999941 9.412286759728527 1.5
1474 2.29166667034659 3.855290420525236 1.5
1475 -6.874999999999901 8.6184301395928 1.5
1476 -8.703990204647189 10.21293260242085 1.5
1477 -6.871880427307788 -2.497302456556907 1.5
1478 4.583338572107508 9.412289246666482 1.5
1479 3.20833342373087 7.030716942234534 1.5
1480 -7.333333333333265 9.412286759728538 1.5
1481 -8.250687697870074 9.418597738974913 1.5
1482 4.125002536680997 8.618431343799678 1.5
1483 1.375000000946631 3.85529041922768 1.5
1484 -3.666666666666609 9.412286759728506 1.5
1485 3.666667710903941 7.824574015174722 1.5
1486 4.583333333335426 -0.1139926818993811 1.5
1487 3.666666666930638 1.473720558496478 1.5
1488 4.125000001319979 2.267577179133545 1.5
1489 6.41666666744765 3.061433799013429 1.5
1490 4.125000000056641 0.6798639382622813 1.5
1491 5.95833334658062 3.855290425067157 1.5
1492 6.416666722443676 4.649147065392535 1.5
1493 6.875000169461128 5.443003739496135 1.5
1494 7.332877210643097 6.237124586418137 1.5
1495 7.791438768256409 7.031305746312391 1.5
1496 8.267945488640283 7.834575282230553 1.5
1497 -8.682473907738636 0.5487116067146562 1.5
1498 -9.510023007007897 -4.63370815190232 1.5
1499 10.32634361492894 -5.05675020227894 1.5
1500 -9.592596593437271 10.24344813339258 1.5
1501 -10.26145057214711 -9.588778902983474 1.5
1502 9.556344181492644 -10.13269373572298 1.5
1503 9.598355388391177 10.24593596723099 1.5
1504 9.493126965142832 -9.166666666666666 1.5
1505 -9.493047766541732 -9.165807580657571 1.5
1506 6.966084496606562 -8.793827844758543 1.5
1507 5.867248836726731 -8.793827844758594 1.5
1508 -8.631978623612095 -5.696253853829388 1.5
1509 9.516086011475782 5.496063950005521 1.5
1510 -9.512800296520144 5.494512609186945 1.5
1511 -8.211230989921663 -9.535536779865673 1.5
1512 -7.333333333333334 -9.526279441628816 1.5
1513 -6.416666666666673 -9.526279441628816 1.5
1514 -5.500000000000012 -9.526279441628825 1.5
1515 4.58333333333343 -9.526279441628828 1.5
1516 8.202725118098428 -9.544135497739244 1.5
1517 3.66666666666673 -9.526279441628871 1.5
1518 2.750000000000018 -9.526279441628912 1.5
1519 1.833333333333371 -9.526279441628912 1.5
1520 0.9166666666666945 -9.526279441628933 1.5
1521 1.598721155460225e-14 -9.526279441628947 1.5
1522 -4.58333333333343 -9.526279441628859 1.5
1523 -0.9166666666666323 -9.526279441628942 1.5
1524 -1.833333333333306 -9.52627944162896 1.5
1525 -2.749999999999961 -9.526279441628965 1.5
1526 -3.666666666666636 -9.526279441628956 1.5
1527 7.333333333333329 -9.526607756760747 1.5
1528 5.500000000000014 -9.526607756760791 1.5
1529 9.530981282838816 -0.9146577557787712 1.5
1530 9.570419826997313 -7.141256019454906 1.5
1531 -9.535973330353425 -7.307495402226367 1.5
1532 -9.391993450278122 -0.07957197658705439 1.5
1533 9.498284301563643 3.763141328502549 1.5
1534 -9.498196624575083 3.763191948835598 1.5
1535 10.35886461515553 -5.958333333333334 1.5
1536 9.485530439775271 0.7603867263749216 1.5
1537 -10.3151976160426 0.4472501961150126 1.5
1538 9.471141851343333 -2.602614697022981 1.5
1539 10.38217752340623 6.888323305257956 1.5
1540 -9.510718330079717 -2.595094875113793 1.5
1541 -10.39790055976277 8.681926171999116 1.5
1542 10.38867786945614 2.29166666666667 1.5
1543 -10.38867786945629 2.291666666666668 1.5
1544 9.460465736048064 -3.988281880995424 1.5
1545 -10.40032677262416 6.875000000000004 1.5
1546 10.43285793347742 8.708333333333346 1.5
1547 -8.052558883257664 4.618527782440651e-14 1.5
1548 -8.04717991750892 -1.818804151395055 1.5
1549 10.32895342639519 10.32895342639519 1.5
1550 -10.32895342639519 10.32895342639519 1.5
1551 10.32895342639518 -10.32895342639519 1.5
1552 -10.32895342639519 -10.32895342639519 1.5
1553 -9.528503390916255 -3.903641886063332 1.5
1554 -8.918424739528545 -9.583634170387166 1.5
1555 8.924496670662805 -9.588800510579699 1.5
1556 -8.903250745665632 -4.976087180653203 1.5
1557 9.816939806168886 -6.339101352038695 1.5
1558 9.745276045273378 -4.715483906348809 1.5
1559 -9.147670786760873 4.125003546287032 0.7412272288853259
1560 -9.147667886349893 -2.29166666666666 0.7312605699270837
$EndNodes
$Elements
7673
1 2 2 2 1 9 1 220
2 2 2 2 1 1 10 220
3 2 2 2 1 2 9 220
4 2 2 2 1 34 2 220
5 2 2 2 1 32 3 219
6 2 2 2 1 3 33 219
7 2 2 2 1 33 4 219
8 2 2 2 1 4 56 219
9 2 2 2 1 10 11 203
10 2 2 2 1 10 203 220
11 2 2 2 1 11 12 218
12 2 2 2 1 203 11 218
13 2 2 2 1 12 13 202
14 2 2 2 1 12 202 218
15 2 2 2 1 13 14 206
16 2 2 2 1 202 13 206
17 2 2 2 1 14 15 205
18 2 2 2 1 14 205 206
19 2 2 2 1 15 16 217
20 2 2 2 1 205 15 217
21 2 2 2 1 16 17 207
22 2 2 2 1 16 207 217
23 2 2 2 1 17 18 208
24 2 2 2 1 207 17 208
25 2 2 2 1 18 19 209
26 2 2 2 1 208 18 209
27 2 2 2 1 19 20 214
28 2 2 2 1 209 19 214
29 2 2 2 1 20 21 216
30 2 2 2 1 214 20 216
31 2 2 2 1 21 22 215
32 2 2 2 1 21 215 216
33 2 2 2 1 22 23 204
34 2 2 2 1 22 204 215
35 2 2 2 1 23 24 210
36 2 2 2 1 204 23 210
37 2 2 2 1 24 25 211
38 2 2 2 1 210 24 211
39 2 2 2 1 25 26 212
40 2 2 2 1 211 25 212
41 2 2 2 1 26 27 213
42 2 2 2 1 212 26 213
43 2 2 2 1 27 28 197
44 2 2 2 1 27 197 213
45 2 2 2 1 28 29 198
46 2 2 2 1 197 28 198
47 2 2 2 1 29 30 200
48 2 2 2 1 198 29 200
49 2 2 2 1 30 31 201
50 2 2 2 1 200 30 201
51 2 2 2 1 31 32 199
52 2 2 2 1 31 199 201
53 2 2 2 1 199 32 219
54 2 2 2 1 35 34 203
55 2 2 2 1 203 34 220
56 2 2 2 1 36 35 218
57 2 2 2 1 35 203 218
58 2 2 2 1 37 36 202
59 2 2 2 1 202 36 218
60 2 2 2 1 38 37 206
61 2 2 2 1 37 202 206
62 2 2 2 1 39 38 205
63 2 2 2 1 205 38 206
64 2 2 2 1 40 39 217
65 2 2 2 1 39 205 217
66 2 2 2 1 41 40 207
67 2 2 2 1 207 40 217
68 2 2 2 1 42 41 208
69 2 2 2 1 41 207 208
70 2 2 2 1 43 42 209
71 2 2 2 1 42 208 209
72 2 2 2 1 44 43 214
73 2 2 2 1 43 209 214
74 2 2 2 1 45 44 216
75 2 2 2 1 44 214 216
76 2 2 2 1 46 45 215
77 2 2 2 1 215 45 216
78 2 2 2 1 47 46 204
79 2 2 2 1 204 46 215
80 2 2 2 1 48 47 210
81 2 2 2 1 47 204 210
82 2 2 2 1 49 48 211
83 2 2 2 1 48 210 211
84 2 2 2 1 50 49 212
85 2 2 2 1 49 211 212
86 2 2 2 1 51 50 213
87 2 2 2 1 50 212 213
88 2 2 2 1 52 51 197
89 2 2 2 1 197 51 213
90 2 2 2 1 53 52 198
91 2 2 2 1 52 197 198
92 2 2 2 1 54 53 200
93 2 2 2 1 53 198 200
94 2 2 2 1 55 54 201
95 2 2 2 1 54 200 201
96 2 2 2 1 56 55 199
97 2 2 2 1 199 55 201
98 2 2 2 1 56 199 219
99 2 2 2 2 57 244 5
100 2 2 2 2 5 244 58
101 2 2 2 2 6 244 57
102 2 2 2 2 82 244 6
103 2 2 2 2 80 243 7
104 2 2 2 2 7 243 81
105 2 2 2 2 81 243 8
106 2 2 2 2 8 243 104
107 2 2 2 2 58 227 59
108 2 2 2 2 58 244 227
109 2 2 2 2 59 242 60
110 2 2 2 2 227 242 59
111 2 2 2 2 60 226 61
112 2 2 2 2 60 242 226
113 2 2 2 2 61 230 62
114 2 2 2 2 226 230 61
115 2 2 2 2 62 229 63
116 2 2 2 2 62 230 229
117 2 2 2 2 63 241 64
118 2 2 2 2 229 241 63
119 2 2 2 2 64 231 65
120 2 2 2 2 64 241 231
121 2 2 2 2 65 232 66
122 2 2 2 2 231 232 65
123 2 2 2 2 66 233 67
124 2 2 2 2 232 233 66
125 2 2 2 2 67 238 68
126 2 2 2 2 233 238 67
127 2 2 2 2 68 239 69
128 2 2 2 2 238 239 68
129 2 2 2 2 69 240 70
130 2 2 2 2 239 240 69
131 2 2 2 2 70 228 71
132 2 2 2 2 70 240 228
133 2 2 2 2 71 234 72
134 2 2 2 2 228 234 71
135 2 2 2 2 72 235 73
136 2 2 2 2 234 235 72
137 2 2 2 2 73 236 74
138 2 2 2 2 235 236 73
139 2 2 2 2 74 237 75
140 2 2 2 2 236 237 74
141 2 2 2 2 75 221 76
142 2 2 2 2 75 237 221
143 2 2 2 2 76 222 77
144 2 2 2 2 221 222 76
145 2 2 2 2 77 224 78
146 2 2 2 2 222 224 77
147 2 2 2 2 78 225 79
148 2 2 2 2 224 225 78
149 2 2 2 2 79 223 80
150 2 2 2 2 79 225 223
151 2 2 2 2 223 243 80
152 2 2 2 2 83 227 82
153 2 2 2 2 227 244 82
154 2 2 2 2 84 242 83
155 2 2 2 2 83 242 227
156 2 2 2 2 85 226 84
157 2 2 2 2 226 242 84
158 2 2 2 2 86 230 85
159 2 2 2 2 85 230 226
160 2 2 2 2 87 229 86
161 2 2 2 2 229 230 86
162 2 2 2 2 88 241 87
163 2 2 2 2 87 241 229
164 2 2 2 2 89 231 88
165 2 2 2 2 231 241 88
166 2 2 2 2 90 232 89
167 2 2 2 2 89 232 231
168 2 2 2 2 91 233 90
169 2 2 2 2 90 233 232
170 2 2 2 2 92 238 91
171 2 2 2 2 91 238 233
172 2 2 2 2 93 239 92
173 2 2 2 2 92 239 238
174 2 2 2 2 94 240 93
175 2 2 2 2 93 240 239
176 2 2 2 2 95 228 94
177 2 2 2 2 228 240 94
178 2 2 2 2 96 234 95
179 2 2 2 2 95 234 228
180 2 2 2 2 97 235 96
181 2 2 2 2 96 235 234
182 2 2 2 2 98 236 97
183 2 2 2 2 97 236 235
184 2 2 2 2 99 237 98
185 2 2 2 2 98 237 236
186 2 2 2 2 100 221 99
187 2 2 2 2 221 237 99
188 2 2 2 2 101 222 100
189 2 2 2 2 100 222 221
190 2 2 2 2 102 224 101
191 2 2 2 2 101 224 222
192 2 2 2 2 103 225 102
193 2 2 2 2 102 225 224
194 2 2 2 2 104 223 103
195 2 2 2 2 223 225 103
196 2 2 2 2 104 243 223
197 2 2 2 3 1 9 268
198 2 2 2 3 128 1 268
199 2 2 2 3 9 2 268
200 2 2 2 3 2 105 268
201 2 2 2 3 57 5 267
202 2 2 2 3 5 150 267
203 2 2 2 3 6 57 267
204 2 2 2 3 127 6 267
205 2 2 2 3 105 106 250
206 2 2 2 3 105 250 268
207 2 2 2 3 106 107 266
208 2 2 2 3 250 106 266
209 2 2 2 3 107 108 254
210 2 2 2 3 107 254 266
211 2 2 2 3 108 109 255
212 2 2 2 3 254 108 255
213 2 2 2 3 109 110 253
214 2 2 2 3 109 253 255
215 2 2 2 3 110 111 252
216 2 2 2 3 110 252 253
217 2 2 2 3 111 112 256
218 2 2 2 3 252 111 256
219 2 2 2 3 112 113 257
220 2 2 2 3 256 112 257
221 2 2 2 3 113 114 258
222 2 2 2 3 257 113 258
223 2 2 2 3 114 115 264
224 2 2 2 3 258 114 264
225 2 2 2 3 115 116 265
226 2 2 2 3 264 115 265
227 2 2 2 3 116 117 259
228 2 2 2 3 116 259 265
229 2 2 2 3 117 118 251
230 2 2 2 3 117 251 259
231 2 2 2 3 118 119 260
232 2 2 2 3 251 118 260
233 2 2 2 3 119 120 261
234 2 2 2 3 260 119 261
235 2 2 2 3 120 121 262
236 2 2 2 3 261 120 262
237 2 2 2 3 121 122 263
238 2 2 2 3 262 121 263
239 2 2 2 3 122 123 245
240 2 2 2 3 122 245 263
241 2 2 2 3 123 124 246
242 2 2 2 3 245 123 246
243 2 2 2 3 124 125 248
244 2 2 2 3 246 124 248
245 2 2 2 3 125 126 249
246 2 2 2 3 248 125 249
247 2 2 2 3 126 127 247
248 2 2 2 3 126 247 249
249 2 2 2 3 247 127 267
250 2 2 2 3 129 128 250
251 2 2 2 3 250 128 268
252 2 2 2 3 130 129 266
253 2 2 2 3 129 250 266
254 2 2 2 3 131 130 254
255 2 2 2 3 254 130 266
256 2 2 2 3 132 131 255
257 2 2 2 3 131 254 255
258 2 2 2 3 133 132 253
259 2 2 2 3 253 132 255
260 2 2 2 3 134 133 252
261 2 2 2 3 252 133 253
262 2 2 2 3 135 134 256
263 2 2 2 3 134 252 256
264 2 2 2 3 136 135 257
265 2 2 2 3 135 256 257
266 2 2 2 3 137 136 258
267 2 2 2 3 136 257 258
268 2 2 2 3 138 137 264
269 2 2 2 3 137 258 264
270 2 2 2 3 139 138 265
271 2 2 2 3 138 264 265
272 2 2 2 3 140 139 259
273 2 2 2 3 259 139 265
274 2 2 2 3 141 140 251
275 2 2 2 3 251 140 259
276 2 2 2 3 142 141 260
277 2 2 2 3 141 251 260
278 2 2 2 3 143 142 261
279 2 2 2 3 142 260 261
280 2 2 2 3 144 143 262
281 2 2 2 3 143 261 262
282 2 2 2 3 145 144 263
283 2 2 2 3 144 262 263
284 2 2 2 3 146 145 245
285 2 2 2 3 245 145 263
286 2 2 2 3 147 146 246
287 2 2 2 3 146 245 246
288 2 2 2 3 148 147 248
289 2 2 2 3 147 246 248
290 2 2 2 3 149 148 249
291 2 2 2 3 148 248 249
292 2 2 2 3 150 149 247
293 2 2 2 3 247 149 249
294 2 2 2 3 150 247 267
295 2 2 2 4 3 292 33
296 2 2 2 4 174 292 3
297 2 2 2 4 33 292 4
298 2 2 2 4 4 292 151
299 2 2 2 4 81 291 7
300 2 2 2 4 7 291 196
301 2 2 2 4 8 291 81
302 2 2 2 4 173 291 8
303 2 2 2 4 151 274 152
304 2 2 2 4 151 292 274
305 2 2 2 4 152 290 153
306 2 2 2 4 274 290 152
307 2 2 2 4 153 277 154
308 2 2 2 4 153 290 277
309 2 2 2 4 154 278 155
310 2 2 2 4 277 278 154
311 2 2 2 4 155 276 156
312 2 2 2 4 155 278 276
313 2 2 2 4 156 289 157
314 2 2 2 4 276 289 156
315 2 2 2 4 157 279 158
316 2 2 2 4 157 289 279
317 2 2 2 4 158 280 159
318 2 2 2 4 279 280 158
319 2 2 2 4 159 281 160
320 2 2 2 4 280 281 159
321 2 2 2 4 160 287 161
322 2 2 2 4 281 287 160
323 2 2 2 4 161 288 162
324 2 2 2 4 287 288 161
325 2 2 2 4 162 282 163
326 2 2 2 4 162 288 282
327 2 2 2 4 163 275 164
328 2 2 2 4 163 282 275
329 2 2 2 4 164 283 165
330 2 2 2 4 275 283 164
331 2 2 2 4 165 284 166
332 2 2 2 4 283 284 165
333 2 2 2 4 166 285 167
334 2 2 2 4 284 285 166
335 2 2 2 4 167 286 168
336 2 2 2 4 285 286 167
337 2 2 2 4 168 269 169
338 2 2 2 4 168 286 269
339 2 2 2 4 169 270 170
340 2 2 2 4 269 270 169
341 2 2 2 4 170 272 171
342 2 2 2 4 270 272 170
343 2 2 2 4 171 273 172
344 2 2 2 4 272 273 171
345 2 2 2 4 172 271 173
346 2 2 2 4 172 273 271
347 2 2 2 4 271 291 173
348 2 2 2 4 175 274 174
349 2 2 2 4 274 292 174
350 2 2 2 4 176 290 175
351 2 2 2 4 175 290 274
352 2 2 2 4 177 277 176
353 2 2 2 4 277 290 176
354 2 2 2 4 178 278 177
355 2 2 2 4 177 278 277
356 2 2 2 4 179 276 178
357 2 2 2 4 276 278 178
358 2 2 2 4 180 289 179
359 2 2 2 4 179 289 276
360 2 2 2 4 181 279 180
361 2 2 2 4 279 289 180
362 2 2 2 4 182 280 181
363 2 2 2 4 181 280 279
364 2 2 2 4 183 281 182
365 2 2 2 4 182 281 280
366 2 2 2 4 184 287 183
367 2 2 2 4 183 287 281
368 2 2 2 4 185 288 184
369 2 2 2 4 184 288 287
370 2 2 2 4 186 282 185
371 2 2 2 4 282 288 185
372 2 2 2 4 187 275 186
373 2 2 2 4 275 282 186
374 2 2 2 4 188 283 187
375 2 2 2 4 187 283 275
376 2 2 2 4 189 284 188
377 2 2 2 4 188 284 283
378 2 2 2 4 190 285 189
379 2 2 2 4 189 285 284
380 2 2 2 4 191 286 190
381 2 2 2 4 190 286 285
382 2 2 2 4 192 269 191
383 2 2 2 4 269 286 191
384 2 2 2 4 193 270 192
385 2 2 2 4 192 270 269
386 2 2 2 4 194 272 193
387 2 2 2 4 193 272 270
388 2 2 2 4 195 273 194
389 2 2 2 4 194 273 272
390 2 2 2 4 196 271 195
391 2 2 2 4 271 273 195
392 2 2 2 4 196 291 271
393 2 2 2 5 2 34 916
394 2 2 2 5 105 2 916
395 2 2 2 5 56 4 917
396 2 2 2 5 4 151 917
397 2 2 2 5 82 6 915
398 2 2 2 5 6 127 915
399 2 2 2 5 8 104 914
400 2 2 2 5 173 8 914
401 2 2 2 5 34 35 330
402 2 2 2 5 34 330 916
403 2 2 2 5 35 36 714
404 2 2 2 5 330 35 714
405 2 2 2 5 36 37 315
406 2 2 2 5 36 315 714
407 2 2 2 5 37 38 742
408 2 2 2 5 315 37 742
409 2 2 2 5 38 39 307
410 2 2 2 5 38 307 742
411 2 2 2 5 39 40 649
412 2 2 2 5 307 39 649
413 2 2 2 5 40 41 824
414 2 2 2 5 649 40 824
415 2 2 2 5 41 42 297
416 2 2 2 5 41 297 824
417 2 2 2 5 42 43 722
418 2 2 2 5 297 42 722
419 2 2 2 5 43 44 313
420 2 2 2 5 43 313 722
421 2 2 2 5 44 45 724
422 2 2 2 5 313 44 724
423 2 2 2 5 45 46 296
424 2 2 2 5 45 296 724
425 2 2 2 5 46 47 757
426 2 2 2 5 296 46 757
427 2 2 2 5 47 48 321
428 2 2 2 5 47 321 757
429 2 2 2 5 48 49 725
430 2 2 2 5 321 48 725
431 2 2 2 5 49 50 301
432 2 2 2 5 49 301 725
433 2 2 2 5 50 51 716
434 2 2 2 5 301 50 716
435 2 2 2 5 51 52 699
436 2 2 2 5 51 699 716
437 2 2 2 5 52 53 309
438 2 2 2 5 52 309 699
439 2 2 2 5 53 54 333
440 2 2 2 5 309 53 333
441 2 2 2 5 54 55 327
442 2 2 2 5 54 327 333
443 2 2 2 5 55 56 867
444 2 2 2 5 327 55 867
445 2 2 2 5 867 56 917
446 2 2 2 5 83 82 864
447 2 2 2 5 864 82 915
448 2 2 2 5 84 83 326
449 2 2 2 5 326 83 864
450 2 2 2 5 85 84 759
451 2 2 2 5 84 326 759
452 2 2 2 5 86 85 312
453 2 2 2 5 312 85 759
454 2 2 2 5 87 86 896
455 2 2 2 5 86 312 896
456 2 2 2 5 88 87 879
457 2 2 2 5 879 87 896
458 2 2 2 5 89 88 302
459 2 2 2 5 302 88 879
460 2 2 2 5 90 89 726
461 2 2 2 5 89 302 726
462 2 2 2 5 91 90 320
463 2 2 2 5 320 90 726
464 2 2 2 5 92 91 748
465 2 2 2 5 91 320 748
466 2 2 2 5 93 92 294
467 2 2 2 5 294 92 748
468 2 2 2 5 94 93 727
469 2 2 2 5 93 294 727
470 2 2 2 5 95 94 314
471 2 2 2 5 314 94 727
472 2 2 2 5 96 95 836
473 2 2 2 5 95 314 836
474 2 2 2 5 97 96 298
475 2 2 2 5 298 96 836
476 2 2 2 5 98 97 874
477 2 2 2 5 97 298 874
478 2 2 2 5 99 98 891
479 2 2 2 5 98 874 891
480 2 2 2 5 100 99 305
481 2 2 2 5 305 99 891
482 2 2 2 5 101 100 786
483 2 2 2 5 100 305 786
484 2 2 2 5 102 101 323
485 2 2 2 5 323 101 786
486 2 2 2 5 103 102 772
487 2 2 2 5 102 323 772
488 2 2 2 5 104 103 331
489 2 2 2 5 331 103 772
490 2 2 2 5 104 331 914
491 2 2 2 5 106 105 865
492 2 2 2 5 865 105 916
493 2 2 2 5 107 106 328
494 2 2 2 5 328 106 865
495 2 2 2 5 108 107 760
496 2 2 2 5 107 328 760
497 2 2 2 5 109 108 311
498 2 2 2 5 311 108 760
499 2 2 2 5 110 109 868
500 2 2 2 5 109 311 868
501 2 2 2 5 111 110 899
502 2 2 2 5 110 868 899
503 2 2 2 5 112 111 303
504 2 2 2 5 303 111 899
505 2 2 2 5 113 112 731
506 2 2 2 5 112 303 731
507 2 2 2 5 114 113 316
508 2 2 2 5 316 113 731
509 2 2 2 5 115 114 754
510 2 2 2 5 114 316 754
511 2 2 2 5 116 115 295
512 2 2 2 5 295 115 754
513 2 2 2 5 117 116 866
514 2 2 2 5 116 295 866
515 2 2 2 5 118 117 318
516 2 2 2 5 318 117 866
517 2 2 2 5 119 118 906
518 2 2 2 5 118 318 906
519 2 2 2 5 120 119 299
520 2 2 2 5 299 119 906
521 2 2 2 5 121 120 918
522 2 2 2 5 120 299 918
523 2 2 2 5 122 121 704
524 2 2 2 5 704 121 918
525 2 2 2 5 123 122 306
526 2 2 2 5 306 122 704
527 2 2 2 5 124 123 775
528 2 2 2 5 123 306 775
529 2 2 2 5 125 124 324
530 2 2 2 5 324 124 775
531 2 2 2 5 126 125 909
532 2 2 2 5 125 324 909
533 2 2 2 5 127 126 329
534 2 2 2 5 329 126 909
535 2 2 2 5 127 329 915
536 2 2 2 5 151 152 332
537 2 2 2 5 151 332 917
538 2 2 2 5 152 153 913
539 2 2 2 5 332 152 913
540 2 2 2 5 153 154 317
541 2 2 2 5 153 317 913
542 2 2 2 5 154 155 907
543 2 2 2 5 317 154 907
544 2 2 2 5 155 156 308
545 2 2 2 5 155 308 907
546 2 2 2 5 156 157 745
547 2 2 2 5 308 156 745
548 2 2 2 5 157 158 789
549 2 2 2 5 745 157 789
550 2 2 2 5 158 159 300
551 2 2 2 5 158 300 789
552 2 2 2 5 159 160 732
553 2 2 2 5 300 159 732
554 2 2 2 5 160 161 319
555 2 2 2 5 160 319 732
556 2 2 2 5 161 162 738
557 2 2 2 5 319 161 738
558 2 2 2 5 162 163 293
559 2 2 2 5 162 293 738
560 2 2 2 5 163 164 743
561 2 2 2 5 293 163 743
562 2 2 2 5 164 165 322
563 2 2 2 5 164 322 743
564 2 2 2 5 165 166 735
565 2 2 2 5 322 165 735
566 2 2 2 5 166 167 304
567 2 2 2 5 166 304 735
568 2 2 2 5 167 168 736
569 2 2 2 5 304 167 736
570 2 2 2 5 168 169 737
571 2 2 2 5 736 168 737
572 2 2 2 5 169 170 310
573 2 2 2 5 169 310 737
574 2 2 2 5 170 171 700
575 2 2 2 5 310 170 700
576 2 2 2 5 171 172 325
577 2 2 2 5 171 325 700
578 2 2 2 5 172 173 863
579 2 2 2 5 325 172 863
580 2 2 2 5 863 173 914
581 2 2 2 5 293 662 738
582 2 2 2 5 662 293 897
583 2 2 2 5 293 743 897
584 2 2 2 5 727 294 730
585 2 2 2 5 730 294 892
586 2 2 2 5 294 748 892
587 2 2 2 5 295 754 755
588 2 2 2 5 295 755 869
589 2 2 2 5 866 295 869
590 2 2 2 5 645 296 675
591 2 2 2 5 296 645 724
592 2 2 2 5 675 296 757
593 2 2 2 5 297 703 824
594 2 2 2 5 703 297 835
595 2 2 2 5 297 722 835
596 2 2 2 5 298 836 875
597 2 2 2 5 874 298 894
598 2 2 2 5 298 875 894
599 2 2 2 5 627 299 687
600 2 2 2 5 299 627 689
601 2 2 2 5 687 299 906
602 2 2 2 5 299 689 918
603 2 2 2 5 300 732 733
604 2 2 2 5 300 733 734
605 2 2 2 5 300 734 789
606 2 2 2 5 301 655 725
607 2 2 2 5 655 301 822
608 2 2 2 5 301 716 822
609 2 2 2 5 726 302 889
610 2 2 2 5 302 879 893
611 2 2 2 5 889 302 893
612 2 2 2 5 731 303 904
613 2 2 2 5 758 303 899
614 2 2 2 5 303 758 904
615 2 2 2 5 735 304 912
616 2 2 2 5 304 736 925
617 2 2 2 5 912 304 925
618 2 2 2 5 786 305 881
619 2 2 2 5 305 877 881
620 2 2 2 5 877 305 891
621 2 2 2 5 306 704 902
622 2 2 2 5 775 306 776
623 2 2 2 5 776 306 902
624 2 2 2 5 636 307 649
625 2 2 2 5 307 636 747
626 2 2 2 5 742 307 747
627 2 2 2 5 308 623 628
628 2 2 2 5 623 308 880
629 2 2 2 5 308 628 907
630 2 2 2 5 308 745 880
631 2 2 2 5 309 333 334
632 2 2 2 5 309 334 335
633 2 2 2 5 309 335 699
634 2 2 2 5 310 644 737
635 2 2 2 5 644 310 901
636 2 2 2 5 310 700 901
637 2 2 2 5 311 621 868
638 2 2 2 5 621 311 908
639 2 2 2 5 311 760 908
640 2 2 2 5 312 759 884
641 2 2 2 5 876 312 884
642 2 2 2 5 312 876 896
643 2 2 2 5 313 640 723
644 2 2 2 5 640 313 724
645 2 2 2 5 722 313 723
646 2 2 2 5 314 727 728
647 2 2 2 5 314 728 729
648 2 2 2 5 314 729 836
649 2 2 2 5 315 635 717
650 2 2 2 5 635 315 742
651 2 2 2 5 714 315 717
652 2 2 2 5 316 731 920
653 2 2 2 5 754 316 862
654 2 2 2 5 862 316 920
655 2 2 2 5 317 628 629
656 2 2 2 5 628 317 907
657 2 2 2 5 317 629 630
658 2 2 2 5 317 630 913
659 2 2 2 5 318 625 687
660 2 2 2 5 625 318 688
661 2 2 2 5 318 687 906
662 2 2 2 5 688 318 866
663 2 2 2 5 626 319 905
664 2 2 2 5 319 626 919
665 2 2 2 5 732 319 919
666 2 2 2 5 319 738 905
667 2 2 2 5 320 726 890
668 2 2 2 5 748 320 888
669 2 2 2 5 888 320 890
670 2 2 2 5 652 321 653
671 2 2 2 5 321 652 757
672 2 2 2 5 653 321 725
673 2 2 2 5 322 735 910
674 2 2 2 5 743 322 744
675 2 2 2 5 744 322 910
676 2 2 2 5 772 323 883
677 2 2 2 5 323 786 882
678 2 2 2 5 323 882 883
679 2 2 2 5 324 650 651
680 2 2 2 5 650 324 900
681 2 2 2 5 324 651 909
682 2 2 2 5 324 775 900
683 2 2 2 5 325 642 700
684 2 2 2 5 642 325 870
685 2 2 2 5 325 863 870
686 2 2 2 5 759 326 885
687 2 2 2 5 326 864 898
688 2 2 2 5 885 326 898
689 2 2 2 5 333 327 761
690 2 2 2 5 327 632 761
691 2 2 2 5 632 327 867
692 2 2 2 5 715 328 865
693 2 2 2 5 328 715 911
694 2 2 2 5 760 328 911
695 2 2 2 5 329 651 898
696 2 2 2 5 651 329 909
697 2 2 2 5 864 329 898
698 2 2 2 5 329 864 915
699 2 2 2 5 330 714 715
700 2 2 2 5 330 715 865
701 2 2 2 5 330 865 916
702 2 2 2 5 331 772 921
703 2 2 2 5 863 331 870
704 2 2 2 5 331 863 914
705 2 2 2 5 870 331 921
706 2 2 2 5 332 630 632
707 2 2 2 5 630 332 913
708 2 2 2 5 332 632 867
709 2 2 2 5 332 867 917
710 2 2 2 5 334 333 761
711 2 2 2 5 335 334 336
712 2 2 2 5 336 334 494
713 2 2 2 5 494 334 761
714 2 2 2 5 335 336 337
715 2 2 2 5 335 337 793
716 2 2 2 5 699 335 793
717 2 2 2 5 337 336 338
718 2 2 2 5 338 336 815
719 2 2 2 5 336 494 815
720 2 2 2 5 337 338 339
721 2 2 2 5 337 339 531
722 2 2 2 5 337 531 793
723 2 2 2 5 339 338 340
724 2 2 2 5 340 338 455
725 2 2 2 5 455 338 815
726 2 2 2 5 339 340 341
727 2 2 2 5 339 341 674
728 2 2 2 5 531 339 674
729 2 2 2 5 341 340 342
730 2 2 2 5 342 340 749
731 2 2 2 5 340 455 749
732 2 2 2 5 341 342 343
733 2 2 2 5 341 343 433
734 2 2 2 5 341 433 674
735 2 2 2 5 343 342 344
736 2 2 2 5 344 342 414
737 2 2 2 5 414 342 749
738 2 2 2 5 343 344 345
739 2 2 2 5 343 345 718
740 2 2 2 5 433 343 718
741 2 2 2 5 345 344 346
742 2 2 2 5 346 344 817
743 2 2 2 5 344 414 817
744 2 2 2 5 345 346 347
745 2 2 2 5 345 347 782
746 2 2 2 5 718 345 782
747 2 2 2 5 347 346 348
748 2 2 2 5 348 346 825
749 2 2 2 5 346 817 825
750 2 2 2 5 347 348 349
751 2 2 2 5 347 349 380
752 2 2 2 5 347 380 782
753 2 2 2 5 349 348 350
754 2 2 2 5 350 348 401
755 2 2 2 5 401 348 825
756 2 2 2 5 349 350 351
757 2 2 2 5 349 351 795
758 2 2 2 5 380 349 795
759 2 2 2 5 351 350 352
760 2 2 2 5 352 350 812
761 2 2 2 5 350 401 812
762 2 2 2 5 351 352 353
763 2 2 2 5 351 353 461
764 2 2 2 5 351 461 795
765 2 2 2 5 353 352 354
766 2 2 2 5 354 352 489
767 2 2 2 5 489 352 812
768 2 2 2 5 353 354 355
769 2 2 2 5 353 355 773
770 2 2 2 5 461 353 773
771 2 2 2 5 355 354 356
772 2 2 2 5 356 354 819
773 2 2 2 5 354 489 819
774 2 2 2 5 355 356 357
775 2 2 2 5 355 357 358
776 2 2 2 5 355 358 773
777 2 2 2 5 357 356 362
778 2 2 2 5 362 356 371
779 2 2 2 5 371 356 819
780 2 2 2 5 358 357 359
781 2 2 2 5 359 357 808
782 2 2 2 5 357 362 808
783 2 2 2 5 358 359 360
784 2 2 2 5 358 360 534
785 2 2 2 5 358 534 773
786 2 2 2 5 360 359 361
787 2 2 2 5 361 359 712
788 2 2 2 5 712 359 808
789 2 2 2 5 360 361 363
790 2 2 2 5 360 363 762
791 2 2 2 5 534 360 762
792 2 2 2 5 363 361 364
793 2 2 2 5 364 361 365
794 2 2 2 5 365 361 712
795 2 2 2 5 362 371 372
796 2 2 2 5 362 372 544
797 2 2 2 5 362 544 808
798 2 2 2 5 363 364 368
799 2 2 2 5 363 368 374
800 2 2 2 5 363 374 762
801 2 2 2 5 364 365 366
802 2 2 2 5 364 366 778
803 2 2 2 5 368 364 778
804 2 2 2 5 366 365 367
805 2 2 2 5 367 365 490
806 2 2 2 5 490 365 712
807 2 2 2 5 366 367 369
808 2 2 2 5 366 369 535
809 2 2 2 5 366 535 778
810 2 2 2 5 369 367 370
811 2 2 2 5 370 367 843
812 2 2 2 5 367 490 843
813 2 2 2 5 374 368 375
814 2 2 2 5 375 368 697
815 2 2 2 5 697 368 778
816 2 2 2 5 369 370 373
817 2 2 2 5 369 373 799
818 2 2 2 5 535 369 799
819 2 2 2 5 373 370 376
820 2 2 2 5 376 370 435
821 2 2 2 5 435 370 843
822 2 2 2 5 372 371 378
823 2 2 2 5 378 371 678
824 2 2 2 5 678 371 819
825 2 2 2 5 372 378 379
826 2 2 2 5 372 379 665
827 2 2 2 5 544 372 665
828 2 2 2 5 373 376 377
829 2 2 2 5 373 377 386
830 2 2 2 5 373 386 799
831 2 2 2 5 374 375 381
832 2 2 2 5 374 381 707
833 2 2 2 5 374 707 762
834 2 2 2 5 381 375 382
835 2 2 2 5 382 375 383
836 2 2 2 5 383 375 697
837 2 2 2 5 377 376 388
838 2 2 2 5 388 376 765
839 2 2 2 5 376 435 765
840 2 2 2 5 386 377 701
841 2 2 2 5 377 388 389
842 2 2 2 5 377 389 701
843 2 2 2 5 379 378 384
844 2 2 2 5 384 378 390
845 2 2 2 5 390 378 678
846 2 2 2 5 379 384 385
847 2 2 2 5 379 385 444
848 2 2 2 5 379 444 665
849 2 2 2 5 694 380 696
850 2 2 2 5 380 694 782
851 2 2 2 5 696 380 795
852 2 2 2 5 381 382 392
853 2 2 2 5 381 392 426
854 2 2 2 5 381 426 707
855 2 2 2 5 382 383 387
856 2 2 2 5 382 387 790
857 2 2 2 5 392 382 790
858 2 2 2 5 387 383 391
859 2 2 2 5 391 383 488
860 2 2 2 5 488 383 697
861 2 2 2 5 385 384 393
862 2 2 2 5 384 390 676
863 2 2 2 5 393 384 676
864 2 2 2 5 385 393 394
865 2 2 2 5 385 394 805
866 2 2 2 5 444 385 805
867 2 2 2 5 386 701 750
868 2 2 2 5 386 750 751
869 2 2 2 5 386 751 799
870 2 2 2 5 387 391 402
871 2 2 2 5 387 402 756
872 2 2 2 5 387 756 790
873 2 2 2 5 389 388 395
874 2 2 2 5 395 388 396
875 2 2 2 5 396 388 765
876 2 2 2 5 389 395 397
877 2 2 2 5 389 397 763
878 2 2 2 5 701 389 763
879 2 2 2 5 390 647 677
880 2 2 2 5 647 390 678
881 2 2 2 5 676 390 677
882 2 2 2 5 402 391 405
883 2 2 2 5 405 391 771
884 2 2 2 5 391 488 771
885 2 2 2 5 426 392 427
886 2 2 2 5 427 392 600
887 2 2 2 5 600 392 790
888 2 2 2 5 394 393 398
889 2 2 2 5 398 393 796
890 2 2 2 5 393 676 796
891 2 2 2 5 394 398 399
892 2 2 2 5 394 399 400
893 2 2 2 5 394 400 805
894 2 2 2 5 395 396 809
895 2 2 2 5 397 395 406
896 2 2 2 5 406 395 809
897 2 2 2 5 658 396 766
898 2 2 2 5 396 658 809
899 2 2 2 5 396 765 766
900 2 2 2 5 397 406 407
901 2 2 2 5 397 407 408
902 2 2 2 5 397 408 763
903 2 2 2 5 399 398 403
904 2 2 2 5 403 398 411
905 2 2 2 5 411 398 796
906 2 2 2 5 400 399 708
907 2 2 2 5 399 403 404
908 2 2 2 5 399 404 708
909 2 2 2 5 681 400 708
910 2 2 2 5 400 681 806
911 2 2 2 5 805 400 806
912 2 2 2 5 401 752 812
913 2 2 2 5 752 401 858
914 2 2 2 5 401 825 858
915 2 2 2 5 402 405 412
916 2 2 2 5 402 412 413
917 2 2 2 5 402 413 756
918 2 2 2 5 404 403 409
919 2 2 2 5 409 403 690
920 2 2 2 5 403 411 690
921 2 2 2 5 404 409 415
922 2 2 2 5 404 415 441
923 2 2 2 5 404 441 708
924 2 2 2 5 412 405 417
925 2 2 2 5 417 405 434
926 2 2 2 5 434 405 771
927 2 2 2 5 407 406 709
928 2 2 2 5 406 657 709
929 2 2 2 5 657 406 809
930 2 2 2 5 408 407 410
931 2 2 2 5 410 407 416
932 2 2 2 5 416 407 709
933 2 2 2 5 408 410 422
934 2 2 2 5 408 422 486
935 2 2 2 5 408 486 763
936 2 2 2 5 415 409 421
937 2 2 2 5 421 409 448
938 2 2 2 5 448 409 690
939 2 2 2 5 410 416 420
940 2 2 2 5 410 420 828
941 2 2 2 5 422 410 828
942 2 2 2 5 411 679 686
943 2 2 2 5 679 411 796
944 2 2 2 5 411 686 690
945 2 2 2 5 413 412 418
946 2 2 2 5 412 417 774
947 2 2 2 5 418 412 774
948 2 2 2 5 413 418 419
949 2 2 2 5 413 419 779
950 2 2 2 5 756 413 779
951 2 2 2 5 414 719 817
952 2 2 2 5 719 414 841
953 2 2 2 5 414 749 841
954 2 2 2 5 415 421 691
955 2 2 2 5 441 415 442
956 2 2 2 5 442 415 691
957 2 2 2 5 420 416 428
958 2 2 2 5 428 416 432
959 2 2 2 5 432 416 709
960 2 2 2 5 417 434 445
961 2 2 2 5 417 445 764
962 2 2 2 5 417 764 774
963 2 2 2 5 419 418 423
964 2 2 2 5 423 418 450
965 2 2 2 5 450 418 774
966 2 2 2 5 419 423 424
967 2 2 2 5 419 424 425
968 2 2 2 5 419 425 779
969 2 2 2 5 420 428 429
970 2 2 2 5 420 429 449
971 2 2 2 5 420 449 828
972 2 2 2 5 421 448 451
973 2 2 2 5 421 451 452
974 2 2 2 5 421 452 691
975 2 2 2 5 486 422 487
976 2 2 2 5 487 422 574
977 2 2 2 5 574 422 828
978 2 2 2 5 424 423 769
979 2 2 2 5 423 450 456
980 2 2 2 5 423 456 769
981 2 2 2 5 425 424 430
982 2 2 2 5 430 424 447
983 2 2 2 5 447 424 769
984 2 2 2 5 425 430 431
985 2 2 2 5 425 431 505
986 2 2 2 5 425 505 779
987 2 2 2 5 426 427 436
988 2 2 2 5 426 436 739
989 2 2 2 5 707 426 739
990 2 2 2 5 436 427 437
991 2 2 2 5 437 427 801
992 2 2 2 5 427 600 801
993 2 2 2 5 429 428 474
994 2 2 2 5 428 432 664
995 2 2 2 5 474 428 664
996 2 2 2 5 449 429 462
997 2 2 2 5 462 429 753
998 2 2 2 5 429 474 753
999 2 2 2 5 431 430 457
1000 2 2 2 5 430 447 746
1001 2 2 2 5 457 430 746
1002 2 2 2 5 431 457 458
1003 2 2 2 5 431 458 705
1004 2 2 2 5 505 431 705
1005 2 2 2 5 432 634 664
1006 2 2 2 5 634 432 851
1007 2 2 2 5 432 709 851
1008 2 2 2 5 674 433 844
1009 2 2 2 5 713 433 718
1010 2 2 2 5 433 713 844
1011 2 2 2 5 445 434 446
1012 2 2 2 5 446 434 536
1013 2 2 2 5 536 434 771
1014 2 2 2 5 765 435 768
1015 2 2 2 5 768 435 850
1016 2 2 2 5 435 843 850
1017 2 2 2 5 436 437 438
1018 2 2 2 5 436 438 504
1019 2 2 2 5 436 504 739
1020 2 2 2 5 438 437 439
1021 2 2 2 5 439 437 506
1022 2 2 2 5 506 437 801
1023 2 2 2 5 438 439 440
1024 2 2 2 5 438 440 791
1025 2 2 2 5 504 438 791
1026 2 2 2 5 440 439 459
1027 2 2 2 5 459 439 685
1028 2 2 2 5 439 506 685
1029 2 2 2 5 440 459 460
1030 2 2 2 5 440 460 820
1031 2 2 2 5 791 440 820
1032 2 2 2 5 441 442 443
1033 2 2 2 5 441 443 680
1034 2 2 2 5 441 680 708
1035 2 2 2 5 443 442 463
1036 2 2 2 5 463 442 833
1037 2 2 2 5 442 691 833
1038 2 2 2 5 443 463 464
1039 2 2 2 5 443 464 465
1040 2 2 2 5 443 465 680
1041 2 2 2 5 665 444 666
1042 2 2 2 5 666 444 667
1043 2 2 2 5 667 444 805
1044 2 2 2 5 445 446 453
1045 2 2 2 5 445 453 477
1046 2 2 2 5 445 477 764
1047 2 2 2 5 453 446 454
1048 2 2 2 5 454 446 777
1049 2 2 2 5 446 536 777
1050 2 2 2 5 746 447 780
1051 2 2 2 5 447 769 770
1052 2 2 2 5 447 770 780
1053 2 2 2 5 451 448 478
1054 2 2 2 5 478 448 546
1055 2 2 2 5 546 448 690
1056 2 2 2 5 449 462 492
1057 2 2 2 5 449 492 845
1058 2 2 2 5 828 449 845
1059 2 2 2 5 456 450 493
1060 2 2 2 5 493 450 784
1061 2 2 2 5 450 774 784
1062 2 2 2 5 452 451 479
1063 2 2 2 5 451 478 827
1064 2 2 2 5 479 451 827
1065 2 2 2 5 452 479 480
1066 2 2 2 5 452 480 847
1067 2 2 2 5 691 452 847
1068 2 2 2 5 453 454 475
1069 2 2 2 5 453 475 785
1070 2 2 2 5 477 453 785
1071 2 2 2 5 475 454 476
1072 2 2 2 5 476 454 503
1073 2 2 2 5 503 454 777
1074 2 2 2 5 749 455 855
1075 2 2 2 5 455 815 859
1076 2 2 2 5 855 455 859
1077 2 2 2 5 456 493 507
1078 2 2 2 5 456 507 537
1079 2 2 2 5 456 537 769
1080 2 2 2 5 458 457 483
1081 2 2 2 5 483 457 484
1082 2 2 2 5 484 457 746
1083 2 2 2 5 458 483 485
1084 2 2 2 5 458 485 603
1085 2 2 2 5 458 603 705
1086 2 2 2 5 460 459 498
1087 2 2 2 5 498 459 502
1088 2 2 2 5 502 459 685
1089 2 2 2 5 460 498 499
1090 2 2 2 5 460 499 500
1091 2 2 2 5 460 500 820
1092 2 2 2 5 461 773 788
1093 2 2 2 5 461 788 792
1094 2 2 2 5 461 792 795
1095 2 2 2 5 492 462 508
1096 2 2 2 5 508 462 509
1097 2 2 2 5 509 462 753
1098 2 2 2 5 464 463 511
1099 2 2 2 5 511 463 512
1100 2 2 2 5 512 463 833
1101 2 2 2 5 465 464 466
1102 2 2 2 5 466 464 821
1103 2 2 2 5 464 511 821
1104 2 2 2 5 465 466 467
1105 2 2 2 5 465 467 523
1106 2 2 2 5 465 523 680
1107 2 2 2 5 467 466 468
1108 2 2 2 5 468 466 513
1109 2 2 2 5 513 466 821
1110 2 2 2 5 467 468 469
1111 2 2 2 5 467 469 804
1112 2 2 2 5 523 467 804
1113 2 2 2 5 469 468 470
1114 2 2 2 5 470 468 823
1115 2 2 2 5 468 513 823
1116 2 2 2 5 469 470 471
1117 2 2 2 5 469 471 472
1118 2 2 2 5 469 472 804
1119 2 2 2 5 471 470 473
1120 2 2 2 5 473 470 515
1121 2 2 2 5 515 470 823
1122 2 2 2 5 472 471 810
1123 2 2 2 5 471 473 481
1124 2 2 2 5 471 481 810
1125 2 2 2 5 804 472 854
1126 2 2 2 5 472 810 853
1127 2 2 2 5 472 853 854
1128 2 2 2 5 481 473 482
1129 2 2 2 5 482 473 797
1130 2 2 2 5 473 515 797
1131 2 2 2 5 633 474 664
1132 2 2 2 5 474 633 684
1133 2 2 2 5 474 684 753
1134 2 2 2 5 475 476 495
1135 2 2 2 5 475 495 519
1136 2 2 2 5 475 519 785
1137 2 2 2 5 495 476 528
1138 2 2 2 5 476 503 683
1139 2 2 2 5 528 476 683
1140 2 2 2 5 764 477 811
1141 2 2 2 5 477 785 787
1142 2 2 2 5 477 787 811
1143 2 2 2 5 478 546 547
1144 2 2 2 5 478 547 571
1145 2 2 2 5 478 571 827
1146 2 2 2 5 480 479 491
1147 2 2 2 5 491 479 510
1148 2 2 2 5 510 479 827
1149 2 2 2 5 480 491 514
1150 2 2 2 5 480 514 570
1151 2 2 2 5 480 570 847
1152 2 2 2 5 481 482 496
1153 2 2 2 5 481 496 522
1154 2 2 2 5 481 522 810
1155 2 2 2 5 496 482 497
1156 2 2 2 5 497 482 516
1157 2 2 2 5 516 482 797
1158 2 2 2 5 483 484 520
1159 2 2 2 5 485 483 702
1160 2 2 2 5 483 520 702
1161 2 2 2 5 520 484 521
1162 2 2 2 5 521 484 540
1163 2 2 2 5 540 484 746
1164 2 2 2 5 603 485 837
1165 2 2 2 5 485 702 830
1166 2 2 2 5 485 830 837
1167 2 2 2 5 486 487 595
1168 2 2 2 5 486 595 596
1169 2 2 2 5 486 596 763
1170 2 2 2 5 487 574 663
1171 2 2 2 5 595 487 813
1172 2 2 2 5 487 663 813
1173 2 2 2 5 488 697 706
1174 2 2 2 5 488 706 794
1175 2 2 2 5 771 488 794
1176 2 2 2 5 648 489 812
1177 2 2 2 5 489 648 831
1178 2 2 2 5 819 489 831
1179 2 2 2 5 673 490 834
1180 2 2 2 5 490 673 843
1181 2 2 2 5 490 712 834
1182 2 2 2 5 491 510 641
1183 2 2 2 5 514 491 518
1184 2 2 2 5 518 491 641
1185 2 2 2 5 492 508 584
1186 2 2 2 5 492 584 601
1187 2 2 2 5 492 601 845
1188 2 2 2 5 507 493 585
1189 2 2 2 5 585 493 586
1190 2 2 2 5 586 493 784
1191 2 2 2 5 631 494 761
1192 2 2 2 5 494 631 860
1193 2 2 2 5 815 494 860
1194 2 2 2 5 519 495 871
1195 2 2 2 5 495 528 529
1196 2 2 2 5 495 529 871
1197 2 2 2 5 496 497 569
1198 2 2 2 5 522 496 656
1199 2 2 2 5 496 569 656
1200 2 2 2 5 497 516 517
1201 2 2 2 5 497 517 852
1202 2 2 2 5 569 497 852
1203 2 2 2 5 499 498 807
1204 2 2 2 5 498 502 524
1205 2 2 2 5 498 524 807
1206 2 2 2 5 500 499 501
1207 2 2 2 5 501 499 526
1208 2 2 2 5 526 499 807
1209 2 2 2 5 500 501 532
1210 2 2 2 5 500 532 533
1211 2 2 2 5 500 533 820
1212 2 2 2 5 501 526 527
1213 2 2 2 5 501 527 832
1214 2 2 2 5 532 501 832
1215 2 2 2 5 524 502 525
1216 2 2 2 5 525 502 572
1217 2 2 2 5 572 502 685
1218 2 2 2 5 683 503 692
1219 2 2 2 5 692 503 693
1220 2 2 2 5 693 503 777
1221 2 2 2 5 739 504 740
1222 2 2 2 5 740 504 818
1223 2 2 2 5 504 791 818
1224 2 2 2 5 505 705 814
1225 2 2 2 5 779 505 798
1226 2 2 2 5 798 505 814
1227 2 2 2 5 685 506 838
1228 2 2 2 5 506 801 829
1229 2 2 2 5 506 829 838
1230 2 2 2 5 537 507 538
1231 2 2 2 5 538 507 758
1232 2 2 2 5 507 585 758
1233 2 2 2 5 508 509 587
1234 2 2 2 5 584 508 776
1235 2 2 2 5 508 587 776
1236 2 2 2 5 587 509 588
1237 2 2 2 5 588 509 589
1238 2 2 2 5 589 509 753
1239 2 2 2 5 641 510 644
1240 2 2 2 5 644 510 849
1241 2 2 2 5 510 827 849
1242 2 2 2 5 511 512 579
1243 2 2 2 5 511 579 605
1244 2 2 2 5 511 605 821
1245 2 2 2 5 579 512 581
1246 2 2 2 5 581 512 839
1247 2 2 2 5 512 833 839
1248 2 2 2 5 513 821 895
1249 2 2 2 5 823 513 886
1250 2 2 2 5 886 513 895
1251 2 2 2 5 514 518 646
1252 2 2 2 5 570 514 580
1253 2 2 2 5 580 514 646
1254 2 2 2 5 797 515 878
1255 2 2 2 5 515 823 887
1256 2 2 2 5 878 515 887
1257 2 2 2 5 517 516 611
1258 2 2 2 5 611 516 614
1259 2 2 2 5 614 516 797
1260 2 2 2 5 517 611 612
1261 2 2 2 5 517 612 613
1262 2 2 2 5 517 613 852
1263 2 2 2 5 518 641 642
1264 2 2 2 5 518 642 643
1265 2 2 2 5 518 643 646
1266 2 2 2 5 785 519 872
1267 2 2 2 5 519 871 922
1268 2 2 2 5 872 519 922
1269 2 2 2 5 520 521 636
1270 2 2 2 5 520 636 637
1271 2 2 2 5 520 637 702
1272 2 2 2 5 521 540 541
1273 2 2 2 5 521 541 747
1274 2 2 2 5 636 521 747
1275 2 2 2 5 522 656 658
1276 2 2 2 5 522 658 659
1277 2 2 2 5 522 659 810
1278 2 2 2 5 680 523 681
1279 2 2 2 5 681 523 682
1280 2 2 2 5 682 523 804
1281 2 2 2 5 524 525 640
1282 2 2 2 5 524 640 645
1283 2 2 2 5 524 645 807
1284 2 2 2 5 525 572 573
1285 2 2 2 5 525 573 723
1286 2 2 2 5 640 525 723
1287 2 2 2 5 527 526 652
1288 2 2 2 5 652 526 675
1289 2 2 2 5 675 526 807
1290 2 2 2 5 527 652 653
1291 2 2 2 5 527 653 654
1292 2 2 2 5 527 654 832
1293 2 2 2 5 529 528 530
1294 2 2 2 5 530 528 813
1295 2 2 2 5 528 683 813
1296 2 2 2 5 529 530 582
1297 2 2 2 5 529 582 625
1298 2 2 2 5 529 625 871
1299 2 2 2 5 582 530 583
1300 2 2 2 5 583 530 663
1301 2 2 2 5 663 530 813
1302 2 2 2 5 531 674 857
1303 2 2 2 5 793 531 822
1304 2 2 2 5 822 531 857
1305 2 2 2 5 533 532 599
1306 2 2 2 5 599 532 713
1307 2 2 2 5 713 532 832
1308 2 2 2 5 533 599 694
1309 2 2 2 5 533 694 695
1310 2 2 2 5 533 695 820
1311 2 2 2 5 741 534 762
1312 2 2 2 5 534 741 788
1313 2 2 2 5 773 534 788
1314 2 2 2 5 535 706 778
1315 2 2 2 5 706 535 816
1316 2 2 2 5 535 799 816
1317 2 2 2 5 536 771 794
1318 2 2 2 5 777 536 802
1319 2 2 2 5 536 794 802
1320 2 2 2 5 537 538 539
1321 2 2 2 5 537 539 770
1322 2 2 2 5 769 537 770
1323 2 2 2 5 539 538 621
1324 2 2 2 5 621 538 622
1325 2 2 2 5 622 538 758
1326 2 2 2 5 539 621 781
1327 2 2 2 5 770 539 783
1328 2 2 2 5 539 781 783
1329 2 2 2 5 541 540 542
1330 2 2 2 5 542 540 780
1331 2 2 2 5 540 746 780
1332 2 2 2 5 541 542 543
1333 2 2 2 5 541 543 635
1334 2 2 2 5 541 635 747
1335 2 2 2 5 543 542 545
1336 2 2 2 5 545 542 783
1337 2 2 2 5 542 780 783
1338 2 2 2 5 543 545 607
1339 2 2 2 5 543 607 717
1340 2 2 2 5 635 543 717
1341 2 2 2 5 544 665 672
1342 2 2 2 5 544 672 834
1343 2 2 2 5 808 544 834
1344 2 2 2 5 607 545 609
1345 2 2 2 5 609 545 781
1346 2 2 2 5 781 545 783
1347 2 2 2 5 547 546 548
1348 2 2 2 5 548 546 686
1349 2 2 2 5 686 546 690
1350 2 2 2 5 547 548 549
1351 2 2 2 5 547 549 710
1352 2 2 2 5 571 547 710
1353 2 2 2 5 549 548 550
1354 2 2 2 5 550 548 551
1355 2 2 2 5 551 548 686
1356 2 2 2 5 549 550 608
1357 2 2 2 5 549 608 618
1358 2 2 2 5 549 618 710
1359 2 2 2 5 550 551 552
1360 2 2 2 5 550 552 803
1361 2 2 2 5 608 550 803
1362 2 2 2 5 552 551 553
1363 2 2 2 5 553 551 679
1364 2 2 2 5 679 551 686
1365 2 2 2 5 552 553 554
1366 2 2 2 5 552 554 555
1367 2 2 2 5 552 555 803
1368 2 2 2 5 554 553 698
1369 2 2 2 5 553 679 826
1370 2 2 2 5 698 553 826
1371 2 2 2 5 555 554 556
1372 2 2 2 5 556 554 557
1373 2 2 2 5 557 554 698
1374 2 2 2 5 555 556 660
1375 2 2 2 5 555 660 661
1376 2 2 2 5 555 661 803
1377 2 2 2 5 556 557 558
1378 2 2 2 5 556 558 559
1379 2 2 2 5 556 559 660
1380 2 2 2 5 558 557 561
1381 2 2 2 5 561 557 594
1382 2 2 2 5 594 557 698
1383 2 2 2 5 559 558 560
1384 2 2 2 5 560 558 840
1385 2 2 2 5 558 561 840
1386 2 2 2 5 559 560 562
1387 2 2 2 5 559 562 578
1388 2 2 2 5 559 578 660
1389 2 2 2 5 562 560 563
1390 2 2 2 5 563 560 564
1391 2 2 2 5 564 560 840
1392 2 2 2 5 561 594 597
1393 2 2 2 5 561 597 598
1394 2 2 2 5 561 598 840
1395 2 2 2 5 562 563 861
1396 2 2 2 5 578 562 626
1397 2 2 2 5 626 562 861
1398 2 2 2 5 563 564 565
1399 2 2 2 5 563 565 566
1400 2 2 2 5 563 566 861
1401 2 2 2 5 565 564 721
1402 2 2 2 5 721 564 856
1403 2 2 2 5 564 840 856
1404 2 2 2 5 566 565 567
1405 2 2 2 5 567 565 568
1406 2 2 2 5 568 565 721
1407 2 2 2 5 566 567 873
1408 2 2 2 5 861 566 923
1409 2 2 2 5 566 873 923
1410 2 2 2 5 567 568 575
1411 2 2 2 5 567 575 576
1412 2 2 2 5 567 576 873
1413 2 2 2 5 575 568 719
1414 2 2 2 5 719 568 720
1415 2 2 2 5 720 568 721
1416 2 2 2 5 656 569 657
1417 2 2 2 5 657 569 851
1418 2 2 2 5 851 569 852
1419 2 2 2 5 570 580 846
1420 2 2 2 5 839 570 846
1421 2 2 2 5 570 839 847
1422 2 2 2 5 571 710 711
1423 2 2 2 5 571 711 849
1424 2 2 2 5 827 571 849
1425 2 2 2 5 573 572 837
1426 2 2 2 5 572 685 838
1427 2 2 2 5 837 572 838
1428 2 2 2 5 723 573 835
1429 2 2 2 5 573 830 835
1430 2 2 2 5 830 573 837
1431 2 2 2 5 663 574 842
1432 2 2 2 5 574 828 845
1433 2 2 2 5 842 574 845
1434 2 2 2 5 576 575 577
1435 2 2 2 5 577 575 841
1436 2 2 2 5 575 719 841
1437 2 2 2 5 576 577 591
1438 2 2 2 5 576 591 593
1439 2 2 2 5 576 593 873
1440 2 2 2 5 591 577 592
1441 2 2 2 5 592 577 855
1442 2 2 2 5 577 841 855
1443 2 2 2 5 578 626 905
1444 2 2 2 5 660 578 662
1445 2 2 2 5 662 578 905
1446 2 2 2 5 579 581 610
1447 2 2 2 5 605 579 894
1448 2 2 2 5 579 610 894
1449 2 2 2 5 580 646 882
1450 2 2 2 5 846 580 881
1451 2 2 2 5 881 580 882
1452 2 2 2 5 610 581 877
1453 2 2 2 5 581 839 846
1454 2 2 2 5 581 846 877
1455 2 2 2 5 582 583 627
1456 2 2 2 5 625 582 687
1457 2 2 2 5 582 627 687
1458 2 2 2 5 627 583 848
1459 2 2 2 5 583 663 842
1460 2 2 2 5 583 842 848
1461 2 2 2 5 601 584 602
1462 2 2 2 5 602 584 902
1463 2 2 2 5 584 776 902
1464 2 2 2 5 585 586 619
1465 2 2 2 5 585 619 904
1466 2 2 2 5 758 585 904
1467 2 2 2 5 619 586 620
1468 2 2 2 5 620 586 811
1469 2 2 2 5 586 784 811
1470 2 2 2 5 587 588 650
1471 2 2 2 5 587 650 900
1472 2 2 2 5 776 587 900
1473 2 2 2 5 588 589 590
1474 2 2 2 5 588 590 606
1475 2 2 2 5 588 606 650
1476 2 2 2 5 590 589 604
1477 2 2 2 5 604 589 684
1478 2 2 2 5 684 589 753
1479 2 2 2 5 590 604 884
1480 2 2 2 5 606 590 885
1481 2 2 2 5 590 884 885
1482 2 2 2 5 591 592 623
1483 2 2 2 5 593 591 880
1484 2 2 2 5 591 623 880
1485 2 2 2 5 623 592 624
1486 2 2 2 5 624 592 859
1487 2 2 2 5 592 855 859
1488 2 2 2 5 734 593 789
1489 2 2 2 5 593 734 873
1490 2 2 2 5 593 745 789
1491 2 2 2 5 745 593 880
1492 2 2 2 5 597 594 647
1493 2 2 2 5 647 594 677
1494 2 2 2 5 677 594 698
1495 2 2 2 5 596 595 692
1496 2 2 2 5 595 683 692
1497 2 2 2 5 683 595 813
1498 2 2 2 5 596 692 750
1499 2 2 2 5 701 596 750
1500 2 2 2 5 596 701 763
1501 2 2 2 5 598 597 648
1502 2 2 2 5 597 647 831
1503 2 2 2 5 648 597 831
1504 2 2 2 5 598 648 752
1505 2 2 2 5 598 752 856
1506 2 2 2 5 840 598 856
1507 2 2 2 5 694 599 782
1508 2 2 2 5 599 713 718
1509 2 2 2 5 599 718 782
1510 2 2 2 5 600 790 798
1511 2 2 2 5 600 798 814
1512 2 2 2 5 801 600 814
1513 2 2 2 5 601 602 848
1514 2 2 2 5 601 842 845
1515 2 2 2 5 842 601 848
1516 2 2 2 5 689 602 704
1517 2 2 2 5 602 689 848
1518 2 2 2 5 704 602 902
1519 2 2 2 5 705 603 829
1520 2 2 2 5 829 603 838
1521 2 2 2 5 603 837 838
1522 2 2 2 5 638 604 684
1523 2 2 2 5 604 638 876
1524 2 2 2 5 604 876 884
1525 2 2 2 5 821 605 895
1526 2 2 2 5 875 605 894
1527 2 2 2 5 605 875 895
1528 2 2 2 5 650 606 651
1529 2 2 2 5 651 606 898
1530 2 2 2 5 606 885 898
1531 2 2 2 5 607 609 911
1532 2 2 2 5 607 715 717
1533 2 2 2 5 715 607 911
1534 2 2 2 5 618 608 910
1535 2 2 2 5 744 608 803
1536 2 2 2 5 608 744 910
1537 2 2 2 5 760 609 908
1538 2 2 2 5 609 760 911
1539 2 2 2 5 609 781 908
1540 2 2 2 5 874 610 891
1541 2 2 2 5 610 874 894
1542 2 2 2 5 610 877 891
1543 2 2 2 5 612 611 890
1544 2 2 2 5 611 614 888
1545 2 2 2 5 611 888 890
1546 2 2 2 5 613 612 615
1547 2 2 2 5 615 612 889
1548 2 2 2 5 889 612 890
1549 2 2 2 5 613 615 616
1550 2 2 2 5 613 616 634
1551 2 2 2 5 613 634 852
1552 2 2 2 5 614 797 878
1553 2 2 2 5 614 878 892
1554 2 2 2 5 888 614 892
1555 2 2 2 5 616 615 617
1556 2 2 2 5 617 615 893
1557 2 2 2 5 615 889 893
1558 2 2 2 5 616 617 633
1559 2 2 2 5 616 633 664
1560 2 2 2 5 634 616 664
1561 2 2 2 5 633 617 638
1562 2 2 2 5 638 617 639
1563 2 2 2 5 639 617 893
1564 2 2 2 5 710 618 912
1565 2 2 2 5 735 618 910
1566 2 2 2 5 618 735 912
1567 2 2 2 5 619 620 920
1568 2 2 2 5 619 731 904
1569 2 2 2 5 731 619 920
1570 2 2 2 5 787 620 811
1571 2 2 2 5 620 787 924
1572 2 2 2 5 620 862 920
1573 2 2 2 5 862 620 924
1574 2 2 2 5 621 622 868
1575 2 2 2 5 781 621 908
1576 2 2 2 5 622 758 899
1577 2 2 2 5 868 622 899
1578 2 2 2 5 623 624 628
1579 2 2 2 5 628 624 629
1580 2 2 2 5 629 624 860
1581 2 2 2 5 624 859 860
1582 2 2 2 5 625 688 871
1583 2 2 2 5 626 861 919
1584 2 2 2 5 689 627 848
1585 2 2 2 5 630 629 631
1586 2 2 2 5 631 629 860
1587 2 2 2 5 630 631 632
1588 2 2 2 5 632 631 761
1589 2 2 2 5 633 638 684
1590 2 2 2 5 634 851 852
1591 2 2 2 5 635 742 747
1592 2 2 2 5 637 636 649
1593 2 2 2 5 637 649 824
1594 2 2 2 5 702 637 703
1595 2 2 2 5 703 637 824
1596 2 2 2 5 638 639 876
1597 2 2 2 5 876 639 896
1598 2 2 2 5 879 639 893
1599 2 2 2 5 639 879 896
1600 2 2 2 5 645 640 724
1601 2 2 2 5 642 641 901
1602 2 2 2 5 641 644 901
1603 2 2 2 5 643 642 870
1604 2 2 2 5 700 642 901
1605 2 2 2 5 646 643 883
1606 2 2 2 5 643 870 921
1607 2 2 2 5 883 643 921
1608 2 2 2 5 737 644 903
1609 2 2 2 5 644 849 903
1610 2 2 2 5 645 675 807
1611 2 2 2 5 882 646 883
1612 2 2 2 5 647 678 831
1613 2 2 2 5 752 648 812
1614 2 2 2 5 652 675 757
1615 2 2 2 5 654 653 655
1616 2 2 2 5 655 653 725
1617 2 2 2 5 654 655 857
1618 2 2 2 5 832 654 844
1619 2 2 2 5 844 654 857
1620 2 2 2 5 655 822 857
1621 2 2 2 5 656 657 809
1622 2 2 2 5 658 656 809
1623 2 2 2 5 709 657 851
1624 2 2 2 5 659 658 766
1625 2 2 2 5 659 766 767
1626 2 2 2 5 659 767 853
1627 2 2 2 5 810 659 853
1628 2 2 2 5 661 660 662
1629 2 2 2 5 661 662 897
1630 2 2 2 5 661 744 803
1631 2 2 2 5 744 661 897
1632 2 2 2 5 738 662 905
1633 2 2 2 5 665 666 672
1634 2 2 2 5 666 667 668
1635 2 2 2 5 666 668 670
1636 2 2 2 5 666 670 672
1637 2 2 2 5 668 667 669
1638 2 2 2 5 669 667 806
1639 2 2 2 5 667 805 806
1640 2 2 2 5 668 669 800
1641 2 2 2 5 670 668 671
1642 2 2 2 5 671 668 800
1643 2 2 2 5 682 669 806
1644 2 2 2 5 669 682 854
1645 2 2 2 5 800 669 854
1646 2 2 2 5 670 671 850
1647 2 2 2 5 672 670 673
1648 2 2 2 5 673 670 850
1649 2 2 2 5 671 767 768
1650 2 2 2 5 767 671 800
1651 2 2 2 5 671 768 850
1652 2 2 2 5 672 673 834
1653 2 2 2 5 843 673 850
1654 2 2 2 5 674 844 857
1655 2 2 2 5 676 677 826
1656 2 2 2 5 796 676 826
1657 2 2 2 5 677 698 826
1658 2 2 2 5 678 819 831
1659 2 2 2 5 679 796 826
1660 2 2 2 5 680 681 708
1661 2 2 2 5 681 682 806
1662 2 2 2 5 682 804 854
1663 2 2 2 5 688 866 869
1664 2 2 2 5 688 869 922
1665 2 2 2 5 871 688 922
1666 2 2 2 5 689 704 918
1667 2 2 2 5 833 691 847
1668 2 2 2 5 692 693 750
1669 2 2 2 5 750 693 751
1670 2 2 2 5 751 693 802
1671 2 2 2 5 693 777 802
1672 2 2 2 5 695 694 696
1673 2 2 2 5 695 696 818
1674 2 2 2 5 791 695 818
1675 2 2 2 5 695 791 820
1676 2 2 2 5 792 696 795
1677 2 2 2 5 696 792 818
1678 2 2 2 5 706 697 778
1679 2 2 2 5 716 699 793
1680 2 2 2 5 702 703 830
1681 2 2 2 5 830 703 835
1682 2 2 2 5 814 705 829
1683 2 2 2 5 794 706 816
1684 2 2 2 5 707 739 741
1685 2 2 2 5 707 741 762
1686 2 2 2 5 711 710 912
1687 2 2 2 5 849 711 903
1688 2 2 2 5 903 711 925
1689 2 2 2 5 711 912 925
1690 2 2 2 5 712 808 834
1691 2 2 2 5 713 832 844
1692 2 2 2 5 715 714 717
1693 2 2 2 5 716 793 822
1694 2 2 2 5 719 720 817
1695 2 2 2 5 720 721 858
1696 2 2 2 5 817 720 825
1697 2 2 2 5 825 720 858
1698 2 2 2 5 721 856 858
1699 2 2 2 5 722 723 835
1700 2 2 2 5 726 889 890
1701 2 2 2 5 728 727 730
1702 2 2 2 5 729 728 886
1703 2 2 2 5 728 730 887
1704 2 2 2 5 886 728 887
1705 2 2 2 5 836 729 875
1706 2 2 2 5 875 729 895
1707 2 2 2 5 729 886 895
1708 2 2 2 5 730 878 887
1709 2 2 2 5 878 730 892
1710 2 2 2 5 733 732 919
1711 2 2 2 5 734 733 923
1712 2 2 2 5 861 733 919
1713 2 2 2 5 733 861 923
1714 2 2 2 5 873 734 923
1715 2 2 2 5 736 737 903
1716 2 2 2 5 736 903 925
1717 2 2 2 5 739 740 741
1718 2 2 2 5 741 740 788
1719 2 2 2 5 788 740 792
1720 2 2 2 5 792 740 818
1721 2 2 2 5 743 744 897
1722 2 2 2 5 748 888 892
1723 2 2 2 5 841 749 855
1724 2 2 2 5 799 751 816
1725 2 2 2 5 751 802 816
1726 2 2 2 5 856 752 858
1727 2 2 2 5 755 754 862
1728 2 2 2 5 755 862 924
1729 2 2 2 5 869 755 872
1730 2 2 2 5 872 755 924
1731 2 2 2 5 756 779 798
1732 2 2 2 5 790 756 798
1733 2 2 2 5 884 759 885
1734 2 2 2 5 774 764 784
1735 2 2 2 5 784 764 811
1736 2 2 2 5 766 765 768
1737 2 2 2 5 767 766 768
1738 2 2 2 5 767 800 853
1739 2 2 2 5 780 770 783
1740 2 2 2 5 772 883 921
1741 2 2 2 5 775 776 900
1742 2 2 2 5 787 785 872
1743 2 2 2 5 786 881 882
1744 2 2 2 5 787 872 924
1745 2 2 2 5 802 794 816
1746 2 2 2 5 853 800 854
1747 2 2 2 5 801 814 829
1748 2 2 2 5 859 815 860
1749 2 2 2 5 823 886 887
1750 2 2 2 5 839 833 847
1751 2 2 2 5 877 846 881
1752 2 2 2 5 869 872 922
1753 2 2 2 6 1 1552 10
1754 2 2 2 6 128 1552 1
1755 2 2 2 6 32 1550 3
1756 2 2 2 6 3 1550 174
1757 2 2 2 6 58 1551 5
1758 2 2 2 6 5 1551 150
1759 2 2 2 6 7 1549 80
1760 2 2 2 6 196 1549 7
1761 2 2 2 6 10 1501 11
1762 2 2 2 6 10 1552 1501
1763 2 2 2 6 11 960 12
1764 2 2 2 6 11 1501 960
1765 2 2 2 6 12 1385 13
1766 2 2 2 6 960 1385 12
1767 2 2 2 6 13 944 14
1768 2 2 2 6 13 1385 944
1769 2 2 2 6 14 1388 15
1770 2 2 2 6 944 1388 14
1771 2 2 2 6 15 1395 16
1772 2 2 2 6 1388 1395 15
1773 2 2 2 6 16 935 17
1774 2 2 2 6 16 1395 935
1775 2 2 2 6 17 1355 18
1776 2 2 2 6 935 1355 17
1777 2 2 2 6 18 949 19
1778 2 2 2 6 18 1355 949
1779 2 2 2 6 19 1371 20
1780 2 2 2 6 949 1371 19
1781 2 2 2 6 20 927 21
1782 2 2 2 6 20 1371 927
1783 2 2 2 6 21 1537 22
1784 2 2 2 6 927 1537 21
1785 2 2 2 6 22 954 23
1786 2 2 2 6 22 1537 954
1787 2 2 2 6 23 1543 24
1788 2 2 2 6 954 1543 23
1789 2 2 2 6 24 930 25
1790 2 2 2 6 24 1543 930
1791 2 2 2 6 25 1404 26
1792 2 2 2 6 930 1404 25
1793 2 2 2 6 26 1345 27
1794 2 2 2 6 26 1404 1345
1795 2 2 2 6 27 941 28
1796 2 2 2 6 27 1345 941
1797 2 2 2 6 28 1545 29
1798 2 2 2 6 941 1545 28
1799 2 2 2 6 29 956 30
1800 2 2 2 6 29 1545 956
1801 2 2 2 6 30 1541 31
1802 2 2 2 6 956 1541 30
1803 2 2 2 6 31 962 32
1804 2 2 2 6 31 1541 962
1805 2 2 2 6 962 1550 32
1806 2 2 2 6 59 1352 58
1807 2 2 2 6 1352 1551 58
1808 2 2 2 6 60 961 59
1809 2 2 2 6 961 1352 59
1810 2 2 2 6 61 1391 60
1811 2 2 2 6 60 1391 961
1812 2 2 2 6 62 945 61
1813 2 2 2 6 945 1391 61
1814 2 2 2 6 63 1535 62
1815 2 2 2 6 62 1535 945
1816 2 2 2 6 64 1499 63
1817 2 2 2 6 1499 1535 63
1818 2 2 2 6 65 934 64
1819 2 2 2 6 934 1499 64
1820 2 2 2 6 66 1356 65
1821 2 2 2 6 65 1356 934
1822 2 2 2 6 67 953 66
1823 2 2 2 6 953 1356 66
1824 2 2 2 6 68 1378 67
1825 2 2 2 6 67 1378 953
1826 2 2 2 6 69 928 68
1827 2 2 2 6 928 1378 68
1828 2 2 2 6 70 1357 69
1829 2 2 2 6 69 1357 928
1830 2 2 2 6 71 947 70
1831 2 2 2 6 947 1357 70
1832 2 2 2 6 72 1542 71
1833 2 2 2 6 71 1542 947
1834 2 2 2 6 73 931 72
1835 2 2 2 6 931 1542 72
1836 2 2 2 6 74 1358 73
1837 2 2 2 6 73 1358 931
1838 2 2 2 6 75 1346 74
1839 2 2 2 6 1346 1358 74
1840 2 2 2 6 76 939 75
1841 2 2 2 6 939 1346 75
1842 2 2 2 6 77 1539 76
1843 2 2 2 6 76 1539 939
1844 2 2 2 6 78 957 77
1845 2 2 2 6 957 1539 77
1846 2 2 2 6 79 1546 78
1847 2 2 2 6 78 1546 957
1848 2 2 2 6 80 964 79
1849 2 2 2 6 964 1546 79
1850 2 2 2 6 80 1549 964
1851 2 2 2 6 129 963 128
1852 2 2 2 6 963 1552 128
1853 2 2 2 6 130 1376 129
1854 2 2 2 6 129 1376 963
1855 2 2 2 6 131 951 130
1856 2 2 2 6 951 1376 130
1857 2 2 2 6 132 1379 131
1858 2 2 2 6 131 1379 951
1859 2 2 2 6 133 940 132
1860 2 2 2 6 940 1379 132
1861 2 2 2 6 134 1359 133
1862 2 2 2 6 133 1359 940
1863 2 2 2 6 135 1393 134
1864 2 2 2 6 134 1393 1359
1865 2 2 2 6 136 932 135
1866 2 2 2 6 932 1393 135
1867 2 2 2 6 137 1360 136
1868 2 2 2 6 136 1360 932
1869 2 2 2 6 138 946 137
1870 2 2 2 6 946 1360 137
1871 2 2 2 6 139 1353 138
1872 2 2 2 6 138 1353 946
1873 2 2 2 6 140 929 139
1874 2 2 2 6 929 1353 139
1875 2 2 2 6 141 1386 140
1876 2 2 2 6 140 1386 929
1877 2 2 2 6 142 950 141
1878 2 2 2 6 950 1386 141
1879 2 2 2 6 143 1361 142
1880 2 2 2 6 142 1361 950
1881 2 2 2 6 144 937 143
1882 2 2 2 6 937 1361 143
1883 2 2 2 6 145 1362 144
1884 2 2 2 6 144 1362 937
1885 2 2 2 6 146 1363 145
1886 2 2 2 6 145 1363 1362
1887 2 2 2 6 147 942 146
1888 2 2 2 6 942 1363 146
1889 2 2 2 6 148 1347 147
1890 2 2 2 6 147 1347 942
1891 2 2 2 6 149 958 148
1892 2 2 2 6 958 1347 148
1893 2 2 2 6 150 1502 149
1894 2 2 2 6 149 1502 958
1895 2 2 2 6 150 1551 1502
1896 2 2 2 6 174 1500 175
1897 2 2 2 6 174 1550 1500
1898 2 2 2 6 175 1476 176
1899 2 2 2 6 175 1500 1476
1900 2 2 2 6 176 948 177
1901 2 2 2 6 176 1476 948
1902 2 2 2 6 177 1365 178
1903 2 2 2 6 948 1365 177
1904 2 2 2 6 178 938 179
1905 2 2 2 6 178 1365 938
1906 2 2 2 6 179 1370 180
1907 2 2 2 6 938 1370 179
1908 2 2 2 6 180 1461 181
1909 2 2 2 6 1370 1461 180
1910 2 2 2 6 181 933 182
1911 2 2 2 6 181 1461 933
1912 2 2 2 6 182 1367 183
1913 2 2 2 6 933 1367 182
1914 2 2 2 6 183 952 184
1915 2 2 2 6 183 1367 952
1916 2 2 2 6 184 1436 185
1917 2 2 2 6 952 1436 184
1918 2 2 2 6 185 926 186
1919 2 2 2 6 185 1436 926
1920 2 2 2 6 186 1447 187
1921 2 2 2 6 926 1447 186
1922 2 2 2 6 187 955 188
1923 2 2 2 6 187 1447 955
1924 2 2 2 6 188 1369 189
1925 2 2 2 6 955 1369 188
1926 2 2 2 6 189 936 190
1927 2 2 2 6 189 1369 936
1928 2 2 2 6 190 1402 191
1929 2 2 2 6 936 1402 190
1930 2 2 2 6 191 1398 192
1931 2 2 2 6 191 1402 1398
1932 2 2 2 6 192 943 193
1933 2 2 2 6 192 1398 943
1934 2 2 2 6 193 965 194
1935 2 2 2 6 943 965 193
1936 2 2 2 6 194 959 195
1937 2 2 2 6 194 965 959
1938 2 2 2 6 195 1503 196
1939 2 2 2 6 959 1503 195
1940 2 2 2 6 1503 1549 196
1941 2 2 2 6 926 1435 1276
1942 2 2 2 6 1276 1447 926
1943 2 2 2 6 926 1436 1435
1944 2 2 2 6 1371 1372 927
1945 2 2 2 6 1372 1532 927
1946 2 2 2 6 1532 1537 927
1947 2 2 2 6 928 1357 1255
1948 2 2 2 6 1255 1529 928
1949 2 2 2 6 928 1529 1378
1950 2 2 2 6 929 1521 1353
1951 2 2 2 6 1386 1520 929
1952 2 2 2 6 1520 1521 929
1953 2 2 2 6 930 1295 1293
1954 2 2 2 6 1293 1534 930
1955 2 2 2 6 930 1543 1295
1956 2 2 2 6 930 1534 1404
1957 2 2 2 6 1340 1341 931
1958 2 2 2 6 931 1533 1340
1959 2 2 2 6 1341 1542 931
1960 2 2 2 6 1358 1533 931
1961 2 2 2 6 1360 1525 932
1962 2 2 2 6 932 1526 1393
1963 2 2 2 6 1525 1526 932
1964 2 2 2 6 933 1368 1367
1965 2 2 2 6 933 1484 1368
1966 2 2 2 6 1461 1484 933
1967 2 2 2 6 1356 1544 934
1968 2 2 2 6 934 1558 1499
1969 2 2 2 6 1544 1558 934
1970 2 2 2 6 935 1553 1355
1971 2 2 2 6 1395 1498 935
1972 2 2 2 6 1498 1553 935
1973 2 2 2 6 936 1369 1302
1974 2 2 2 6 1302 1478 936
1975 2 2 2 6 936 1478 1402
1976 2 2 2 6 937 1517 1361
1977 2 2 2 6 1362 1515 937
1978 2 2 2 6 1515 1517 937
1979 2 2 2 6 1365 1366 938
1980 2 2 2 6 1366 1473 938
1981 2 2 2 6 938 1473 1370
1982 2 2 2 6 939 1262 1256
1983 2 2 2 6 1256 1509 939
1984 2 2 2 6 939 1539 1262
1985 2 2 2 6 939 1509 1346
1986 2 2 2 6 1359 1514 940
1987 2 2 2 6 940 1513 1379
1988 2 2 2 6 940 1514 1513
1989 2 2 2 6 1258 1266 941
1990 2 2 2 6 941 1510 1258
1991 2 2 2 6 1266 1545 941
1992 2 2 2 6 1345 1510 941
1993 2 2 2 6 1347 1527 942
1994 2 2 2 6 942 1364 1363
1995 2 2 2 6 942 1527 1364
1996 2 2 2 6 943 966 965
1997 2 2 2 6 943 967 966
1998 2 2 2 6 943 1398 967
1999 2 2 2 6 1385 1531 944
2000 2 2 2 6 944 1389 1388
2001 2 2 2 6 944 1531 1389
2002 2 2 2 6 945 1530 1391
2003 2 2 2 6 945 1557 1530
2004 2 2 2 6 1535 1557 945
2005 2 2 2 6 1353 1523 946
2006 2 2 2 6 946 1524 1360
2007 2 2 2 6 1523 1524 946
2008 2 2 2 6 1341 1434 947
2009 2 2 2 6 947 1542 1341
2010 2 2 2 6 947 1536 1357
2011 2 2 2 6 1434 1536 947
2012 2 2 2 6 948 1480 1365
2013 2 2 2 6 1476 1481 948
2014 2 2 2 6 948 1481 1480
2015 2 2 2 6 1355 1540 949
2016 2 2 2 6 949 1373 1371
2017 2 2 2 6 949 1540 1373
2018 2 2 2 6 1361 1518 950
2019 2 2 2 6 950 1519 1386
2020 2 2 2 6 1518 1519 950
2021 2 2 2 6 951 1511 1376
2022 2 2 2 6 1379 1512 951
2023 2 2 2 6 951 1512 1511
2024 2 2 2 6 1331 1436 952
2025 2 2 2 6 952 1446 1331
2026 2 2 2 6 1367 1446 952
2027 2 2 2 6 953 1378 1287
2028 2 2 2 6 1287 1538 953
2029 2 2 2 6 953 1538 1356
2030 2 2 2 6 954 1296 1295
2031 2 2 2 6 1295 1543 954
2032 2 2 2 6 954 1297 1296
2033 2 2 2 6 954 1537 1297
2034 2 2 2 6 1274 1369 955
2035 2 2 2 6 955 1459 1274
2036 2 2 2 6 1447 1459 955
2037 2 2 2 6 1259 1260 956
2038 2 2 2 6 956 1266 1259
2039 2 2 2 6 1260 1541 956
2040 2 2 2 6 956 1545 1266
2041 2 2 2 6 957 1263 1262
2042 2 2 2 6 1262 1539 957
2043 2 2 2 6 957 1264 1263
2044 2 2 2 6 957 1546 1264
2045 2 2 2 6 958 1516 1347
2046 2 2 2 6 1502 1555 958
2047 2 2 2 6 958 1555 1516
2048 2 2 2 6 965 1409 959
2049 2 2 2 6 959 1409 1267
2050 2 2 2 6 1267 1503 959
2051 2 2 2 6 1344 1385 960
2052 2 2 2 6 960 1505 1344
2053 2 2 2 6 1501 1505 960
2054 2 2 2 6 961 1391 1252
2055 2 2 2 6 1252 1504 961
2056 2 2 2 6 961 1504 1352
2057 2 2 2 6 1260 1261 962
2058 2 2 2 6 962 1541 1260
2059 2 2 2 6 1261 1500 962
2060 2 2 2 6 1500 1550 962
2061 2 2 2 6 1376 1554 963
2062 2 2 2 6 963 1505 1501
2063 2 2 2 6 1501 1552 963
2064 2 2 2 6 963 1554 1505
2065 2 2 2 6 964 1267 1264
2066 2 2 2 6 1264 1546 964
2067 2 2 2 6 964 1503 1267
2068 2 2 2 6 964 1549 1503
2069 2 2 2 6 966 1409 965
2070 2 2 2 6 967 968 966
2071 2 2 2 6 968 1142 966
2072 2 2 2 6 1142 1409 966
2073 2 2 2 6 967 969 968
2074 2 2 2 6 967 1309 969
2075 2 2 2 6 967 1398 1309
2076 2 2 2 6 969 970 968
2077 2 2 2 6 970 1420 968
2078 2 2 2 6 968 1420 1142
2079 2 2 2 6 969 971 970
2080 2 2 2 6 969 1188 971
2081 2 2 2 6 969 1309 1188
2082 2 2 2 6 971 972 970
2083 2 2 2 6 972 1088 970
2084 2 2 2 6 1088 1420 970
2085 2 2 2 6 971 973 972
2086 2 2 2 6 971 1338 973
2087 2 2 2 6 1188 1338 971
2088 2 2 2 6 973 974 972
2089 2 2 2 6 974 1337 972
2090 2 2 2 6 972 1337 1088
2091 2 2 2 6 973 975 974
2092 2 2 2 6 973 1057 975
2093 2 2 2 6 973 1338 1057
2094 2 2 2 6 975 976 974
2095 2 2 2 6 976 1048 974
2096 2 2 2 6 1048 1337 974
2097 2 2 2 6 975 977 976
2098 2 2 2 6 975 1449 977
2099 2 2 2 6 1057 1449 975
2100 2 2 2 6 977 978 976
2101 2 2 2 6 978 1348 976
2102 2 2 2 6 976 1348 1048
2103 2 2 2 6 977 979 978
2104 2 2 2 6 977 1322 979
2105 2 2 2 6 977 1449 1322
2106 2 2 2 6 979 980 978
2107 2 2 2 6 980 1383 978
2108 2 2 2 6 978 1383 1348
2109 2 2 2 6 979 981 980
2110 2 2 2 6 979 1007 981
2111 2 2 2 6 979 1322 1007
2112 2 2 2 6 981 982 980
2113 2 2 2 6 982 1021 980
2114 2 2 2 6 1021 1383 980
2115 2 2 2 6 981 983 982
2116 2 2 2 6 981 1474 983
2117 2 2 2 6 1007 1474 981
2118 2 2 2 6 983 984 982
2119 2 2 2 6 984 1488 982
2120 2 2 2 6 982 1488 1021
2121 2 2 2 6 983 985 984
2122 2 2 2 6 983 1104 985
2123 2 2 2 6 983 1474 1104
2124 2 2 2 6 985 986 984
2125 2 2 2 6 986 1487 984
2126 2 2 2 6 1487 1488 984
2127 2 2 2 6 985 987 986
2128 2 2 2 6 985 1397 987
2129 2 2 2 6 1104 1397 985
2130 2 2 2 6 987 988 986
2131 2 2 2 6 988 1004 986
2132 2 2 2 6 1004 1487 986
2133 2 2 2 6 987 989 988
2134 2 2 2 6 987 990 989
2135 2 2 2 6 987 1397 990
2136 2 2 2 6 989 1429 988
2137 2 2 2 6 988 1098 1004
2138 2 2 2 6 988 1429 1098
2139 2 2 2 6 990 991 989
2140 2 2 2 6 991 994 989
2141 2 2 2 6 994 1429 989
2142 2 2 2 6 990 992 991
2143 2 2 2 6 990 1192 992
2144 2 2 2 6 990 1397 1192
2145 2 2 2 6 992 993 991
2146 2 2 2 6 993 1443 991
2147 2 2 2 6 991 1443 994
2148 2 2 2 6 992 995 993
2149 2 2 2 6 992 1441 995
2150 2 2 2 6 1192 1441 992
2151 2 2 2 6 995 996 993
2152 2 2 2 6 996 1336 993
2153 2 2 2 6 1336 1443 993
2154 2 2 2 6 1312 1442 994
2155 2 2 2 6 994 1443 1312
2156 2 2 2 6 994 1442 1429
2157 2 2 2 6 995 997 996
2158 2 2 2 6 995 1002 997
2159 2 2 2 6 995 1441 1002
2160 2 2 2 6 997 998 996
2161 2 2 2 6 998 999 996
2162 2 2 2 6 999 1336 996
2163 2 2 2 6 997 1396 998
2164 2 2 2 6 1002 1003 997
2165 2 2 2 6 1003 1396 997
2166 2 2 2 6 998 1000 999
2167 2 2 2 6 998 1410 1000
2168 2 2 2 6 1396 1410 998
2169 2 2 2 6 1000 1001 999
2170 2 2 2 6 1001 1117 999
2171 2 2 2 6 1117 1336 999
2172 2 2 2 6 1000 1005 1001
2173 2 2 2 6 1000 1013 1005
2174 2 2 2 6 1000 1410 1013
2175 2 2 2 6 1005 1006 1001
2176 2 2 2 6 1006 1354 1001
2177 2 2 2 6 1001 1354 1117
2178 2 2 2 6 1002 1008 1003
2179 2 2 2 6 1002 1202 1008
2180 2 2 2 6 1002 1441 1202
2181 2 2 2 6 1008 1009 1003
2182 2 2 2 6 1009 1118 1003
2183 2 2 2 6 1118 1396 1003
2184 2 2 2 6 1098 1153 1004
2185 2 2 2 6 1153 1490 1004
2186 2 2 2 6 1004 1490 1487
2187 2 2 2 6 1005 1010 1006
2188 2 2 2 6 1005 1304 1010
2189 2 2 2 6 1013 1304 1005
2190 2 2 2 6 1010 1011 1006
2191 2 2 2 6 1011 1012 1006
2192 2 2 2 6 1012 1354 1006
2193 2 2 2 6 1322 1468 1007
2194 2 2 2 6 1007 1468 1408
2195 2 2 2 6 1408 1474 1007
2196 2 2 2 6 1008 1017 1009
2197 2 2 2 6 1008 1426 1017
2198 2 2 2 6 1202 1426 1008
2199 2 2 2 6 1017 1018 1009
2200 2 2 2 6 1018 1456 1009
2201 2 2 2 6 1009 1456 1118
2202 2 2 2 6 1010 1299 1011
2203 2 2 2 6 1280 1299 1010
2204 2 2 2 6 1010 1304 1280
2205 2 2 2 6 1011 1014 1012
2206 2 2 2 6 1011 1016 1014
2207 2 2 2 6 1011 1299 1016
2208 2 2 2 6 1014 1015 1012
2209 2 2 2 6 1015 1187 1012
2210 2 2 2 6 1187 1354 1012
2211 2 2 2 6 1013 1305 1304
2212 2 2 2 6 1013 1306 1305
2213 2 2 2 6 1013 1410 1306
2214 2 2 2 6 1014 1019 1015
2215 2 2 2 6 1016 1423 1014
2216 2 2 2 6 1014 1423 1019
2217 2 2 2 6 1019 1020 1015
2218 2 2 2 6 1020 1405 1015
2219 2 2 2 6 1015 1405 1187
2220 2 2 2 6 1299 1300 1016
2221 2 2 2 6 1300 1471 1016
2222 2 2 2 6 1016 1471 1423
2223 2 2 2 6 1017 1022 1018
2224 2 2 2 6 1017 1043 1022
2225 2 2 2 6 1017 1426 1043
2226 2 2 2 6 1022 1023 1018
2227 2 2 2 6 1023 1024 1018
2228 2 2 2 6 1024 1456 1018
2229 2 2 2 6 1019 1027 1020
2230 2 2 2 6 1019 1066 1027
2231 2 2 2 6 1019 1423 1066
2232 2 2 2 6 1027 1028 1020
2233 2 2 2 6 1028 1029 1020
2234 2 2 2 6 1029 1405 1020
2235 2 2 2 6 1303 1384 1021
2236 2 2 2 6 1021 1488 1303
2237 2 2 2 6 1021 1384 1383
2238 2 2 2 6 1022 1415 1023
2239 2 2 2 6 1043 1046 1022
2240 2 2 2 6 1046 1415 1022
2241 2 2 2 6 1023 1025 1024
2242 2 2 2 6 1023 1417 1025
2243 2 2 2 6 1415 1417 1023
2244 2 2 2 6 1025 1026 1024
2245 2 2 2 6 1026 1454 1024
2246 2 2 2 6 1454 1456 1024
2247 2 2 2 6 1025 1044 1026
2248 2 2 2 6 1025 1045 1044
2249 2 2 2 6 1025 1417 1045
2250 2 2 2 6 1044 1054 1026
2251 2 2 2 6 1054 1060 1026
2252 2 2 2 6 1060 1454 1026
2253 2 2 2 6 1027 1387 1028
2254 2 2 2 6 1066 1067 1027
2255 2 2 2 6 1067 1387 1027
2256 2 2 2 6 1028 1030 1029
2257 2 2 2 6 1028 1049 1030
2258 2 2 2 6 1028 1387 1049
2259 2 2 2 6 1030 1031 1029
2260 2 2 2 6 1031 1095 1029
2261 2 2 2 6 1095 1405 1029
2262 2 2 2 6 1030 1032 1031
2263 2 2 2 6 1030 1349 1032
2264 2 2 2 6 1049 1349 1030
2265 2 2 2 6 1032 1033 1031
2266 2 2 2 6 1033 1318 1031
2267 2 2 2 6 1031 1318 1095
2268 2 2 2 6 1032 1034 1033
2269 2 2 2 6 1032 1070 1034
2270 2 2 2 6 1032 1349 1070
2271 2 2 2 6 1034 1035 1033
2272 2 2 2 6 1035 1422 1033
2273 2 2 2 6 1033 1422 1318
2274 2 2 2 6 1034 1036 1035
2275 2 2 2 6 1034 1416 1036
2276 2 2 2 6 1070 1416 1034
2277 2 2 2 6 1036 1037 1035
2278 2 2 2 6 1037 1063 1035
2279 2 2 2 6 1063 1422 1035
2280 2 2 2 6 1036 1038 1037
2281 2 2 2 6 1036 1050 1038
2282 2 2 2 6 1036 1416 1050
2283 2 2 2 6 1038 1039 1037
2284 2 2 2 6 1039 1324 1037
2285 2 2 2 6 1037 1324 1063
2286 2 2 2 6 1038 1040 1039
2287 2 2 2 6 1038 1421 1040
2288 2 2 2 6 1050 1421 1038
2289 2 2 2 6 1040 1041 1039
2290 2 2 2 6 1041 1323 1039
2291 2 2 2 6 1323 1324 1039
2292 2 2 2 6 1040 1042 1041
2293 2 2 2 6 1040 1350 1042
2294 2 2 2 6 1040 1421 1350
2295 2 2 2 6 1042 1051 1041
2296 2 2 2 6 1051 1052 1041
2297 2 2 2 6 1052 1323 1041
2298 2 2 2 6 1042 1055 1051
2299 2 2 2 6 1042 1056 1055
2300 2 2 2 6 1042 1350 1056
2301 2 2 2 6 1043 1047 1046
2302 2 2 2 6 1043 1069 1047
2303 2 2 2 6 1043 1426 1069
2304 2 2 2 6 1045 1053 1044
2305 2 2 2 6 1053 1440 1044
2306 2 2 2 6 1044 1440 1054
2307 2 2 2 6 1045 1058 1053
2308 2 2 2 6 1045 1316 1058
2309 2 2 2 6 1045 1417 1316
2310 2 2 2 6 1047 1064 1046
2311 2 2 2 6 1064 1430 1046
2312 2 2 2 6 1046 1430 1415
2313 2 2 2 6 1047 1065 1064
2314 2 2 2 6 1047 1439 1065
2315 2 2 2 6 1069 1439 1047
2316 2 2 2 6 1048 1493 1337
2317 2 2 2 6 1348 1492 1048
2318 2 2 2 6 1492 1493 1048
2319 2 2 2 6 1275 1349 1049
2320 2 2 2 6 1049 1382 1275
2321 2 2 2 6 1049 1387 1382
2322 2 2 2 6 1050 1326 1291
2323 2 2 2 6 1291 1421 1050
2324 2 2 2 6 1050 1416 1326
2325 2 2 2 6 1051 1071 1052
2326 2 2 2 6 1055 1424 1051
2327 2 2 2 6 1051 1424 1071
2328 2 2 2 6 1071 1072 1052
2329 2 2 2 6 1072 1464 1052
2330 2 2 2 6 1052 1464 1323
2331 2 2 2 6 1058 1059 1053
2332 2 2 2 6 1059 1319 1053
2333 2 2 2 6 1319 1440 1053
2334 2 2 2 6 1054 1061 1060
2335 2 2 2 6 1054 1073 1061
2336 2 2 2 6 1054 1440 1073
2337 2 2 2 6 1056 1084 1055
2338 2 2 2 6 1084 1310 1055
2339 2 2 2 6 1310 1424 1055
2340 2 2 2 6 1056 1085 1084
2341 2 2 2 6 1056 1119 1085
2342 2 2 2 6 1056 1350 1119
2343 2 2 2 6 1338 1485 1057
2344 2 2 2 6 1057 1479 1449
2345 2 2 2 6 1057 1485 1479
2346 2 2 2 6 1058 1102 1059
2347 2 2 2 6 1058 1122 1102
2348 2 2 2 6 1058 1316 1122
2349 2 2 2 6 1102 1103 1059
2350 2 2 2 6 1103 1111 1059
2351 2 2 2 6 1111 1319 1059
2352 2 2 2 6 1061 1062 1060
2353 2 2 2 6 1062 1315 1060
2354 2 2 2 6 1315 1454 1060
2355 2 2 2 6 1061 1089 1062
2356 2 2 2 6 1073 1418 1061
2357 2 2 2 6 1061 1418 1089
2358 2 2 2 6 1089 1090 1062
2359 2 2 2 6 1090 1149 1062
2360 2 2 2 6 1149 1315 1062
2361 2 2 2 6 1063 1377 1288
2362 2 2 2 6 1288 1422 1063
2363 2 2 2 6 1324 1377 1063
2364 2 2 2 6 1065 1099 1064
2365 2 2 2 6 1099 1101 1064
2366 2 2 2 6 1101 1430 1064
2367 2 2 2 6 1065 1100 1099
2368 2 2 2 6 1065 1105 1100
2369 2 2 2 6 1065 1439 1105
2370 2 2 2 6 1066 1068 1067
2371 2 2 2 6 1066 1351 1068
2372 2 2 2 6 1066 1423 1351
2373 2 2 2 6 1068 1074 1067
2374 2 2 2 6 1074 1273 1067
2375 2 2 2 6 1273 1387 1067
2376 2 2 2 6 1068 1075 1074
2377 2 2 2 6 1068 1076 1075
2378 2 2 2 6 1068 1351 1076
2379 2 2 2 6 1426 1438 1069
2380 2 2 2 6 1438 1455 1069
2381 2 2 2 6 1069 1455 1439
2382 2 2 2 6 1277 1416 1070
2383 2 2 2 6 1070 1425 1277
2384 2 2 2 6 1349 1425 1070
2385 2 2 2 6 1071 1086 1072
2386 2 2 2 6 1071 1110 1086
2387 2 2 2 6 1071 1424 1110
2388 2 2 2 6 1086 1087 1072
2389 2 2 2 6 1087 1091 1072
2390 2 2 2 6 1091 1464 1072
2391 2 2 2 6 1073 1321 1279
2392 2 2 2 6 1279 1418 1073
2393 2 2 2 6 1073 1440 1321
2394 2 2 2 6 1075 1311 1074
2395 2 2 2 6 1268 1273 1074
2396 2 2 2 6 1074 1311 1268
2397 2 2 2 6 1076 1077 1075
2398 2 2 2 6 1077 1107 1075
2399 2 2 2 6 1107 1311 1075
2400 2 2 2 6 1076 1078 1077
2401 2 2 2 6 1076 1191 1078
2402 2 2 2 6 1076 1351 1191
2403 2 2 2 6 1078 1079 1077
2404 2 2 2 6 1079 1400 1077
2405 2 2 2 6 1077 1400 1107
2406 2 2 2 6 1078 1080 1079
2407 2 2 2 6 1078 1411 1080
2408 2 2 2 6 1191 1411 1078
2409 2 2 2 6 1080 1081 1079
2410 2 2 2 6 1081 1380 1079
2411 2 2 2 6 1380 1400 1079
2412 2 2 2 6 1080 1082 1081
2413 2 2 2 6 1080 1083 1082
2414 2 2 2 6 1080 1411 1083
2415 2 2 2 6 1082 1114 1081
2416 2 2 2 6 1114 1115 1081
2417 2 2 2 6 1115 1380 1081
2418 2 2 2 6 1083 1112 1082
2419 2 2 2 6 1112 1394 1082
2420 2 2 2 6 1082 1394 1114
2421 2 2 2 6 1083 1113 1112
2422 2 2 2 6 1083 1151 1113
2423 2 2 2 6 1083 1411 1151
2424 2 2 2 6 1085 1116 1084
2425 2 2 2 6 1116 1127 1084
2426 2 2 2 6 1127 1310 1084
2427 2 2 2 6 1085 1444 1116
2428 2 2 2 6 1119 1120 1085
2429 2 2 2 6 1120 1444 1085
2430 2 2 2 6 1086 1301 1087
2431 2 2 2 6 1110 1172 1086
2432 2 2 2 6 1172 1301 1086
2433 2 2 2 6 1087 1092 1091
2434 2 2 2 6 1087 1093 1092
2435 2 2 2 6 1087 1301 1093
2436 2 2 2 6 1337 1494 1088
2437 2 2 2 6 1088 1495 1420
2438 2 2 2 6 1494 1495 1088
2439 2 2 2 6 1089 1108 1090
2440 2 2 2 6 1089 1140 1108
2441 2 2 2 6 1089 1418 1140
2442 2 2 2 6 1108 1109 1090
2443 2 2 2 6 1109 1399 1090
2444 2 2 2 6 1090 1399 1149
2445 2 2 2 6 1092 1236 1091
2446 2 2 2 6 1236 1465 1091
2447 2 2 2 6 1091 1465 1464
2448 2 2 2 6 1093 1094 1092
2449 2 2 2 6 1094 1448 1092
2450 2 2 2 6 1092 1448 1236
2451 2 2 2 6 1093 1096 1094
2452 2 2 2 6 1093 1128 1096
2453 2 2 2 6 1093 1301 1128
2454 2 2 2 6 1096 1097 1094
2455 2 2 2 6 1097 1123 1094
2456 2 2 2 6 1123 1448 1094
2457 2 2 2 6 1095 1318 1307
2458 2 2 2 6 1307 1406 1095
2459 2 2 2 6 1095 1406 1405
2460 2 2 2 6 1096 1433 1097
2461 2 2 2 6 1128 1161 1096
2462 2 2 2 6 1161 1433 1096
2463 2 2 2 6 1097 1124 1123
2464 2 2 2 6 1097 1125 1124
2465 2 2 2 6 1097 1433 1125
2466 2 2 2 6 1098 1154 1153
2467 2 2 2 6 1098 1201 1154
2468 2 2 2 6 1098 1429 1201
2469 2 2 2 6 1100 1146 1099
2470 2 2 2 6 1099 1327 1101
2471 2 2 2 6 1146 1327 1099
2472 2 2 2 6 1105 1106 1100
2473 2 2 2 6 1106 1412 1100
2474 2 2 2 6 1100 1412 1146
2475 2 2 2 6 1327 1334 1101
2476 2 2 2 6 1334 1460 1101
2477 2 2 2 6 1101 1460 1430
2478 2 2 2 6 1102 1437 1103
2479 2 2 2 6 1122 1147 1102
2480 2 2 2 6 1147 1437 1102
2481 2 2 2 6 1103 1143 1111
2482 2 2 2 6 1103 1150 1143
2483 2 2 2 6 1103 1437 1150
2484 2 2 2 6 1104 1419 1397
2485 2 2 2 6 1104 1483 1419
2486 2 2 2 6 1474 1483 1104
2487 2 2 2 6 1105 1155 1106
2488 2 2 2 6 1105 1194 1155
2489 2 2 2 6 1105 1439 1194
2490 2 2 2 6 1155 1156 1106
2491 2 2 2 6 1156 1157 1106
2492 2 2 2 6 1157 1412 1106
2493 2 2 2 6 1272 1311 1107
2494 2 2 2 6 1107 1381 1272
2495 2 2 2 6 1107 1400 1381
2496 2 2 2 6 1108 1131 1109
2497 2 2 2 6 1108 1298 1131
2498 2 2 2 6 1140 1298 1108
2499 2 2 2 6 1131 1132 1109
2500 2 2 2 6 1132 1133 1109
2501 2 2 2 6 1133 1399 1109
2502 2 2 2 6 1110 1173 1172
2503 2 2 2 6 1110 1282 1173
2504 2 2 2 6 1110 1424 1282
2505 2 2 2 6 1143 1169 1111
2506 2 2 2 6 1169 1189 1111
2507 2 2 2 6 1189 1319 1111
2508 2 2 2 6 1113 1141 1112
2509 2 2 2 6 1141 1144 1112
2510 2 2 2 6 1144 1394 1112
2511 2 2 2 6 1113 1152 1141
2512 2 2 2 6 1151 1453 1113
2513 2 2 2 6 1113 1453 1152
2514 2 2 2 6 1114 1130 1115
2515 2 2 2 6 1114 1190 1130
2516 2 2 2 6 1114 1394 1190
2517 2 2 2 6 1130 1159 1115
2518 2 2 2 6 1159 1160 1115
2519 2 2 2 6 1160 1380 1115
2520 2 2 2 6 1116 1167 1127
2521 2 2 2 6 1116 1206 1167
2522 2 2 2 6 1116 1444 1206
2523 2 2 2 6 1117 1450 1336
2524 2 2 2 6 1354 1427 1117
2525 2 2 2 6 1427 1450 1117
2526 2 2 2 6 1118 1456 1335
2527 2 2 2 6 1335 1467 1118
2528 2 2 2 6 1118 1467 1396
2529 2 2 2 6 1119 1121 1120
2530 2 2 2 6 1119 1281 1121
2531 2 2 2 6 1119 1350 1281
2532 2 2 2 6 1121 1129 1120
2533 2 2 2 6 1129 1136 1120
2534 2 2 2 6 1136 1444 1120
2535 2 2 2 6 1121 1137 1129
2536 2 2 2 6 1121 1174 1137
2537 2 2 2 6 1121 1281 1174
2538 2 2 2 6 1122 1148 1147
2539 2 2 2 6 1122 1197 1148
2540 2 2 2 6 1122 1316 1197
2541 2 2 2 6 1124 1171 1123
2542 2 2 2 6 1171 1241 1123
2543 2 2 2 6 1241 1448 1123
2544 2 2 2 6 1125 1126 1124
2545 2 2 2 6 1126 1413 1124
2546 2 2 2 6 1124 1413 1171
2547 2 2 2 6 1125 1138 1126
2548 2 2 2 6 1125 1186 1138
2549 2 2 2 6 1125 1433 1186
2550 2 2 2 6 1138 1139 1126
2551 2 2 2 6 1139 1489 1126
2552 2 2 2 6 1126 1489 1413
2553 2 2 2 6 1167 1168 1127
2554 2 2 2 6 1168 1228 1127
2555 2 2 2 6 1228 1310 1127
2556 2 2 2 6 1128 1215 1161
2557 2 2 2 6 1128 1286 1215
2558 2 2 2 6 1128 1301 1286
2559 2 2 2 6 1129 1507 1136
2560 2 2 2 6 1137 1217 1129
2561 2 2 2 6 1217 1507 1129
2562 2 2 2 6 1130 1163 1159
2563 2 2 2 6 1130 1407 1163
2564 2 2 2 6 1190 1407 1130
2565 2 2 2 6 1131 1547 1132
2566 2 2 2 6 1298 1497 1131
2567 2 2 2 6 1497 1547 1131
2568 2 2 2 6 1132 1134 1133
2569 2 2 2 6 1132 1135 1134
2570 2 2 2 6 1132 1547 1135
2571 2 2 2 6 1134 1145 1133
2572 2 2 2 6 1145 1196 1133
2573 2 2 2 6 1196 1399 1133
2574 2 2 2 6 1135 1451 1134
2575 2 2 2 6 1134 1203 1145
2576 2 2 2 6 1134 1451 1203
2577 2 2 2 6 1135 1375 1374
2578 2 2 2 6 1374 1548 1135
2579 2 2 2 6 1135 1547 1375
2580 2 2 2 6 1135 1548 1451
2581 2 2 2 6 1136 1470 1444
2582 2 2 2 6 1136 1506 1470
2583 2 2 2 6 1136 1507 1506
2584 2 2 2 6 1174 1175 1137
2585 2 2 2 6 1175 1403 1137
2586 2 2 2 6 1137 1403 1217
2587 2 2 2 6 1138 1165 1139
2588 2 2 2 6 1138 1339 1165
2589 2 2 2 6 1186 1339 1138
2590 2 2 2 6 1165 1166 1139
2591 2 2 2 6 1166 1193 1139
2592 2 2 2 6 1193 1489 1139
2593 2 2 2 6 1292 1294 1140
2594 2 2 2 6 1140 1418 1292
2595 2 2 2 6 1294 1298 1140
2596 2 2 2 6 1141 1392 1144
2597 2 2 2 6 1152 1162 1141
2598 2 2 2 6 1162 1392 1141
2599 2 2 2 6 1265 1409 1142
2600 2 2 2 6 1142 1496 1265
2601 2 2 2 6 1420 1496 1142
2602 2 2 2 6 1150 1164 1143
2603 2 2 2 6 1164 1452 1143
2604 2 2 2 6 1143 1452 1169
2605 2 2 2 6 1392 1556 1144
2606 2 2 2 6 1144 1508 1394
2607 2 2 2 6 1144 1556 1508
2608 2 2 2 6 1145 1332 1196
2609 2 2 2 6 1203 1204 1145
2610 2 2 2 6 1204 1332 1145
2611 2 2 2 6 1146 1328 1327
2612 2 2 2 6 1146 1330 1328
2613 2 2 2 6 1146 1412 1330
2614 2 2 2 6 1148 1170 1147
2615 2 2 2 6 1170 1207 1147
2616 2 2 2 6 1207 1437 1147
2617 2 2 2 6 1148 1195 1170
2618 2 2 2 6 1148 1466 1195
2619 2 2 2 6 1197 1466 1148
2620 2 2 2 6 1313 1314 1149
2621 2 2 2 6 1149 1399 1313
2622 2 2 2 6 1314 1315 1149
2623 2 2 2 6 1150 1237 1164
2624 2 2 2 6 1150 1475 1237
2625 2 2 2 6 1437 1475 1150
2626 2 2 2 6 1411 1472 1151
2627 2 2 2 6 1151 1458 1453
2628 2 2 2 6 1151 1472 1458
2629 2 2 2 6 1152 1233 1162
2630 2 2 2 6 1152 1477 1233
2631 2 2 2 6 1453 1477 1152
2632 2 2 2 6 1154 1457 1153
2633 2 2 2 6 1457 1486 1153
2634 2 2 2 6 1486 1490 1153
2635 2 2 2 6 1201 1229 1154
2636 2 2 2 6 1229 1231 1154
2637 2 2 2 6 1231 1457 1154
2638 2 2 2 6 1155 1205 1156
2639 2 2 2 6 1194 1283 1155
2640 2 2 2 6 1155 1283 1205
2641 2 2 2 6 1156 1158 1157
2642 2 2 2 6 1156 1445 1158
2643 2 2 2 6 1205 1445 1156
2644 2 2 2 6 1158 1198 1157
2645 2 2 2 6 1198 1200 1157
2646 2 2 2 6 1200 1412 1157
2647 2 2 2 6 1158 1199 1198
2648 2 2 2 6 1158 1239 1199
2649 2 2 2 6 1158 1445 1239
2650 2 2 2 6 1159 1216 1160
2651 2 2 2 6 1163 1342 1159
2652 2 2 2 6 1159 1342 1216
2653 2 2 2 6 1216 1243 1160
2654 2 2 2 6 1243 1244 1160
2655 2 2 2 6 1244 1380 1160
2656 2 2 2 6 1215 1255 1161
2657 2 2 2 6 1255 1320 1161
2658 2 2 2 6 1320 1433 1161
2659 2 2 2 6 1233 1246 1162
2660 2 2 2 6 1246 1248 1162
2661 2 2 2 6 1248 1392 1162
2662 2 2 2 6 1163 1343 1342
2663 2 2 2 6 1163 1344 1343
2664 2 2 2 6 1163 1407 1344
2665 2 2 2 6 1237 1238 1164
2666 2 2 2 6 1238 1259 1164
2667 2 2 2 6 1259 1452 1164
2668 2 2 2 6 1165 1431 1166
2669 2 2 2 6 1339 1340 1165
2670 2 2 2 6 1340 1431 1165
2671 2 2 2 6 1166 1208 1193
2672 2 2 2 6 1166 1209 1208
2673 2 2 2 6 1166 1431 1209
2674 2 2 2 6 1167 1414 1168
2675 2 2 2 6 1206 1221 1167
2676 2 2 2 6 1221 1414 1167
2677 2 2 2 6 1168 1250 1228
2678 2 2 2 6 1168 1251 1250
2679 2 2 2 6 1168 1414 1251
2680 2 2 2 6 1169 1211 1189
2681 2 2 2 6 1169 1258 1211
2682 2 2 2 6 1169 1452 1258
2683 2 2 2 6 1195 1232 1170
2684 2 2 2 6 1170 1473 1207
2685 2 2 2 6 1232 1473 1170
2686 2 2 2 6 1171 1242 1241
2687 2 2 2 6 1171 1303 1242
2688 2 2 2 6 1171 1413 1303
2689 2 2 2 6 1173 1247 1172
2690 2 2 2 6 1247 1286 1172
2691 2 2 2 6 1286 1301 1172
2692 2 2 2 6 1173 1249 1247
2693 2 2 2 6 1173 1285 1249
2694 2 2 2 6 1282 1285 1173
2695 2 2 2 6 1174 1176 1175
2696 2 2 2 6 1174 1291 1176
2697 2 2 2 6 1281 1291 1174
2698 2 2 2 6 1176 1177 1175
2699 2 2 2 6 1177 1218 1175
2700 2 2 2 6 1218 1403 1175
2701 2 2 2 6 1176 1178 1177
2702 2 2 2 6 1176 1326 1178
2703 2 2 2 6 1291 1326 1176
2704 2 2 2 6 1178 1179 1177
2705 2 2 2 6 1179 1401 1177
2706 2 2 2 6 1177 1401 1218
2707 2 2 2 6 1178 1180 1179
2708 2 2 2 6 1178 1277 1180
2709 2 2 2 6 1178 1326 1277
2710 2 2 2 6 1180 1181 1179
2711 2 2 2 6 1181 1219 1179
2712 2 2 2 6 1219 1401 1179
2713 2 2 2 6 1180 1182 1181
2714 2 2 2 6 1180 1425 1182
2715 2 2 2 6 1277 1425 1180
2716 2 2 2 6 1182 1183 1181
2717 2 2 2 6 1183 1333 1181
2718 2 2 2 6 1181 1333 1219
2719 2 2 2 6 1182 1184 1183
2720 2 2 2 6 1182 1275 1184
2721 2 2 2 6 1182 1425 1275
2722 2 2 2 6 1184 1185 1183
2723 2 2 2 6 1185 1220 1183
2724 2 2 2 6 1220 1333 1183
2725 2 2 2 6 1184 1226 1185
2726 2 2 2 6 1184 1382 1226
2727 2 2 2 6 1275 1382 1184
2728 2 2 2 6 1185 1428 1220
2729 2 2 2 6 1226 1227 1185
2730 2 2 2 6 1227 1428 1185
2731 2 2 2 6 1186 1433 1320
2732 2 2 2 6 1320 1434 1186
2733 2 2 2 6 1186 1434 1339
2734 2 2 2 6 1187 1427 1354
2735 2 2 2 6 1405 1406 1187
2736 2 2 2 6 1406 1427 1187
2737 2 2 2 6 1309 1478 1188
2738 2 2 2 6 1188 1482 1338
2739 2 2 2 6 1478 1482 1188
2740 2 2 2 6 1211 1212 1189
2741 2 2 2 6 1212 1321 1189
2742 2 2 2 6 1189 1321 1319
2743 2 2 2 6 1389 1407 1190
2744 2 2 2 6 1190 1508 1389
2745 2 2 2 6 1394 1508 1190
2746 2 2 2 6 1351 1471 1191
2747 2 2 2 6 1191 1472 1411
2748 2 2 2 6 1471 1472 1191
2749 2 2 2 6 1397 1419 1192
2750 2 2 2 6 1419 1432 1192
2751 2 2 2 6 1432 1441 1192
2752 2 2 2 6 1208 1492 1193
2753 2 2 2 6 1193 1491 1489
2754 2 2 2 6 1193 1492 1491
2755 2 2 2 6 1194 1284 1283
2756 2 2 2 6 1194 1455 1284
2757 2 2 2 6 1439 1455 1194
2758 2 2 2 6 1195 1484 1232
2759 2 2 2 6 1466 1469 1195
2760 2 2 2 6 1469 1484 1195
2761 2 2 2 6 1305 1313 1196
2762 2 2 2 6 1196 1332 1305
2763 2 2 2 6 1313 1399 1196
2764 2 2 2 6 1316 1317 1197
2765 2 2 2 6 1317 1460 1197
2766 2 2 2 6 1460 1466 1197
2767 2 2 2 6 1199 1459 1198
2768 2 2 2 6 1198 1276 1200
2769 2 2 2 6 1198 1459 1276
2770 2 2 2 6 1239 1240 1199
2771 2 2 2 6 1240 1274 1199
2772 2 2 2 6 1274 1459 1199
2773 2 2 2 6 1276 1435 1200
2774 2 2 2 6 1330 1412 1200
2775 2 2 2 6 1200 1435 1330
2776 2 2 2 6 1201 1230 1229
2777 2 2 2 6 1201 1442 1230
2778 2 2 2 6 1429 1442 1201
2779 2 2 2 6 1202 1438 1426
2780 2 2 2 6 1432 1438 1202
2781 2 2 2 6 1202 1441 1432
2782 2 2 2 6 1203 1234 1204
2783 2 2 2 6 1203 1477 1234
2784 2 2 2 6 1451 1477 1203
2785 2 2 2 6 1234 1235 1204
2786 2 2 2 6 1235 1280 1204
2787 2 2 2 6 1280 1332 1204
2788 2 2 2 6 1283 1468 1205
2789 2 2 2 6 1205 1462 1445
2790 2 2 2 6 1205 1468 1462
2791 2 2 2 6 1206 1222 1221
2792 2 2 2 6 1206 1470 1222
2793 2 2 2 6 1444 1470 1206
2794 2 2 2 6 1207 1473 1366
2795 2 2 2 6 1366 1475 1207
2796 2 2 2 6 1207 1475 1437
2797 2 2 2 6 1209 1210 1208
2798 2 2 2 6 1210 1493 1208
2799 2 2 2 6 1208 1493 1492
2800 2 2 2 6 1209 1223 1210
2801 2 2 2 6 1209 1225 1223
2802 2 2 2 6 1209 1431 1225
2803 2 2 2 6 1223 1224 1210
2804 2 2 2 6 1224 1494 1210
2805 2 2 2 6 1210 1494 1493
2806 2 2 2 6 1211 1213 1212
2807 2 2 2 6 1211 1510 1213
2808 2 2 2 6 1258 1510 1211
2809 2 2 2 6 1213 1214 1212
2810 2 2 2 6 1214 1279 1212
2811 2 2 2 6 1279 1321 1212
2812 2 2 2 6 1213 1534 1214
2813 2 2 2 6 1345 1404 1213
2814 2 2 2 6 1213 1510 1345
2815 2 2 2 6 1404 1534 1213
2816 2 2 2 6 1214 1292 1279
2817 2 2 2 6 1214 1293 1292
2818 2 2 2 6 1214 1534 1293
2819 2 2 2 6 1215 1529 1255
2820 2 2 2 6 1286 1287 1215
2821 2 2 2 6 1287 1529 1215
2822 2 2 2 6 1216 1513 1243
2823 2 2 2 6 1342 1512 1216
2824 2 2 2 6 1512 1513 1216
2825 2 2 2 6 1403 1515 1217
2826 2 2 2 6 1217 1528 1507
2827 2 2 2 6 1515 1528 1217
2828 2 2 2 6 1401 1518 1218
2829 2 2 2 6 1218 1517 1403
2830 2 2 2 6 1218 1518 1517
2831 2 2 2 6 1333 1520 1219
2832 2 2 2 6 1219 1519 1401
2833 2 2 2 6 1219 1520 1519
2834 2 2 2 6 1220 1521 1333
2835 2 2 2 6 1428 1523 1220
2836 2 2 2 6 1220 1523 1521
2837 2 2 2 6 1222 1252 1221
2838 2 2 2 6 1252 1530 1221
2839 2 2 2 6 1221 1530 1414
2840 2 2 2 6 1222 1253 1252
2841 2 2 2 6 1222 1254 1253
2842 2 2 2 6 1222 1470 1254
2843 2 2 2 6 1223 1256 1224
2844 2 2 2 6 1225 1509 1223
2845 2 2 2 6 1223 1509 1256
2846 2 2 2 6 1256 1257 1224
2847 2 2 2 6 1257 1495 1224
2848 2 2 2 6 1224 1495 1494
2849 2 2 2 6 1225 1358 1346
2850 2 2 2 6 1346 1509 1225
2851 2 2 2 6 1225 1533 1358
2852 2 2 2 6 1431 1533 1225
2853 2 2 2 6 1226 1268 1227
2854 2 2 2 6 1226 1273 1268
2855 2 2 2 6 1226 1382 1273
2856 2 2 2 6 1268 1269 1227
2857 2 2 2 6 1269 1270 1227
2858 2 2 2 6 1270 1428 1227
2859 2 2 2 6 1250 1285 1228
2860 2 2 2 6 1228 1285 1282
2861 2 2 2 6 1282 1310 1228
2862 2 2 2 6 1230 1288 1229
2863 2 2 2 6 1229 1377 1231
2864 2 2 2 6 1288 1377 1229
2865 2 2 2 6 1230 1289 1288
2866 2 2 2 6 1230 1290 1289
2867 2 2 2 6 1230 1442 1290
2868 2 2 2 6 1231 1377 1325
2869 2 2 2 6 1325 1465 1231
2870 2 2 2 6 1231 1465 1457
2871 2 2 2 6 1232 1461 1370
2872 2 2 2 6 1370 1473 1232
2873 2 2 2 6 1232 1484 1461
2874 2 2 2 6 1233 1548 1246
2875 2 2 2 6 1233 1477 1451
2876 2 2 2 6 1451 1548 1233
2877 2 2 2 6 1234 1458 1235
2878 2 2 2 6 1453 1458 1234
2879 2 2 2 6 1234 1477 1453
2880 2 2 2 6 1235 1299 1280
2881 2 2 2 6 1235 1300 1299
2882 2 2 2 6 1235 1458 1300
2883 2 2 2 6 1448 1486 1236
2884 2 2 2 6 1457 1465 1236
2885 2 2 2 6 1236 1486 1457
2886 2 2 2 6 1237 1481 1238
2887 2 2 2 6 1475 1480 1237
2888 2 2 2 6 1480 1481 1237
2889 2 2 2 6 1238 1260 1259
2890 2 2 2 6 1238 1261 1260
2891 2 2 2 6 1238 1481 1261
2892 2 2 2 6 1239 1485 1240
2893 2 2 2 6 1445 1479 1239
2894 2 2 2 6 1479 1485 1239
2895 2 2 2 6 1240 1302 1274
2896 2 2 2 6 1240 1482 1302
2897 2 2 2 6 1240 1485 1482
2898 2 2 2 6 1242 1490 1241
2899 2 2 2 6 1241 1486 1448
2900 2 2 2 6 1241 1490 1486
2901 2 2 2 6 1303 1488 1242
2902 2 2 2 6 1242 1488 1487
2903 2 2 2 6 1487 1490 1242
2904 2 2 2 6 1243 1245 1244
2905 2 2 2 6 1243 1514 1245
2906 2 2 2 6 1513 1514 1243
2907 2 2 2 6 1245 1381 1244
2908 2 2 2 6 1244 1400 1380
2909 2 2 2 6 1381 1400 1244
2910 2 2 2 6 1278 1381 1245
2911 2 2 2 6 1245 1522 1278
2912 2 2 2 6 1514 1522 1245
2913 2 2 2 6 1246 1540 1248
2914 2 2 2 6 1246 1374 1373
2915 2 2 2 6 1373 1540 1246
2916 2 2 2 6 1246 1548 1374
2917 2 2 2 6 1249 1538 1247
2918 2 2 2 6 1247 1287 1286
2919 2 2 2 6 1247 1538 1287
2920 2 2 2 6 1248 1540 1355
2921 2 2 2 6 1355 1553 1248
2922 2 2 2 6 1248 1553 1392
2923 2 2 2 6 1285 1544 1249
2924 2 2 2 6 1356 1538 1249
2925 2 2 2 6 1249 1544 1356
2926 2 2 2 6 1251 1558 1250
2927 2 2 2 6 1250 1544 1285
2928 2 2 2 6 1250 1558 1544
2929 2 2 2 6 1414 1557 1251
2930 2 2 2 6 1251 1535 1499
2931 2 2 2 6 1499 1558 1251
2932 2 2 2 6 1251 1557 1535
2933 2 2 2 6 1253 1504 1252
2934 2 2 2 6 1391 1530 1252
2935 2 2 2 6 1254 1516 1253
2936 2 2 2 6 1253 1555 1504
2937 2 2 2 6 1516 1555 1253
2938 2 2 2 6 1470 1506 1254
2939 2 2 2 6 1506 1527 1254
2940 2 2 2 6 1254 1527 1516
2941 2 2 2 6 1255 1536 1320
2942 2 2 2 6 1357 1536 1255
2943 2 2 2 6 1256 1262 1257
2944 2 2 2 6 1262 1263 1257
2945 2 2 2 6 1263 1496 1257
2946 2 2 2 6 1257 1496 1495
2947 2 2 2 6 1258 1452 1266
2948 2 2 2 6 1266 1452 1259
2949 2 2 2 6 1261 1481 1476
2950 2 2 2 6 1476 1500 1261
2951 2 2 2 6 1264 1265 1263
2952 2 2 2 6 1265 1496 1263
2953 2 2 2 6 1264 1267 1265
2954 2 2 2 6 1267 1409 1265
2955 2 2 2 6 1268 1311 1269
2956 2 2 2 6 1269 1271 1270
2957 2 2 2 6 1269 1272 1271
2958 2 2 2 6 1269 1311 1272
2959 2 2 2 6 1271 1525 1270
2960 2 2 2 6 1270 1524 1428
2961 2 2 2 6 1270 1525 1524
2962 2 2 2 6 1272 1278 1271
2963 2 2 2 6 1278 1526 1271
2964 2 2 2 6 1271 1526 1525
2965 2 2 2 6 1272 1381 1278
2966 2 2 2 6 1382 1387 1273
2967 2 2 2 6 1302 1369 1274
2968 2 2 2 6 1275 1425 1349
2969 2 2 2 6 1276 1459 1447
2970 2 2 2 6 1326 1416 1277
2971 2 2 2 6 1522 1526 1278
2972 2 2 2 6 1292 1418 1279
2973 2 2 2 6 1304 1332 1280
2974 2 2 2 6 1281 1421 1291
2975 2 2 2 6 1350 1421 1281
2976 2 2 2 6 1282 1424 1310
2977 2 2 2 6 1284 1408 1283
2978 2 2 2 6 1408 1468 1283
2979 2 2 2 6 1284 1483 1408
2980 2 2 2 6 1455 1463 1284
2981 2 2 2 6 1463 1483 1284
2982 2 2 2 6 1378 1529 1287
2983 2 2 2 6 1289 1422 1288
2984 2 2 2 6 1290 1307 1289
2985 2 2 2 6 1307 1318 1289
2986 2 2 2 6 1318 1422 1289
2987 2 2 2 6 1290 1308 1307
2988 2 2 2 6 1290 1312 1308
2989 2 2 2 6 1290 1442 1312
2990 2 2 2 6 1293 1294 1292
2991 2 2 2 6 1293 1295 1294
2992 2 2 2 6 1295 1296 1294
2993 2 2 2 6 1296 1298 1294
2994 2 2 2 6 1297 1497 1296
2995 2 2 2 6 1296 1497 1298
2996 2 2 2 6 1297 1532 1497
2997 2 2 2 6 1297 1537 1532
2998 2 2 2 6 1458 1472 1300
2999 2 2 2 6 1300 1472 1471
3000 2 2 2 6 1302 1482 1478
3001 2 2 2 6 1303 1413 1384
3002 2 2 2 6 1305 1332 1304
3003 2 2 2 6 1306 1313 1305
3004 2 2 2 6 1306 1314 1313
3005 2 2 2 6 1306 1467 1314
3006 2 2 2 6 1410 1467 1306
3007 2 2 2 6 1308 1406 1307
3008 2 2 2 6 1312 1450 1308
3009 2 2 2 6 1308 1427 1406
3010 2 2 2 6 1308 1450 1427
3011 2 2 2 6 1398 1402 1309
3012 2 2 2 6 1402 1478 1309
3013 2 2 2 6 1443 1450 1312
3014 2 2 2 6 1314 1335 1315
3015 2 2 2 6 1314 1467 1335
3016 2 2 2 6 1335 1454 1315
3017 2 2 2 6 1316 1417 1317
3018 2 2 2 6 1317 1417 1415
3019 2 2 2 6 1415 1430 1317
3020 2 2 2 6 1430 1460 1317
3021 2 2 2 6 1321 1440 1319
3022 2 2 2 6 1320 1536 1434
3023 2 2 2 6 1449 1462 1322
3024 2 2 2 6 1462 1468 1322
3025 2 2 2 6 1323 1325 1324
3026 2 2 2 6 1323 1464 1325
3027 2 2 2 6 1325 1377 1324
3028 2 2 2 6 1464 1465 1325
3029 2 2 2 6 1328 1329 1327
3030 2 2 2 6 1329 1334 1327
3031 2 2 2 6 1328 1446 1329
3032 2 2 2 6 1330 1331 1328
3033 2 2 2 6 1331 1446 1328
3034 2 2 2 6 1329 1469 1334
3035 2 2 2 6 1329 1446 1368
3036 2 2 2 6 1368 1469 1329
3037 2 2 2 6 1330 1435 1331
3038 2 2 2 6 1435 1436 1331
3039 2 2 2 6 1333 1521 1520
3040 2 2 2 6 1334 1466 1460
3041 2 2 2 6 1334 1469 1466
3042 2 2 2 6 1335 1456 1454
3043 2 2 2 6 1336 1450 1443
3044 2 2 2 6 1493 1494 1337
3045 2 2 2 6 1482 1485 1338
3046 2 2 2 6 1339 1341 1340
3047 2 2 2 6 1339 1434 1341
3048 2 2 2 6 1340 1533 1431
3049 2 2 2 6 1343 1511 1342
3050 2 2 2 6 1511 1512 1342
3051 2 2 2 6 1344 1505 1343
3052 2 2 2 6 1505 1554 1343
3053 2 2 2 6 1343 1554 1511
3054 2 2 2 6 1344 1531 1385
3055 2 2 2 6 1407 1531 1344
3056 2 2 2 6 1516 1527 1347
3057 2 2 2 6 1383 1491 1348
3058 2 2 2 6 1491 1492 1348
3059 2 2 2 6 1423 1471 1351
3060 2 2 2 6 1352 1504 1502
3061 2 2 2 6 1502 1551 1352
3062 2 2 2 6 1521 1523 1353
3063 2 2 2 6 1393 1522 1359
3064 2 2 2 6 1359 1522 1514
3065 2 2 2 6 1524 1525 1360
3066 2 2 2 6 1517 1518 1361
3067 2 2 2 6 1363 1528 1362
3068 2 2 2 6 1362 1528 1515
3069 2 2 2 6 1364 1528 1363
3070 2 2 2 6 1506 1507 1364
3071 2 2 2 6 1364 1527 1506
3072 2 2 2 6 1507 1528 1364
3073 2 2 2 6 1365 1480 1366
3074 2 2 2 6 1366 1480 1475
3075 2 2 2 6 1368 1446 1367
3076 2 2 2 6 1368 1484 1469
3077 2 2 2 6 1371 1373 1372
3078 2 2 2 6 1373 1374 1372
3079 2 2 2 6 1374 1375 1372
3080 2 2 2 6 1375 1532 1372
3081 2 2 2 6 1497 1532 1375
3082 2 2 2 6 1375 1547 1497
3083 2 2 2 6 1511 1554 1376
3084 2 2 2 6 1379 1513 1512
3085 2 2 2 6 1384 1491 1383
3086 2 2 2 6 1413 1489 1384
3087 2 2 2 6 1489 1491 1384
3088 2 2 2 6 1519 1520 1386
3089 2 2 2 6 1389 1390 1388
3090 2 2 2 6 1390 1395 1388
3091 2 2 2 6 1389 1508 1390
3092 2 2 2 6 1389 1531 1407
3093 2 2 2 6 1390 1498 1395
3094 2 2 2 6 1390 1556 1498
3095 2 2 2 6 1508 1556 1390
3096 2 2 2 6 1392 1553 1498
3097 2 2 2 6 1498 1556 1392
3098 2 2 2 6 1393 1526 1522
3099 2 2 2 6 1396 1467 1410
3100 2 2 2 6 1401 1519 1518
3101 2 2 2 6 1403 1517 1515
3102 2 2 2 6 1408 1483 1474
3103 2 2 2 6 1530 1557 1414
3104 2 2 2 6 1419 1463 1432
3105 2 2 2 6 1419 1483 1463
3106 2 2 2 6 1495 1496 1420
3107 2 2 2 6 1428 1524 1523
3108 2 2 2 6 1432 1463 1438
3109 2 2 2 6 1438 1463 1455
3110 2 2 2 6 1462 1479 1445
3111 2 2 2 6 1449 1479 1462
3112 2 2 2 6 1504 1555 1502
3113 4 2 1 1 724 313 640 1371
3114 4 2 1 1 300 733 732 1367
3115 4 2 1 1 733 300 933 1367
3116 4 2 1 1 770 537 1380 1160
3117 4 2 1 1 1377 1288 376 377
3118 4 2 1 1 1059 749 414 1053
3119 4 2 1 1 847 1494 1210 570
3120 4 2 1 1 1058 1059 414 1053
3121 4 2 1 1 342 414 749 1053
3122 4 2 1 1 1160 537 1380 1244
3123 4 2 1 1 1377 376 388 377
3124 4 2 1 1 1288 1377 1063 377
3125 4 2 1 1 1406 778 706 1187
3126 4 2 1 1 432 1042 1051 416
3127 4 2 1 1 1004 988 666 670
3128 4 2 1 1 404 1383 978 399
3129 4 2 1 1 1059 342 749 1053
3130 4 2 1 1 1059 414 749 1058
3131 4 2 1 1 413 779 1191 1471
3132 4 2 1 1 410 1281 1350 422
3133 4 2 1 1 1494 1224 1210 570
3134 4 2 1 1 570 1210 847 839
3135 4 2 1 1 733 933 1484 1368
3136 4 2 1 1 1274 955 1369 910
3137 4 2 1 1 1051 1055 1042 432
3138 4 2 1 1 422 410 1281 828
3139 4 2 1 1 706 1405 1406 1187
3140 4 2 1 1 670 666 1004 668
3141 4 2 1 1 399 404 1383 708
3142 4 2 1 1 1351 413 1191 1471
3143 4 2 1 1 927 724 640 1371
3144 4 2 1 1 294 1529 730 892
3145 4 2 1 1 822 793 716 1510
3146 4 2 1 1 1068 774 417 1074
3147 4 2 1 1 800 1241 1486 853
3148 4 2 1 1 1413 1489 465 680
3149 4 2 1 1 1029 1030 536 802
3150 4 2 1 1 1447 1459 1276 897
3151 4 2 1 1 432 1055 1042 416
3152 4 2 1 1 410 1350 1281 828
3153 4 2 1 1 926 1276 1435 897
3154 4 2 1 1 388 1063 1377 377
3155 4 2 1 1 996 359 357 993
3156 4 2 1 1 551 1239 1479 548
3157 4 2 1 1 774 417 412 1068
3158 4 2 1 1 1490 1241 1486 800
3159 4 2 1 1 1489 1413 1384 680
3160 4 2 1 1 1029 536 794 802
3161 4 2 1 1 1477 837 603 1152
3162 4 2 1 1 524 640 525 1372
3163 4 2 1 1 313 723 640 1372
3164 4 2 1 1 313 723 1372 1373
3165 4 2 1 1 1051 709 432 416
3166 4 2 1 1 1281 1421 1350 422
3167 4 2 1 1 778 697 706 1187
3168 4 2 1 1 1004 988 986 666
3169 4 2 1 1 1383 980 978 399
3170 4 2 1 1 779 413 756 1471
3171 4 2 1 1 940 622 1513 1514
3172 4 2 1 1 1018 812 401 1022
3173 4 2 1 1 380 349 1454 1335
3174 4 2 1 1 1146 560 558 1099
3175 4 2 1 1 396 1325 1464 658
3176 4 2 1 1 701 1035 1034 596
3177 4 2 1 1 1372 1371 313 1373
3178 4 2 1 1 933 733 1367 1368
3179 4 2 1 1 570 1224 1210 839
3180 4 2 1 1 1325 1465 1464 658
3181 4 2 1 1 596 1034 701 750
3182 4 2 1 1 1473 880 1370 1232
3183 4 2 1 1 905 1331 1330 1435
3184 4 2 1 1 401 350 812 1018
3185 4 2 1 1 1454 349 1456 1335
3186 4 2 1 1 559 560 558 1146
3187 4 2 1 1 1145 506 437 1204
3188 4 2 1 1 838 837 603 1477
3189 4 2 1 1 1432 1441 819 371
3190 4 2 1 1 698 1205 1283 826
3191 4 2 1 1 1410 741 534 1000
3192 4 2 1 1 357 995 996 993
3193 4 2 1 1 358 359 357 996
3194 4 2 1 1 1479 1445 1239 551
3195 4 2 1 1 701 1034 1035 750
3196 4 2 1 1 375 381 1011 1006
3197 4 2 1 1 1465 1325 396 658
3198 4 2 1 1 385 985 1104 379
3199 4 2 1 1 393 981 1474 385
3200 4 2 1 1 1299 790 392 1011
3201 4 2 1 1 1073 718 343 1440
3202 4 2 1 1 1073 844 713 1279
3203 4 2 1 1 1477 1233 837 1152
3204 4 2 1 1 709 1051 1042 416
3205 4 2 1 1 410 1350 1421 422
3206 4 2 1 1 1073 1054 718 1440
3207 4 2 1 1 1418 1073 713 1279
3208 4 2 1 1 482 1128 1301 516
3209 4 2 1 1 1150 815 455 1103
3210 4 2 1 1 1012 375 1011 1006
3211 4 2 1 1 385 985 379 444
3212 4 2 1 1 393 394 981 385
3213 4 2 1 1 1299 1016 790 1011
3214 4 2 1 1 1317 568 719 1316
3215 4 2 1 1 1082 447 430 1081
3216 4 2 1 1 367 1442 1230 370
3217 4 2 1 1 452 974 1337 451
3218 4 2 1 1 1371 640 927 1372
3219 4 2 1 1 551 550 1239 548
3220 4 2 1 1 1441 356 819 371
3221 4 2 1 1 698 553 1205 826
3222 4 2 1 1 534 998 1410 1000
3223 4 2 1 1 502 524 525 1135
3224 4 2 1 1 719 720 568 1317
3225 4 2 1 1 506 1145 1203 1204
3226 4 2 1 1 719 720 1317 1316
3227 4 2 1 1 656 1072 1464 657
3228 4 2 1 1 1050 1416 596 595
3229 4 2 1 1 1054 343 718 1440
3230 4 2 1 1 1067 1068 417 1074
3231 4 2 1 1 1241 800 854 853
3232 4 2 1 1 1413 465 523 680
3233 4 2 1 1 1028 1030 536 1029
3234 4 2 1 1 1418 713 844 1279
3235 4 2 1 1 1018 812 1022 1017
3236 4 2 1 1 558 1100 1146 1099
3237 4 2 1 1 349 380 795 1335
3238 4 2 1 1 495 1180 1179 528
3239 4 2 1 1 1466 568 567 1460
3240 4 2 1 1 702 637 520 1556
3241 4 2 1 1 460 500 499 1109
3242 4 2 1 1 664 616 1310 633
3243 4 2 1 1 698 1194 1105 594
3244 4 2 1 1 1312 1308 366 367
3245 4 2 1 1 673 1442 1429 490
3246 4 2 1 1 819 831 1426 1438
3247 4 2 1 1 448 974 976 409
3248 4 2 1 1 1306 740 792 1410
3249 4 2 1 1 1083 430 425 1411
3250 4 2 1 1 827 971 973 451
3251 4 2 1 1 301 725 655 1534
3252 4 2 1 1 1228 1310 616 633
3253 4 2 1 1 722 1540 835 1560
3254 4 2 1 1 1145 438 440 1196
3255 4 2 1 1 1072 1052 1464 657
3256 4 2 1 1 1405 706 697 1187
3257 4 2 1 1 666 986 1004 668
3258 4 2 1 1 399 1383 980 708
3259 4 2 1 1 596 486 1050 595
3260 4 2 1 1 1351 756 413 1471
3261 4 2 1 1 522 1091 1236 658
3262 4 2 1 1 692 1070 1034 693
3263 4 2 1 1 659 522 1236 658
3264 4 2 1 1 1070 1032 1034 693
3265 4 2 1 1 821 1139 1165 511
3266 4 2 1 1 1367 733 919 1368
3267 4 2 1 1 658 1464 396 809
3268 4 2 1 1 1035 1036 1034 596
3269 4 2 1 1 1524 924 1523 862
3270 4 2 1 1 1139 821 464 511
3271 4 2 1 1 1241 1123 472 804
3272 4 2 1 1 804 1413 1124 467
3273 4 2 1 1 445 417 1273 1387
3274 4 2 1 1 1089 532 713 1061
3275 4 2 1 1 1060 718 782 1061
3276 4 2 1 1 446 536 1387 1049
3277 4 2 1 1 431 430 425 1083
3278 4 2 1 1 1312 366 365 367
3279 4 2 1 1 1442 994 1429 490
3280 4 2 1 1 976 975 974 448
3281 4 2 1 1 973 827 451 478
3282 4 2 1 1 1101 564 721 1460
3283 4 2 1 1 712 1443 1312 490
3284 4 2 1 1 546 973 1057 448
3285 4 2 1 1 1113 457 458 1083
3286 4 2 1 1 1150 1143 815 1103
3287 4 2 1 1 381 707 1010 1005
3288 4 2 1 1 384 1104 1419 378
3289 4 2 1 1 1474 1408 676 384
3290 4 2 1 1 1280 392 427 1010
3291 4 2 1 1 1109 500 499 1131
3292 4 2 1 1 1317 858 721 1415
3293 4 2 1 1 392 426 427 1010
3294 4 2 1 1 381 707 426 1010
3295 4 2 1 1 1419 1483 1104 384
3296 4 2 1 1 1408 1474 1483 384
3297 4 2 1 1 568 565 567 1460
3298 4 2 1 1 430 1080 1082 1081
3299 4 2 1 1 430 746 447 1082
3300 4 2 1 1 1442 367 843 370
3301 4 2 1 1 1442 1230 1290 367
3302 4 2 1 1 451 452 974 421
3303 4 2 1 1 972 1337 974 451
3304 4 2 1 1 1311 1272 784 1269
3305 4 2 1 1 557 698 1105 594
3306 4 2 1 1 819 831 489 1426
3307 4 2 1 1 792 1467 1306 1410
3308 4 2 1 1 528 1179 495 529
3309 4 2 1 1 1373 949 723 1560
3310 4 2 1 1 812 648 1043 1426
3311 4 2 1 1 1065 561 558 1105
3312 4 2 1 1 1314 792 696 1335
3313 4 2 1 1 1133 1145 440 1196
3314 4 2 1 1 1498 636 637 1556
3315 4 2 1 1 1280 427 426 1010
3316 4 2 1 1 647 1194 1455 677
3317 4 2 1 1 647 1455 1438 678
3318 4 2 1 1 1010 707 426 1005
3319 4 2 1 1 378 1432 1463 678
3320 4 2 1 1 1419 1483 384 378
3321 4 2 1 1 676 1408 1483 384
3322 4 2 1 1 677 1283 1284 676
3323 4 2 1 1 1005 741 739 1013
3324 4 2 1 1 740 504 1013 1305
3325 4 2 1 1 436 437 1280 1332
3326 4 2 1 1 1430 1101 721 1460
3327 4 2 1 1 633 1168 1167 684
3328 4 2 1 1 439 506 437 1145
3329 4 2 1 1 718 599 782 1061
3330 4 2 1 1 532 599 713 1061
3331 4 2 1 1 1131 1109 500 1108
3332 4 2 1 1 810 1236 1448 853
3333 4 2 1 1 466 1126 1139 465
3334 4 2 1 1 693 1349 1030 777
3335 4 2 1 1 1305 438 504 1332
3336 4 2 1 1 797 1128 482 516
3337 4 2 1 1 1109 440 820 1399
3338 4 2 1 1 484 457 1394 1082
3339 4 2 1 1 919 732 733 1367
3340 4 2 1 1 1441 819 1202 1432
3341 4 2 1 1 1463 1438 1455 678
3342 4 2 1 1 1194 1284 1455 677
3343 4 2 1 1 1283 1155 1205 698
3344 4 2 1 1 740 504 739 1013
3345 4 2 1 1 534 788 741 1410
3346 4 2 1 1 723 949 722 1560
3347 4 2 1 1 473 1093 1094 481
3348 4 2 1 1 721 1430 1317 1415
3349 4 2 1 1 438 436 504 1332
3350 4 2 1 1 454 1425 1182 476
3351 4 2 1 1 496 1087 1091 656
3352 4 2 1 1 471 473 1094 481
3353 4 2 1 1 1275 1425 1182 454
3354 4 2 1 1 1466 567 565 1460
3355 4 2 1 1 692 1416 1277 683
3356 4 2 1 1 436 437 427 1280
3357 4 2 1 1 739 707 741 1005
3358 4 2 1 1 1419 1432 1463 378
3359 4 2 1 1 1408 1284 1283 676
3360 4 2 1 1 1013 504 739 1305
3361 4 2 1 1 1373 313 723 949
3362 4 2 1 1 647 1463 1455 678
3363 4 2 1 1 647 1455 1284 677
3364 4 2 1 1 1071 1051 657 851
3365 4 2 1 1 487 1050 1291 422
3366 4 2 1 1 366 1308 1312 365
3367 4 2 1 1 673 1429 994 490
3368 4 2 1 1 976 975 448 409
3369 4 2 1 1 1083 425 431 1411
3370 4 2 1 1 827 973 971 478
3371 4 2 1 1 1390 649 307 1395
3372 4 2 1 1 509 589 1470 588
3373 4 2 1 1 837 838 1233 1477
3374 4 2 1 1 1123 1241 1171 804
3375 4 2 1 1 1413 1124 1171 804
3376 4 2 1 1 417 445 434 1387
3377 4 2 1 1 446 536 434 1387
3378 4 2 1 1 313 722 723 949
3379 4 2 1 1 1173 1110 517 613
3380 4 2 1 1 1305 504 436 1332
3381 4 2 1 1 622 940 1359 1514
3382 4 2 1 1 1131 500 499 1108
3383 4 2 1 1 1310 1424 634 432
3384 4 2 1 1 1150 455 859 1103
3385 4 2 1 1 852 517 1110 613
3386 4 2 1 1 1177 1176 1175 663
3387 4 2 1 1 992 357 1441 362
3388 4 2 1 1 534 360 996 999
3389 4 2 1 1 551 1462 1205 679
3390 4 2 1 1 1460 1466 568 1197
3391 4 2 1 1 1475 624 1480 1366
3392 4 2 1 1 574 1281 1174 845
3393 4 2 1 1 343 433 718 1073
3394 4 2 1 1 433 844 713 1073
3395 4 2 1 1 314 1536 728 727
3396 4 2 1 1 649 636 637 1498
3397 4 2 1 1 1236 810 659 853
3398 4 2 1 1 465 1139 466 464
3399 4 2 1 1 1030 1032 1349 693
3400 4 2 1 1 457 1112 1394 1082
3401 4 2 1 1 1143 455 815 1103
3402 4 2 1 1 482 1087 1093 481
3403 4 2 1 1 368 375 1187 1354
3404 4 2 1 1 985 987 665 666
3405 4 2 1 1 398 979 981 399
3406 4 2 1 1 1471 790 798 1300
3407 4 2 1 1 455 859 815 1150
3408 4 2 1 1 1168 633 638 684
3409 4 2 1 1 476 1425 1180 683
3410 4 2 1 1 1179 1181 1180 495
3411 4 2 1 1 1167 1127 1168 633
3412 4 2 1 1 382 392 790 1011
3413 4 2 1 1 381 382 375 1011
3414 4 2 1 1 985 1104 983 385
3415 4 2 1 1 983 1474 981 385
3416 4 2 1 1 1068 417 412 1067
3417 4 2 1 1 1490 1241 800 854
3418 4 2 1 1 523 1384 1413 680
3419 4 2 1 1 1028 536 794 1029
3420 4 2 1 1 1094 1448 472 471
3421 4 2 1 1 468 1125 1126 467
3422 4 2 1 1 1275 1049 777 454
3423 4 2 1 1 1074 784 764 1268
3424 4 2 1 1 1047 752 598 1043
3425 4 2 1 1 599 532 1089 1061
3426 4 2 1 1 1090 533 500 1089
3427 4 2 1 1 1060 782 599 1061
3428 4 2 1 1 1060 694 380 1315
3429 4 2 1 1 1149 695 820 1090
3430 4 2 1 1 1149 696 695 1315
3431 4 2 1 1 1101 721 564 1430
3432 4 2 1 1 1046 858 752 1022
3433 4 2 1 1 1065 840 598 1047
3434 4 2 1 1 995 358 357 996
3435 4 2 1 1 1024 349 348 1018
3436 4 2 1 1 1373 1371 313 949
3437 4 2 1 1 1025 348 346 1023
3438 4 2 1 1 347 346 1025 1024
3439 4 2 1 1 497 1172 1086 852
3440 4 2 1 1 1477 829 506 1234
3441 4 2 1 1 1024 1025 347 1026
3442 4 2 1 1 348 825 346 1023
3443 4 2 1 1 1182 1183 519 495
3444 4 2 1 1 1099 564 840 1064
3445 4 2 1 1 463 1193 1208 442
3446 4 2 1 1 768 1457 1231 766
3447 4 2 1 1 1107 450 456 1077
3448 4 2 1 1 386 1033 1318 751
3449 4 2 1 1 966 967 943 901
3450 4 2 1 1 1183 1182 1181 495
3451 4 2 1 1 1273 764 477 1226
3452 4 2 1 1 1430 721 858 1415
3453 4 2 1 1 457 431 458 1083
3454 4 2 1 1 365 712 1312 490
3455 4 2 1 1 994 1312 1443 490
3456 4 2 1 1 546 478 973 448
3457 4 2 1 1 975 1057 973 448
3458 4 2 1 1 457 1113 1112 1083
3459 4 2 1 1 813 1176 1178 530
3460 4 2 1 1 633 1167 1127 684
3461 4 2 1 1 1231 1154 1457 768
3462 4 2 1 1 1154 1153 1457 767
3463 4 2 1 1 1492 1208 1193 442
3464 4 2 1 1 1492 1193 1491 443
3465 4 2 1 1 450 423 456 1077
3466 4 2 1 1 423 450 418 1075
3467 4 2 1 1 751 816 1031 799
3468 4 2 1 1 1318 386 751 799
3469 4 2 1 1 1025 346 825 1023
3470 4 2 1 1 1077 423 418 1075
3471 4 2 1 1 363 762 1001 999
3472 4 2 1 1 1153 1154 768 767
3473 4 2 1 1 362 1192 990 372
3474 4 2 1 1 443 1491 1492 442
3475 4 2 1 1 679 1322 1468 796
3476 4 2 1 1 1025 346 347 1026
3477 4 2 1 1 816 1318 1031 799
3478 4 2 1 1 1234 814 801 1235
3479 4 2 1 1 1043 1047 752 1046
3480 4 2 1 1 533 820 695 1090
3481 4 2 1 1 696 694 695 1315
3482 4 2 1 1 1129 1137 845 601
3483 4 2 1 1 1091 522 496 656
3484 4 2 1 1 1416 1277 1070 692
3485 4 2 1 1 1065 1064 840 1047
3486 4 2 1 1 1080 430 447 1081
3487 4 2 1 1 1082 746 447 1081
3488 4 2 1 1 367 1230 1290 370
3489 4 2 1 1 843 1230 1442 370
3490 4 2 1 1 1150 624 1237 1475
3491 4 2 1 1 452 1337 974 421
3492 4 2 1 1 1337 972 452 451
3493 4 2 1 1 699 716 793 1510
3494 4 2 1 1 824 649 637 1498
3495 4 2 1 1 1336 360 363 1117
3496 4 2 1 1 990 992 544 808
3497 4 2 1 1 686 1322 1462 411
3498 4 2 1 1 1317 1197 568 1316
3499 4 2 1 1 1110 1086 1172 852
3500 4 2 1 1 751 1031 1318 799
3501 4 2 1 1 768 1154 1457 767
3502 4 2 1 1 443 1492 1193 442
3503 4 2 1 1 450 423 1077 1075
3504 4 2 1 1 1453 814 829 1458
3505 4 2 1 1 457 484 746 1082
3506 4 2 1 1 1308 1312 1290 367
3507 4 2 1 1 490 673 1442 843
3508 4 2 1 1 448 421 974 409
3509 4 2 1 1 430 1083 1080 1411
3510 4 2 1 1 972 973 971 451
3511 4 2 1 1 1316 414 817 1045
3512 4 2 1 1 1044 344 343 1053
3513 4 2 1 1 636 649 307 1390
3514 4 2 1 1 1085 1084 1116 474
3515 4 2 1 1 1147 1122 575 1148
3516 4 2 1 1 1427 778 364 1308
3517 4 2 1 1 673 989 988 672
3518 4 2 1 1 409 978 977 403
3519 4 2 1 1 1411 779 505 1472
3520 4 2 1 1 341 339 674 1321
3521 4 2 1 1 474 1116 1085 429
3522 4 2 1 1 1464 1325 396 809
3523 4 2 1 1 1036 1035 701 596
3524 4 2 1 1 648 812 489 1426
3525 4 2 1 1 1105 561 558 557
3526 4 2 1 1 1335 1314 792 1467
3527 4 2 1 1 1277 1180 1425 683
3528 4 2 1 1 481 482 1087 496
3529 4 2 1 1 1147 575 577 1148
3530 4 2 1 1 862 755 924 1523
3531 4 2 1 1 423 424 1079 1078
3532 4 2 1 1 850 1154 1201 435
3533 4 2 1 1 691 1492 1048 415
3534 4 2 1 1 369 1289 1307 799
3535 4 2 1 1 339 674 1321 1189
3536 4 2 1 1 341 339 1321 1189
3537 4 2 1 1 1122 575 577 1147
3538 4 2 1 1 933 734 733 1484
3539 4 2 1 1 1085 1084 474 429
3540 4 2 1 1 1129 1137 1121 845
3541 4 2 1 1 1120 1085 429 449
3542 4 2 1 1 583 1177 1175 663
3543 4 2 1 1 862 754 1523 946
3544 4 2 1 1 999 1001 363 1117
3545 4 2 1 1 363 361 360 1336
3546 4 2 1 1 992 990 991 808
3547 4 2 1 1 990 362 372 544
3548 4 2 1 1 1322 679 411 796
3549 4 2 1 1 1462 1449 1322 686
3550 4 2 1 1 530 813 1176 663
3551 4 2 1 1 829 705 814 1453
3552 4 2 1 1 1399 1109 440 1133
3553 4 2 1 1 814 1234 1458 1235
3554 4 2 1 1 418 413 1076 1068
3555 4 2 1 1 1424 1110 852 851
3556 4 2 1 1 671 1004 1153 800
3557 4 2 1 1 1018 350 812 1017
3558 4 2 1 1 1100 559 558 1146
3559 4 2 1 1 680 1383 1491 441
3560 4 2 1 1 706 1095 1029 816
3561 4 2 1 1 1456 349 795 1335
3562 4 2 1 1 1074 1311 784 1268
3563 4 2 1 1 747 742 635 1531
3564 4 2 1 1 550 1239 1445 551
3565 4 2 1 1 663 1291 1176 574
3566 4 2 1 1 638 1167 1168 684
3567 4 2 1 1 810 472 1448 471
3568 4 2 1 1 466 468 1126 467
3569 4 2 1 1 764 1273 1268 1226
3570 4 2 1 1 1275 1049 1349 777
3571 4 2 1 1 484 457 1112 1394
3572 4 2 1 1 1155 1194 1105 698
3573 4 2 1 1 1202 819 1426 1438
3574 4 2 1 1 740 788 792 1410
3575 4 2 1 1 1052 1071 1051 657
3576 4 2 1 1 487 486 1050 422
3577 4 2 1 1 293 926 1435 897
3578 4 2 1 1 377 1035 1422 386
3579 4 2 1 1 396 1377 1231 765
3580 4 2 1 1 1381 456 537 1400
3581 4 2 1 1 1482 1240 1302 710
3582 4 2 1 1 527 652 526 1294
3583 4 2 1 1 512 1208 1210 833
3584 4 2 1 1 1354 363 374 1001
3585 4 2 1 1 372 1397 990 665
3586 4 2 1 1 398 1007 1322 796
3587 4 2 1 1 1300 600 814 1235
3588 4 2 1 1 432 634 1310 664
3589 4 2 1 1 1427 363 368 1117
3590 4 2 1 1 990 987 672 544
3591 4 2 1 1 979 1322 403 411
3592 4 2 1 1 361 359 1336 1443
3593 4 2 1 1 712 993 991 808
3594 4 2 1 1 546 1449 1479 686
3595 4 2 1 1 547 1057 1485 548
3596 4 2 1 1 1077 423 1079 1078
3597 4 2 1 1 435 850 1154 768
3598 4 2 1 1 415 691 1492 442
3599 4 2 1 1 1318 1307 1289 799
3600 4 2 1 1 1458 814 798 1472
3601 4 2 1 1 470 1097 1433 468
3602 4 2 1 1 470 1096 1097 471
3603 4 2 1 1 598 752 1047 1046
3604 4 2 1 1 1149 695 694 1315
3605 4 2 1 1 1149 533 695 1090
3606 4 2 1 1 1275 1184 453 475
3607 4 2 1 1 1453 603 705 1113
3608 4 2 1 1 1064 598 840 1047
3609 4 2 1 1 440 439 438 1145
3610 4 2 1 1 533 532 500 1089
3611 4 2 1 1 782 694 380 1060
3612 4 2 1 1 345 346 1044 1026
3613 4 2 1 1 491 1088 970 479
3614 4 2 1 1 825 817 1025 1417
3615 4 2 1 1 1046 1415 858 1022
3616 4 2 1 1 589 1470 1206 509
3617 4 2 1 1 1140 832 527 1292
3618 4 2 1 1 1281 1121 1174 845
3619 4 2 1 1 1125 1186 823 513
3620 4 2 1 1 564 1099 1101 1064
3621 4 2 1 1 1370 938 880 1473
3622 4 2 1 1 1439 561 597 1047
3623 4 2 1 1 1336 363 361 1117
3624 4 2 1 1 544 991 990 808
3625 4 2 1 1 648 597 1047 1069
3626 4 2 1 1 686 1449 1322 411
3627 4 2 1 1 695 818 1314 1313
3628 4 2 1 1 1453 705 814 1458
3629 4 2 1 1 535 1318 1095 799
3630 4 2 1 1 1077 423 419 1076
3631 4 2 1 1 671 1154 1098 768
3632 4 2 1 1 441 1348 1492 442
3633 4 2 1 1 1038 1037 1039 763
3634 4 2 1 1 657 1464 656 809
3635 4 2 1 1 1323 406 397 395
3636 4 2 1 1 1050 1416 1036 596
3637 4 2 1 1 813 1178 1277 528
3638 4 2 1 1 769 447 1380 1079
3639 4 2 1 1 1081 780 770 1115
3640 4 2 1 1 370 1288 1289 373
3641 4 2 1 1 1229 1230 435 376
3642 4 2 1 1 496 1301 1086 497
3643 4 2 1 1 1109 499 460 1131
3644 4 2 1 1 823 468 1125 513
3645 4 2 1 1 1045 344 346 1025
3646 4 2 1 1 416 1056 1350 420
3647 4 2 1 1 847 1493 1337 691
3648 4 2 1 1 763 1037 1039 397
3649 4 2 1 1 1039 1323 397 395
3650 4 2 1 1 530 1177 1179 582
3651 4 2 1 1 338 1111 1169 1189
3652 4 2 1 1 1111 338 339 1189
3653 4 2 1 1 1313 695 791 1399
3654 4 2 1 1 1514 1359 622 1522
3655 4 2 1 1 946 295 1523 1353
3656 4 2 1 1 1437 855 577 1147
3657 4 2 1 1 1523 754 295 946
3658 4 2 1 1 824 649 1498 935
3659 4 2 1 1 522 1087 1091 496
3660 4 2 1 1 763 1039 1038 397
3661 4 2 1 1 1039 1323 406 397
3662 4 2 1 1 1117 364 361 1450
3663 4 2 1 1 544 989 991 834
3664 4 2 1 1 977 1449 690 411
3665 4 2 1 1 571 1338 1482 547
3666 4 2 1 1 1169 337 339 1189
3667 4 2 1 1 1151 505 705 1458
3668 4 2 1 1 692 1277 1070 683
3669 4 2 1 1 495 519 1182 475
3670 4 2 1 1 1217 1403 1137 601
3671 4 2 1 1 1001 1354 363 1117
3672 4 2 1 1 665 990 372 544
3673 4 2 1 1 1322 411 398 796
3674 4 2 1 1 1458 1300 814 1235
3675 4 2 1 1 1102 855 749 1103
3676 4 2 1 1 1085 1056 428 429
3677 4 2 1 1 923 733 1484 1368
3678 4 2 1 1 420 1085 1119 429
3679 4 2 1 1 452 1088 1494 480
3680 4 2 1 1 1078 1077 419 1076
3681 4 2 1 1 1095 1307 1318 535
3682 4 2 1 1 850 671 1098 768
3683 4 2 1 1 1348 441 415 442
3684 4 2 1 1 1207 592 577 1147
3685 4 2 1 1 1229 1154 765 768
3686 4 2 1 1 1400 423 769 1077
3687 4 2 1 1 373 1422 1318 799
3688 4 2 1 1 833 1492 1493 442
3689 4 2 1 1 601 1217 1403 848
3690 4 2 1 1 1415 825 401 1023
3691 4 2 1 1 1454 347 782 1026
3692 4 2 1 1 1025 1044 346 1026
3693 4 2 1 1 1054 718 1060 1061
3694 4 2 1 1 532 501 1108 1140
3695 4 2 1 1 825 817 346 1025
3696 4 2 1 1 1061 713 1089 1418
3697 4 2 1 1 1169 339 338 1189
3698 4 2 1 1 301 1534 655 1559
3699 4 2 1 1 1406 1307 535 366
3700 4 2 1 1 1098 1429 670 850
3701 4 2 1 1 976 1348 404 415
3702 4 2 1 1 419 425 1078 1191
3703 4 2 1 1 569 1086 1071 852
3704 4 2 1 1 300 734 733 933
3705 4 2 1 1 721 720 858 1317
3706 4 2 1 1 455 340 1059 1111
3707 4 2 1 1 813 1326 1176 487
3708 4 2 1 1 567 568 1466 1197
3709 4 2 1 1 1042 1040 407 410
3710 4 2 1 1 577 592 855 1437
3711 4 2 1 1 1448 1094 810 471
3712 4 2 1 1 1126 1125 468 466
3713 4 2 1 1 1349 1275 777 454
3714 4 2 1 1 515 1128 1096 473
3715 4 2 1 1 1012 1187 375 1354
3716 4 2 1 1 364 363 368 1427
3717 4 2 1 1 990 987 989 672
3718 4 2 1 1 444 985 665 666
3719 4 2 1 1 981 398 399 394
3720 4 2 1 1 979 1322 977 403
3721 4 2 1 1 505 798 814 1472
3722 4 2 1 1 1471 1016 790 1300
3723 4 2 1 1 1439 1455 597 594
3724 4 2 1 1 1455 597 831 1069
3725 4 2 1 1 712 1312 1443 365
3726 4 2 1 1 712 994 1443 490
3727 4 2 1 1 1057 975 546 448
3728 4 2 1 1 478 973 1057 546
3729 4 2 1 1 818 504 1306 1313
3730 4 2 1 1 1113 458 431 1083
3731 4 2 1 1 1113 458 457 1112
3732 4 2 1 1 1056 1084 1085 428
3733 4 2 1 1 1310 1228 1127 633
3734 4 2 1 1 1119 420 429 449
3735 4 2 1 1 634 1110 1282 613
3736 4 2 1 1 622 940 1513 868
3737 4 2 1 1 791 504 1313 1196
3738 4 2 1 1 1125 1433 1097 468
3739 4 2 1 1 1096 1094 1097 471
3740 4 2 1 1 475 453 1275 454
3741 4 2 1 1 564 565 721 1460
3742 4 2 1 1 1268 477 764 1226
3743 4 2 1 1 965 1409 966 901
3744 4 2 1 1 996 998 534 999
3745 4 2 1 1 357 356 1441 362
3746 4 2 1 1 679 1205 551 553
3747 4 2 1 1 1001 762 707 1000
3748 4 2 1 1 1419 1192 371 372
3749 4 2 1 1 1468 1408 826 796
3750 4 2 1 1 617 616 1228 615
3751 4 2 1 1 1140 527 501 1294
3752 4 2 1 1 469 1124 1097 468
3753 4 2 1 1 1097 1123 469 471
3754 4 2 1 1 453 445 1226 1382
3755 4 2 1 1 446 453 1275 1382
3756 4 2 1 1 924 1524 1523 1428
3757 4 2 1 1 1204 801 427 1235
3758 4 2 1 1 391 383 387 1014
3759 4 2 1 1 1308 778 364 366
3760 4 2 1 1 988 1429 989 673
3761 4 2 1 1 982 1488 984 805
3762 4 2 1 1 976 978 977 409
3763 4 2 1 1 505 425 779 1411
3764 4 2 1 1 780 540 542 1130
3765 4 2 1 1 389 1037 1063 701
3766 4 2 1 1 388 1325 1324 395
3767 4 2 1 1 407 1039 1041 397
3768 4 2 1 1 408 1039 1040 397
3769 4 2 1 1 1437 577 592 1147
3770 4 2 1 1 1482 710 571 547
3771 4 2 1 1 1523 1524 862 946
3772 4 2 1 1 472 854 1241 804
3773 4 2 1 1 467 804 1413 523
3774 4 2 1 1 417 1067 1273 1387
3775 4 2 1 1 536 1387 1049 1028
3776 4 2 1 1 339 340 1189 1319
3777 4 2 1 1 1319 341 342 1440
3778 4 2 1 1 841 719 1122 1058
3779 4 2 1 1 1073 343 433 1440
3780 4 2 1 1 617 1228 1250 615
3781 4 2 1 1 792 795 696 1335
3782 4 2 1 1 598 597 561 1047
3783 4 2 1 1 598 648 597 1047
3784 4 2 1 1 812 1043 1017 1426
3785 4 2 1 1 558 1100 1065 1105
3786 4 2 1 1 433 844 1073 1279
3787 4 2 1 1 1149 695 1314 1313
3788 4 2 1 1 1087 1072 1091 656
3789 4 2 1 1 383 391 1019 1014
3790 4 2 1 1 1019 391 387 1014
3791 4 2 1 1 806 984 1488 805
3792 4 2 1 1 1488 982 806 805
3793 4 2 1 1 1102 841 577 1147
3794 4 2 1 1 1424 852 634 851
3795 4 2 1 1 1149 694 533 1062
3796 4 2 1 1 683 692 1416 595
3797 4 2 1 1 1064 856 598 1046
3798 4 2 1 1 675 757 296 1297
3799 4 2 1 1 439 506 1145 1203
3800 4 2 1 1 1174 1176 1291 574
3801 4 2 1 1 1077 419 423 1078
3802 4 2 1 1 850 1098 1154 768
3803 4 2 1 1 1307 1318 535 799
3804 4 2 1 1 415 1492 1348 442
3805 4 2 1 1 460 440 820 1109
3806 4 2 1 1 1202 356 819 1441
3807 4 2 1 1 553 1205 1155 698
3808 4 2 1 1 788 534 998 1410
3809 4 2 1 1 719 414 817 1316
3810 4 2 1 1 1066 402 412 1351
3811 4 2 1 1 669 1490 1487 668
3812 4 2 1 1 1384 1021 708 681
3813 4 2 1 1 488 794 1405 1020
3814 4 2 1 1 1084 1085 428 429
3815 4 2 1 1 1053 343 1044 1440
3816 4 2 1 1 1019 771 391 1020
3817 4 2 1 1 405 391 1066 1019
3818 4 2 1 1 806 1242 1488 669
3819 4 2 1 1 681 1303 1488 806
3820 4 2 1 1 429 1085 1119 449
3821 4 2 1 1 1313 1149 695 1399
3822 4 2 1 1 519 1333 1220 922
3823 4 2 1 1 1041 406 407 397
3824 4 2 1 1 1040 1038 1039 408
3825 4 2 1 1 506 1203 1477 1234
3826 4 2 1 1 363 364 361 1117
3827 4 2 1 1 361 359 1443 712
3828 4 2 1 1 991 1443 993 712
3829 4 2 1 1 990 989 991 544
3830 4 2 1 1 1449 977 1322 411
3831 4 2 1 1 548 547 1057 546
3832 4 2 1 1 1479 1057 1449 546
3833 4 2 1 1 505 814 705 1458
3834 4 2 1 1 603 458 705 1113
3835 4 2 1 1 1486 1457 767 659
3836 4 2 1 1 443 1193 1489 464
3837 4 2 1 1 1311 774 450 1075
3838 4 2 1 1 802 1031 1032 751
3839 4 2 1 1 1529 294 730 928
3840 4 2 1 1 519 1183 1181 495
3841 4 2 1 1 389 1324 1039 397
3842 4 2 1 1 842 1175 1174 663
3843 4 2 1 1 366 1308 1290 367
3844 4 2 1 1 1429 1442 673 843
3845 4 2 1 1 421 976 974 409
3846 4 2 1 1 1080 425 430 1411
3847 4 2 1 1 827 972 971 451
3848 4 2 1 1 1019 1027 771 1020
3849 4 2 1 1 1027 405 1066 1019
3850 4 2 1 1 806 682 1242 669
3851 4 2 1 1 681 682 1303 806
3852 4 2 1 1 1395 1498 649 935
3853 4 2 1 1 1220 1183 1333 519
3854 4 2 1 1 1006 374 707 1001
3855 4 2 1 1 372 1419 1397 379
3856 4 2 1 1 796 1007 1408 393
3857 4 2 1 1 1086 1087 1301 496
3858 4 2 1 1 862 754 755 1523
3859 4 2 1 1 1091 1465 1236 658
3860 4 2 1 1 1235 600 427 1299
3861 4 2 1 1 1055 1084 428 664
3862 4 2 1 1 750 692 1034 693
3863 4 2 1 1 828 1119 1121 449
3864 4 2 1 1 1094 1092 810 481
3865 4 2 1 1 1277 683 813 528
3866 4 2 1 1 454 1349 1425 503
3867 4 2 1 1 1166 1165 1139 511
3868 4 2 1 1 513 1125 1138 466
3869 4 2 1 1 1197 719 568 1316
3870 4 2 1 1 1115 542 783 1130
3871 4 2 1 1 364 363 1427 1117
3872 4 2 1 1 989 990 672 544
3873 4 2 1 1 403 1322 977 411
3874 4 2 1 1 710 1485 1482 549
3875 4 2 1 1 1019 391 402 1423
3876 4 2 1 1 488 391 1019 1015
3877 4 2 1 1 1015 697 383 1012
3878 4 2 1 1 1011 382 375 1012
3879 4 2 1 1 1423 387 756 1016
3880 4 2 1 1 1016 382 790 1011
3881 4 2 1 1 806 1487 1488 667
3882 4 2 1 1 984 986 444 667
3883 4 2 1 1 385 983 985 444
3884 4 2 1 1 400 1021 1488 806
3885 4 2 1 1 394 983 981 385
3886 4 2 1 1 394 980 982 400
3887 4 2 1 1 1458 505 814 1472
3888 4 2 1 1 1422 1318 1289 373
3889 4 2 1 1 780 542 783 1115
3890 4 2 1 1 765 435 1229 768
3891 4 2 1 1 1079 1400 769 1077
3892 4 2 1 1 691 833 1493 442
3893 4 2 1 1 496 1086 1072 569
3894 4 2 1 1 519 1183 1182 475
3895 4 2 1 1 1088 970 1420 491
3896 4 2 1 1 1041 1052 709 406
3897 4 2 1 1 408 1421 1038 486
3898 4 2 1 1 1326 1277 595 813
3899 4 2 1 1 1018 1024 349 1456
3900 4 2 1 1 349 350 348 1018
3901 4 2 1 1 753 1444 1085 429
3902 4 2 1 1 1027 771 391 1019
3903 4 2 1 1 391 405 1027 1019
3904 4 2 1 1 682 1242 1488 806
3905 4 2 1 1 682 1488 1303 806
3906 4 2 1 1 357 1441 995 992
3907 4 2 1 1 534 360 358 996
3908 4 2 1 1 1445 1462 1205 551
3909 4 2 1 1 1456 351 350 1009
3910 4 2 1 1 1110 1071 1086 852
3911 4 2 1 1 1110 1424 1071 851
3912 4 2 1 1 406 1041 1039 397
3913 4 2 1 1 408 1038 1039 397
3914 4 2 1 1 1447 955 1459 322
3915 4 2 1 1 753 1116 1206 684
3916 4 2 1 1 663 813 1176 487
3917 4 2 1 1 1433 823 887 515
3918 4 2 1 1 1553 824 637 1498
3919 4 2 1 1 1291 663 487 574
3920 4 2 1 1 841 1102 1122 1147
3921 4 2 1 1 1228 1285 1250 615
3922 4 2 1 1 340 339 341 1319
3923 4 2 1 1 647 1284 1463 390
3924 4 2 1 1 739 436 1304 1305
3925 4 2 1 1 1375 525 1372 524
3926 4 2 1 1 514 1257 1495 570
3927 4 2 1 1 294 1378 1529 892
3928 4 2 1 1 997 773 358 998
3929 4 2 1 1 355 356 1002 995
3930 4 2 1 1 618 1302 1240 710
3931 4 2 1 1 750 1032 1033 751
3932 4 2 1 1 464 1193 1166 463
3933 4 2 1 1 1457 1465 766 659
3934 4 2 1 1 1003 353 773 1396
3935 4 2 1 1 1002 354 353 1003
3936 4 2 1 1 862 920 1524 1270
3937 4 2 1 1 785 453 1226 1184
3938 4 2 1 1 1010 381 1005 1006
3939 4 2 1 1 378 384 1104 379
3940 4 2 1 1 1474 676 393 384
3941 4 2 1 1 1107 493 450 1311
3942 4 2 1 1 1010 1280 392 1299
3943 4 2 1 1 572 502 525 1548
3944 4 2 1 1 634 852 1110 613
3945 4 2 1 1 1009 353 352 1003
3946 4 2 1 1 351 353 1003 1118
3947 4 2 1 1 838 829 506 1477
3948 4 2 1 1 1087 1092 481 522
3949 4 2 1 1 344 1045 1044 1025
3950 4 2 1 1 344 346 817 1045
3951 4 2 1 1 1123 1094 1448 472
3952 4 2 1 1 386 377 1035 701
3953 4 2 1 1 1125 1124 1126 467
3954 4 2 1 1 1231 1325 1377 396
3955 4 2 1 1 777 1049 446 454
3956 4 2 1 1 503 1070 1425 683
3957 4 2 1 1 1176 1174 1175 663
3958 4 2 1 1 896 229 1557 312
3959 4 2 1 1 355 353 997 1003
3960 4 2 1 1 1276 926 1447 897
3961 4 2 1 1 1106 1157 1156 554
3962 4 2 1 1 647 597 1455 594
3963 4 2 1 1 831 597 1455 647
3964 4 2 1 1 1002 1008 354 1003
3965 4 2 1 1 461 773 353 1396
3966 4 2 1 1 1008 353 354 1003
3967 4 2 1 1 1003 461 353 1396
3968 4 2 1 1 1026 345 782 1054
3969 4 2 1 1 504 1306 1313 1305
3970 4 2 1 1 583 1175 1218 848
3971 4 2 1 1 1179 1181 495 529
3972 4 2 1 1 1140 532 832 1418
3973 4 2 1 1 825 720 1417 1415
3974 4 2 1 1 527 653 652 1294
3975 4 2 1 1 527 1140 1292 1294
3976 4 2 1 1 530 1179 529 582
3977 4 2 1 1 1305 1313 504 1196
3978 4 2 1 1 445 764 477 1273
3979 4 2 1 1 1380 447 1081 1079
3980 4 2 1 1 770 447 780 1081
3981 4 2 1 1 413 418 412 1068
3982 4 2 1 1 1230 1288 1289 370
3983 4 2 1 1 370 435 1230 376
3984 4 2 1 1 1004 1490 1153 800
3985 4 2 1 1 1384 1383 1491 680
3986 4 2 1 1 1029 794 706 816
3987 4 2 1 1 649 636 1498 1390
3988 4 2 1 1 1110 1424 852 634
3989 4 2 1 1 1060 1454 782 1026
3990 4 2 1 1 401 858 825 1415
3991 4 2 1 1 901 967 943 310
3992 4 2 1 1 556 1106 1100 557
3993 4 2 1 1 1017 352 489 1008
3994 4 2 1 1 1140 1108 532 1089
3995 4 2 1 1 1118 795 461 1467
3996 4 2 1 1 1160 783 781 1159
3997 4 2 1 1 1124 1125 1097 468
3998 4 2 1 1 1123 1097 1094 471
3999 4 2 1 1 453 446 1275 454
4000 4 2 1 1 230 1557 229 312
4001 4 2 1 1 1337 452 847 691
4002 4 2 1 1 1403 1218 1175 848
4003 4 2 1 1 1176 1174 663 574
4004 4 2 1 1 434 405 1067 1027
4005 4 2 1 1 1028 771 434 1027
4006 4 2 1 1 1171 1242 682 854
4007 4 2 1 1 1303 1171 682 523
4008 4 2 1 1 851 1051 657 709
4009 4 2 1 1 1050 1421 1291 422
4010 4 2 1 1 703 702 830 1248
4011 4 2 1 1 375 697 368 1187
4012 4 2 1 1 987 985 986 666
4013 4 2 1 1 979 980 981 399
4014 4 2 1 1 798 756 790 1471
4015 4 2 1 1 1079 769 423 1077
4016 4 2 1 1 1154 1229 435 768
4017 4 2 1 1 390 1483 1463 378
4018 4 2 1 1 1483 1284 676 390
4019 4 2 1 1 373 1318 1289 799
4020 4 2 1 1 691 1493 1492 442
4021 4 2 1 1 1005 739 426 1304
4022 4 2 1 1 1189 341 339 1319
4023 4 2 1 1 426 436 1280 1304
4024 4 2 1 1 1122 577 841 1147
4025 4 2 1 1 453 445 477 1226
4026 4 2 1 1 1331 905 1436 1435
4027 4 2 1 1 1317 720 858 1415
4028 4 2 1 1 1494 1337 1088 452
4029 4 2 1 1 1047 1064 598 1046
4030 4 2 1 1 1285 1228 616 615
4031 4 2 1 1 1060 782 718 1054
4032 4 2 1 1 533 695 694 1149
4033 4 2 1 1 1394 746 484 1082
4034 4 2 1 1 713 532 1089 1418
4035 4 2 1 1 664 1127 1084 474
4036 4 2 1 1 707 1005 1001 1000
4037 4 2 1 1 371 378 1419 372
4038 4 2 1 1 826 1408 676 796
4039 4 2 1 1 1443 1450 361 365
4040 4 2 1 1 994 991 834 712
4041 4 2 1 1 975 1449 546 690
4042 4 2 1 1 478 1057 1338 547
4043 4 2 1 1 304 1402 936 925
4044 4 2 1 1 1320 1433 887 515
4045 4 2 1 1 705 431 1151 1113
4046 4 2 1 1 809 1052 1323 406
4047 4 2 1 1 486 1036 1038 763
4048 4 2 1 1 391 387 402 1423
4049 4 2 1 1 391 488 383 1015
4050 4 2 1 1 1307 1406 1308 366
4051 4 2 1 1 673 670 1429 850
4052 4 2 1 1 1487 984 1488 667
4053 4 2 1 1 982 1021 1488 400
4054 4 2 1 1 409 976 404 415
4055 4 2 1 1 427 1204 1235 1280
4056 4 2 1 1 1411 1078 425 1191
4057 4 2 1 1 533 599 1089 1062
4058 4 2 1 1 1060 599 694 1062
4059 4 2 1 1 1375 525 524 1135
4060 4 2 1 1 858 856 1430 1046
4061 4 2 1 1 1126 1489 1139 465
4062 4 2 1 1 1486 1448 1236 853
4063 4 2 1 1 1030 693 777 802
4064 4 2 1 1 1401 1179 1177 582
4065 4 2 1 1 608 1240 1239 549
4066 4 2 1 1 540 780 1114 1130
4067 4 2 1 1 613 1173 1285 612
4068 4 2 1 1 1080 424 425 1078
4069 4 2 1 1 1072 1087 496 656
4070 4 2 1 1 1307 1290 369 366
4071 4 2 1 1 843 1429 1201 850
4072 4 2 1 1 1008 352 353 1003
4073 4 2 1 1 1003 353 461 1118
4074 4 2 1 1 421 1048 976 415
4075 4 2 1 1 565 564 1101 1460
4076 4 2 1 1 1412 1157 1106 556
4077 4 2 1 1 1008 1009 352 1003
4078 4 2 1 1 353 351 461 1118
4079 4 2 1 1 955 1274 1459 910
4080 4 2 1 1 1485 710 547 549
4081 4 2 1 1 1052 1464 657 809
4082 4 2 1 1 486 1050 1036 596
4083 4 2 1 1 1430 856 564 1064
4084 4 2 1 1 1557 945 230 229
4085 4 2 1 1 683 1416 1277 595
4086 4 2 1 1 1424 1310 1055 432
4087 4 2 1 1 971 969 970 827
4088 4 2 1 1 301 822 716 1404
4089 4 2 1 1 1155 1106 554 557
4090 4 2 1 1 1008 354 489 1202
4091 4 2 1 1 1396 461 788 1467
4092 4 2 1 1 1095 1405 706 1029
4093 4 2 1 1 413 1076 1068 1351
4094 4 2 1 1 671 668 1004 800
4095 4 2 1 1 680 708 1383 441
4096 4 2 1 1 449 429 1120 462
4097 4 2 1 1 387 391 1019 1423
4098 4 2 1 1 1019 391 383 1015
4099 4 2 1 1 806 1488 984 667
4100 4 2 1 1 1488 982 400 806
4101 4 2 1 1 1281 574 828 845
4102 4 2 1 1 698 1105 1155 557
4103 4 2 1 1 1426 489 819 1202
4104 4 2 1 1 1467 792 788 1410
4105 4 2 1 1 429 1085 1120 462
4106 4 2 1 1 529 1219 1181 871
4107 4 2 1 1 827 970 972 479
4108 4 2 1 1 1339 1186 513 886
4109 4 2 1 1 1196 438 1305 1332
4110 4 2 1 1 594 1194 647 677
4111 4 2 1 1 1438 831 647 678
4112 4 2 1 1 852 1110 1071 851
4113 4 2 1 1 664 1310 1127 633
4114 4 2 1 1 1013 1306 740 1305
4115 4 2 1 1 895 1339 513 886
4116 4 2 1 1 1145 440 439 1133
4117 4 2 1 1 567 1195 1148 1466
4118 4 2 1 1 1354 1427 368 1117
4119 4 2 1 1 672 987 665 544
4120 4 2 1 1 411 403 979 398
4121 4 2 1 1 810 1092 1236 522
4122 4 2 1 1 1044 346 344 1025
4123 4 2 1 1 1045 346 817 1025
4124 4 2 1 1 1070 1349 693 503
4125 4 2 1 1 663 1176 1291 487
4126 4 2 1 1 1458 798 1300 1472
4127 4 2 1 1 785 453 477 1226
4128 4 2 1 1 1321 433 341 1440
4129 4 2 1 1 1450 1308 364 365
4130 4 2 1 1 994 989 673 834
4131 4 2 1 1 690 975 977 409
4132 4 2 1 1 1037 1324 1039 389
4133 4 2 1 1 397 389 1324 395
4134 4 2 1 1 471 1094 810 481
4135 4 2 1 1 1275 1349 1425 454
4136 4 2 1 1 747 307 742 1388
4137 4 2 1 1 1338 971 478 571
4138 4 2 1 1 1014 383 382 1012
4139 4 2 1 1 1014 382 387 1016
4140 4 2 1 1 444 983 984 805
4141 4 2 1 1 394 982 983 805
4142 4 2 1 1 1151 431 505 1411
4143 4 2 1 1 1390 1498 649 1395
4144 4 2 1 1 1279 433 674 1321
4145 4 2 1 1 335 336 334 1452
4146 4 2 1 1 678 378 1432 371
4147 4 2 1 1 676 677 1283 826
4148 4 2 1 1 1013 1005 741 1000
4149 4 2 1 1 1122 719 575 1197
4150 4 2 1 1 1280 437 1204 1332
4151 4 2 1 1 1556 1498 636 1390
4152 4 2 1 1 513 468 1125 466
4153 4 2 1 1 491 1495 1420 480
4154 4 2 1 1 1080 447 424 1079
4155 4 2 1 1 843 1201 1230 435
4156 4 2 1 1 369 1290 1289 370
4157 4 2 1 1 421 1337 1048 691
4158 4 2 1 1 1227 477 1268 1226
4159 4 2 1 1 1229 1154 1231 765
4160 4 2 1 1 423 769 456 1400
4161 4 2 1 1 1422 373 386 799
4162 4 2 1 1 1492 1493 1208 833
4163 4 2 1 1 1431 511 512 579
4164 4 2 1 1 648 598 752 1043
4165 4 2 1 1 822 1404 301 1559
4166 4 2 1 1 1149 1314 696 1315
4167 4 2 1 1 598 561 840 1065
4168 4 2 1 1 707 1005 1006 1001
4169 4 2 1 1 372 378 1419 379
4170 4 2 1 1 1408 676 796 393
4171 4 2 1 1 553 1155 1156 554
4172 4 2 1 1 788 773 1396 998
4173 4 2 1 1 1202 354 356 1002
4174 4 2 1 1 997 353 773 1003
4175 4 2 1 1 353 355 1002 1003
4176 4 2 1 1 780 542 1115 1130
4177 4 2 1 1 1280 1235 427 1299
4178 4 2 1 1 410 416 1350 420
4179 4 2 1 1 1056 1350 1042 416
4180 4 2 1 1 389 1039 1037 397
4181 4 2 1 1 397 1324 1039 395
4182 4 2 1 1 1444 1085 1116 753
4183 4 2 1 1 774 784 764 1074
4184 4 2 1 1 1139 1138 466 821
4185 4 2 1 1 1399 1149 820 1090
4186 4 2 1 1 1059 1103 455 1111
4187 4 2 1 1 1088 972 479 452
4188 4 2 1 1 605 1339 1165 895
4189 4 2 1 1 1316 1058 414 1045
4190 4 2 1 1 344 342 343 1053
4191 4 2 1 1 472 1123 1094 471
4192 4 2 1 1 1124 1125 468 467
4193 4 2 1 1 1049 1275 446 454
4194 4 2 1 1 821 1339 1138 895
4195 4 2 1 1 634 1282 1310 616
4196 4 2 1 1 1058 719 1122 1316
4197 4 2 1 1 343 342 341 1440
4198 4 2 1 1 485 458 1152 1141
4199 4 2 1 1 1422 1063 1035 377
4200 4 2 1 1 396 388 1377 765
4201 4 2 1 1 1457 1486 1236 659
4202 4 2 1 1 537 1244 1381 1400
4203 4 2 1 1 1139 1489 1193 464
4204 4 2 1 1 473 515 1128 797
4205 4 2 1 1 455 749 855 1103
4206 4 2 1 1 1032 693 802 751
4207 4 2 1 1 844 674 857 1279
4208 4 2 1 1 586 784 1272 1269
4209 4 2 1 1 1367 919 319 1446
4210 4 2 1 1 710 1482 1485 547
4211 4 2 1 1 1534 301 725 1404
4212 4 2 1 1 1557 230 945 312
4213 4 2 1 1 1087 1086 1072 496
4214 4 2 1 1 904 1522 1526 1278
4215 4 2 1 1 809 1323 1325 395
4216 4 2 1 1 763 1036 1037 701
4217 4 2 1 1 659 1236 1465 658
4218 4 2 1 1 750 1034 1032 693
4219 4 2 1 1 1138 513 821 895
4220 4 2 1 1 595 1277 683 813
4221 4 2 1 1 1044 343 345 1054
4222 4 2 1 1 1273 477 445 1226
4223 4 2 1 1 1316 817 720 1417
4224 4 2 1 1 464 1166 1139 511
4225 4 2 1 1 844 832 1418 1292
4226 4 2 1 1 637 702 1392 1556
4227 4 2 1 1 940 868 622 1359
4228 4 2 1 1 1116 1167 1206 684
4229 4 2 1 1 351 353 1009 1003
4230 4 2 1 1 1520 1333 1219 871
4231 4 2 1 1 516 1247 1172 517
4232 4 2 1 1 1120 1121 449 492
4233 4 2 1 1 513 1138 1339 895
4234 4 2 1 1 1071 1072 569 657
4235 4 2 1 1 595 1050 1326 487
4236 4 2 1 1 484 521 540 1394
4237 4 2 1 1 839 512 1210 833
4238 4 2 1 1 1035 1063 1037 701
4239 4 2 1 1 1325 388 396 395
4240 4 2 1 1 592 859 1437 1475
4241 4 2 1 1 1420 1088 491 480
4242 4 2 1 1 1143 336 338 1169
4243 4 2 1 1 629 948 1481 1480
4244 4 2 1 1 436 739 504 1305
4245 4 2 1 1 997 1002 355 1003
4246 4 2 1 1 355 353 773 997
4247 4 2 1 1 1284 1463 1455 647
4248 4 2 1 1 381 707 1005 1006
4249 4 2 1 1 378 1104 1419 379
4250 4 2 1 1 676 1408 1474 393
4251 4 2 1 1 427 392 1280 1299
4252 4 2 1 1 1456 795 351 1118
4253 4 2 1 1 1412 1100 559 556
4254 4 2 1 1 1017 350 352 1009
4255 4 2 1 1 1135 525 502 1548
4256 4 2 1 1 842 1137 1175 848
4257 4 2 1 1 967 1398 943 737
4258 4 2 1 1 601 1403 1137 848
4259 4 2 1 1 391 488 1019 1020
4260 4 2 1 1 1066 391 402 1019
4261 4 2 1 1 1067 405 412 1066
4262 4 2 1 1 669 1242 1490 854
4263 4 2 1 1 854 1171 1241 804
4264 4 2 1 1 804 1171 1413 523
4265 4 2 1 1 1488 1487 806 669
4266 4 2 1 1 681 1384 1303 523
4267 4 2 1 1 681 1488 1021 806
4268 4 2 1 1 1067 417 434 1387
4269 4 2 1 1 1028 794 771 1020
4270 4 2 1 1 1387 536 434 1028
4271 4 2 1 1 1154 1231 765 768
4272 4 2 1 1 1400 456 423 1077
4273 4 2 1 1 833 1208 1492 442
4274 4 2 1 1 386 1318 1422 799
4275 4 2 1 1 1141 702 483 1144
4276 4 2 1 1 304 736 1402 925
4277 4 2 1 1 753 1085 1116 429
4278 4 2 1 1 1354 368 363 1117
4279 4 2 1 1 987 990 665 544
4280 4 2 1 1 979 1322 411 398
4281 4 2 1 1 1084 1055 1310 664
4282 4 2 1 1 1300 814 798 1458
4283 4 2 1 1 500 1108 1090 1089
4284 4 2 1 1 380 1454 1060 1315
4285 4 2 1 1 995 355 358 997
4286 4 2 1 1 502 459 498 1132
4287 4 2 1 1 858 401 752 1022
4288 4 2 1 1 1123 1124 469 804
4289 4 2 1 1 446 445 1382 1387
4290 4 2 1 1 1208 1166 463 512
4291 4 2 1 1 1231 1465 396 766
4292 4 2 1 1 1035 1033 386 750
4293 4 2 1 1 845 828 1121 449
4294 4 2 1 1 407 416 1042 410
4295 4 2 1 1 1040 1042 1350 410
4296 4 2 1 1 1150 624 860 1237
4297 4 2 1 1 456 493 1107 1381
4298 4 2 1 1 1292 844 654 1214
4299 4 2 1 1 585 1278 1272 1381
4300 4 2 1 1 560 564 840 1099
4301 4 2 1 1 1308 1427 778 1406
4302 4 2 1 1 988 670 673 672
4303 4 2 1 1 409 404 978 403
4304 4 2 1 1 339 340 1111 1189
4305 4 2 1 1 754 295 755 1523
4306 4 2 1 1 779 1411 1191 1472
4307 4 2 1 1 1006 375 374 1354
4308 4 2 1 1 1397 985 665 379
4309 4 2 1 1 398 981 1007 393
4310 4 2 1 1 1300 790 600 1299
4311 4 2 1 1 749 1102 1103 1059
4312 4 2 1 1 340 1111 1189 1319
4313 4 2 1 1 965 966 943 901
4314 4 2 1 1 555 1156 1157 554
4315 4 2 1 1 1511 609 911 1343
4316 4 2 1 1 1148 575 567 1197
4317 4 2 1 1 842 1174 1137 845
4318 4 2 1 1 1345 822 716 1510
4319 4 2 1 1 1096 1093 1094 473
4320 4 2 1 1 522 481 1087 496
4321 4 2 1 1 229 1557 1535 896
4322 4 2 1 1 407 1040 1039 397
4323 4 2 1 1 612 1285 613 615
4324 4 2 1 1 570 514 1257 580
4325 4 2 1 1 946 1524 316 1360
4326 4 2 1 1 784 774 450 1311
4327 4 2 1 1 1277 1425 1070 683
4328 4 2 1 1 1182 475 454 476
4329 4 2 1 1 556 1412 1157 555
4330 4 2 1 1 1335 792 795 1467
4331 4 2 1 1 1017 489 812 1426
4332 4 2 1 1 1105 558 1100 557
4333 4 2 1 1 1336 999 360 1117
4334 4 2 1 1 992 362 544 808
4335 4 2 1 1 1462 679 686 411
4336 4 2 1 1 1240 1482 1485 549
4337 4 2 1 1 601 845 1129 492
4338 4 2 1 1 488 697 1015 1405
4339 4 2 1 1 1351 402 756 1423
4340 4 2 1 1 1487 986 667 668
4341 4 2 1 1 400 980 1021 708
4342 4 2 1 1 519 1181 1333 871
4343 4 2 1 1 1445 1156 552 553
4344 4 2 1 1 829 1234 1453 1458
4345 4 2 1 1 1015 1019 488 1020
4346 4 2 1 1 402 1066 1019 1423
4347 4 2 1 1 667 806 1487 669
4348 4 2 1 1 1021 400 681 806
4349 4 2 1 1 1130 783 1115 1159
4350 4 2 1 1 709 1042 1041 407
4351 4 2 1 1 410 1421 1040 408
4352 4 2 1 1 455 340 749 1059
4353 4 2 1 1 1102 577 855 1147
4354 4 2 1 1 784 493 1272 1311
4355 4 2 1 1 1484 1461 789 1232
4356 4 2 1 1 1461 1370 789 1232
4357 4 2 1 1 1166 1139 1193 464
4358 4 2 1 1 1465 1457 1236 659
4359 4 2 1 1 1032 750 693 751
4360 4 2 1 1 1157 1106 555 554
4361 4 2 1 1 460 440 1109 1133
4362 4 2 1 1 1056 1085 420 429
4363 4 2 1 1 1065 598 561 1047
4364 4 2 1 1 561 1105 1439 594
4365 4 2 1 1 647 1455 1194 594
4366 4 2 1 1 1438 831 1455 647
4367 4 2 1 1 598 648 1047 1043
4368 4 2 1 1 1069 648 831 1426
4369 4 2 1 1 1314 818 792 1306
4370 4 2 1 1 1376 1511 911 1554
4371 4 2 1 1 1305 504 438 1196
4372 4 2 1 1 1314 696 695 1149
4373 4 2 1 1 504 740 1306 1305
4374 4 2 1 1 1088 1420 1495 480
4375 4 2 1 1 774 418 1075 1068
4376 4 2 1 1 800 1486 1153 767
4377 4 2 1 1 680 1491 1489 443
4378 4 2 1 1 1029 1031 802 816
4379 4 2 1 1 709 1052 657 406
4380 4 2 1 1 1421 1050 1038 486
4381 4 2 1 1 971 1188 849 571
4382 4 2 1 1 1528 1362 902 306
4383 4 2 1 1 738 1436 1435 926
4384 4 2 1 1 683 1180 476 528
4385 4 2 1 1 440 791 1399 1196
4386 4 2 1 1 418 423 1077 1076
4387 4 2 1 1 1153 1154 671 768
4388 4 2 1 1 441 1492 1491 442
4389 4 2 1 1 816 1095 1318 799
4390 4 2 1 1 1056 1055 428 416
4391 4 2 1 1 525 1374 723 1560
4392 4 2 1 1 824 703 1355 1553
4393 4 2 1 1 828 1350 1119 420
4394 4 2 1 1 1093 1301 1087 482
4395 4 2 1 1 841 577 855 1102
4396 4 2 1 1 781 1160 1159 1216
4397 4 2 1 1 1149 820 695 1399
4398 4 2 1 1 423 418 419 1076
4399 4 2 1 1 668 669 1490 800
4400 4 2 1 1 1066 412 1068 1351
4401 4 2 1 1 1098 1153 1154 671
4402 4 2 1 1 681 708 1384 680
4403 4 2 1 1 1348 1492 1491 441
4404 4 2 1 1 816 535 1095 799
4405 4 2 1 1 1029 1405 794 1020
4406 4 2 1 1 1000 762 534 999
4407 4 2 1 1 362 1441 1192 371
4408 4 2 1 1 679 1468 1205 826
4409 4 2 1 1 502 685 459 1134
4410 4 2 1 1 498 499 807 1131
4411 4 2 1 1 1234 801 506 1204
4412 4 2 1 1 782 1060 1026 1054
4413 4 2 1 1 1435 1330 905 662
4414 4 2 1 1 388 1324 1063 389
4415 4 2 1 1 532 1140 1089 1418
4416 4 2 1 1 720 825 858 1415
4417 4 2 1 1 1292 654 527 1294
4418 4 2 1 1 999 363 360 1117
4419 4 2 1 1 990 992 362 544
4420 4 2 1 1 679 1462 1322 411
4421 4 2 1 1 1059 340 342 1319
4422 4 2 1 1 1234 829 814 1458
4423 4 2 1 1 1102 749 841 1058
4424 4 2 1 1 1239 1199 1240 608
4425 4 2 1 1 697 375 383 1012
4426 4 2 1 1 790 756 387 1016
4427 4 2 1 1 984 986 985 444
4428 4 2 1 1 982 981 980 394
4429 4 2 1 1 659 1486 1236 853
4430 4 2 1 1 1489 1139 465 464
4431 4 2 1 1 1030 1032 693 802
4432 4 2 1 1 837 572 573 1233
4433 4 2 1 1 474 1127 1116 684
4434 4 2 1 1 1320 1433 823 887
4435 4 2 1 1 769 447 770 1380
4436 4 2 1 1 1380 1081 770 1115
4437 4 2 1 1 373 370 1288 376
4438 4 2 1 1 1230 1229 1288 376
4439 4 2 1 1 1005 707 741 1000
4440 4 2 1 1 378 1419 1432 371
4441 4 2 1 1 676 1283 1408 826
4442 4 2 1 1 1271 1270 586 1269
4443 4 2 1 1 1025 346 348 1024
4444 4 2 1 1 491 514 1495 480
4445 4 2 1 1 348 401 1023 1018
4446 4 2 1 1 347 349 1024 1454
4447 4 2 1 1 1204 427 437 1280
4448 4 2 1 1 613 1285 1282 616
4449 4 2 1 1 528 1178 1179 530
4450 4 2 1 1 1406 1095 706 535
4451 4 2 1 1 670 1004 1098 671
4452 4 2 1 1 404 1348 1383 441
4453 4 2 1 1 1076 413 419 1191
4454 4 2 1 1 1337 1494 1493 847
4455 4 2 1 1 707 739 426 1005
4456 4 2 1 1 1483 1419 1463 378
4457 4 2 1 1 1284 1408 1483 676
4458 4 2 1 1 426 436 427 1280
4459 4 2 1 1 657 1051 1052 709
4460 4 2 1 1 1421 1050 486 422
4461 4 2 1 1 1130 542 783 1159
4462 4 2 1 1 847 452 1494 480
4463 4 2 1 1 1152 458 1113 1141
4464 4 2 1 1 516 1172 1301 497
4465 4 2 1 1 473 1094 1096 471
4466 4 2 1 1 588 1253 1254 650
4467 4 2 1 1 700 965 943 901
4468 4 2 1 1 475 1275 1182 454
4469 4 2 1 1 1157 1106 556 555
4470 4 2 1 1 1143 338 455 1111
4471 4 2 1 1 879 1558 934 302
4472 4 2 1 1 1368 861 919 1446
4473 4 2 1 1 1115 783 770 1160
4474 4 2 1 1 373 1288 1422 377
4475 4 2 1 1 376 1229 1377 765
4476 4 2 1 1 1380 537 769 1400
4477 4 2 1 1 1441 356 357 995
4478 4 2 1 1 998 534 358 996
4479 4 2 1 1 551 1205 1445 553
4480 4 2 1 1 517 1110 1172 852
4481 4 2 1 1 566 563 1329 1334
4482 4 2 1 1 1003 1009 351 1118
4483 4 2 1 1 351 353 352 1009
4484 4 2 1 1 229 1535 1499 896
4485 4 2 1 1 1478 936 1402 925
4486 4 2 1 1 742 747 944 1531
4487 4 2 1 1 1176 1177 530 663
4488 4 2 1 1 432 1310 1055 664
4489 4 2 1 1 1336 359 993 1443
4490 4 2 1 1 359 993 712 808
4491 4 2 1 1 1479 548 546 686
4492 4 2 1 1 1057 1479 1485 548
4493 4 2 1 1 1210 1493 847 833
4494 4 2 1 1 485 458 603 1152
4495 4 2 1 1 996 360 359 1336
4496 4 2 1 1 992 993 357 808
4497 4 2 1 1 1479 1462 551 686
4498 4 2 1 1 1485 1239 549 548
4499 4 2 1 1 1173 1110 1172 517
4500 4 2 1 1 1113 1453 603 1152
4501 4 2 1 1 493 784 450 1311
4502 4 2 1 1 1469 861 923 1368
4503 4 2 1 1 413 412 402 1351
4504 4 2 1 1 1490 1004 1487 668
4505 4 2 1 1 1383 1384 1021 708
4506 4 2 1 1 488 794 706 1405
4507 4 2 1 1 828 1121 1281 845
4508 4 2 1 1 375 697 1187 1012
4509 4 2 1 1 444 986 985 666
4510 4 2 1 1 399 980 981 394
4511 4 2 1 1 1016 790 756 1471
4512 4 2 1 1 880 745 1370 1232
4513 4 2 1 1 1558 934 1499 879
4514 4 2 1 1 685 502 572 1451
4515 4 2 1 1 377 389 1063 701
4516 4 2 1 1 1377 1325 1324 388
4517 4 2 1 1 349 350 1018 1456
4518 4 2 1 1 1045 414 344 1053
4519 4 2 1 1 1378 294 748 892
4520 4 2 1 1 315 717 635 1531
4521 4 2 1 1 1203 838 506 1477
4522 4 2 1 1 368 778 1427 1187
4523 4 2 1 1 988 987 666 672
4524 4 2 1 1 403 978 979 399
4525 4 2 1 1 1471 798 779 1472
4526 4 2 1 1 1040 407 408 397
4527 4 2 1 1 1040 1039 1041 407
4528 4 2 1 1 1498 1553 824 935
4529 4 2 1 1 1357 1536 314 727
4530 4 2 1 1 742 315 635 1531
4531 4 2 1 1 1499 1251 879 896
4532 4 2 1 1 1108 500 532 1089
4533 4 2 1 1 1454 782 380 1060
4534 4 2 1 1 712 1443 361 365
4535 4 2 1 1 991 994 1443 712
4536 4 2 1 1 547 478 1057 546
4537 4 2 1 1 975 1449 1057 546
4538 4 2 1 1 431 705 458 1113
4539 4 2 1 1 683 1277 1180 528
4540 4 2 1 1 563 560 1327 1101
4541 4 2 1 1 401 858 1415 1022
4542 4 2 1 1 420 428 1056 429
4543 4 2 1 1 1056 1085 1119 420
4544 4 2 1 1 620 1270 1227 1269
4545 4 2 1 1 1482 1240 710 549
4546 4 2 1 1 482 1301 1087 496
4547 4 2 1 1 636 520 1556 1508
4548 4 2 1 1 1099 560 564 1101
4549 4 2 1 1 780 746 1114 1081
4550 4 2 1 1 752 812 1043 1022
4551 4 2 1 1 1315 696 380 1335
4552 4 2 1 1 1128 1093 473 482
4553 4 2 1 1 322 955 1459 910
4554 4 2 1 1 1099 840 558 1065
4555 4 2 1 1 520 637 636 1556
4556 4 2 1 1 603 829 1477 1453
4557 4 2 1 1 1415 858 1430 1046
4558 4 2 1 1 1023 1025 348 1024
4559 4 2 1 1 346 347 348 1024
4560 4 2 1 1 532 533 599 1089
4561 4 2 1 1 599 694 782 1060
4562 4 2 1 1 1424 1051 851 432
4563 4 2 1 1 1281 1291 422 574
4564 4 2 1 1 784 774 1311 1074
4565 4 2 1 1 925 1478 936 912
4566 4 2 1 1 356 1441 1002 995
4567 4 2 1 1 773 534 358 998
4568 4 2 1 1 1156 1445 1205 553
4569 4 2 1 1 1109 820 500 1090
4570 4 2 1 1 685 838 506 1203
4571 4 2 1 1 287 281 732 1367
4572 4 2 1 1 300 281 280 1367
4573 4 2 1 1 281 300 732 1367
4574 4 2 1 1 933 300 280 1367
4575 4 2 1 1 1403 1175 1137 848
4576 4 2 1 1 1437 859 855 1103
4577 4 2 1 1 1293 527 654 1294
4578 4 2 1 1 807 498 1131 1547
4579 4 2 1 1 778 1308 1406 366
4580 4 2 1 1 1429 988 670 673
4581 4 2 1 1 1432 819 1438 678
4582 4 2 1 1 1283 1194 698 677
4583 4 2 1 1 978 976 404 409
4584 4 2 1 1 740 741 1410 1013
4585 4 2 1 1 1411 425 779 1191
4586 4 2 1 1 295 869 755 1523
4587 4 2 1 1 564 1101 1430 1064
4588 4 2 1 1 815 1143 1164 1452
4589 4 2 1 1 342 343 1053 1440
4590 4 2 1 1 414 719 1058 1316
4591 4 2 1 1 440 460 459 1133
4592 4 2 1 1 359 993 1443 712
4593 4 2 1 1 1057 1479 548 546
4594 4 2 1 1 1251 1499 1535 896
4595 4 2 1 1 1113 603 458 1152
4596 4 2 1 1 472 1448 1241 853
4597 4 2 1 1 1413 1126 467 465
4598 4 2 1 1 1273 417 764 1074
4599 4 2 1 1 1030 1049 536 777
4600 4 2 1 1 1310 1127 1084 664
4601 4 2 1 1 1548 573 572 1233
4602 4 2 1 1 804 682 1171 523
4603 4 2 1 1 854 682 1171 804
4604 4 2 1 1 1387 434 1067 1027
4605 4 2 1 1 434 1387 1028 1027
4606 4 2 1 1 412 413 1068 1351
4607 4 2 1 1 1490 1004 668 800
4608 4 2 1 1 1383 1384 708 680
4609 4 2 1 1 1405 794 706 1029
4610 4 2 1 1 1412 1330 559 1146
4611 4 2 1 1 350 349 351 1456
4612 4 2 1 1 350 1018 1456 1009
4613 4 2 1 1 1145 437 438 1332
4614 4 2 1 1 392 381 1010 1011
4615 4 2 1 1 1104 1474 385 384
4616 4 2 1 1 1063 1035 377 701
4617 4 2 1 1 388 1377 1325 396
4618 4 2 1 1 1081 770 447 1380
4619 4 2 1 1 370 1230 1288 376
4620 4 2 1 1 1464 1091 656 658
4621 4 2 1 1 596 1416 1034 692
4622 4 2 1 1 653 527 654 1293
4623 4 2 1 1 1172 497 517 852
4624 4 2 1 1 205 1395 307 217
4625 4 2 1 1 1395 649 307 217
4626 4 2 1 1 1257 1224 1495 570
4627 4 2 1 1 535 778 1406 366
4628 4 2 1 1 1290 1307 1308 366
4629 4 2 1 1 843 673 1429 850
4630 4 2 1 1 988 1098 1429 670
4631 4 2 1 1 976 1348 978 404
4632 4 2 1 1 409 421 976 415
4633 4 2 1 1 425 419 779 1191
4634 4 2 1 1 425 1080 1078 1411
4635 4 2 1 1 1538 1247 890 612
4636 4 2 1 1 1133 459 439 1134
4637 4 2 1 1 1073 713 718 1061
4638 4 2 1 1 494 336 815 1452
4639 4 2 1 1 1494 1337 452 847
4640 4 2 1 1 1401 1219 1179 529
4641 4 2 1 1 844 1292 1279 1214
4642 4 2 1 1 1053 1319 342 1440
4643 4 2 1 1 925 1402 1478 903
4644 4 2 1 1 457 430 1083 1082
4645 4 2 1 1 1442 1312 490 367
4646 4 2 1 1 974 973 451 448
4647 4 2 1 1 416 1350 1042 410
4648 4 2 1 1 849 827 971 571
4649 4 2 1 1 719 841 414 1058
4650 4 2 1 1 1378 748 888 892
4651 4 2 1 1 1106 1105 1100 557
4652 4 2 1 1 1008 489 1017 1426
4653 4 2 1 1 792 461 795 1467
4654 4 2 1 1 809 657 1052 406
4655 4 2 1 1 1050 1036 1038 486
4656 4 2 1 1 1394 540 746 1114
4657 4 2 1 1 711 1188 1482 571
4658 4 2 1 1 684 604 1167 589
4659 4 2 1 1 1150 859 624 1475
4660 4 2 1 1 970 972 971 827
4661 4 2 1 1 1185 785 477 1226
4662 4 2 1 1 1177 1178 1176 530
4663 4 2 1 1 583 530 1177 663
4664 4 2 1 1 675 296 645 1297
4665 4 2 1 1 879 241 1499 896
4666 4 2 1 1 405 391 402 1066
4667 4 2 1 1 488 391 771 1020
4668 4 2 1 1 1487 1488 1242 669
4669 4 2 1 1 1021 1303 1488 681
4670 4 2 1 1 550 608 1239 549
4671 4 2 1 1 1182 1180 495 476
4672 4 2 1 1 1103 455 749 1059
4673 4 2 1 1 1125 1186 1433 823
4674 4 2 1 1 516 611 1247 517
4675 4 2 1 1 537 770 539 1160
4676 4 2 1 1 1236 810 522 659
4677 4 2 1 1 1070 1349 1032 693
4678 4 2 1 1 1460 568 721 1317
4679 4 2 1 1 1003 773 997 1396
4680 4 2 1 1 355 354 353 1002
4681 4 2 1 1 1268 811 477 1227
4682 4 2 1 1 1359 899 622 1522
4683 4 2 1 1 1141 483 458 1112
4684 4 2 1 1 1459 1447 744 897
4685 4 2 1 1 882 580 1257 646
4686 4 2 1 1 1504 1555 1253 606
4687 4 2 1 1 1158 1156 1157 552
4688 4 2 1 1 313 216 214 1371
4689 4 2 1 1 724 216 313 1371
4690 4 2 1 1 1075 418 1077 1076
4691 4 2 1 1 768 671 1153 767
4692 4 2 1 1 443 441 1491 442
4693 4 2 1 1 1318 1031 1095 816
4694 4 2 1 1 1165 821 605 895
4695 4 2 1 1 1164 494 815 1452
4696 4 2 1 1 401 1415 1023 1022
4697 4 2 1 1 532 501 500 1108
4698 4 2 1 1 380 347 782 1454
4699 4 2 1 1 496 482 1301 497
4700 4 2 1 1 560 1099 1327 1101
4701 4 2 1 1 1368 919 1367 1446
4702 4 2 1 1 1277 1178 1180 528
4703 4 2 1 1 1513 1512 908 1379
4704 4 2 1 1 998 358 997 996
4705 4 2 1 1 356 355 357 995
4706 4 2 1 1 684 1206 753 589
4707 4 2 1 1 319 732 919 1367
4708 4 2 1 1 894 610 1533 874
4709 4 2 1 1 229 1499 241 896
4710 4 2 1 1 440 459 439 1133
4711 4 2 1 1 1187 697 1015 1012
4712 4 2 1 1 366 364 1308 365
4713 4 2 1 1 989 1429 994 673
4714 4 2 1 1 666 444 986 667
4715 4 2 1 1 394 399 980 400
4716 4 2 1 1 975 976 977 409
4717 4 2 1 1 1016 756 1423 1471
4718 4 2 1 1 478 971 827 571
4719 4 2 1 1 425 505 431 1411
4720 4 2 1 1 923 733 734 1484
4721 4 2 1 1 1179 1401 529 582
4722 4 2 1 1 855 1437 1102 1147
4723 4 2 1 1 1159 545 781 1342
4724 4 2 1 1 1096 470 473 471
4725 4 2 1 1 1184 1275 1182 475
4726 4 2 1 1 762 363 360 999
4727 4 2 1 1 992 1192 990 362
4728 4 2 1 1 1462 1322 1468 679
4729 4 2 1 1 879 893 1558 302
4730 4 2 1 1 821 466 1139 464
4731 4 2 1 1 814 801 829 1234
4732 4 2 1 1 684 1167 1206 589
4733 4 2 1 1 514 1495 1420 491
4734 4 2 1 1 277 907 278 1365
4735 4 2 1 1 340 338 339 1111
4736 4 2 1 1 1134 685 439 1203
4737 4 2 1 1 845 1121 1129 492
4738 4 2 1 1 821 1165 1339 895
4739 4 2 1 1 1197 1122 719 1316
4740 4 2 1 1 480 1495 1494 570
4741 4 2 1 1 315 742 1385 1531
4742 4 2 1 1 343 341 433 1440
4743 4 2 1 1 1362 1528 1363 306
4744 4 2 1 1 429 1444 1085 462
4745 4 2 1 1 1106 1155 1105 557
4746 4 2 1 1 1426 1008 489 1202
4747 4 2 1 1 1396 1003 461 1118
4748 4 2 1 1 353 354 352 1008
4749 4 2 1 1 461 792 788 1467
4750 4 2 1 1 844 433 674 1279
4751 4 2 1 1 555 1158 1157 552
4752 4 2 1 1 470 1433 1096 515
4753 4 2 1 1 429 753 1444 462
4754 4 2 1 1 759 884 1391 312
4755 4 2 1 1 1482 710 711 571
4756 4 2 1 1 890 1249 1538 612
4757 4 2 1 1 1268 1311 784 1269
4758 4 2 1 1 945 1557 1535 229
4759 4 2 1 1 893 1558 1250 639
4760 4 2 1 1 646 1263 883 643
4761 4 2 1 1 1392 703 637 1553
4762 4 2 1 1 746 780 447 1081
4763 4 2 1 1 447 1080 1081 1079
4764 4 2 1 1 435 1230 843 370
4765 4 2 1 1 1230 1289 1290 370
4766 4 2 1 1 421 452 1337 691
4767 4 2 1 1 1207 623 592 1475
4768 4 2 1 1 1206 1444 753 509
4769 4 2 1 1 1281 1119 1121 828
4770 4 2 1 1 449 1121 845 492
4771 4 2 1 1 862 920 316 1524
4772 4 2 1 1 468 1125 1433 823
4773 4 2 1 1 428 432 1055 664
4774 4 2 1 1 540 746 484 1394
4775 4 2 1 1 1184 1183 785 475
4776 4 2 1 1 904 585 1526 1271
4777 4 2 1 1 859 592 624 1475
4778 4 2 1 1 1239 1158 1199 550
4779 4 2 1 1 1334 565 563 1101
4780 4 2 1 1 1041 1052 1051 709
4781 4 2 1 1 486 408 1421 422
4782 4 2 1 1 1527 1516 900 650
4783 4 2 1 1 1270 586 620 1271
4784 4 2 1 1 542 540 541 1190
4785 4 2 1 1 511 1166 1209 512
4786 4 2 1 1 552 1158 1445 550
4787 4 2 1 1 375 382 383 1012
4788 4 2 1 1 790 387 382 1016
4789 4 2 1 1 984 985 983 444
4790 4 2 1 1 981 982 983 394
4791 4 2 1 1 1222 1470 589 588
4792 4 2 1 1 462 1444 1136 509
4793 4 2 1 1 972 1088 1337 452
4794 4 2 1 1 716 699 1345 1510
4795 4 2 1 1 1258 335 793 1510
4796 4 2 1 1 616 1310 634 664
4797 4 2 1 1 1323 1039 1324 395
4798 4 2 1 1 1037 763 389 397
4799 4 2 1 1 560 563 564 1101
4800 4 2 1 1 1217 601 602 848
4801 4 2 1 1 1511 1342 609 1343
4802 4 2 1 1 265 295 264 1353
4803 4 2 1 1 946 264 295 1353
4804 4 2 1 1 707 762 741 1000
4805 4 2 1 1 1419 1192 1432 371
4806 4 2 1 1 1468 1408 1283 826
4807 4 2 1 1 650 588 1253 606
4808 4 2 1 1 801 427 437 1204
4809 4 2 1 1 1014 1019 383 1015
4810 4 2 1 1 1014 387 1019 1423
4811 4 2 1 1 805 806 984 667
4812 4 2 1 1 982 400 806 805
4813 4 2 1 1 1121 1137 1174 845
4814 4 2 1 1 539 537 1160 1244
4815 4 2 1 1 616 613 1285 615
4816 4 2 1 1 1143 815 336 1452
4817 4 2 1 1 1181 1179 1219 529
4818 4 2 1 1 754 264 295 946
4819 4 2 1 1 659 767 1486 853
4820 4 2 1 1 545 783 542 1159
4821 4 2 1 1 833 463 1208 442
4822 4 2 1 1 1033 1318 1422 386
4823 4 2 1 1 1231 765 768 766
4824 4 2 1 1 1400 1107 456 1077
4825 4 2 1 1 443 1489 465 464
4826 4 2 1 1 1075 1311 774 1074
4827 4 2 1 1 1032 1030 1031 802
4828 4 2 1 1 1169 1143 336 1452
4829 4 2 1 1 838 685 1451 1203
4830 4 2 1 1 654 1292 1293 1294
4831 4 2 1 1 1366 623 880 1473
4832 4 2 1 1 905 738 1436 1435
4833 4 2 1 1 1439 1065 561 1047
4834 4 2 1 1 1069 1047 648 1043
4835 4 2 1 1 812 352 489 1017
4836 4 2 1 1 556 1100 558 557
4837 4 2 1 1 695 818 696 1314
4838 4 2 1 1 1118 1335 795 1467
4839 4 2 1 1 1222 1470 1206 589
4840 4 2 1 1 1511 911 760 1376
4841 4 2 1 1 1133 460 459 1132
4842 4 2 1 1 957 323 883 772
4843 4 2 1 1 1539 224 222 786
4844 4 2 1 1 1054 1044 343 1440
4845 4 2 1 1 1368 1469 861 1329
4846 4 2 1 1 720 719 817 1316
4847 4 2 1 1 1539 224 786 323
4848 4 2 1 1 820 791 695 1399
4849 4 2 1 1 818 504 740 1306
4850 4 2 1 1 1455 1439 1194 594
4851 4 2 1 1 1069 831 1455 1438
4852 4 2 1 1 1072 1071 1052 657
4853 4 2 1 1 595 486 1050 487
4854 4 2 1 1 1292 1418 844 1279
4855 4 2 1 1 600 814 798 1300
4856 4 2 1 1 363 374 368 1354
4857 4 2 1 1 987 990 1397 665
4858 4 2 1 1 1322 979 1007 398
4859 4 2 1 1 1393 932 303 1526
4860 4 2 1 1 733 861 919 1368
4861 4 2 1 1 1525 920 619 1270
4862 4 2 1 1 504 791 438 1196
4863 4 2 1 1 1270 620 619 1271
4864 4 2 1 1 784 493 586 1272
4865 4 2 1 1 391 405 771 1027
4866 4 2 1 1 1488 1303 1242 682
4867 4 2 1 1 1132 498 502 1135
4868 4 2 1 1 1329 1469 566 1334
4869 4 2 1 1 1144 484 483 1112
4870 4 2 1 1 920 862 620 1270
4871 4 2 1 1 1433 470 468 823
4872 4 2 1 1 702 520 483 1144
4873 4 2 1 1 1371 313 640 1372
4874 4 2 1 1 1325 396 809 395
4875 4 2 1 1 1036 1035 1037 701
4876 4 2 1 1 906 261 950 260
4877 4 2 1 1 261 950 1361 906
4878 4 2 1 1 1441 1202 356 1002
4879 4 2 1 1 773 788 534 998
4880 4 2 1 1 1156 1205 1155 553
4881 4 2 1 1 1272 493 507 1381
4882 4 2 1 1 784 811 1268 1269
4883 4 2 1 1 216 724 927 1371
4884 4 2 1 1 948 1476 630 1481
4885 4 2 1 1 1529 928 1378 294
4886 4 2 1 1 1190 541 542 1130
4887 4 2 1 1 880 745 938 1370
4888 4 2 1 1 703 297 824 1355
4889 4 2 1 1 209 297 949 208
4890 4 2 1 1 209 297 722 949
4891 4 2 1 1 1466 1148 567 1197
4892 4 2 1 1 417 434 405 1067
4893 4 2 1 1 1242 1171 1241 854
4894 4 2 1 1 1171 1303 1413 523
4895 4 2 1 1 536 771 434 1028
4896 4 2 1 1 1357 727 294 730
4897 4 2 1 1 506 439 685 1203
4898 4 2 1 1 1237 624 1480 1475
4899 4 2 1 1 269 1398 1402 736
4900 4 2 1 1 286 269 1402 736
4901 4 2 1 1 502 685 1134 1135
4902 4 2 1 1 1220 755 869 1523
4903 4 2 1 1 1116 474 753 429
4904 4 2 1 1 844 857 654 1214
4905 4 2 1 1 570 1257 1224 580
4906 4 2 1 1 555 1157 1156 552
4907 4 2 1 1 1218 1177 583 582
4908 4 2 1 1 1128 1286 1301 516
4909 4 2 1 1 1226 1185 785 1184
4910 4 2 1 1 1227 811 620 1269
4911 4 2 1 1 1189 1321 341 1319
4912 4 2 1 1 1124 1123 1171 804
4913 4 2 1 1 445 446 434 1387
4914 4 2 1 1 624 628 1480 1366
4915 4 2 1 1 628 948 1480 1365
4916 4 2 1 1 1162 702 485 1141
4917 4 2 1 1 577 591 1207 1147
4918 4 2 1 1 1038 408 763 397
4919 4 2 1 1 1039 1323 1041 406
4920 4 2 1 1 653 527 1293 1294
4921 4 2 1 1 525 1375 1372 1374
4922 4 2 1 1 392 427 600 1299
4923 4 2 1 1 707 381 374 1006
4924 4 2 1 1 1397 1419 1104 379
4925 4 2 1 1 1408 1007 1474 393
4926 4 2 1 1 633 1228 1168 617
4927 4 2 1 1 1518 1401 1218 582
4928 4 2 1 1 1359 1393 899 1522
4929 4 2 1 1 869 1220 1523 1521
4930 4 2 1 1 201 333 327 1541
4931 4 2 1 1 1183 785 872 1185
4932 4 2 1 1 1190 542 540 1130
4933 4 2 1 1 612 1249 1285 615
4934 4 2 1 1 890 611 1538 888
4935 4 2 1 1 575 577 841 1122
4936 4 2 1 1 345 346 344 1044
4937 4 2 1 1 1025 817 1045 1417
4938 4 2 1 1 942 1363 1364 306
4939 4 2 1 1 1169 336 337 1258
4940 4 2 1 1 957 323 882 883
4941 4 2 1 1 1033 1034 1032 750
4942 4 2 1 1 469 1124 468 467
4943 4 2 1 1 1123 472 469 471
4944 4 2 1 1 659 1465 766 658
4945 4 2 1 1 1325 1231 1465 396
4946 4 2 1 1 1226 445 1273 1382
4947 4 2 1 1 1382 1275 446 1049
4948 4 2 1 1 1035 386 701 750
4949 4 2 1 1 832 654 527 1292
4950 4 2 1 1 893 1544 1558 302
4951 4 2 1 1 1134 459 502 1135
4952 4 2 1 1 1155 554 698 557
4953 4 2 1 1 354 819 489 1202
4954 4 2 1 1 1467 788 1396 1410
4955 4 2 1 1 1107 1272 493 1311
4956 4 2 1 1 885 884 1391 759
4957 4 2 1 1 846 1224 1256 580
4958 4 2 1 1 511 464 1166 463
4959 4 2 1 1 703 824 637 1553
4960 4 2 1 1 577 591 592 1207
4961 4 2 1 1 602 1403 1217 848
4962 4 2 1 1 894 1340 1533 605
4963 4 2 1 1 1006 1012 375 1354
4964 4 2 1 1 379 985 665 444
4965 4 2 1 1 981 398 394 393
4966 4 2 1 1 846 570 1224 580
4967 4 2 1 1 1300 1016 790 1299
4968 4 2 1 1 1165 1340 1339 605
4969 4 2 1 1 1132 502 459 1135
4970 4 2 1 1 1558 1499 1251 879
4971 4 2 1 1 1330 1328 578 1146
4972 4 2 1 1 319 952 1367 1446
4973 4 2 1 1 423 424 769 1079
4974 4 2 1 1 412 1068 1067 1066
4975 4 2 1 1 1154 1229 1201 435
4976 4 2 1 1 800 669 1490 854
4977 4 2 1 1 681 1384 523 680
4978 4 2 1 1 1289 369 373 799
4979 4 2 1 1 794 1028 1029 1020
4980 4 2 1 1 1492 1048 1493 691
4981 4 2 1 1 860 859 624 1150
4982 4 2 1 1 1347 942 1527 775
4983 4 2 1 1 1526 619 904 1271
4984 4 2 1 1 894 1533 1431 605
4985 4 2 1 1 1297 296 645 1532
4986 4 2 1 1 852 1071 569 851
4987 4 2 1 1 1326 1291 1176 487
4988 4 2 1 1 1394 521 540 1190
4989 4 2 1 1 474 1084 428 429
4990 4 2 1 1 1445 552 551 553
4991 4 2 1 1 1085 1120 1119 449
4992 4 2 1 1 479 491 1088 480
4993 4 2 1 1 1189 1169 337 1211
4994 4 2 1 1 349 795 351 1456
4995 4 2 1 1 559 1100 1412 1146
4996 4 2 1 1 1017 1018 350 1009
4997 4 2 1 1 1464 1052 1323 809
4998 4 2 1 1 763 486 1036 596
4999 4 2 1 1 1167 1116 1127 684
5000 4 2 1 1 1521 929 1353 866
5001 4 2 1 1 1189 337 339 1211
5002 4 2 1 1 320 233 953 232
5003 4 2 1 1 726 320 953 232
5004 4 2 1 1 1516 1527 900 324
5005 4 2 1 1 608 1239 1199 550
5006 4 2 1 1 458 1113 1141 1112
5007 4 2 1 1 338 337 339 1169
5008 4 2 1 1 710 1478 1482 711
5009 4 2 1 1 1106 556 555 554
5010 4 2 1 1 971 1188 969 849
5011 4 2 1 1 1127 664 633 474
5012 4 2 1 1 605 1340 1339 895
5013 4 2 1 1 1248 702 830 1392
5014 4 2 1 1 1538 1247 611 890
5015 4 2 1 1 1435 738 926 293
5016 4 2 1 1 307 1390 1395 1388
5017 4 2 1 1 1105 561 557 594
5018 4 2 1 1 648 489 831 1426
5019 4 2 1 1 1467 1314 792 1306
5020 4 2 1 1 1133 440 1399 1196
5021 4 2 1 1 569 1072 496 656
5022 4 2 1 1 1326 1277 1416 595
5023 4 2 1 1 1207 1437 592 1147
5024 4 2 1 1 1475 623 624 1366
5025 4 2 1 1 1185 477 787 1226
5026 4 2 1 1 639 893 1558 879
5027 4 2 1 1 1294 652 526 1296
5028 4 2 1 1 1424 1110 1282 634
5029 4 2 1 1 424 423 419 1078
5030 4 2 1 1 1154 1201 1098 850
5031 4 2 1 1 369 1307 535 799
5032 4 2 1 1 1348 1048 1492 415
5033 4 2 1 1 1247 1538 1249 612
5034 4 2 1 1 508 1129 1136 492
5035 4 2 1 1 615 612 1249 889
5036 4 2 1 1 566 565 1334 1466
5037 4 2 1 1 782 345 718 1054
5038 4 2 1 1 532 713 832 1418
5039 4 2 1 1 1444 1470 1136 509
5040 4 2 1 1 1248 703 702 1392
5041 4 2 1 1 720 1317 1417 1415
5042 4 2 1 1 729 836 947 314
5043 4 2 1 1 1251 639 879 896
5044 4 2 1 1 920 316 1524 1360
5045 4 2 1 1 787 1227 1185 1226
5046 4 2 1 1 859 1150 1437 1475
5047 4 2 1 1 554 553 1155 698
5048 4 2 1 1 354 356 819 1202
5049 4 2 1 1 998 1396 788 1410
5050 4 2 1 1 1329 563 562 1327
5051 4 2 1 1 1298 501 527 1294
5052 4 2 1 1 1183 1181 1333 519
5053 4 2 1 1 1352 898 326 864
5054 4 2 1 1 1011 1014 382 1012
5055 4 2 1 1 1117 1427 364 1450
5056 4 2 1 1 544 672 989 834
5057 4 2 1 1 1016 1014 382 1011
5058 4 2 1 1 444 385 983 805
5059 4 2 1 1 385 394 983 805
5060 4 2 1 1 977 690 403 411
5061 4 2 1 1 525 1375 1374 1135
5062 4 2 1 1 1482 1188 1338 571
5063 4 2 1 1 1353 295 1521 866
5064 4 2 1 1 501 1298 1140 1294
5065 4 2 1 1 1458 1151 505 1472
5066 4 2 1 1 1333 1520 688 871
5067 4 2 1 1 1136 1120 462 492
5068 4 2 1 1 502 685 1135 1451
5069 4 2 1 1 418 774 412 1068
5070 4 2 1 1 1486 1153 1490 800
5071 4 2 1 1 1384 1491 1489 680
5072 4 2 1 1 802 794 1029 816
5073 4 2 1 1 640 724 927 1532
5074 4 2 1 1 1103 1143 455 1111
5075 4 2 1 1 733 923 861 1368
5076 4 2 1 1 1101 1334 565 1460
5077 4 2 1 1 358 995 997 996
5078 4 2 1 1 534 998 1000 999
5079 4 2 1 1 356 1441 362 371
5080 4 2 1 1 355 358 357 995
5081 4 2 1 1 553 679 1205 826
5082 4 2 1 1 1159 542 545 1163
5083 4 2 1 1 1042 709 416 407
5084 4 2 1 1 1350 1421 1040 410
5085 4 2 1 1 724 640 645 1532
5086 4 2 1 1 1330 578 905 662
5087 4 2 1 1 565 564 563 1101
5088 4 2 1 1 1181 495 529 871
5089 4 2 1 1 463 443 1193 442
5090 4 2 1 1 767 1457 768 766
5091 4 2 1 1 1107 450 1077 1075
5092 4 2 1 1 1033 1031 1318 751
5093 4 2 1 1 1216 1512 908 1513
5094 4 2 1 1 506 1203 1234 1204
5095 4 2 1 1 352 812 350 1017
5096 4 2 1 1 558 559 1100 556
5097 4 2 1 1 795 1456 1335 1118
5098 4 2 1 1 1502 958 1555 651
5099 4 2 1 1 1174 842 663 574
5100 4 2 1 1 1533 610 894 579
5101 4 2 1 1 1055 1056 1042 416
5102 4 2 1 1 828 410 1350 420
5103 4 2 1 1 1361 950 1518 687
5104 4 2 1 1 1401 1219 529 625
5105 4 2 1 1 424 425 430 1080
5106 4 2 1 1 697 488 706 1405
5107 4 2 1 1 1290 369 366 367
5108 4 2 1 1 413 402 756 1351
5109 4 2 1 1 1442 1429 1201 843
5110 4 2 1 1 986 1487 1004 668
5111 4 2 1 1 1383 1021 980 708
5112 4 2 1 1 1048 976 974 421
5113 4 2 1 1 972 827 479 451
5114 4 2 1 1 1484 789 734 1232
5115 4 2 1 1 849 1188 1309 711
5116 4 2 1 1 1321 1073 433 1440
5117 4 2 1 1 514 1496 1257 646
5118 4 2 1 1 1279 1073 433 1321
5119 4 2 1 1 1247 611 890 612
5120 4 2 1 1 1525 731 920 1360
5121 4 2 1 1 1117 361 1336 1450
5122 4 2 1 1 834 991 544 808
5123 4 2 1 1 1449 686 690 411
5124 4 2 1 1 1482 1338 1485 547
5125 4 2 1 1 653 652 1294 1295
5126 4 2 1 1 1536 728 727 730
5127 4 2 1 1 1233 838 572 1451
5128 4 2 1 1 1453 1151 705 1458
5129 4 2 1 1 623 624 592 1475
5130 4 2 1 1 737 943 967 310
5131 4 2 1 1 573 1548 525 1560
5132 4 2 1 1 346 345 347 1026
5133 4 2 1 1 1417 1025 825 1023
5134 4 2 1 1 501 832 527 1140
5135 4 2 1 1 1125 1126 1138 466
5136 4 2 1 1 1448 1094 1092 810
5137 4 2 1 1 454 777 1349 503
5138 4 2 1 1 857 844 1279 1214
5139 4 2 1 1 952 288 738 287
5140 4 2 1 1 288 952 738 1436
5141 4 2 1 1 1138 1165 1339 821
5142 4 2 1 1 637 1392 1498 1556
5143 4 2 1 1 895 1434 1339 886
5144 4 2 1 1 1158 1239 1445 550
5145 4 2 1 1 719 568 575 1197
5146 4 2 1 1 1227 787 477 1226
5147 4 2 1 1 1173 1249 1285 612
5148 4 2 1 1 458 483 457 1112
5149 4 2 1 1 1450 1443 1312 365
5150 4 2 1 1 712 834 994 490
5151 4 2 1 1 690 546 975 448
5152 4 2 1 1 1057 1338 973 478
5153 4 2 1 1 431 1151 1113 1083
5154 4 2 1 1 529 528 1179 530
5155 4 2 1 1 877 1346 1509 610
5156 4 2 1 1 417 405 412 1067
5157 4 2 1 1 1241 1490 1242 854
5158 4 2 1 1 1413 1303 1384 523
5159 4 2 1 1 771 536 794 1028
5160 4 2 1 1 1481 1238 631 1237
5161 4 2 1 1 401 348 350 1018
5162 4 2 1 1 1456 1024 349 1454
5163 4 2 1 1 1090 1149 533 1062
5164 4 2 1 1 694 1149 1315 1062
5165 4 2 1 1 1092 1087 1091 522
5166 4 2 1 1 1325 1464 1323 809
5167 4 2 1 1 701 763 1036 596
5168 4 2 1 1 752 598 856 1046
5169 4 2 1 1 856 598 840 1064
5170 4 2 1 1 1302 1369 936 735
5171 4 2 1 1 580 514 1257 646
5172 4 2 1 1 895 1340 1339 875
5173 4 2 1 1 576 567 1195 1148
5174 4 2 1 1 503 692 1070 683
5175 4 2 1 1 498 460 1131 1132
5176 4 2 1 1 455 855 859 1103
5177 4 2 1 1 697 1015 1405 1187
5178 4 2 1 1 986 666 667 668
5179 4 2 1 1 400 399 980 708
5180 4 2 1 1 756 1351 1423 1471
5181 4 2 1 1 1257 1256 1224 580
5182 4 2 1 1 827 971 969 849
5183 4 2 1 1 629 317 948 1480
5184 4 2 1 1 749 1102 1059 1058
5185 4 2 1 1 749 340 342 1059
5186 4 2 1 1 1452 334 335 1266
5187 4 2 1 1 637 702 703 1392
5188 4 2 1 1 1168 617 639 638
5189 4 2 1 1 1333 1521 1220 922
5190 4 2 1 1 600 801 814 1235
5191 4 2 1 1 363 762 374 1001
5192 4 2 1 1 1192 1397 990 372
5193 4 2 1 1 1007 1468 1322 796
5194 4 2 1 1 1159 1130 542 1163
5195 4 2 1 1 1240 618 710 549
5196 4 2 1 1 519 1220 872 922
5197 4 2 1 1 447 424 430 1080
5198 4 2 1 1 706 1405 1095 1406
5199 4 2 1 1 1290 369 367 370
5200 4 2 1 1 1442 1201 1230 843
5201 4 2 1 1 1004 670 668 671
5202 4 2 1 1 708 404 1383 441
5203 4 2 1 1 1076 413 1191 1351
5204 4 2 1 1 1048 974 1337 421
5205 4 2 1 1 452 972 479 451
5206 4 2 1 1 517 1247 1173 612
5207 4 2 1 1 1553 1355 824 935
5208 4 2 1 1 1063 388 389 377
5209 4 2 1 1 1377 1324 1063 388
5210 4 2 1 1 511 1209 1431 512
5211 4 2 1 1 1130 543 542 1163
5212 4 2 1 1 1156 555 552 554
5213 4 2 1 1 861 1368 1329 1446
5214 4 2 1 1 1550 867 917 1500
5215 4 2 1 1 1110 1173 1282 613
5216 4 2 1 1 1342 781 1159 1216
5217 4 2 1 1 1521 869 1220 922
5218 4 2 1 1 1444 1120 1085 462
5219 4 2 1 1 887 728 1536 730
5220 4 2 1 1 520 484 1144 1508
5221 4 2 1 1 1435 293 897 662
5222 4 2 1 1 901 943 700 310
5223 4 2 1 1 1062 599 1089 1061
5224 4 2 1 1 1060 599 1062 1061
5225 4 2 1 1 638 604 1167 684
5226 4 2 1 1 882 1257 1263 646
5227 4 2 1 1 283 284 955 322
5228 4 2 1 1 284 1369 955 322
5229 4 2 1 1 1517 937 1361 299
5230 4 2 1 1 1409 965 642 901
5231 4 2 1 1 856 721 858 1430
5232 4 2 1 1 336 338 815 1143
5233 4 2 1 1 498 460 499 1131
5234 4 2 1 1 1463 647 390 678
5235 4 2 1 1 1284 647 677 390
5236 4 2 1 1 275 926 282 743
5237 4 2 1 1 275 1447 926 743
5238 4 2 1 1 1304 1013 739 1305
5239 4 2 1 1 436 1304 1305 1332
5240 4 2 1 1 497 1086 569 852
5241 4 2 1 1 1051 1042 1041 709
5242 4 2 1 1 408 410 1421 422
5243 4 2 1 1 1178 1326 1176 813
5244 4 2 1 1 1166 1209 1431 511
5245 4 2 1 1 484 457 483 1112
5246 4 2 1 1 1308 1450 1312 365
5247 4 2 1 1 834 673 994 490
5248 4 2 1 1 448 975 690 409
5249 4 2 1 1 1338 971 973 478
5250 4 2 1 1 1469 923 1484 1368
5251 4 2 1 1 1144 1141 702 1392
5252 4 2 1 1 721 856 564 1430
5253 4 2 1 1 431 1151 1083 1411
5254 4 2 1 1 881 1509 1256 877
5255 4 2 1 1 1540 722 949 1560
5256 4 2 1 1 485 830 702 1162
5257 4 2 1 1 317 629 948 1481
5258 4 2 1 1 837 838 572 1233
5259 4 2 1 1 872 1220 1183 1185
5260 4 2 1 1 1092 1094 1093 481
5261 4 2 1 1 503 1425 454 476
5262 4 2 1 1 993 357 995 992
5263 4 2 1 1 359 358 360 996
5264 4 2 1 1 390 384 1483 378
5265 4 2 1 1 384 1483 676 390
5266 4 2 1 1 1445 1479 1462 551
5267 4 2 1 1 426 1010 1005 1304
5268 4 2 1 1 639 1558 1251 879
5269 4 2 1 1 1010 426 1280 1304
5270 4 2 1 1 1186 1125 1138 513
5271 4 2 1 1 333 334 761 1259
5272 4 2 1 1 1375 524 1547 1135
5273 4 2 1 1 736 1398 1402 903
5274 4 2 1 1 1319 342 1059 1053
5275 4 2 1 1 510 970 969 827
5276 4 2 1 1 388 376 1377 765
5277 4 2 1 1 1063 1422 1288 377
5278 4 2 1 1 537 1380 1244 1400
5279 4 2 1 1 414 841 749 1058
5280 4 2 1 1 965 700 642 901
5281 4 2 1 1 518 514 1420 491
5282 4 2 1 1 1340 1431 1533 605
5283 4 2 1 1 1433 1320 1161 515
5284 4 2 1 1 921 964 1264 772
5285 4 2 1 1 735 936 1302 912
5286 4 2 1 1 1526 585 904 1278
5287 4 2 1 1 1270 620 586 1269
5288 4 2 1 1 818 695 791 1313
5289 4 2 1 1 597 1439 1047 1069
5290 4 2 1 1 258 264 316 1360
5291 4 2 1 1 946 316 264 1360
5292 4 2 1 1 572 525 573 1548
5293 4 2 1 1 1525 1524 920 1270
5294 4 2 1 1 1120 1129 1121 492
5295 4 2 1 1 1055 432 428 416
5296 4 2 1 1 524 645 640 1532
5297 4 2 1 1 1521 1520 929 688
5298 4 2 1 1 895 1339 1434 729
5299 4 2 1 1 829 838 603 1477
5300 4 2 1 1 1119 1281 1350 828
5301 4 2 1 1 568 567 575 1197
5302 4 2 1 1 1135 1374 525 1548
5303 4 2 1 1 1447 743 744 897
5304 4 2 1 1 498 807 524 1547
5305 4 2 1 1 343 718 345 1054
5306 4 2 1 1 832 713 844 1418
5307 4 2 1 1 1330 578 559 1146
5308 4 2 1 1 766 1465 396 658
5309 4 2 1 1 1033 1035 1034 750
5310 4 2 1 1 720 1317 1316 1417
5311 4 2 1 1 577 576 1170 1147
5312 4 2 1 1 1434 895 729 886
5313 4 2 1 1 734 300 789 933
5314 4 2 1 1 1198 1459 1199 744
5315 4 2 1 1 439 1145 1133 1134
5316 4 2 1 1 586 619 620 1271
5317 4 2 1 1 1532 927 640 1372
5318 4 2 1 1 493 1272 1107 1381
5319 4 2 1 1 1166 511 463 512
5320 4 2 1 1 1210 847 839 833
5321 4 2 1 1 1115 1114 780 1130
5322 4 2 1 1 607 911 609 1343
5323 4 2 1 1 1137 842 601 848
5324 4 2 1 1 1466 565 1334 1460
5325 4 2 1 1 1279 674 857 1212
5326 4 2 1 1 334 333 309 1266
5327 4 2 1 1 217 935 824 207
5328 4 2 1 1 824 649 935 217
5329 4 2 1 1 453 1226 1184 1382
5330 4 2 1 1 470 469 1097 468
5331 4 2 1 1 1092 1091 1236 522
5332 4 2 1 1 1097 469 470 471
5333 4 2 1 1 1275 453 1184 1382
5334 4 2 1 1 629 624 1480 1237
5335 4 2 1 1 693 692 1070 503
5336 4 2 1 1 474 633 1127 684
5337 4 2 1 1 562 560 1146 1327
5338 4 2 1 1 1557 896 312 876
5339 4 2 1 1 1239 550 549 548
5340 4 2 1 1 1379 1512 760 951
5341 4 2 1 1 1463 390 378 678
5342 4 2 1 1 1284 677 676 390
5343 4 2 1 1 1013 739 1005 1304
5344 4 2 1 1 1164 860 494 1238
5345 4 2 1 1 649 1395 935 217
5346 4 2 1 1 1304 436 1280 1332
5347 4 2 1 1 868 899 622 1359
5348 4 2 1 1 1285 1228 1282 616
5349 4 2 1 1 1212 339 531 1189
5350 4 2 1 1 778 368 697 1187
5351 4 2 1 1 987 986 988 666
5352 4 2 1 1 980 979 978 399
5353 4 2 1 1 798 779 756 1471
5354 4 2 1 1 1328 1329 562 1327
5355 4 2 1 1 1263 1265 883 643
5356 4 2 1 1 264 754 316 946
5357 4 2 1 1 1489 465 680 443
5358 4 2 1 1 767 800 1486 853
5359 4 2 1 1 769 770 537 1380
5360 4 2 1 1 770 1380 1115 1160
5361 4 2 1 1 1068 1075 774 1074
5362 4 2 1 1 1288 373 376 377
5363 4 2 1 1 1377 1288 1229 376
5364 4 2 1 1 1030 1029 1031 802
5365 4 2 1 1 566 563 861 1329
5366 4 2 1 1 1258 1169 336 1452
5367 4 2 1 1 1152 837 485 1162
5368 4 2 1 1 1499 934 241 879
5369 4 2 1 1 1286 1128 797 516
5370 4 2 1 1 795 380 696 1335
5371 4 2 1 1 1022 812 1043 1017
5372 4 2 1 1 558 1100 1099 1065
5373 4 2 1 1 482 473 1128 797
5374 4 2 1 1 1092 1093 1087 481
5375 4 2 1 1 1521 295 869 866
5376 4 2 1 1 1544 934 1558 302
5377 4 2 1 1 1186 1339 1434 886
5378 4 2 1 1 1164 860 1238 1237
5379 4 2 1 1 270 272 943 700
5380 4 2 1 1 476 503 1425 683
5381 4 2 1 1 1494 1210 1493 847
5382 4 2 1 1 1186 1138 1339 513
5383 4 2 1 1 500 460 820 1109
5384 4 2 1 1 1406 706 778 535
5385 4 2 1 1 988 1004 1098 670
5386 4 2 1 1 1383 978 1348 404
5387 4 2 1 1 413 779 419 1191
5388 4 2 1 1 1362 704 902 306
5389 4 2 1 1 1251 639 876 638
5390 4 2 1 1 940 1513 311 1379
5391 4 2 1 1 253 868 940 1359
5392 4 2 1 1 868 253 252 1359
5393 4 2 1 1 1045 1058 414 1053
5394 4 2 1 1 336 335 1258 1452
5395 4 2 1 1 342 344 414 1053
5396 4 2 1 1 1385 206 742 202
5397 4 2 1 1 585 904 619 1271
5398 4 2 1 1 953 748 320 888
5399 4 2 1 1 1228 1310 1282 616
5400 4 2 1 1 238 294 1378 239
5401 4 2 1 1 748 294 1378 238
5402 4 2 1 1 1138 1139 1165 821
5403 4 2 1 1 504 818 791 1313
5404 4 2 1 1 1439 597 1455 1069
5405 4 2 1 1 1513 908 311 1379
5406 4 2 1 1 214 209 722 949
5407 4 2 1 1 214 722 313 949
5408 4 2 1 1 1547 807 524 1375
5409 4 2 1 1 316 920 731 1360
5410 4 2 1 1 656 569 1072 657
5411 4 2 1 1 1326 1416 1050 595
5412 4 2 1 1 480 1494 847 570
5413 4 2 1 1 760 951 254 255
5414 4 2 1 1 951 760 1379 255
5415 4 2 1 1 1182 1180 1181 495
5416 4 2 1 1 944 747 742 1388
5417 4 2 1 1 842 583 1175 663
5418 4 2 1 1 392 600 790 1299
5419 4 2 1 1 381 375 374 1006
5420 4 2 1 1 985 1397 1104 379
5421 4 2 1 1 1474 1007 981 393
5422 4 2 1 1 492 508 1129 584
5423 4 2 1 1 1203 1451 838 1477
5424 4 2 1 1 591 577 1170 1147
5425 4 2 1 1 936 304 925 912
5426 4 2 1 1 1328 562 578 1146
5427 4 2 1 1 309 200 198 956
5428 4 2 1 1 1236 1448 1092 810
5429 4 2 1 1 1138 1126 1139 466
5430 4 2 1 1 315 1385 1344 1531
5431 4 2 1 1 615 1249 1544 889
5432 4 2 1 1 777 693 1349 503
5433 4 2 1 1 1438 1202 819 1432
5434 4 2 1 1 1283 1194 1155 698
5435 4 2 1 1 740 741 788 1410
5436 4 2 1 1 1469 566 861 1329
5437 4 2 1 1 569 496 1086 497
5438 4 2 1 1 1277 1326 1178 813
5439 4 2 1 1 1525 920 1524 1360
5440 4 2 1 1 1437 1150 859 1103
5441 4 2 1 1 1412 559 1330 660
5442 4 2 1 1 1345 716 822 1404
5443 4 2 1 1 1445 552 550 551
5444 4 2 1 1 1475 1207 623 1366
5445 4 2 1 1 636 1556 1390 1508
5446 4 2 1 1 1251 1535 1557 896
5447 4 2 1 1 1345 1404 822 1559
5448 4 2 1 1 437 438 439 1145
5449 4 2 1 1 1018 401 1023 1022
5450 4 2 1 1 501 499 500 1108
5451 4 2 1 1 349 347 380 1454
5452 4 2 1 1 1089 1090 533 1062
5453 4 2 1 1 1315 1060 694 1062
5454 4 2 1 1 1210 1209 1208 512
5455 4 2 1 1 1099 1146 560 1327
5456 4 2 1 1 725 1534 1404 930
5457 4 2 1 1 856 858 752 1046
5458 4 2 1 1 1137 842 845 601
5459 4 2 1 1 801 437 506 1204
5460 4 2 1 1 601 1129 1217 584
5461 4 2 1 1 1432 1192 1441 371
5462 4 2 1 1 534 741 762 1000
5463 4 2 1 1 1468 1283 1205 826
5464 4 2 1 1 1183 872 785 519
5465 4 2 1 1 519 785 1183 475
5466 4 2 1 1 709 851 1051 432
5467 4 2 1 1 1134 439 1145 1203
5468 4 2 1 1 1281 1291 1421 422
5469 4 2 1 1 1407 543 542 1130
5470 4 2 1 1 1082 1114 746 1081
5471 4 2 1 1 674 339 531 1212
5472 4 2 1 1 936 285 286 304
5473 4 2 1 1 286 1402 936 304
5474 4 2 1 1 1406 1427 778 1187
5475 4 2 1 1 988 666 670 672
5476 4 2 1 1 403 404 978 399
5477 4 2 1 1 1371 214 313 949
5478 4 2 1 1 779 1191 1471 1472
5479 4 2 1 1 564 856 840 1064
5480 4 2 1 1 637 1392 1553 1498
5481 4 2 1 1 622 621 868 1513
5482 4 2 1 1 1241 854 472 853
5483 4 2 1 1 465 467 1413 523
5484 4 2 1 1 1273 1067 417 1074
5485 4 2 1 1 1030 536 1049 1028
5486 4 2 1 1 602 1217 1528 902
5487 4 2 1 1 1357 1536 947 314
5488 4 2 1 1 273 271 959 863
5489 4 2 1 1 928 1357 294 730
5490 4 2 1 1 1352 329 898 864
5491 4 2 1 1 882 1263 957 883
5492 4 2 1 1 228 1357 314 727
5493 4 2 1 1 710 912 1478 711
5494 4 2 1 1 1112 1144 484 1394
5495 4 2 1 1 1147 576 1170 1148
5496 4 2 1 1 707 374 762 1001
5497 4 2 1 1 993 996 359 1336
5498 4 2 1 1 993 359 357 808
5499 4 2 1 1 1397 1192 1419 372
5500 4 2 1 1 1408 1468 1007 796
5501 4 2 1 1 1479 551 548 686
5502 4 2 1 1 1239 1485 1479 548
5503 4 2 1 1 485 603 837 1152
5504 4 2 1 1 1357 228 240 727
5505 4 2 1 1 801 600 427 1235
5506 4 2 1 1 1051 1424 1055 432
5507 4 2 1 1 491 1420 968 510
5508 4 2 1 1 1096 1161 1128 515
5509 4 2 1 1 970 1420 491 510
5510 4 2 1 1 1272 507 585 1381
5511 4 2 1 1 574 422 1281 828
5512 4 2 1 1 339 531 1189 1211
5513 4 2 1 1 1114 746 1394 1082
5514 4 2 1 1 335 1258 941 1510
5515 4 2 1 1 1200 1330 1435 662
5516 4 2 1 1 1177 1218 1401 582
5517 4 2 1 1 493 507 585 1272
5518 4 2 1 1 469 472 1123 804
5519 4 2 1 1 1124 469 804 467
5520 4 2 1 1 445 1273 1382 1387
5521 4 2 1 1 1387 1382 446 1049
5522 4 2 1 1 791 440 438 1196
5523 4 2 1 1 725 212 211 1404
5524 4 2 1 1 871 1333 519 922
5525 4 2 1 1 212 725 301 1404
5526 4 2 1 1 1194 1439 1105 594
5527 4 2 1 1 831 1069 1426 1438
5528 4 2 1 1 818 740 792 1306
5529 4 2 1 1 823 1186 1320 886
5530 4 2 1 1 961 885 759 326
5531 4 2 1 1 1195 567 873 1466
5532 4 2 1 1 381 392 382 1011
5533 4 2 1 1 1450 361 1336 1443
5534 4 2 1 1 991 834 712 808
5535 4 2 1 1 1474 983 1104 385
5536 4 2 1 1 686 546 1449 690
5537 4 2 1 1 1057 1485 1338 547
5538 4 2 1 1 879 934 231 302
5539 4 2 1 1 1424 1282 1310 634
5540 4 2 1 1 1270 619 1525 1271
5541 4 2 1 1 1224 1494 1495 570
5542 4 2 1 1 1453 1477 603 1152
5543 4 2 1 1 705 1151 1453 1113
5544 4 2 1 1 1183 1220 872 519
5545 4 2 1 1 1133 1109 460 1132
5546 4 2 1 1 939 1509 881 877
5547 4 2 1 1 263 1362 1363 306
5548 4 2 1 1 231 241 934 879
5549 4 2 1 1 1478 1188 1482 711
5550 4 2 1 1 333 761 327 1260
5551 4 2 1 1 338 455 815 1143
5552 4 2 1 1 1181 519 495 871
5553 4 2 1 1 1415 1417 825 1023
5554 4 2 1 1 347 345 782 1026
5555 4 2 1 1 501 532 832 1140
5556 4 2 1 1 1178 1179 1180 528
5557 4 2 1 1 1529 1255 928 730
5558 4 2 1 1 1363 245 263 306
5559 4 2 1 1 657 569 1071 851
5560 4 2 1 1 1544 1285 1249 615
5561 4 2 1 1 272 965 943 700
5562 4 2 1 1 1326 1050 1291 487
5563 4 2 1 1 1402 286 736 304
5564 4 2 1 1 1555 1504 898 606
5565 4 2 1 1 674 339 1212 1189
5566 4 2 1 1 836 947 1341 729
5567 4 2 1 1 364 1427 1308 1450
5568 4 2 1 1 672 673 989 834
5569 4 2 1 1 409 977 690 403
5570 4 2 1 1 516 1301 482 497
5571 4 2 1 1 945 230 1391 312
5572 4 2 1 1 1188 971 1338 571
5573 4 2 1 1 1411 505 1151 1472
5574 4 2 1 1 537 507 456 1381
5575 4 2 1 1 1420 970 968 510
5576 4 2 1 1 334 333 956 1259
5577 4 2 1 1 785 477 787 1185
5578 4 2 1 1 812 752 401 1022
5579 4 2 1 1 1315 380 1454 1335
5580 4 2 1 1 484 520 521 1508
5581 4 2 1 1 1164 815 860 1150
5582 4 2 1 1 656 1464 658 809
5583 4 2 1 1 1416 1034 1036 596
5584 4 2 1 1 887 1161 1320 515
5585 4 2 1 1 560 840 558 1099
5586 4 2 1 1 1254 1470 588 587
5587 4 2 1 1 610 891 1358 874
5588 4 2 1 1 702 483 485 1141
5589 4 2 1 1 1431 1165 511 605
5590 4 2 1 1 1108 1109 500 1090
5591 4 2 1 1 577 576 1147 1148
5592 4 2 1 1 904 758 1522 1278
5593 4 2 1 1 1278 1526 585 1271
5594 4 2 1 1 1329 562 861 1328
5595 4 2 1 1 1032 1031 1033 751
5596 4 2 1 1 774 764 417 1074
5597 4 2 1 1 464 443 1193 463
5598 4 2 1 1 1448 1486 1241 853
5599 4 2 1 1 766 767 1457 659
5600 4 2 1 1 1126 1413 1489 465
5601 4 2 1 1 450 1107 1311 1075
5602 4 2 1 1 1358 1533 610 874
5603 4 2 1 1 536 1030 777 802
5604 4 2 1 1 1206 753 589 509
5605 4 2 1 1 499 501 1298 1108
5606 4 2 1 1 920 620 619 1270
5607 4 2 1 1 200 309 333 956
5608 4 2 1 1 1339 1341 895 875
5609 4 2 1 1 1105 1065 561 1439
5610 4 2 1 1 648 1069 1043 1426
5611 4 2 1 1 1481 631 629 1237
5612 4 2 1 1 1346 305 891 877
5613 4 2 1 1 818 792 696 1314
5614 4 2 1 1 911 1511 1343 1554
5615 4 2 1 1 1183 1184 1182 475
5616 4 2 1 1 1174 842 574 845
5617 4 2 1 1 880 308 623 1366
5618 4 2 1 1 791 820 440 1399
5619 4 2 1 1 874 235 1358 298
5620 4 2 1 1 303 256 932 1393
5621 4 2 1 1 257 303 256 932
5622 4 2 1 1 424 419 425 1078
5623 4 2 1 1 369 535 1307 366
5624 4 2 1 1 1429 1098 1201 850
5625 4 2 1 1 1048 1348 976 415
5626 4 2 1 1 565 566 567 1466
5627 4 2 1 1 566 861 923 1469
5628 4 2 1 1 518 1142 1265 643
5629 4 2 1 1 883 1264 957 772
5630 4 2 1 1 1224 570 846 839
5631 4 2 1 1 1045 817 1316 1417
5632 4 2 1 1 343 345 344 1044
5633 4 2 1 1 433 713 718 1073
5634 4 2 1 1 1444 1206 1470 509
5635 4 2 1 1 627 1518 1218 582
5636 4 2 1 1 967 901 644 310
5637 4 2 1 1 832 844 654 1292
5638 4 2 1 1 1343 715 911 1554
5639 4 2 1 1 1132 1547 498 1135
5640 4 2 1 1 1527 1516 1347 324
5641 4 2 1 1 895 605 1340 875
5642 4 2 1 1 303 731 904 1526
5643 4 2 1 1 1478 1309 1188 711
5644 4 2 1 1 1385 742 315 202
5645 4 2 1 1 1342 607 609 1343
5646 4 2 1 1 898 651 1555 606
5647 4 2 1 1 375 368 374 1354
5648 4 2 1 1 985 987 1397 665
5649 4 2 1 1 979 981 1007 398
5650 4 2 1 1 600 798 790 1300
5651 4 2 1 1 317 277 290 1476
5652 4 2 1 1 447 769 424 1079
5653 4 2 1 1 370 1289 369 373
5654 4 2 1 1 1229 1230 1201 435
5655 4 2 1 1 1337 1493 1048 691
5656 4 2 1 1 501 527 526 1298
5657 4 2 1 1 317 277 1476 948
5658 4 2 1 1 1093 1128 1301 482
5659 4 2 1 1 1091 1464 1465 658
5660 4 2 1 1 617 1251 1168 639
5661 4 2 1 1 568 1460 1197 1317
5662 4 2 1 1 1034 596 692 750
5663 4 2 1 1 803 1199 1158 550
5664 4 2 1 1 224 1539 957 323
5665 4 2 1 1 627 1403 1517 848
5666 4 2 1 1 678 1432 819 371
5667 4 2 1 1 677 698 1283 826
5668 4 2 1 1 1013 741 1410 1000
5669 4 2 1 1 208 824 1355 207
5670 4 2 1 1 297 824 1355 208
5671 4 2 1 1 1327 1329 563 1334
5672 4 2 1 1 1476 630 317 948
5673 4 2 1 1 1162 830 702 1392
5674 4 2 1 1 1120 1136 1129 492
5675 4 2 1 1 331 1267 1503 863
5676 4 2 1 1 951 1511 760 1376
5677 4 2 1 1 646 518 1265 643
5678 4 2 1 1 452 479 1088 480
5679 4 2 1 1 1204 437 1145 1332
5680 4 2 1 1 1084 428 664 474
5681 4 2 1 1 1120 1121 1119 449
5682 4 2 1 1 1341 1339 895 729
5683 4 2 1 1 607 609 545 1342
5684 4 2 1 1 628 317 948 1365
5685 4 2 1 1 336 335 337 1258
5686 4 2 1 1 1177 1179 1178 530
5687 4 2 1 1 654 1214 857 1559
5688 4 2 1 1 762 360 534 999
5689 4 2 1 1 1441 1192 992 362
5690 4 2 1 1 1462 1468 1205 679
5691 4 2 1 1 1370 745 789 1232
5692 4 2 1 1 497 516 1172 517
5693 4 2 1 1 506 829 801 1234
5694 4 2 1 1 331 964 921 772
5695 4 2 1 1 873 567 566 1466
5696 4 2 1 1 1080 1083 430 1082
5697 4 2 1 1 430 457 746 1082
5698 4 2 1 1 367 490 1442 843
5699 4 2 1 1 1312 1442 1290 367
5700 4 2 1 1 974 451 421 448
5701 4 2 1 1 974 973 972 451
5702 4 2 1 1 1516 1527 1254 650
5703 4 2 1 1 512 463 1208 833
5704 4 2 1 1 1033 1422 1035 386
5705 4 2 1 1 1231 396 765 766
5706 4 2 1 1 1381 1107 456 1400
5707 4 2 1 1 1402 1309 1478 903
5708 4 2 1 1 1319 1321 341 1440
5709 4 2 1 1 900 1254 1527 650
5710 4 2 1 1 486 1038 408 763
5711 4 2 1 1 1323 1052 1041 406
5712 4 2 1 1 592 1437 1207 1475
5713 4 2 1 1 614 1529 1287 892
5714 4 2 1 1 841 719 575 1122
5715 4 2 1 1 381 1010 1011 1006
5716 4 2 1 1 384 385 1104 379
5717 4 2 1 1 1474 393 385 384
5718 4 2 1 1 392 1010 1299 1011
5719 4 2 1 1 1093 1096 1128 473
5720 4 2 1 1 301 1404 1534 1559
5721 4 2 1 1 811 477 764 1268
5722 4 2 1 1 1515 1362 937 704
5723 4 2 1 1 1073 718 1054 1061
5724 4 2 1 1 1061 1073 713 1418
5725 4 2 1 1 213 212 301 1404
5726 4 2 1 1 301 716 213 1404
5727 4 2 1 1 520 636 521 1508
5728 4 2 1 1 1200 1157 660 555
5729 4 2 1 1 594 698 1194 677
5730 4 2 1 1 819 831 1438 678
5731 4 2 1 1 1410 1306 740 1013
5732 4 2 1 1 650 1516 900 324
5733 4 2 1 1 861 626 919 1446
5734 4 2 1 1 742 944 1385 1531
5735 4 2 1 1 593 873 734 1195
5736 4 2 1 1 555 1198 1157 803
5737 4 2 1 1 1298 527 526 1294
5738 4 2 1 1 1180 495 476 528
5739 4 2 1 1 1209 512 839 581
5740 4 2 1 1 405 434 771 1027
5741 4 2 1 1 1076 1075 418 1068
5742 4 2 1 1 1153 671 800 767
5743 4 2 1 1 1303 1171 1242 682
5744 4 2 1 1 1491 680 441 443
5745 4 2 1 1 1031 1029 1095 816
5746 4 2 1 1 1218 1403 627 848
5747 4 2 1 1 931 298 836 875
5748 4 2 1 1 1420 1496 1495 514
5749 4 2 1 1 348 1023 1024 1018
5750 4 2 1 1 347 349 348 1024
5751 4 2 1 1 389 763 1037 701
5752 4 2 1 1 1325 1323 1324 395
5753 4 2 1 1 1196 1145 438 1332
5754 4 2 1 1 1168 1250 1251 617
5755 4 2 1 1 1218 1403 1517 627
5756 4 2 1 1 1309 1402 1398 903
5757 4 2 1 1 1548 1246 573 1233
5758 4 2 1 1 311 868 1513 940
5759 4 2 1 1 1182 495 475 476
5760 4 2 1 1 1083 1112 457 1082
5761 4 2 1 1 457 430 431 1083
5762 4 2 1 1 383 1014 1015 1012
5763 4 2 1 1 1312 365 490 367
5764 4 2 1 1 994 1442 1312 490
5765 4 2 1 1 1423 1014 387 1016
5766 4 2 1 1 805 984 444 667
5767 4 2 1 1 982 394 400 805
5768 4 2 1 1 478 451 973 448
5769 4 2 1 1 973 974 975 448
5770 4 2 1 1 1245 507 1244 1381
5771 4 2 1 1 1357 1536 727 730
5772 4 2 1 1 720 721 568 1317
5773 4 2 1 1 685 1134 1135 1451
5774 4 2 1 1 1508 484 1144 1394
5775 4 2 1 1 842 1175 583 848
5776 4 2 1 1 565 568 721 1460
5777 4 2 1 1 1102 1437 855 1103
5778 4 2 1 1 1545 309 198 956
5779 4 2 1 1 1512 609 760 1511
5780 4 2 1 1 648 752 812 1043
5781 4 2 1 1 1315 1314 696 1335
5782 4 2 1 1 1464 1091 1072 656
5783 4 2 1 1 840 561 558 1065
5784 4 2 1 1 692 596 1416 595
5785 4 2 1 1 360 996 999 1336
5786 4 2 1 1 362 992 357 808
5787 4 2 1 1 679 551 1462 686
5788 4 2 1 1 1485 1239 1240 549
5789 4 2 1 1 1447 283 322 275
5790 4 2 1 1 283 1447 322 955
5791 4 2 1 1 512 1209 1431 579
5792 4 2 1 1 1538 953 1356 890
5793 4 2 1 1 611 1287 1538 888
5794 4 2 1 1 562 559 578 1146
5795 4 2 1 1 1393 252 899 256
5796 4 2 1 1 252 1393 899 1359
5797 4 2 1 1 609 781 545 1342
5798 4 2 1 1 1241 1123 1448 472
5799 4 2 1 1 1413 1126 1124 467
5800 4 2 1 1 445 417 764 1273
5801 4 2 1 1 446 536 1049 777
5802 4 2 1 1 820 1109 1399 1090
5803 4 2 1 1 1510 1345 822 1213
5804 4 2 1 1 604 1167 1414 638
5805 4 2 1 1 893 1250 1544 615
5806 4 2 1 1 1106 556 554 557
5807 4 2 1 1 354 489 352 1008
5808 4 2 1 1 1118 461 1396 1467
5809 4 2 1 1 958 1502 249 909
5810 4 2 1 1 604 1221 1167 589
5811 4 2 1 1 948 630 317 1481
5812 4 2 1 1 1185 1183 785 1184
5813 4 2 1 1 742 206 944 205
5814 4 2 1 1 1253 1254 1222 588
5815 4 2 1 1 1409 965 959 325
5816 4 2 1 1 962 1261 632 1500
5817 4 2 1 1 416 428 1056 420
5818 4 2 1 1 1056 1119 1350 420
5819 4 2 1 1 340 455 338 1111
5820 4 2 1 1 689 1517 1403 848
5821 4 2 1 1 418 413 419 1076
5822 4 2 1 1 405 402 412 1066
5823 4 2 1 1 1004 1153 1098 671
5824 4 2 1 1 1490 1487 1242 669
5825 4 2 1 1 1021 1384 1303 681
5826 4 2 1 1 1491 1383 1348 441
5827 4 2 1 1 488 771 794 1020
5828 4 2 1 1 535 1095 706 816
5829 4 2 1 1 336 337 338 1169
5830 4 2 1 1 1141 1162 702 1392
5831 4 2 1 1 1521 1333 688 922
5832 4 2 1 1 775 942 1364 306
5833 4 2 1 1 1503 959 271 863
5834 4 2 1 1 521 484 1508 1394
5835 4 2 1 1 599 718 713 1061
5836 4 2 1 1 236 235 1358 874
5837 4 2 1 1 877 891 1346 610
5838 4 2 1 1 926 738 1436 282
5839 4 2 1 1 738 288 1436 282
5840 4 2 1 1 1460 721 1430 1317
5841 4 2 1 1 1234 1477 829 1453
5842 4 2 1 1 1478 925 903 711
5843 4 2 1 1 773 997 1396 998
5844 4 2 1 1 354 355 356 1002
5845 4 2 1 1 846 1256 1509 877
5846 4 2 1 1 717 315 1344 1531
5847 4 2 1 1 410 1040 407 408
5848 4 2 1 1 1042 1040 1041 407
5849 4 2 1 1 1228 1168 1127 633
5850 4 2 1 1 308 1366 938 1365
5851 4 2 1 1 312 1530 1557 876
5852 4 2 1 1 1200 1157 1412 660
5853 4 2 1 1 1158 1157 1198 803
5854 4 2 1 1 1157 1158 555 803
5855 4 2 1 1 1187 1427 368 1354
5856 4 2 1 1 987 665 666 672
5857 4 2 1 1 398 403 979 399
5858 4 2 1 1 893 1250 617 639
5859 4 2 1 1 1300 798 1471 1472
5860 4 2 1 1 643 1142 1265 642
5861 4 2 1 1 1366 1207 623 1473
5862 4 2 1 1 958 1502 909 651
5863 4 2 1 1 248 246 1347 775
5864 4 2 1 1 942 1347 246 775
5865 4 2 1 1 1170 1207 591 1147
5866 4 2 1 1 1238 860 631 1237
5867 4 2 1 1 494 334 336 1452
5868 4 2 1 1 1091 522 656 658
5869 4 2 1 1 913 317 290 1476
5870 4 2 1 1 1416 1070 1034 692
5871 4 2 1 1 1360 1525 731 932
5872 4 2 1 1 459 1134 1132 1135
5873 4 2 1 1 1358 237 236 891
5874 4 2 1 1 579 894 1431 605
5875 4 2 1 1 1291 487 422 574
5876 4 2 1 1 1051 1071 1424 851
5877 4 2 1 1 1172 1286 1247 516
5878 4 2 1 1 1393 303 899 1522
5879 4 2 1 1 1170 1195 593 1232
5880 4 2 1 1 716 699 197 1345
5881 4 2 1 1 197 213 716 1345
5882 4 2 1 1 631 494 860 1238
5883 4 2 1 1 876 1414 1251 638
5884 4 2 1 1 204 215 757 1537
5885 4 2 1 1 296 757 215 1537
5886 4 2 1 1 582 1401 529 625
5887 4 2 1 1 276 745 289 1370
5888 4 2 1 1 745 276 938 1370
5889 4 2 1 1 929 251 259 866
5890 4 2 1 1 251 929 1386 866
5891 4 2 1 1 340 1059 1111 1319
5892 4 2 1 1 1160 1115 783 1159
5893 4 2 1 1 377 1422 373 386
5894 4 2 1 1 1231 1377 1229 765
5895 4 2 1 1 537 456 769 1400
5896 4 2 1 1 1531 747 944 1389
5897 4 2 1 1 855 749 841 1102
5898 4 2 1 1 1493 1210 1208 833
5899 4 2 1 1 1251 1250 1558 639
5900 4 2 1 1 531 339 337 1211
5901 4 2 1 1 351 352 350 1009
5902 4 2 1 1 1009 1456 351 1118
5903 4 2 1 1 1265 1263 646 643
5904 4 2 1 1 1420 1496 514 518
5905 4 2 1 1 627 583 1218 848
5906 4 2 1 1 1363 942 246 306
5907 4 2 1 1 392 381 426 1010
5908 4 2 1 1 1474 1104 1483 384
5909 4 2 1 1 735 304 936 912
5910 4 2 1 1 1363 246 245 306
5911 4 2 1 1 851 634 1424 432
5912 4 2 1 1 1081 1114 780 1115
5913 4 2 1 1 1291 1281 1174 574
5914 4 2 1 1 1405 1015 488 1020
5915 4 2 1 1 1351 1066 402 1423
5916 4 2 1 1 1487 667 669 668
5917 4 2 1 1 1021 400 708 681
5918 4 2 1 1 1433 470 823 515
5919 4 2 1 1 1044 1045 344 1053
5920 4 2 1 1 414 344 817 1045
5921 4 2 1 1 1136 1470 508 509
5922 4 2 1 1 1126 466 467 465
5923 4 2 1 1 810 1448 472 853
5924 4 2 1 1 764 1273 1074 1268
5925 4 2 1 1 1049 1030 1349 777
5926 4 2 1 1 963 328 865 1554
5927 4 2 1 1 1251 1557 1414 876
5928 4 2 1 1 956 309 333 1266
5929 4 2 1 1 284 285 936 735
5930 4 2 1 1 284 936 1369 735
5931 4 2 1 1 1388 1395 307 205
5932 4 2 1 1 948 317 628 1480
5933 4 2 1 1 294 240 1357 239
5934 4 2 1 1 875 1341 895 729
5935 4 2 1 1 753 474 1116 684
5936 4 2 1 1 1219 1333 1181 871
5937 4 2 1 1 591 623 1207 1473
5938 4 2 1 1 332 917 867 1500
5939 4 2 1 1 517 611 1247 612
5940 4 2 1 1 249 1502 247 909
5941 4 2 1 1 890 1356 1249 889
5942 4 2 1 1 836 1341 931 875
5943 4 2 1 1 1215 1529 614 892
5944 4 2 1 1 337 335 793 1258
5945 4 2 1 1 633 616 1228 617
5946 4 2 1 1 388 1324 389 395
5947 4 2 1 1 1324 1037 1063 389
5948 4 2 1 1 1173 1285 1282 613
5949 4 2 1 1 299 261 1361 906
5950 4 2 1 1 618 912 1302 710
5951 4 2 1 1 1478 1302 936 912
5952 4 2 1 1 727 240 1357 294
5953 4 2 1 1 436 438 437 1332
5954 4 2 1 1 995 1002 355 997
5955 4 2 1 1 355 773 358 997
5956 4 2 1 1 1438 1463 1432 678
5957 4 2 1 1 1194 1283 1284 677
5958 4 2 1 1 741 740 739 1013
5959 4 2 1 1 1533 1225 610 579
5960 4 2 1 1 925 736 1402 903
5961 4 2 1 1 588 590 1222 606
5962 4 2 1 1 846 1223 1224 839
5963 4 2 1 1 1210 1209 512 839
5964 4 2 1 1 778 364 368 1427
5965 4 2 1 1 987 988 989 672
5966 4 2 1 1 979 977 978 403
5967 4 2 1 1 884 1530 1391 312
5968 4 2 1 1 798 505 779 1472
5969 4 2 1 1 515 1096 470 473
5970 4 2 1 1 617 1168 633 638
5971 4 2 1 1 588 1222 1253 606
5972 4 2 1 1 261 1361 937 299
5973 4 2 1 1 299 937 261 262
5974 4 2 1 1 563 562 861 1329
5975 4 2 1 1 783 770 780 1115
5976 4 2 1 1 1422 1289 1288 373
5977 4 2 1 1 376 435 1229 765
5978 4 2 1 1 1400 769 1380 1079
5979 4 2 1 1 660 1157 1412 555
5980 4 2 1 1 752 1043 1046 1022
5981 4 2 1 1 533 500 820 1090
5982 4 2 1 1 380 694 696 1315
5983 4 2 1 1 265 1353 929 866
5984 4 2 1 1 265 929 259 866
5985 4 2 1 1 840 1099 1064 1065
5986 4 2 1 1 1161 1128 515 797
5987 4 2 1 1 661 1198 1157 555
5988 4 2 1 1 833 1493 847 691
5989 4 2 1 1 628 624 623 1366
5990 4 2 1 1 884 1391 1252 885
5991 4 2 1 1 458 485 483 1141
5992 4 2 1 1 1398 269 270 737
5993 4 2 1 1 748 953 1378 888
5994 4 2 1 1 894 1431 1533 579
5995 4 2 1 1 1355 949 297 208
5996 4 2 1 1 614 611 1286 516
5997 4 2 1 1 937 299 918 262
5998 4 2 1 1 402 387 756 1423
5999 4 2 1 1 697 383 488 1015
6000 4 2 1 1 986 984 1487 667
6001 4 2 1 1 1021 982 980 400
6002 4 2 1 1 956 333 761 1259
6003 4 2 1 1 1217 602 584 902
6004 4 2 1 1 340 341 342 1319
6005 4 2 1 1 1122 1102 841 1058
6006 4 2 1 1 296 1537 927 1532
6007 4 2 1 1 257 258 731 1360
6008 4 2 1 1 1360 731 257 932
6009 4 2 1 1 1215 1529 892 878
6010 4 2 1 1 931 1542 1341 836
6011 4 2 1 1 1502 1555 1504 898
6012 4 2 1 1 1100 1412 1106 556
6013 4 2 1 1 352 1017 1009 1008
6014 4 2 1 1 461 351 795 1118
6015 4 2 1 1 926 282 743 293
6016 4 2 1 1 482 1093 473 481
6017 4 2 1 1 1520 1521 1333 688
6018 4 2 1 1 1180 1182 1425 476
6019 4 2 1 1 783 545 781 1159
6020 4 2 1 1 361 359 360 1336
6021 4 2 1 1 992 991 993 808
6022 4 2 1 1 1462 1479 1449 686
6023 4 2 1 1 549 547 1485 548
6024 4 2 1 1 1206 1444 1116 753
6025 4 2 1 1 1542 931 234 836
6026 4 2 1 1 789 280 1461 933
6027 4 2 1 1 280 789 300 933
6028 4 2 1 1 789 280 279 1461
6029 4 2 1 1 289 789 279 1370
6030 4 2 1 1 789 279 1370 1461
6031 4 2 1 1 1278 585 507 1381
6032 4 2 1 1 829 603 705 1453
6033 4 2 1 1 943 1398 270 737
6034 4 2 1 1 1216 908 621 1513
6035 4 2 1 1 1095 1406 1307 535
6036 4 2 1 1 671 1098 670 850
6037 4 2 1 1 404 1348 441 415
6038 4 2 1 1 419 1078 1076 1191
6039 4 2 1 1 507 537 1244 1381
6040 4 2 1 1 1398 269 737 736
6041 4 2 1 1 299 1517 937 689
6042 4 2 1 1 1250 1251 617 639
6043 4 2 1 1 731 303 932 1526
6044 4 2 1 1 935 1355 824 207
6045 4 2 1 1 1243 1160 539 1216
6046 4 2 1 1 1163 607 545 1342
6047 4 2 1 1 1379 311 940 255
6048 4 2 1 1 311 253 940 255
6049 4 2 1 1 1106 1156 1155 554
6050 4 2 1 1 1202 1008 354 1002
6051 4 2 1 1 773 461 788 1396
6052 4 2 1 1 406 709 1041 407
6053 4 2 1 1 1038 1040 1421 408
6054 4 2 1 1 1164 1143 815 1150
6055 4 2 1 1 911 328 1376 1554
6056 4 2 1 1 1515 1403 1217 602
6057 4 2 1 1 1451 1233 838 1477
6058 4 2 1 1 613 517 1173 612
6059 4 2 1 1 1084 1056 1055 428
6060 4 2 1 1 602 1515 1403 689
6061 4 2 1 1 1352 961 242 326
6062 4 2 1 1 420 1119 828 449
6063 4 2 1 1 731 619 904 1526
6064 4 2 1 1 1501 963 330 1505
6065 4 2 1 1 1067 405 1066 1027
6066 4 2 1 1 1027 1028 771 1020
6067 4 2 1 1 669 682 1242 854
6068 4 2 1 1 681 1303 682 523
6069 4 2 1 1 784 811 764 1268
6070 4 2 1 1 1454 1024 347 1026
6071 4 2 1 1 348 401 825 1023
6072 4 2 1 1 1157 1200 661 555
6073 4 2 1 1 1137 1129 1217 601
6074 4 2 1 1 953 233 748 238
6075 4 2 1 1 233 953 748 320
6076 4 2 1 1 1353 265 295 866
6077 4 2 1 1 562 560 559 1146
6078 4 2 1 1 619 731 1525 1526
6079 4 2 1 1 1253 1516 1254 650
6080 4 2 1 1 1452 494 334 1259
6081 4 2 1 1 382 387 383 1014
6082 4 2 1 1 984 983 982 805
6083 4 2 1 1 745 880 593 1232
6084 4 2 1 1 886 1434 1320 728
6085 4 2 1 1 226 242 961 759
6086 4 2 1 1 1507 1364 1528 902
6087 4 2 1 1 528 813 1178 530
6088 4 2 1 1 1486 1457 1153 767
6089 4 2 1 1 1491 1193 1489 443
6090 4 2 1 1 774 418 450 1075
6091 4 2 1 1 816 1031 802 751
6092 4 2 1 1 562 626 861 1328
6093 4 2 1 1 1086 1301 1172 497
6094 4 2 1 1 1271 586 585 1272
6095 4 2 1 1 877 1509 1223 581
6096 4 2 1 1 891 236 1358 874
6097 4 2 1 1 793 337 1258 1211
6098 4 2 1 1 1097 1433 1096 470
6099 4 2 1 1 1323 809 406 395
6100 4 2 1 1 1037 1038 1036 763
6101 4 2 1 1 759 242 961 326
6102 4 2 1 1 947 1542 234 836
6103 4 2 1 1 1000 1001 762 999
6104 4 2 1 1 1192 362 371 372
6105 4 2 1 1 679 1468 826 796
6106 4 2 1 1 1392 1248 703 1553
6107 4 2 1 1 1206 1167 1221 589
6108 4 2 1 1 480 514 1495 570
6109 4 2 1 1 1234 801 1204 1235
6110 4 2 1 1 969 1188 1309 849
6111 4 2 1 1 520 484 483 1144
6112 4 2 1 1 1127 1116 1084 474
6113 4 2 1 1 1256 939 1509 881
6114 4 2 1 1 341 674 433 1321
6115 4 2 1 1 1148 1122 575 1197
6116 4 2 1 1 1208 1166 1193 463
6117 4 2 1 1 1465 1231 1457 766
6118 4 2 1 1 1033 386 750 751
6119 4 2 1 1 1177 530 583 582
6120 4 2 1 1 1439 597 561 594
6121 4 2 1 1 597 648 831 1069
6122 4 2 1 1 493 450 456 1107
6123 4 2 1 1 1314 818 1306 1313
6124 4 2 1 1 539 783 781 1160
6125 4 2 1 1 1512 1342 609 1511
6126 4 2 1 1 263 937 704 262
6127 4 2 1 1 662 1200 1330 660
6128 4 2 1 1 1362 937 704 263
6129 4 2 1 1 374 1006 1354 1001
6130 4 2 1 1 665 372 1397 379
6131 4 2 1 1 796 398 1007 393
6132 4 2 1 1 1235 1300 600 1299
6133 4 2 1 1 887 1536 1255 730
6134 4 2 1 1 1341 1339 1340 875
6135 4 2 1 1 1346 221 237 305
6136 4 2 1 1 1407 542 541 1130
6137 4 2 1 1 958 1347 1516 324
6138 4 2 1 1 424 1080 1079 1078
6139 4 2 1 1 1201 843 850 435
6140 4 2 1 1 1289 1307 1290 369
6141 4 2 1 1 691 1048 421 415
6142 4 2 1 1 885 1391 961 759
6143 4 2 1 1 1412 556 660 555
6144 4 2 1 1 623 591 880 1473
6145 4 2 1 1 928 1378 294 239
6146 4 2 1 1 335 1258 1452 1266
6147 4 2 1 1 1026 1044 345 1054
6148 4 2 1 1 791 1313 1399 1196
6149 4 2 1 1 216 296 215 1537
6150 4 2 1 1 1124 1097 1123 469
6151 4 2 1 1 445 453 446 1382
6152 4 2 1 1 563 1327 1334 1101
6153 4 2 1 1 305 237 1346 891
6154 4 2 1 1 508 462 1136 509
6155 4 2 1 1 720 817 825 1417
6156 4 2 1 1 832 1140 1418 1292
6157 4 2 1 1 1131 460 1109 1132
6158 4 2 1 1 1071 1072 1086 569
6159 4 2 1 1 576 577 575 1148
6160 4 2 1 1 961 1352 898 326
6161 4 2 1 1 813 595 1326 487
6162 4 2 1 1 1450 364 361 365
6163 4 2 1 1 989 994 991 834
6164 4 2 1 1 1449 975 977 690
6165 4 2 1 1 571 478 1338 547
6166 4 2 1 1 705 431 505 1151
6167 4 2 1 1 553 1156 552 554
6168 4 2 1 1 1520 1219 1519 625
6169 4 2 1 1 1282 634 613 616
6170 4 2 1 1 1547 1131 807 1497
6171 4 2 1 1 1177 1175 1218 583
6172 4 2 1 1 1550 962 867 1500
6173 4 2 1 1 599 533 694 1062
6174 4 2 1 1 1064 1430 856 1046
6175 4 2 1 1 1111 1143 338 1169
6176 4 2 1 1 1092 810 481 522
6177 4 2 1 1 1349 1070 1425 503
6178 4 2 1 1 1433 1186 1320 823
6179 4 2 1 1 234 228 947 836
6180 4 2 1 1 846 1509 1223 877
6181 4 2 1 1 1284 1483 1463 390
6182 4 2 1 1 436 426 739 1304
6183 4 2 1 1 1510 793 1258 1211
6184 4 2 1 1 1542 947 1341 836
6185 4 2 1 1 1088 972 970 479
6186 4 2 1 1 945 1391 1530 312
6187 4 2 1 1 836 228 947 314
6188 4 2 1 1 1494 1088 1495 480
6189 4 2 1 1 963 865 715 1554
6190 4 2 1 1 1557 945 1530 312
6191 4 2 1 1 1243 622 538 1514
6192 4 2 1 1 1504 885 898 606
6193 4 2 1 1 518 1265 1496 646
6194 4 2 1 1 323 957 224 772
6195 4 2 1 1 266 760 1376 254
6196 4 2 1 1 1256 846 881 877
6197 4 2 1 1 873 576 567 1195
6198 4 2 1 1 717 715 607 1343
6199 4 2 1 1 1138 513 466 821
6200 4 2 1 1 611 1286 1287 614
6201 4 2 1 1 758 622 899 1522
6202 4 2 1 1 542 541 543 1407
6203 4 2 1 1 1459 322 910 744
6204 4 2 1 1 744 1199 1198 803
6205 4 2 1 1 898 885 961 326
6206 4 2 1 1 1165 1166 1431 511
6207 4 2 1 1 273 965 272 325
6208 4 2 1 1 317 628 907 1365
6209 4 2 1 1 1334 1469 566 1466
6210 4 2 1 1 308 628 1366 1365
6211 4 2 1 1 1175 1174 1137 842
6212 4 2 1 1 835 1540 1248 1560
6213 4 2 1 1 918 704 937 262
6214 4 2 1 1 893 617 1250 615
6215 4 2 1 1 866 1521 929 688
6216 4 2 1 1 699 941 1345 1510
6217 4 2 1 1 932 1525 731 1526
6218 4 2 1 1 761 333 956 1260
6219 4 2 1 1 302 893 1544 889
6220 4 2 1 1 328 715 865 1554
6221 4 2 1 1 1212 1321 674 1189
6222 4 2 1 1 1394 1508 521 1190
6223 4 2 1 1 1166 1208 1209 512
6224 4 2 1 1 943 270 700 310
6225 4 2 1 1 1156 1158 1445 552
6226 4 2 1 1 540 1114 1190 1130
6227 4 2 1 1 726 953 1356 232
6228 4 2 1 1 919 626 319 1446
6229 4 2 1 1 689 1403 602 848
6230 4 2 1 1 921 1267 964 331
6231 4 2 1 1 760 951 1376 254
6232 4 2 1 1 1388 747 1390 1389
6233 4 2 1 1 731 258 316 1360
6234 4 2 1 1 507 1245 1278 1381
6235 4 2 1 1 1157 1200 1198 661
6236 4 2 1 1 797 614 1286 516
6237 4 2 1 1 1152 1233 837 1162
6238 4 2 1 1 287 319 738 952
6239 4 2 1 1 593 576 1195 1170
6240 4 2 1 1 611 1247 1286 516
6241 4 2 1 1 252 899 868 1359
6242 4 2 1 1 1120 1444 1136 462
6243 4 2 1 1 704 937 1515 689
6244 4 2 1 1 859 855 592 1437
6245 4 2 1 1 552 555 1158 803
6246 4 2 1 1 298 234 931 836
6247 4 2 1 1 688 869 1521 922
6248 4 2 1 1 1285 1544 1250 615
6249 4 2 1 1 830 1162 1248 1392
6250 4 2 1 1 911 328 760 1376
6251 4 2 1 1 728 1320 886 887
6252 4 2 1 1 304 936 285 735
6253 4 2 1 1 1225 1509 1346 610
6254 4 2 1 1 305 939 881 877
6255 4 2 1 1 333 334 956 1266
6256 4 2 1 1 1243 539 621 1216
6257 4 2 1 1 1287 888 614 892
6258 4 2 1 1 760 311 1379 255
6259 4 2 1 1 914 331 1503 863
6260 4 2 1 1 1538 1356 1249 890
6261 4 2 1 1 493 456 507 1381
6262 4 2 1 1 863 870 959 325
6263 4 2 1 1 880 745 308 938
6264 4 2 1 1 510 491 970 479
6265 4 2 1 1 1261 1238 631 1481
6266 4 2 1 1 639 1251 1168 638
6267 4 2 1 1 585 1278 1271 1272
6268 4 2 1 1 653 654 655 1293
6269 4 2 1 1 491 968 1420 641
6270 4 2 1 1 1409 959 1267 870
6271 4 2 1 1 545 542 543 1163
6272 4 2 1 1 781 539 1160 1216
6273 4 2 1 1 1409 1267 1265 870
6274 4 2 1 1 1374 525 1548 1560
6275 4 2 1 1 540 780 746 1114
6276 4 2 1 1 811 586 620 1269
6277 4 2 1 1 612 890 1249 889
6278 4 2 1 1 864 1352 329 915
6279 4 2 1 1 918 299 937 689
6280 4 2 1 1 1302 1240 1274 618
6281 4 2 1 1 1184 785 453 475
6282 4 2 1 1 296 1297 1537 1532
6283 4 2 1 1 330 714 1501 1505
6284 4 2 1 1 869 872 1220 922
6285 4 2 1 1 905 738 1435 662
6286 4 2 1 1 839 1223 1209 581
6287 4 2 1 1 1356 890 726 889
6288 4 2 1 1 1228 1250 1168 617
6289 4 2 1 1 1223 1210 1224 839
6290 4 2 1 1 1357 947 228 314
6291 4 2 1 1 1165 821 511 605
6292 4 2 1 1 459 685 439 1134
6293 4 2 1 1 872 755 869 1220
6294 4 2 1 1 743 275 1447 322
6295 4 2 1 1 1136 1507 1129 508
6296 4 2 1 1 263 704 1362 306
6297 4 2 1 1 1470 508 509 587
6298 4 2 1 1 235 931 1358 298
6299 4 2 1 1 736 737 1398 903
6300 4 2 1 1 1238 632 631 1260
6301 4 2 1 1 1320 823 886 887
6302 4 2 1 1 859 860 815 1150
6303 4 2 1 1 1238 631 632 1261
6304 4 2 1 1 1501 714 203 218
6305 4 2 1 1 1223 846 877 581
6306 4 2 1 1 580 1257 1262 882
6307 4 2 1 1 964 1546 1264 772
6308 4 2 1 1 643 518 1142 642
6309 4 2 1 1 494 761 1259 1238
6310 4 2 1 1 1369 284 735 322
6311 4 2 1 1 1514 622 538 1245
6312 4 2 1 1 865 330 916 1552
6313 4 2 1 1 1264 1267 964 921
6314 4 2 1 1 1173 1172 1247 517
6315 4 2 1 1 273 959 965 325
6316 4 2 1 1 1286 1172 1301 516
6317 4 2 1 1 760 1512 1511 951
6318 4 2 1 1 758 507 1245 1278
6319 4 2 1 1 1298 1131 499 1108
6320 4 2 1 1 1267 1264 1265 921
6321 4 2 1 1 912 925 1478 711
6322 4 2 1 1 331 870 1267 863
6323 4 2 1 1 1212 857 1279 1214
6324 4 2 1 1 758 303 904 1522
6325 4 2 1 1 317 913 630 1476
6326 4 2 1 1 1209 512 581 579
6327 4 2 1 1 590 1252 1222 606
6328 4 2 1 1 559 578 1330 660
6329 4 2 1 1 329 1502 1352 898
6330 4 2 1 1 1546 964 225 772
6331 4 2 1 1 1536 1320 1434 728
6332 4 2 1 1 969 510 827 849
6333 4 2 1 1 885 1504 1252 606
6334 4 2 1 1 1476 290 332 1500
6335 4 2 1 1 956 1545 309 1266
6336 4 2 1 1 902 776 1364 306
6337 4 2 1 1 290 274 332 1500
6338 4 2 1 1 871 688 1333 922
6339 4 2 1 1 1272 1271 586 1269
6340 4 2 1 1 1342 1163 607 1343
6341 4 2 1 1 1404 211 725 930
6342 4 2 1 1 1249 1173 1247 612
6343 4 2 1 1 1503 1549 331 914
6344 4 2 1 1 869 1521 866 688
6345 4 2 1 1 891 1358 1346 610
6346 4 2 1 1 293 1435 738 662
6347 4 2 1 1 655 1293 654 1559
6348 4 2 1 1 1495 1496 1257 514
6349 4 2 1 1 1225 1209 581 579
6350 4 2 1 1 685 572 838 1451
6351 4 2 1 1 908 609 760 1512
6352 4 2 1 1 1536 1320 728 887
6353 4 2 1 1 900 587 1254 650
6354 4 2 1 1 1136 462 508 492
6355 4 2 1 1 870 1409 959 325
6356 4 2 1 1 1528 1515 1217 602
6357 4 2 1 1 591 577 576 1170
6358 4 2 1 1 1252 1253 1222 606
6359 4 2 1 1 863 959 273 325
6360 4 2 1 1 1129 601 492 584
6361 4 2 1 1 803 608 1199 550
6362 4 2 1 1 944 206 742 1385
6363 4 2 1 1 515 878 1161 797
6364 4 2 1 1 282 926 738 293
6365 4 2 1 1 520 1144 1556 1508
6366 4 2 1 1 1558 1250 1544 893
6367 4 2 1 1 579 1431 511 605
6368 4 2 1 1 1470 509 588 587
6369 4 2 1 1 498 459 460 1132
6370 4 2 1 1 1331 1446 626 1328
6371 4 2 1 1 1526 1525 619 1271
6372 4 2 1 1 462 753 1444 509
6373 4 2 1 1 1552 963 330 1501
6374 4 2 1 1 784 586 811 1269
6375 4 2 1 1 1146 1328 562 1327
6376 4 2 1 1 1294 1293 653 1295
6377 4 2 1 1 1357 928 294 239
6378 4 2 1 1 632 867 327 962
6379 4 2 1 1 1339 1341 1434 729
6380 4 2 1 1 1534 1293 655 1559
6381 4 2 1 1 830 485 837 1162
6382 4 2 1 1 1515 1517 1403 689
6383 4 2 1 1 1261 631 630 1481
6384 4 2 1 1 1120 449 462 492
6385 4 2 1 1 618 1240 608 549
6386 4 2 1 1 887 1255 1161 878
6387 4 2 1 1 807 1547 1497 1375
6388 4 2 1 1 1161 1096 1433 515
6389 4 2 1 1 876 884 1530 604
6390 4 2 1 1 761 494 631 1238
6391 4 2 1 1 884 1252 1530 590
6392 4 2 1 1 967 644 737 310
6393 4 2 1 1 1227 1268 811 1269
6394 4 2 1 1 1309 1478 903 711
6395 4 2 1 1 591 1207 1170 1473
6396 4 2 1 1 950 1386 1519 318
6397 4 2 1 1 1130 1407 543 1163
6398 4 2 1 1 714 330 1501 203
6399 4 2 1 1 1243 539 1160 1244
6400 4 2 1 1 593 734 789 1232
6401 4 2 1 1 931 235 234 298
6402 4 2 1 1 1245 507 538 1244
6403 4 2 1 1 1219 529 625 871
6404 4 2 1 1 937 704 918 689
6405 4 2 1 1 689 627 1517 848
6406 4 2 1 1 1320 1536 1255 887
6407 4 2 1 1 868 311 253 940
6408 4 2 1 1 1414 1168 1251 638
6409 4 2 1 1 717 715 1343 1505
6410 4 2 1 1 860 1164 1150 1237
6411 4 2 1 1 781 908 621 1216
6412 4 2 1 1 1514 538 1243 1245
6413 4 2 1 1 737 644 967 903
6414 4 2 1 1 892 614 1215 878
6415 4 2 1 1 811 787 477 1227
6416 4 2 1 1 1263 1265 1264 883
6417 4 2 1 1 1265 1263 1496 646
6418 4 2 1 1 807 1497 1532 1375
6419 4 2 1 1 909 324 958 651
6420 4 2 1 1 1518 1401 582 687
6421 4 2 1 1 1260 1238 632 1261
6422 4 2 1 1 1352 1551 329 915
6423 4 2 1 1 1134 1133 459 1132
6424 4 2 1 1 531 1212 1189 1211
6425 4 2 1 1 1168 1414 1167 638
6426 4 2 1 1 881 1256 1262 580
6427 4 2 1 1 1248 1355 703 1553
6428 4 2 1 1 631 761 1238 1260
6429 4 2 1 1 337 793 531 1211
6430 4 2 1 1 1186 823 513 886
6431 4 2 1 1 783 539 770 1160
6432 4 2 1 1 1547 498 1131 1132
6433 4 2 1 1 1227 1428 787 1185
6434 4 2 1 1 685 1134 1451 1203
6435 4 2 1 1 903 849 1309 711
6436 4 2 1 1 911 760 609 1511
6437 4 2 1 1 614 1286 1215 797
6438 4 2 1 1 1503 964 1267 331
6439 4 2 1 1 226 961 1391 759
6440 4 2 1 1 303 257 731 932
6441 4 2 1 1 615 1544 893 889
6442 4 2 1 1 1114 1394 540 1190
6443 4 2 1 1 572 1548 1233 1451
6444 4 2 1 1 629 631 860 1237
6445 4 2 1 1 305 881 939 786
6446 4 2 1 1 303 899 256 1393
6447 4 2 1 1 1527 1506 900 776
6448 4 2 1 1 748 1378 953 238
6449 4 2 1 1 957 1264 1546 772
6450 4 2 1 1 499 501 526 1298
6451 4 2 1 1 938 276 308 1365
6452 4 2 1 1 1267 921 870 331
6453 4 2 1 1 1260 632 327 962
6454 4 2 1 1 539 781 621 1216
6455 4 2 1 1 954 204 757 1537
6456 4 2 1 1 703 830 835 1248
6457 4 2 1 1 270 943 737 310
6458 4 2 1 1 329 247 1502 909
6459 4 2 1 1 630 913 332 1476
6460 4 2 1 1 1420 518 491 641
6461 4 2 1 1 1504 1352 1502 898
6462 4 2 1 1 1263 1262 1257 882
6463 4 2 1 1 1264 883 921 772
6464 4 2 1 1 589 590 1222 588
6465 4 2 1 1 590 884 1252 885
6466 4 2 1 1 1470 1222 1254 588
6467 4 2 1 1 1388 944 747 1389
6468 4 2 1 1 508 1507 1129 584
6469 4 2 1 1 1364 1507 776 902
6470 4 2 1 1 1530 1221 884 590
6471 4 2 1 1 775 246 942 306
6472 4 2 1 1 526 1298 1294 1296
6473 4 2 1 1 290 332 913 1476
6474 4 2 1 1 1214 654 1292 1293
6475 4 2 1 1 1256 1509 1223 846
6476 4 2 1 1 1255 887 730 878
6477 4 2 1 1 1529 1215 1255 878
6478 4 2 1 1 328 963 1376 1554
6479 4 2 1 1 965 272 325 700
6480 4 2 1 1 827 510 970 479
6481 4 2 1 1 1218 583 627 582
6482 4 2 1 1 1502 329 909 651
6483 4 2 1 1 1538 1247 1287 611
6484 4 2 1 1 318 950 251 260
6485 4 2 1 1 251 1386 950 318
6486 4 2 1 1 607 715 911 1343
6487 4 2 1 1 1213 1345 822 1559
6488 4 2 1 1 1209 1210 1223 839
6489 4 2 1 1 483 1141 1144 1112
6490 4 2 1 1 953 1538 1287 888
6491 4 2 1 1 605 894 1340 875
6492 4 2 1 1 540 521 541 1190
6493 4 2 1 1 1225 1533 1431 579
6494 4 2 1 1 761 631 632 1260
6495 4 2 1 1 1186 1434 1320 886
6496 4 2 1 1 881 846 1256 580
6497 4 2 1 1 857 1214 1212 1559
6498 4 2 1 1 1190 1407 541 1130
6499 4 2 1 1 222 221 939 786
6500 4 2 1 1 1504 1253 1252 606
6501 4 2 1 1 1345 213 716 1404
6502 4 2 1 1 687 950 1519 318
6503 4 2 1 1 775 1347 248 324
6504 4 2 1 1 758 904 585 1278
6505 4 2 1 1 1401 1518 1519 687
6506 4 2 1 1 711 849 1188 571
6507 4 2 1 1 1256 1257 1262 580
6508 4 2 1 1 1263 1257 1496 646
6509 4 2 1 1 567 576 575 1148
6510 4 2 1 1 941 197 699 1345
6511 4 2 1 1 312 884 1530 876
6512 4 2 1 1 960 1385 315 202
6513 4 2 1 1 1321 674 1279 1212
6514 4 2 1 1 580 1262 881 882
6515 4 2 1 1 625 1401 1519 687
6516 4 2 1 1 330 865 963 1552
6517 4 2 1 1 327 1260 962 1541
6518 4 2 1 1 276 308 745 938
6519 4 2 1 1 1221 884 590 604
6520 4 2 1 1 1452 1164 494 1259
6521 4 2 1 1 878 1215 1161 797
6522 4 2 1 1 1216 621 1243 1513
6523 4 2 1 1 1259 1164 494 1238
6524 4 2 1 1 885 961 1504 898
6525 4 2 1 1 305 939 221 786
6526 4 2 1 1 1165 1431 1340 605
6527 4 2 1 1 1347 958 248 324
6528 4 2 1 1 1225 1223 1509 581
6529 4 2 1 1 1214 654 1293 1559
6530 4 2 1 1 1357 928 1255 730
6531 4 2 1 1 883 882 1263 646
6532 4 2 1 1 573 1246 1548 1560
6533 4 2 1 1 787 811 620 1227
6534 4 2 1 1 624 629 860 1237
6535 4 2 1 1 888 611 1287 614
6536 4 2 1 1 1358 1346 237 891
6537 4 2 1 1 1219 1401 1519 625
6538 4 2 1 1 1215 1529 1287 614
6539 4 2 1 1 576 1195 1170 1148
6540 4 2 1 1 1161 887 878 515
6541 4 2 1 1 501 1298 1108 1140
6542 4 2 1 1 652 653 321 1295
6543 4 2 1 1 586 493 585 1272
6544 4 2 1 1 628 308 907 1365
6545 4 2 1 1 963 715 330 1505
6546 4 2 1 1 835 1248 830 1560
6547 4 2 1 1 865 715 330 963
6548 4 2 1 1 318 251 1386 866
6549 4 2 1 1 602 601 1217 584
6550 4 2 1 1 628 1480 1366 1365
6551 4 2 1 1 1245 1522 758 1278
6552 4 2 1 1 563 566 565 1334
6553 4 2 1 1 830 1248 1162 1560
6554 4 2 1 1 1480 1481 629 1237
6555 4 2 1 1 1200 1412 1330 660
6556 4 2 1 1 1287 1247 1286 611
6557 4 2 1 1 920 619 731 1525
6558 4 2 1 1 1506 1527 1364 776
6559 4 2 1 1 311 621 908 1513
6560 4 2 1 1 1128 1161 1215 797
6561 4 2 1 1 1346 939 221 305
6562 4 2 1 1 1343 1344 717 1505
6563 4 2 1 1 1243 538 539 1244
6564 4 2 1 1 556 559 1412 660
6565 4 2 1 1 507 537 538 1244
6566 4 2 1 1 785 787 872 1185
6567 4 2 1 1 675 526 652 1296
6568 4 2 1 1 1364 776 775 306
6569 4 2 1 1 717 315 714 960
6570 4 2 1 1 289 745 789 1370
6571 4 2 1 1 317 629 628 1480
6572 4 2 1 1 1136 1470 1506 508
6573 4 2 1 1 1536 1357 1255 730
6574 4 2 1 1 629 317 630 1481
6575 4 2 1 1 744 608 1199 803
6576 4 2 1 1 1503 1549 964 331
6577 4 2 1 1 331 225 964 772
6578 4 2 1 1 538 1243 1245 1244
6579 4 2 1 1 968 1142 1420 641
6580 4 2 1 1 328 760 1376 266
6581 4 2 1 1 1162 485 1152 1141
6582 4 2 1 1 1358 1533 1225 610
6583 4 2 1 1 1504 961 1352 898
6584 4 2 1 1 555 661 1198 803
6585 4 2 1 1 1330 578 662 660
6586 4 2 1 1 660 661 1200 555
6587 4 2 1 1 674 531 857 1212
6588 4 2 1 1 960 1501 714 1505
6589 4 2 1 1 745 593 789 1232
6590 4 2 1 1 836 1341 875 729
6591 4 2 1 1 1218 1517 1518 627
6592 4 2 1 1 1142 1409 1265 642
6593 4 2 1 1 327 867 199 962
6594 4 2 1 1 846 1223 839 581
6595 4 2 1 1 886 729 1434 728
6596 4 2 1 1 876 1530 1414 604
6597 4 2 1 1 1276 1198 1200 661
6598 4 2 1 1 1158 1198 1199 803
6599 4 2 1 1 1434 1341 947 729
6600 4 2 1 1 545 1159 1163 1342
6601 4 2 1 1 582 627 1518 687
6602 4 2 1 1 1266 334 956 1259
6603 4 2 1 1 587 588 1254 650
6604 4 2 1 1 968 491 510 641
6605 4 2 1 1 1302 735 912 618
6606 4 2 1 1 334 309 335 1266
6607 4 2 1 1 939 1539 222 786
6608 4 2 1 1 218 960 714 202
6609 4 2 1 1 1352 1551 1502 329
6610 4 2 1 1 621 311 868 1513
6611 4 2 1 1 957 1263 1264 883
6612 4 2 1 1 560 562 563 1327
6613 4 2 1 1 1391 1252 1530 884
6614 4 2 1 1 518 1420 1142 641
6615 4 2 1 1 1225 581 610 579
6616 4 2 1 1 970 969 968 510
6617 4 2 1 1 1295 652 1294 1296
6618 4 2 1 1 635 543 541 1407
6619 4 2 1 1 538 621 622 1243
6620 4 2 1 1 917 332 274 1500
6621 4 2 1 1 1211 531 1212 1559
6622 4 2 1 1 653 1293 930 1295
6623 4 2 1 1 815 860 494 1164
6624 4 2 1 1 950 687 906 318
6625 4 2 1 1 1286 1128 1215 797
6626 4 2 1 1 622 758 538 1245
6627 4 2 1 1 328 911 715 1554
6628 4 2 1 1 1320 1255 1161 887
6629 4 2 1 1 714 1501 960 218
6630 4 2 1 1 953 1287 1378 888
6631 4 2 1 1 607 545 543 1163
6632 4 2 1 1 1212 531 857 1559
6633 4 2 1 1 625 582 1401 687
6634 4 2 1 1 758 899 303 1522
6635 4 2 1 1 624 628 629 1480
6636 4 2 1 1 878 614 1215 797
6637 4 2 1 1 331 1549 223 914
6638 4 2 1 1 318 906 950 260
6639 4 2 1 1 590 1222 1221 589
6640 4 2 1 1 960 315 714 202
6641 4 2 1 1 803 1158 552 550
6642 4 2 1 1 873 593 576 1195
6643 4 2 1 1 1554 1343 715 1505
6644 4 2 1 1 1252 590 885 606
6645 4 2 1 1 225 964 223 331
6646 4 2 1 1 1266 1452 334 1259
6647 4 2 1 1 591 623 592 1207
6648 4 2 1 1 508 1470 1506 587
6649 4 2 1 1 1340 931 1341 875
6650 4 2 1 1 1517 1515 937 689
6651 4 2 1 1 1295 954 652 1296
6652 4 2 1 1 585 619 586 1271
6653 4 2 1 1 604 1414 876 638
6654 4 2 1 1 337 1169 1258 1211
6655 4 2 1 1 941 1258 335 1266
6656 4 2 1 1 963 250 328 266
6657 4 2 1 1 1209 1225 1431 579
6658 4 2 1 1 1519 1518 950 687
6659 4 2 1 1 957 1262 1263 882
6660 4 2 1 1 1496 1420 1142 518
6661 4 2 1 1 1544 1249 1356 889
6662 4 2 1 1 628 623 308 1366
6663 4 2 1 1 1252 961 1504 885
6664 4 2 1 1 1224 1256 1223 846
6665 4 2 1 1 1557 1530 1414 876
6666 4 2 1 1 1376 963 328 266
6667 4 2 1 1 761 956 1259 1260
6668 4 2 1 1 604 590 1221 589
6669 4 2 1 1 961 1252 1391 885
6670 4 2 1 1 1476 1261 630 1481
6671 4 2 1 1 507 758 585 1278
6672 4 2 1 1 1554 715 963 1505
6673 4 2 1 1 526 1298 1296 1497
6674 4 2 1 1 714 330 715 1505
6675 4 2 1 1 537 539 538 1244
6676 4 2 1 1 562 578 626 1328
6677 4 2 1 1 627 1517 299 689
6678 4 2 1 1 960 714 717 1505
6679 4 2 1 1 1515 602 704 689
6680 4 2 1 1 1142 1265 1496 518
6681 4 2 1 1 629 630 631 1481
6682 4 2 1 1 630 632 631 1261
6683 4 2 1 1 1496 514 518 646
6684 4 2 1 1 1221 1530 1252 590
6685 4 2 1 1 1221 1530 884 604
6686 4 2 1 1 325 870 1409 642
6687 4 2 1 1 223 964 1549 331
6688 4 2 1 1 1238 761 1259 1260
6689 4 2 1 1 1507 584 776 902
6690 4 2 1 1 1507 1217 1129 584
6691 4 2 1 1 966 1142 968 641
6692 4 2 1 1 962 867 199 1550
6693 4 2 1 1 1506 587 900 776
6694 4 2 1 1 1358 1225 1346 610
6695 4 2 1 1 1222 1206 1221 589
6696 4 2 1 1 274 292 917 1500
6697 4 2 1 1 494 761 334 1259
6698 4 2 1 1 508 1506 1507 776
6699 4 2 1 1 761 632 327 1260
6700 4 2 1 1 576 593 591 1170
6701 4 2 1 1 1262 939 1256 881
6702 4 2 1 1 717 1344 960 1505
6703 4 2 1 1 243 223 1549 914
6704 4 2 1 1 632 1260 1261 962
6705 4 2 1 1 250 328 865 963
6706 4 2 1 1 714 715 717 1505
6707 4 2 1 1 1364 1507 1506 776
6708 4 2 1 1 1167 1414 1221 604
6709 4 2 1 1 1389 1407 541 1190
6710 4 2 1 1 1209 1223 1225 581
6711 4 2 1 1 1550 917 292 1500
6712 4 2 1 1 1502 1551 247 329
6713 4 2 1 1 963 865 250 1552
6714 4 2 1 1 271 291 1503 863
6715 4 2 1 1 584 508 1507 776
6716 4 2 1 1 1136 1506 1507 508
6717 4 2 1 1 220 1501 330 203
6718 4 2 1 1 1215 1287 1286 614
6719 4 2 1 1 1470 1254 1506 587
6720 4 2 1 1 1519 625 687 318
6721 4 2 1 1 914 1503 291 863
6722 4 2 1 1 661 744 1198 803
6723 4 2 1 1 662 661 1200 660
6724 4 2 1 1 1213 1404 1345 1559
6725 4 2 1 1 1255 1215 1161 878
6726 4 2 1 1 507 538 758 1245
6727 4 2 1 1 641 510 968 644
6728 4 2 1 1 330 1552 1501 220
6729 4 2 1 1 1407 1344 543 1163
6730 4 2 1 1 1549 1503 291 914
6731 4 2 1 1 1551 1352 244 915
6732 4 2 1 1 1552 330 916 220
6733 4 2 1 1 538 539 621 1243
6734 4 2 1 1 1530 1221 1414 604
6735 4 2 1 1 1211 1212 1213 1559
6736 4 2 1 1 268 250 865 1552
6737 4 2 1 1 1506 508 587 776
6738 4 2 1 1 1246 1162 1248 1560
6739 4 2 1 1 1222 1221 1252 590
6740 4 2 1 1 268 865 916 1552
6741 4 2 1 1 642 518 1142 641
6742 4 2 1 1 256 252 134 1393
6743 4 2 1 1 252 253 133 1359
6744 4 2 1 1 256 135 257 932
6745 4 2 1 1 258 257 136 1360
6746 4 2 1 1 932 256 135 1393
6747 4 2 1 1 1393 252 134 1359
6748 4 2 1 1 726 231 89 232
6749 4 2 1 1 1379 940 132 255
6750 4 2 1 1 139 265 929 259
6751 4 2 1 1 951 1379 131 255
6752 4 2 1 1 940 133 253 1359
6753 4 2 1 1 254 951 131 255
6754 4 2 1 1 138 264 946 1353
6755 4 2 1 1 929 1386 140 251
6756 4 2 1 1 940 253 132 255
6757 4 2 1 1 1360 257 136 932
6758 4 2 1 1 231 726 89 302
6759 4 2 1 1 251 950 141 260
6760 4 2 1 1 139 265 1353 929
6761 4 2 1 1 1386 950 141 251
6762 4 2 1 1 264 138 265 1353
6763 4 2 1 1 140 929 251 259
6764 4 2 1 1 264 258 137 1360
6765 4 2 1 1 1361 937 143 261
6766 4 2 1 1 277 278 177 1365
6767 4 2 1 1 946 264 137 1360
6768 4 2 1 1 276 289 179 1370
6769 4 2 1 1 261 937 143 262
6770 4 2 1 1 142 950 261 260
6771 4 2 1 1 210 725 48 211
6772 4 2 1 1 263 144 937 262
6773 4 2 1 1 280 281 182 1367
6774 4 2 1 1 950 1361 142 261
6775 4 2 1 1 159 300 281 280
6776 4 2 1 1 215 757 46 204
6777 4 2 1 1 217 824 40 207
6778 4 2 1 1 948 277 177 1365
6779 4 2 1 1 49 725 212 211
6780 4 2 1 1 206 37 742 202
6781 4 2 1 1 300 732 159 281
6782 4 2 1 1 938 276 179 1370
6783 4 2 1 1 725 210 48 321
6784 4 2 1 1 933 280 182 1367
6785 4 2 1 1 209 43 214 722
6786 4 2 1 1 287 183 281 1367
6787 4 2 1 1 296 45 216 215
6788 4 2 1 1 757 47 204 210
6789 4 2 1 1 276 178 278 1365
6790 4 2 1 1 46 296 757 215
6791 4 2 1 1 208 41 824 207
6792 4 2 1 1 279 280 181 1461
6793 4 2 1 1 183 287 952 1367
6794 4 2 1 1 47 757 321 210
6795 4 2 1 1 724 45 216 296
6796 4 2 1 1 307 39 205 217
6797 4 2 1 1 178 276 938 1365
6798 4 2 1 1 297 209 42 208
6799 4 2 1 1 1461 280 181 933
6800 4 2 1 1 206 742 38 205
6801 4 2 1 1 287 288 184 952
6802 4 2 1 1 289 279 180 1370
6803 4 2 1 1 216 214 44 313
6804 4 2 1 1 824 217 40 649
6805 4 2 1 1 722 43 214 313
6806 4 2 1 1 1370 279 180 1461
6807 4 2 1 1 1436 288 185 282
6808 4 2 1 1 42 209 297 722
6809 4 2 1 1 44 216 313 724
6810 4 2 1 1 282 186 926 275
6811 4 2 1 1 952 288 184 1436
6812 4 2 1 1 283 1447 187 275
6813 4 2 1 1 284 955 188 283
6814 4 2 1 1 824 297 41 208
6815 4 2 1 1 742 307 38 205
6816 4 2 1 1 39 307 649 217
6817 4 2 1 1 926 1436 185 282
6818 4 2 1 1 1447 926 186 275
6819 4 2 1 1 1369 955 188 284
6820 4 2 1 1 187 955 1447 283
6821 4 2 1 1 725 301 49 212
6822 4 2 1 1 212 301 50 213
6823 4 2 1 1 285 936 189 284
6824 4 2 1 1 936 1369 189 284
6825 4 2 1 1 285 190 936 286
6826 4 2 1 1 716 50 301 213
6827 4 2 1 1 1402 936 190 286
6828 4 2 1 1 716 51 213 197
6829 4 2 1 1 269 1402 191 286
6830 4 2 1 1 51 716 699 197
6831 4 2 1 1 1398 1402 191 269
6832 4 2 1 1 52 699 198 197
6833 4 2 1 1 320 90 233 232
6834 4 2 1 1 90 320 726 232
6835 4 2 1 1 269 192 1398 270
6836 4 2 1 1 937 1362 144 263
6837 4 2 1 1 699 309 52 198
6838 4 2 1 1 192 943 1398 270
6839 4 2 1 1 272 943 193 270
6840 4 2 1 1 200 53 309 198
6841 4 2 1 1 240 228 94 727
6842 4 2 1 1 314 94 228 727
6843 4 2 1 1 748 233 91 238
6844 4 2 1 1 91 233 748 320
6845 4 2 1 1 290 277 176 1476
6846 4 2 1 1 1476 277 176 948
6847 4 2 1 1 216 20 214 1371
6848 4 2 1 1 15 1395 205 217
6849 4 2 1 1 965 943 193 272
6850 4 2 1 1 309 333 53 200
6851 4 2 1 1 315 742 37 202
6852 4 2 1 1 92 294 238 239
6853 4 2 1 1 294 93 240 239
6854 4 2 1 1 92 294 748 238
6855 4 2 1 1 93 240 727 294
6856 4 2 1 1 272 194 965 273
6857 4 2 1 1 200 333 54 201
6858 4 2 1 1 245 146 246 1363
6859 4 2 1 1 1363 245 145 263
6860 4 2 1 1 942 246 146 1363
6861 4 2 1 1 1363 145 1362 263
6862 4 2 1 1 147 246 1347 248
6863 4 2 1 1 1347 246 147 942
6864 4 2 1 1 20 216 927 1371
6865 4 2 1 1 222 224 101 786
6866 4 2 1 1 242 226 84 759
6867 4 2 1 1 786 224 101 323
6868 4 2 1 1 759 84 242 326
6869 4 2 1 1 226 230 85 312
6870 4 2 1 1 295 264 115 265
6871 4 2 1 1 295 115 264 754
6872 4 2 1 1 333 327 54 201
6873 4 2 1 1 959 965 194 273
6874 4 2 1 1 759 226 85 312
6875 4 2 1 1 95 228 234 836
6876 4 2 1 1 95 228 836 314
6877 4 2 1 1 231 88 879 302
6878 4 2 1 1 231 88 241 879
6879 4 2 1 1 233 66 953 232
6880 4 2 1 1 270 170 272 700
6881 4 2 1 1 238 1378 68 239
6882 4 2 1 1 86 229 896 312
6883 4 2 1 1 237 221 99 305
6884 4 2 1 1 229 86 230 312
6885 4 2 1 1 266 107 760 254
6886 4 2 1 1 13 206 1385 202
6887 4 2 1 1 99 237 305 891
6888 4 2 1 1 732 160 281 287
6889 4 2 1 1 879 87 241 896
6890 4 2 1 1 275 282 163 743
6891 4 2 1 1 229 241 87 896
6892 4 2 1 1 65 231 934 232
6893 4 2 1 1 242 227 59 1352
6894 4 2 1 1 242 83 227 864
6895 4 2 1 1 236 237 98 891
6896 4 2 1 1 175 274 290 1500
6897 4 2 1 1 1476 175 290 1500
6898 4 2 1 1 83 242 326 864
6899 4 2 1 1 288 161 738 287
6900 4 2 1 1 74 1358 237 236
6901 4 2 1 1 26 212 213 1404
6902 4 2 1 1 1374 1548 1246 1560
6903 4 2 1 1 110 868 253 252
6904 4 2 1 1 236 97 235 874
6905 4 2 1 1 98 236 891 874
6906 4 2 1 1 209 214 19 949
6907 4 2 1 1 234 235 96 298
6908 4 2 1 1 949 18 209 208
6909 4 2 1 1 96 234 298 836
6910 4 2 1 1 1371 19 214 949
6911 4 2 1 1 327 55 201 199
6912 4 2 1 1 258 113 257 731
6913 4 2 1 1 288 738 162 282
6914 4 2 1 1 266 1376 130 254
6915 4 2 1 1 224 225 102 772
6916 4 2 1 1 1499 63 1535 229
6917 4 2 1 1 69 1357 240 239
6918 4 2 1 1 248 958 148 249
6919 4 2 1 1 874 97 235 298
6920 4 2 1 1 1347 958 148 248
6921 4 2 1 1 1376 951 130 254
6922 4 2 1 1 158 789 280 279
6923 4 2 1 1 789 300 158 280
6924 4 2 1 1 279 157 789 289
6925 4 2 1 1 323 224 102 772
6926 4 2 1 1 228 70 1357 240
6927 4 2 1 1 714 36 218 202
6928 4 2 1 1 944 206 14 205
6929 4 2 1 1 60 226 242 961
6930 4 2 1 1 15 1395 1388 205
6931 4 2 1 1 217 16 935 207
6932 4 2 1 1 935 1395 16 217
6933 4 2 1 1 241 63 1499 229
6934 4 2 1 1 113 258 316 731
6935 4 2 1 1 129 250 963 266
6936 4 2 1 1 225 223 103 331
6937 4 2 1 1 264 114 258 316
6938 4 2 1 1 1378 928 68 239
6939 4 2 1 1 286 168 269 736
6940 4 2 1 1 1376 129 963 266
6941 4 2 1 1 331 103 225 772
6942 4 2 1 1 164 283 275 322
6943 4 2 1 1 114 264 754 316
6944 4 2 1 1 273 272 171 325
6945 4 2 1 1 67 233 953 238
6946 4 2 1 1 55 327 867 199
6947 4 2 1 1 245 246 123 306
6948 4 2 1 1 12 960 218 202
6949 4 2 1 1 36 714 315 202
6950 4 2 1 1 253 311 109 255
6951 4 2 1 1 271 959 195 273
6952 4 2 1 1 743 282 163 293
6953 4 2 1 1 700 270 170 310
6954 4 2 1 1 235 1358 73 236
6955 4 2 1 1 211 212 25 1404
6956 4 2 1 1 270 269 169 737
6957 4 2 1 1 283 165 284 322
6958 4 2 1 1 907 155 278 276
6959 4 2 1 1 252 111 899 256
6960 4 2 1 1 263 245 122 306
6961 4 2 1 1 259 116 265 866
6962 4 2 1 1 172 271 273 863
6963 4 2 1 1 203 11 1501 218
6964 4 2 1 1 116 295 265 866
6965 4 2 1 1 23 204 210 1543
6966 4 2 1 1 953 66 1356 232
6967 4 2 1 1 760 328 107 266
6968 4 2 1 1 249 125 248 909
6969 4 2 1 1 203 714 35 218
6970 4 2 1 1 160 732 319 287
6971 4 2 1 1 195 1503 959 271
6972 4 2 1 1 934 241 64 1499
6973 4 2 1 1 868 110 899 252
6974 4 2 1 1 13 206 944 1385
6975 4 2 1 1 961 242 59 1352
6976 4 2 1 1 161 319 738 287
6977 4 2 1 1 1357 69 928 239
6978 4 2 1 1 282 738 162 293
6979 4 2 1 1 1356 65 934 232
6980 4 2 1 1 231 241 64 934
6981 4 2 1 1 24 210 211 1543
6982 4 2 1 1 286 285 167 304
6983 4 2 1 1 60 226 961 1391
6984 4 2 1 1 18 949 1355 208
6985 4 2 1 1 112 257 303 256
6986 4 2 1 1 31 201 199 1541
6987 4 2 1 1 743 164 275 322
6988 4 2 1 1 330 714 35 203
6989 4 2 1 1 947 70 1357 228
6990 4 2 1 1 736 286 167 304
6991 4 2 1 1 325 272 171 700
6992 4 2 1 1 197 198 28 1545
6993 4 2 1 1 109 868 311 253
6994 4 2 1 1 960 12 1385 202
6995 4 2 1 1 1345 26 213 1404
6996 4 2 1 1 74 1358 1346 237
6997 4 2 1 1 119 261 906 260
6998 4 2 1 1 1378 67 953 238
6999 4 2 1 1 225 78 1546 224
7000 4 2 1 1 27 213 197 1345
7001 4 2 1 1 247 126 249 909
7002 4 2 1 1 122 704 263 306
7003 4 2 1 1 278 154 907 277
7004 4 2 1 1 77 1539 224 222
7005 4 2 1 1 289 156 745 276
7006 4 2 1 1 221 75 1346 237
7007 4 2 1 1 73 931 1358 235
7008 4 2 1 1 1404 25 211 930
7009 4 2 1 1 737 169 270 310
7010 4 2 1 1 737 269 168 736
7011 4 2 1 1 30 200 201 1541
7012 4 2 1 1 745 789 157 289
7013 4 2 1 1 775 123 246 306
7014 4 2 1 1 1388 944 14 205
7015 4 2 1 1 735 284 165 322
7016 4 2 1 1 204 23 954 1543
7017 4 2 1 1 248 124 246 775
7018 4 2 1 1 111 303 899 256
7019 4 2 1 1 204 22 215 1537
7020 4 2 1 1 863 273 172 325
7021 4 2 1 1 215 21 216 1537
7022 4 2 1 1 960 1501 11 218
7023 4 2 1 1 916 268 1552 220
7024 4 2 1 1 244 267 1551 915
7025 4 2 1 1 219 917 292 1550
7026 4 2 1 1 291 243 1549 914
7027 4 2 1 1 259 251 117 866
7028 4 2 1 1 930 24 211 1543
7029 4 2 1 1 21 216 1537 927
7030 4 2 1 1 957 1546 78 224
7031 4 2 1 1 155 907 308 276
7032 4 2 1 1 126 247 329 909
7033 4 2 1 1 106 328 250 266
7034 4 2 1 1 1540 949 1373 1560
7035 4 2 1 1 1539 957 77 224
7036 4 2 1 1 317 907 154 277
7037 4 2 1 1 119 261 299 906
7038 4 2 1 1 324 248 125 909
7039 4 2 1 1 731 112 257 303
7040 4 2 1 1 962 31 199 1541
7041 4 2 1 1 200 30 956 1541
7042 4 2 1 1 941 27 197 1345
7043 4 2 1 1 308 745 156 276
7044 4 2 1 1 939 75 1346 221
7045 4 2 1 1 941 197 28 1545
7046 4 2 1 1 22 204 954 1537
7047 4 2 1 1 248 124 775 324
7048 4 2 1 1 318 117 251 866
7049 4 2 1 1 328 865 106 250
7050 4 2 1 1 1214 1293 1534 1559
7051 4 2 1 1 654 857 655 1559
7052 4 2 1 1 822 301 655 1559
7053 4 2 1 1 531 822 857 1559
7054 4 2 1 1 722 835 723 1560
7055 4 2 1 1 525 723 573 1560
7056 4 2 1 1 573 835 830 1560
7057 4 2 1 1 82 227 864 915
7058 4 2 1 1 867 917 56 199
7059 4 2 1 1 1534 1404 1213 1559
7060 4 2 1 1 329 247 127 915
7061 4 2 1 1 1374 1246 1373 1560
7062 4 2 1 1 1246 1248 1540 1560
7063 4 2 1 1 250 128 963 1552
7064 4 2 1 1 223 104 331 914
7065 4 2 1 1 227 82 244 915
7066 4 2 1 1 219 56 917 199
7067 4 2 1 1 267 127 247 915
7068 4 2 1 1 964 1549 80 223
7069 4 2 1 1 917 332 151 274
7070 4 2 1 1 1551 247 150 1502
7071 4 2 1 1 962 199 32 1550
7072 4 2 1 1 1213 1212 1214 1559
7073 4 2 1 1 220 10 1501 203
7074 4 2 1 1 128 250 268 1552
7075 4 2 1 1 104 223 243 914
7076 4 2 1 1 244 58 227 1352
7077 4 2 1 1 1503 196 291 271
7078 4 2 1 1 292 917 151 274
7079 4 2 1 1 223 1549 80 243
7080 4 2 1 1 199 219 32 1550
7081 4 2 1 1 1501 1552 10 220
7082 4 2 1 1 1352 244 58 1551
7083 4 2 1 1 196 1549 1503 291
7084 4 2 1 1 267 247 150 1551
7085 4 2 1 1 81 243 291 914
7086 4 2 1 1 57 267 244 915
7087 4 2 1 1 250 865 105 268
7088 4 2 1 1 131 130 951 254
7089 4 2 1 1 134 135 256 1393
7090 4 2 1 1 257 135 136 932
7091 4 2 1 1 137 138 264 946
7092 4 2 1 1 252 133 134 1359
7093 4 2 1 1 132 131 1379 255
7094 4 2 1 1 253 132 133 940
7095 4 2 1 1 726 89 90 232
7096 4 2 1 1 950 142 141 260
7097 4 2 1 1 89 88 231 302
7098 4 2 1 1 258 136 137 1360
7099 4 2 1 1 929 140 139 259
7100 4 2 1 1 144 143 937 262
7101 4 2 1 1 138 139 265 1353
7102 4 2 1 1 141 140 1386 251
7103 4 2 1 1 725 49 48 211
7104 4 2 1 1 182 181 280 933
7105 4 2 1 1 216 44 45 724
7106 4 2 1 1 143 142 1361 261
7107 4 2 1 1 321 48 47 210
7108 4 2 1 1 181 180 279 1461
7109 4 2 1 1 179 178 276 938
7110 4 2 1 1 757 47 46 204
7111 4 2 1 1 277 177 176 948
7112 4 2 1 1 178 177 278 1365
7113 4 2 1 1 281 183 182 1367
7114 4 2 1 1 209 42 43 722
7115 4 2 1 1 300 159 158 280
7116 4 2 1 1 41 40 824 207
7117 4 2 1 1 296 46 45 215
7118 4 2 1 1 287 184 183 952
7119 4 2 1 1 180 179 289 1370
7120 4 2 1 1 307 39 38 205
7121 4 2 1 1 185 186 926 282
7122 4 2 1 1 40 39 649 217
7123 4 2 1 1 288 185 184 1436
7124 4 2 1 1 38 37 742 206
7125 4 2 1 1 214 43 44 313
7126 4 2 1 1 186 187 1447 275
7127 4 2 1 1 188 189 1369 284
7128 4 2 1 1 955 187 188 283
7129 4 2 1 1 297 42 41 208
7130 4 2 1 1 301 50 49 212
7131 4 2 1 1 936 189 190 285
7132 4 2 1 1 228 95 94 314
7133 4 2 1 1 716 51 50 213
7134 4 2 1 1 1402 190 191 286
7135 4 2 1 1 699 52 51 197
7136 4 2 1 1 191 192 1398 269
7137 4 2 1 1 233 91 90 320
7138 4 2 1 1 145 144 1362 263
7139 4 2 1 1 242 84 83 326
7140 4 2 1 1 102 101 224 323
7141 4 2 1 1 243 81 8 914
7142 4 2 1 1 292 3 33 1550
7143 4 2 1 1 917 33 4 219
7144 4 2 1 1 291 8 81 914
7145 4 2 1 1 268 9 1 1552
7146 4 2 1 1 2 9 916 220
7147 4 2 1 1 244 6 57 915
7148 4 2 1 1 267 57 6 915
7149 4 2 1 1 192 193 943 270
7150 4 2 1 1 309 53 52 198
7151 4 2 1 1 115 114 264 754
7152 4 2 1 1 240 94 93 727
7153 4 2 1 1 214 20 19 1371
7154 4 2 1 1 1395 15 16 217
7155 4 2 1 1 176 175 290 1476
7156 4 2 1 1 219 292 33 1550
7157 4 2 1 1 1552 268 9 220
7158 4 2 1 1 268 916 9 220
7159 4 2 1 1 33 917 292 219
7160 4 2 1 1 216 21 20 927
7161 4 2 1 1 748 91 92 238
7162 4 2 1 1 193 194 965 272
7163 4 2 1 1 333 54 53 200
7164 4 2 1 1 37 36 315 202
7165 4 2 1 1 330 35 34 203
7166 4 2 1 1 175 174 274 1500
7167 4 2 1 1 865 916 105 268
7168 4 2 1 1 234 96 95 836
7169 4 2 1 1 219 33 3 1550
7170 4 2 1 1 1552 9 1 220
7171 4 2 1 1 4 33 917 292
7172 4 2 1 1 9 2 916 268
7173 4 2 1 1 146 147 246 942
7174 4 2 1 1 294 92 93 239
7175 4 2 1 1 115 116 295 265
7176 4 2 1 1 104 103 223 331
7177 4 2 1 1 128 129 250 963
7178 4 2 1 1 245 145 146 1363
7179 4 2 1 1 327 55 54 201
7180 4 2 1 1 194 195 959 273
7181 4 2 1 1 1347 148 147 248
7182 4 2 1 1 101 100 222 786
7183 4 2 1 1 85 84 226 759
7184 4 2 1 1 127 126 247 329
7185 4 2 1 1 71 70 947 228
7186 4 2 1 1 704 121 122 263
7187 4 2 1 1 170 171 272 700
7188 4 2 1 1 1355 17 18 208
7189 4 2 1 1 867 56 55 199
7190 4 2 1 1 161 160 319 287
7191 4 2 1 1 69 68 928 239
7192 4 2 1 1 25 24 211 930
7193 4 2 1 1 931 73 72 235
7194 4 2 1 1 68 67 1378 238
7195 4 2 1 1 1385 12 13 202
7196 4 2 1 1 165 166 284 735
7197 4 2 1 1 107 108 760 254
7198 4 2 1 1 66 65 1356 232
7199 4 2 1 1 257 113 112 731
7200 4 2 1 1 282 162 163 293
7201 4 2 1 1 83 82 227 864
7202 4 2 1 1 169 170 270 310
7203 4 2 1 1 248 125 124 324
7204 4 2 1 1 78 77 957 224
7205 4 2 1 1 317 154 153 277
7206 4 2 1 1 226 60 61 1391
7207 4 2 1 1 235 97 96 298
7208 4 2 1 1 308 156 155 276
7209 4 2 1 1 939 76 75 221
7210 4 2 1 1 197 28 27 941
7211 4 2 1 1 30 29 200 956
7212 4 2 1 1 247 149 150 1502
7213 4 2 1 1 204 23 22 954
7214 4 2 1 1 160 159 732 281
7215 4 2 1 1 868 109 110 253
7216 4 2 1 1 59 60 242 961
7217 4 2 1 1 130 129 1376 266
7218 4 2 1 1 103 102 225 772
7219 4 2 1 1 221 100 99 305
7220 4 2 1 1 86 85 230 312
7221 4 2 1 1 275 163 164 743
7222 4 2 1 1 251 118 117 318
7223 4 2 1 1 171 172 273 325
7224 4 2 1 1 960 11 12 218
7225 4 2 1 1 149 148 958 249
7226 4 2 1 1 261 120 119 299
7227 4 2 1 1 88 87 241 879
7228 4 2 1 1 172 173 271 863
7229 4 2 1 1 229 87 86 896
7230 4 2 1 1 237 99 98 891
7231 4 2 1 1 822 655 857 1559
7232 4 2 1 1 110 111 899 252
7233 4 2 1 1 32 31 199 962
7234 4 2 1 1 196 1503 195 271
7235 4 2 1 1 227 58 59 1352
7236 4 2 1 1 168 169 269 737
7237 4 2 1 1 723 835 573 1560
7238 4 2 1 1 1388 14 15 205
7239 4 2 1 1 964 80 79 223
7240 4 2 1 1 152 151 332 274
7241 4 2 1 1 789 158 157 279
7242 4 2 1 1 865 105 106 250
7243 4 2 1 1 258 114 113 316
7244 4 2 1 1 714 36 35 218
7245 4 2 1 1 236 98 97 874
7246 4 2 1 1 206 14 13 944
7247 4 2 1 1 167 168 286 736
7248 4 2 1 1 738 162 161 288
7249 4 2 1 1 935 16 17 207
7250 4 2 1 1 328 106 107 266
7251 4 2 1 1 233 66 67 953
7252 4 2 1 1 108 109 311 255
7253 4 2 1 1 10 11 1501 203
7254 4 2 1 1 70 69 1357 240
7255 4 2 1 1 1358 74 73 236
7256 4 2 1 1 212 26 25 1404
7257 4 2 1 1 209 19 18 949
7258 4 2 1 1 241 63 64 1499
7259 4 2 1 1 174 3 292 1550
7260 4 2 1 1 291 173 8 914
7261 4 2 1 1 917 4 56 219
7262 4 2 1 1 916 34 2 220
7263 4 2 1 1 82 6 244 915
7264 4 2 1 1 61 62 230 945
7265 4 2 1 1 303 111 112 256
7266 4 2 1 1 267 6 127 915
7267 4 2 1 1 123 122 245 306
7268 4 2 1 1 166 167 285 304
7269 4 2 1 1 283 164 165 322
7270 4 2 1 1 124 123 246 775
7271 4 2 1 1 63 62 1535 229
7272 4 2 1 1 1246 1540 1373 1560
7273 4 2 1 1 213 27 26 1345
7274 4 2 1 1 745 157 156 289
7275 4 2 1 1 64 65 231 934
7276 4 2 1 1 75 74 1346 237
7277 4 2 1 1 243 7 81 291
7278 4 2 1 1 267 5 57 244
7279 4 2 1 1 268 1 128 1552
7280 4 2 1 1 243 8 104 914
7281 4 2 1 1 1213 1214 1534 1559
7282 4 2 1 1 249 126 125 909
7283 4 2 1 1 31 30 201 1541
7284 4 2 1 1 259 117 116 866
7285 4 2 1 1 155 154 907 278
7286 4 2 1 1 1539 77 76 222
7287 4 2 1 1 210 24 23 1543
7288 4 2 1 1 243 1549 7 291
7289 4 2 1 1 244 267 5 1551
7290 4 2 1 1 906 118 119 260
7291 4 2 1 1 72 71 1542 234
7292 4 2 1 1 918 120 121 262
7293 4 2 1 1 29 28 198 1545
7294 4 2 1 1 215 22 21 1537
7295 4 2 1 1 153 152 913 290
7296 4 2 1 1 1546 79 78 225
7297 4 2 1 1 7 1549 196 291
7298 4 2 1 1 244 5 58 1551
7299 4 2 1 1 1549 7 80 243
7300 4 2 1 1 150 5 267 1551
7301 4 2 1 1 1 10 1552 220
7302 4 2 1 1 916 2 105 268
7303 4 2 1 1 917 151 4 292
7304 4 2 1 1 219 3 32 1550
7305 4 2 1 1 723 1373 1374 1372
7306 4 2 1 1 723 1374 1373 1560
7307 4 2 1 1 1195 1469 923 1484
7308 4 2 1 1 923 734 1195 1484
7309 4 2 1 1 1195 734 923 873
7310 4 2 1 1 862 946 316 754
7311 4 2 1 1 316 946 862 1524
7312 4 2 1 1 1364 775 1527 942
7313 4 2 1 1 524 1372 1532 640
7314 4 2 1 1 1532 1372 524 1375
7315 4 2 1 1 1342 1216 609 781
7316 4 2 1 1 1342 609 1216 1512
7317 4 2 1 1 908 609 1216 781
7318 4 2 1 1 908 1216 609 1512
7319 4 2 1 1 905 1330 1328 578
7320 4 2 1 1 1328 1330 905 1331
7321 4 2 1 1 1328 626 905 578
7322 4 2 1 1 905 626 1328 1331
7323 4 2 1 1 1362 902 602 1528
7324 4 2 1 1 602 902 1362 704
7325 4 2 1 1 602 1515 1362 1528
7326 4 2 1 1 1362 1515 602 704
7327 4 2 1 1 702 1556 1144 1392
7328 4 2 1 1 1144 1556 702 520
7329 4 2 1 1 699 1510 335 941
7330 4 2 1 1 335 1510 699 793
7331 4 2 1 1 1372 525 723 640
7332 4 2 1 1 723 525 1372 1374
7333 4 2 1 1 622 1513 1243 621
7334 4 2 1 1 1243 1513 622 1514
7335 4 2 1 1 861 1328 1446 1329
7336 4 2 1 1 1446 1328 861 626
7337 4 2 1 1 1135 498 524 1547
7338 4 2 1 1 1135 524 498 502
7339 4 2 1 1 1520 871 625 688
7340 4 2 1 1 625 871 1520 1219
7341 4 2 1 1 606 1555 650 651
7342 4 2 1 1 606 650 1555 1253
7343 4 2 1 1 1516 1555 650 1253
7344 4 2 1 1 910 1369 618 735
7345 4 2 1 1 910 618 1369 1274
7346 4 2 1 1 1302 618 1369 735
7347 4 2 1 1 1302 1369 618 1274
7348 4 2 1 1 1548 502 1451 572
7349 4 2 1 1 1548 1451 502 1135
7350 4 2 1 1 1251 876 896 1557
7351 4 2 1 1 896 876 1251 639
7352 4 2 1 1 938 880 1366 308
7353 4 2 1 1 1366 880 938 1473
7354 4 2 1 1 1428 1270 924 1524
7355 4 2 1 1 862 924 1270 1524
7356 4 2 1 1 862 1270 924 620
7357 4 2 1 1 729 314 1434 728
7358 4 2 1 1 729 1434 314 947
7359 4 2 1 1 1536 1434 314 728
7360 4 2 1 1 1536 314 1434 947
7361 4 2 1 1 1233 573 1162 1246
7362 4 2 1 1 1233 1162 573 837
7363 4 2 1 1 830 573 1162 837
7364 4 2 1 1 1287 892 1378 888
7365 4 2 1 1 1378 892 1287 1529
7366 4 2 1 1 897 1435 1200 1276
7367 4 2 1 1 1200 1435 897 662
7368 4 2 1 1 1200 661 897 1276
7369 4 2 1 1 897 661 1200 662
7370 4 2 1 1 1379 908 760 1512
7371 4 2 1 1 1379 760 908 311
7372 4 2 1 1 776 1527 775 900
7373 4 2 1 1 776 775 1527 1364
7374 4 2 1 1 725 1534 1293 655
7375 4 2 1 1 1293 1534 725 930
7376 4 2 1 1 1293 653 725 655
7377 4 2 1 1 725 653 1293 930
7378 4 2 1 1 317 1365 277 948
7379 4 2 1 1 277 1365 317 907
7380 4 2 1 1 924 1523 1220 1428
7381 4 2 1 1 1220 1523 924 755
7382 4 2 1 1 924 872 1220 755
7383 4 2 1 1 641 901 1142 642
7384 4 2 1 1 641 1142 901 966
7385 4 2 1 1 1409 1142 901 642
7386 4 2 1 1 1409 901 1142 966
7387 4 2 1 1 789 1484 933 1461
7388 4 2 1 1 933 1484 789 734
7389 4 2 1 1 661 897 1198 744
7390 4 2 1 1 661 1198 897 1276
7391 4 2 1 1 1459 1198 897 744
7392 4 2 1 1 1459 897 1198 1276
7393 4 2 1 1 1297 757 1296 675
7394 4 2 1 1 1297 1296 757 954
7395 4 2 1 1 652 1296 757 675
7396 4 2 1 1 652 757 1296 954
7397 4 2 1 1 874 1533 298 1358
7398 4 2 1 1 874 298 1533 894
7399 4 2 1 1 931 298 1533 1358
7400 4 2 1 1 710 1302 1478 912
7401 4 2 1 1 710 1478 1302 1482
7402 4 2 1 1 295 1521 1523 1353
7403 4 2 1 1 1523 1521 295 869
7404 4 2 1 1 822 1510 531 793
7405 4 2 1 1 1211 531 1510 793
7406 4 2 1 1 323 1539 882 786
7407 4 2 1 1 323 882 1539 957
7408 4 2 1 1 1262 1539 882 957
7409 4 2 1 1 903 1398 967 737
7410 4 2 1 1 903 967 1398 1309
7411 4 2 1 1 1476 1500 630 1261
7412 4 2 1 1 1476 630 1500 332
7413 4 2 1 1 632 630 1500 1261
7414 4 2 1 1 632 1500 630 332
7415 4 2 1 1 1529 730 878 1255
7416 4 2 1 1 878 730 1529 892
7417 4 2 1 1 610 1509 581 1225
7418 4 2 1 1 610 581 1509 877
7419 4 2 1 1 1541 200 333 956
7420 4 2 1 1 1541 333 200 201
7421 4 2 1 1 319 1367 287 732
7422 4 2 1 1 287 1367 319 952
7423 4 2 1 1 1541 333 1260 956
7424 4 2 1 1 1541 1260 333 327
7425 4 2 1 1 1131 807 526 499
7426 4 2 1 1 526 807 1131 1497
7427 4 2 1 1 526 1298 1131 499
7428 4 2 1 1 1131 1298 526 1497
7429 4 2 1 1 1522 622 1245 758
7430 4 2 1 1 1522 1245 622 1514
7431 4 2 1 1 743 926 897 1447
7432 4 2 1 1 897 926 743 293
7433 4 2 1 1 1361 906 687 299
7434 4 2 1 1 687 906 1361 950
7435 4 2 1 1 1407 1531 543 1344
7436 4 2 1 1 1407 543 1531 635
7437 4 2 1 1 717 543 1531 1344
7438 4 2 1 1 717 1531 543 635
7439 4 2 1 1 306 1528 1364 902
7440 4 2 1 1 306 1364 1528 1363
7441 4 2 1 1 307 1390 747 636
7442 4 2 1 1 747 1390 307 1388
7443 4 2 1 1 880 1232 1170 593
7444 4 2 1 1 1170 1232 880 1473
7445 4 2 1 1 1170 591 880 593
7446 4 2 1 1 880 591 1170 1473
7447 4 2 1 1 1199 744 910 608
7448 4 2 1 1 910 744 1199 1459
7449 4 2 1 1 1199 1274 910 1459
7450 4 2 1 1 835 297 1540 722
7451 4 2 1 1 949 1540 297 722
7452 4 2 1 1 949 297 1540 1355
7453 4 2 1 1 303 1526 1522 1393
7454 4 2 1 1 1522 1526 303 904
7455 4 2 1 1 890 953 888 1538
7456 4 2 1 1 890 888 953 320
7457 4 2 1 1 747 541 1407 635
7458 4 2 1 1 1407 541 747 1389
7459 4 2 1 1 1407 1531 747 635
7460 4 2 1 1 747 1531 1407 1389
7461 4 2 1 1 1265 921 883 643
7462 4 2 1 1 883 921 1265 1264
7463 4 2 1 1 724 1532 296 927
7464 4 2 1 1 296 1532 724 645
7465 4 2 1 1 747 1390 1508 636
7466 4 2 1 1 1508 1390 747 1389
7467 4 2 1 1 1508 521 747 636
7468 4 2 1 1 1232 734 1195 593
7469 4 2 1 1 1232 1195 734 1484
7470 4 2 1 1 901 967 968 966
7471 4 2 1 1 968 967 901 644
7472 4 2 1 1 968 641 901 966
7473 4 2 1 1 901 641 968 644
7474 4 2 1 1 1447 744 322 1459
7475 4 2 1 1 322 744 1447 743
7476 4 2 1 1 322 1369 910 735
7477 4 2 1 1 322 910 1369 955
7478 4 2 1 1 1361 687 627 299
7479 4 2 1 1 627 687 1361 1518
7480 4 2 1 1 627 1517 1361 299
7481 4 2 1 1 1361 1517 627 1518
7482 4 2 1 1 296 927 216 724
7483 4 2 1 1 216 927 296 1537
7484 4 2 1 1 1527 324 775 900
7485 4 2 1 1 775 324 1527 1347
7486 4 2 1 1 953 726 890 320
7487 4 2 1 1 890 726 953 1356
7488 4 2 1 1 1560 1162 573 1246
7489 4 2 1 1 1560 573 1162 830
7490 4 2 1 1 965 642 325 1409
7491 4 2 1 1 325 642 965 700
7492 4 2 1 1 1331 905 952 1436
7493 4 2 1 1 738 905 952 319
7494 4 2 1 1 738 952 905 1436
7495 4 2 1 1 967 903 849 1309
7496 4 2 1 1 849 903 967 644
7497 4 2 1 1 849 969 967 1309
7498 4 2 1 1 1265 870 921 643
7499 4 2 1 1 921 870 1265 1267
7500 4 2 1 1 939 877 1346 1509
7501 4 2 1 1 1346 877 939 305
7502 4 2 1 1 524 1532 807 645
7503 4 2 1 1 524 807 1532 1375
7504 4 2 1 1 1537 757 1297 296
7505 4 2 1 1 1537 1297 757 954
7506 4 2 1 1 198 956 29 1545
7507 4 2 1 1 29 956 198 200
7508 4 2 1 1 1502 651 898 329
7509 4 2 1 1 898 651 1502 1555
7510 4 2 1 1 1500 867 632 962
7511 4 2 1 1 1500 632 867 332
7512 4 2 1 1 807 1532 1297 645
7513 4 2 1 1 1297 1532 807 1497
7514 4 2 1 1 1297 675 807 645
7515 4 2 1 1 742 1388 205 944
7516 4 2 1 1 205 1388 742 307
7517 4 2 1 1 863 1267 959 870
7518 4 2 1 1 863 959 1267 1503
7519 4 2 1 1 315 1344 960 717
7520 4 2 1 1 960 1344 315 1385
7521 4 2 1 1 688 318 1386 866
7522 4 2 1 1 1386 929 688 866
7523 4 2 1 1 688 929 1386 1520
7524 4 2 1 1 1265 642 870 643
7525 4 2 1 1 870 642 1265 1409
7526 4 2 1 1 1559 1211 822 1213
7527 4 2 1 1 1559 822 1211 531
7528 4 2 1 1 1510 822 1211 1213
7529 4 2 1 1 1510 1211 822 531
7530 4 2 1 1 1343 1163 543 1344
7531 4 2 1 1 543 1163 1343 607
7532 4 2 1 1 543 717 1343 1344
7533 4 2 1 1 1343 717 543 607
7534 4 2 1 1 1507 902 1217 584
7535 4 2 1 1 1217 902 1507 1528
7536 4 2 1 1 760 255 108 311
7537 4 2 1 1 108 255 760 254
7538 4 2 1 1 1506 900 1254 1527
7539 4 2 1 1 1254 900 1506 587
7540 4 2 1 1 242 864 1352 326
7541 4 2 1 1 1352 864 242 227
7542 4 2 1 1 224 1546 772 957
7543 4 2 1 1 224 772 1546 225
7544 4 2 1 1 317 290 153 913
7545 4 2 1 1 153 290 317 277
7546 4 2 1 1 234 947 71 1542
7547 4 2 1 1 234 71 947 228
7548 4 2 1 1 321 757 1543 210
7549 4 2 1 1 204 757 1543 954
7550 4 2 1 1 204 1543 757 210
7551 4 2 1 1 1391 230 61 226
7552 4 2 1 1 61 230 1391 945
7553 4 2 1 1 299 262 120 918
7554 4 2 1 1 120 262 299 261
7555 4 2 1 1 934 232 726 1356
7556 4 2 1 1 726 232 934 231
7557 4 2 1 1 934 302 726 231
7558 4 2 1 1 931 234 72 1542
7559 4 2 1 1 72 234 931 235
7560 4 2 1 1 725 321 1543 210
7561 4 2 1 1 725 211 1543 930
7562 4 2 1 1 1543 211 725 210
7563 4 2 1 1 863 291 173 271
7564 4 2 1 1 863 173 291 914
7565 4 2 1 1 1500 292 174 274
7566 4 2 1 1 1500 174 292 1550
7567 4 2 1 1 207 1355 17 935
7568 4 2 1 1 207 17 1355 208
7569 4 2 1 1 262 704 121 918
7570 4 2 1 1 262 121 704 263
7571 4 2 1 1 199 917 1550 867
7572 4 2 1 1 199 1550 917 219
7573 4 2 1 1 735 285 166 284
7574 4 2 1 1 735 166 285 304
7575 4 2 1 1 915 247 1551 329
7576 4 2 1 1 915 1551 247 267
7577 4 2 1 1 786 221 100 222
7578 4 2 1 1 786 100 221 305
7579 4 2 1 1 226 312 1391 230
7580 4 2 1 1 1391 312 226 759
7581 4 2 1 1 199 1541 327 962
7582 4 2 1 1 327 1541 199 201
7583 4 2 1 1 249 1502 149 247
7584 4 2 1 1 249 149 1502 958
7585 4 2 1 1 227 915 1352 864
7586 4 2 1 1 1352 915 227 244
7587 4 2 1 1 330 220 34 916
7588 4 2 1 1 330 34 220 203
7589 4 2 1 1 909 248 958 324
7590 4 2 1 1 909 958 248 249
7591 4 2 1 1 229 945 62 1535
7592 4 2 1 1 229 62 945 230
7593 4 2 1 1 225 964 79 223
7594 4 2 1 1 225 79 964 1546
7595 4 2 1 1 290 332 152 913
7596 4 2 1 1 290 152 332 274
7597 4 2 1 1 260 318 118 251
7598 4 2 1 1 260 118 318 906
7599 4 2 1 1 1545 309 699 198
7600 4 2 1 1 699 197 1545 198
7601 4 2 1 1 1545 197 699 941
7602 4 2 1 1 222 939 76 1539
7603 4 2 1 1 222 76 939 221
7604 4 2 1 1 276 907 1365 278
7605 4 2 1 1 276 1365 907 308
7606 4 2 1 1 923 1195 1466 1469
7607 4 2 1 1 1466 1195 923 873
7608 4 2 1 1 1466 566 923 1469
7609 4 2 1 1 923 566 1466 873
7610 4 2 1 1 1555 650 958 1516
7611 4 2 1 1 1555 958 650 651
7612 4 2 1 1 324 958 650 1516
7613 4 2 1 1 324 650 958 651
7614 4 2 1 1 1227 1270 787 1428
7615 4 2 1 1 1227 787 1270 620
7616 4 2 1 1 924 787 1270 1428
7617 4 2 1 1 924 1270 787 620
7618 4 2 1 1 924 787 1185 872
7619 4 2 1 1 1185 787 924 1428
7620 4 2 1 1 1185 1220 924 872
7621 4 2 1 1 924 1220 1185 1428
7622 4 2 1 1 875 298 1340 931
7623 4 2 1 1 875 1340 298 894
7624 4 2 1 1 1533 1340 298 931
7625 4 2 1 1 1533 298 1340 894
7626 4 2 1 1 939 1539 881 1262
7627 4 2 1 1 939 881 1539 786
7628 4 2 1 1 882 881 1539 1262
7629 4 2 1 1 882 1539 881 786
7630 4 2 1 1 910 1199 1240 1274
7631 4 2 1 1 1240 1199 910 608
7632 4 2 1 1 1240 618 910 1274
7633 4 2 1 1 910 618 1240 608
7634 4 2 1 1 703 297 1248 835
7635 4 2 1 1 703 1248 297 1355
7636 4 2 1 1 1540 1248 297 835
7637 4 2 1 1 1540 297 1248 1355
7638 4 2 1 1 747 1508 1190 521
7639 4 2 1 1 1190 1508 747 1389
7640 4 2 1 1 1190 541 747 521
7641 4 2 1 1 747 541 1190 1389
7642 4 2 1 1 905 952 626 1331
7643 4 2 1 1 905 626 952 319
7644 4 2 1 1 1446 626 952 1331
7645 4 2 1 1 1446 952 626 319
7646 4 2 1 1 967 849 510 969
7647 4 2 1 1 510 849 967 644
7648 4 2 1 1 510 968 967 969
7649 4 2 1 1 967 968 510 644
7650 4 2 1 1 807 1297 1296 675
7651 4 2 1 1 1296 1297 807 1497
7652 4 2 1 1 1296 526 807 675
7653 4 2 1 1 807 526 1296 1497
7654 4 2 1 1 1386 688 625 318
7655 4 2 1 1 625 688 1386 1520
7656 4 2 1 1 625 1519 1386 318
7657 4 2 1 1 1386 1519 625 1520
7658 4 2 1 1 652 757 1295 321
7659 4 2 1 1 652 1295 757 954
7660 4 2 1 1 1543 1295 757 321
7661 4 2 1 1 1543 757 1295 954
7662 4 2 1 1 934 1544 889 302
7663 4 2 1 1 889 1544 934 1356
7664 4 2 1 1 889 726 934 302
7665 4 2 1 1 934 726 889 1356
7666 4 2 1 1 725 653 1295 321
7667 4 2 1 1 1295 653 725 930
7668 4 2 1 1 1295 1543 725 321
7669 4 2 1 1 725 1543 1295 930
7670 4 2 1 1 1545 1266 335 309
7671 4 2 1 1 335 1266 1545 941
7672 4 2 1 1 335 699 1545 309
7673 4 2 1 1 1545 699 335 941
$EndElements
