$MeshFormat
2.2 0 8
$EndMeshFormat
$PhysicalNames
2
2 2 "pec"
3 1 "vacuum"
$EndPhysicalNames
$Nodes
2470
1 -11 -11 7
2 -11 -11 0
3 -11 11 7
4 -11 11 0
5 11 -11 7
6 11 -11 0
7 11 11 7
8 11 11 0
9 -11 -11 1.166666666666667
10 -11 -11 2.333333333333333
11 -11 -11 3.5
12 -11 -11 4.666666666666667
13 -11 -11 5.833333333333333
14 -11 -9.842105263157896 7
15 -11 -8.684210526315791 7
16 -11 -7.526315789473685 7
17 -11 -6.36842105263158 7
18 -11 -5.210526315789476 7
19 -11 -4.052631578947374 7
20 -11 -2.894736842105271 7
21 -11 -1.73684210526317 7
22 -11 -0.5789473684210655 7
23 -11 0.5789473684210371 7
24 -11 1.73684210526314 7
25 -11 2.894736842105242 7
26 -11 4.052631578947343 7
27 -11 5.210526315789448 7
28 -11 6.36842105263155 7
29 -11 7.526315789473653 7
30 -11 8.684210526315766 7
31 -11 9.842105263157883 7
32 -11 11 1.166666666666667
33 -11 11 2.333333333333333
34 -11 11 3.5
35 -11 11 4.666666666666667
36 -11 11 5.833333333333333
37 -11 -9.842105263157896 0
38 -11 -8.684210526315791 0
39 -11 -7.526315789473685 0
40 -11 -6.36842105263158 0
41 -11 -5.210526315789476 0
42 -11 -4.052631578947374 0
43 -11 -2.894736842105271 0
44 -11 -1.73684210526317 0
45 -11 -0.5789473684210655 0
46 -11 0.5789473684210371 0
47 -11 1.73684210526314 0
48 -11 2.894736842105242 0
49 -11 4.052631578947343 0
50 -11 5.210526315789448 0
51 -11 6.36842105263155 0
52 -11 7.526315789473653 0
53 -11 8.684210526315766 0
54 -11 9.842105263157883 0
55 11 -11 1.166666666666667
56 11 -11 2.333333333333333
57 11 -11 3.5
58 11 -11 4.666666666666667
59 11 -11 5.833333333333333
60 11 -9.842105263157896 7
61 11 -8.684210526315791 7
62 11 -7.526315789473685 7
63 11 -6.36842105263158 7
64 11 -5.210526315789476 7
65 11 -4.052631578947374 7
66 11 -2.894736842105271 7
67 11 -1.73684210526317 7
68 11 -0.5789473684210655 7
69 11 0.5789473684210371 7
70 11 1.73684210526314 7
71 11 2.894736842105242 7
72 11 4.052631578947343 7
73 11 5.210526315789448 7
74 11 6.36842105263155 7
75 11 7.526315789473653 7
76 11 8.684210526315766 7
77 11 9.842105263157883 7
78 11 11 1.166666666666667
79 11 11 2.333333333333333
80 11 11 3.5
81 11 11 4.666666666666667
82 11 11 5.833333333333333
83 11 -9.842105263157896 0
84 11 -8.684210526315791 0
85 11 -7.526315789473685 0
86 11 -6.36842105263158 0
87 11 -5.210526315789476 0
88 11 -4.052631578947374 0
89 11 -2.894736842105271 0
90 11 -1.73684210526317 0
91 11 -0.5789473684210655 0
92 11 0.5789473684210371 0
93 11 1.73684210526314 0
94 11 2.894736842105242 0
95 11 4.052631578947343 0
96 11 5.210526315789448 0
97 11 6.36842105263155 0
98 11 7.526315789473653 0
99 11 8.684210526315766 0
100 11 9.842105263157883 0
101 -9.842105263157896 -11 0
102 -8.684210526315791 -11 0
103 -7.526315789473685 -11 0
104 -6.36842105263158 -11 0
105 -5.210526315789476 -11 0
106 -4.052631578947374 -11 0
107 -2.894736842105271 -11 0
108 -1.73684210526317 -11 0
109 -0.5789473684210655 -11 0
110 0.5789473684210371 -11 0
111 1.73684210526314 -11 0
112 2.894736842105242 -11 0
113 4.052631578947343 -11 0
114 5.210526315789448 -11 0
115 6.36842105263155 -11 0
116 7.526315789473653 -11 0
117 8.684210526315766 -11 0
118 9.842105263157883 -11 0
119 -9.842105263157896 -11 7
120 -8.684210526315791 -11 7
121 -7.526315789473685 -11 7
122 -6.36842105263158 -11 7
123 -5.210526315789476 -11 7
124 -4.052631578947374 -11 7
125 -2.894736842105271 -11 7
126 -1.73684210526317 -11 7
127 -0.5789473684210655 -11 7
128 0.5789473684210371 -11 7
129 1.73684210526314 -11 7
130 2.894736842105242 -11 7
131 4.052631578947343 -11 7
132 5.210526315789448 -11 7
133 6.36842105263155 -11 7
134 7.526315789473653 -11 7
135 8.684210526315766 -11 7
136 9.842105263157883 -11 7
137 -9.842105263157896 11 0
138 -8.684210526315791 11 0
139 -7.526315789473685 11 0
140 -6.36842105263158 11 0
141 -5.210526315789476 11 0
142 -4.052631578947374 11 0
143 -2.894736842105271 11 0
144 -1.73684210526317 11 0
145 -0.5789473684210655 11 0
146 0.5789473684210371 11 0
147 1.73684210526314 11 0
148 2.894736842105242 11 0
149 4.052631578947343 11 0
150 5.210526315789448 11 0
151 6.36842105263155 11 0
152 7.526315789473653 11 0
153 8.684210526315766 11 0
154 9.842105263157883 11 0
155 -9.842105263157896 11 7
156 -8.684210526315791 11 7
157 -7.526315789473685 11 7
158 -6.36842105263158 11 7
159 -5.210526315789476 11 7
160 -4.052631578947374 11 7
161 -2.894736842105271 11 7
162 -1.73684210526317 11 7
163 -0.5789473684210655 11 7
164 0.5789473684210371 11 7
165 1.73684210526314 11 7
166 2.894736842105242 11 7
167 4.052631578947343 11 7
168 5.210526315789448 11 7
169 6.36842105263155 11 7
170 7.526315789473653 11 7
171 8.684210526315766 11 7
172 9.842105263157883 11 7
173 -11 -2.31578947368422 5.997233742986444
174 -11 3.473684210526294 5.997233742986444
175 -11 -5.768689937482829 5.981664285313739
176 -11 6.963292971155113 5.935021051642632
177 -11 0.0703014527332062 0.9283216483479989
178 -11 -3.422794531521836 0.8390181418237682
179 -11 4.782979789213147 1.113079734519568
180 -11 -7.006338038713428 1.133343823065804
181 -11 2.337764201548218 0.987571916345555
182 -11 1.05731070191986 5.887387590343215
183 -11 6.952845161097024 1.030346717392168
184 -11 -9.996189527918226 4.083901862840918
185 -11 9.995967754931787 2.927481607350566
186 -11 -8.064737139378474 6.214423384917648
187 -11 10.01674748666067 5.204236424843833
188 -11 -10.0161292198828 1.754585290609204
189 -11 9.107261346285373 1.054747108372257
190 -11 9.996085262010673 4.07768272308418
191 -11 8.984186557578369 3.501832639260041
192 -11 8.987489131745313 2.33051374199927
193 -11 7.974804390633029 2.902199164718424
194 -11 7.976111780881709 4.079448803311466
195 -11 6.97079507281008 3.498124993951662
196 -11 6.969450881691333 2.34172994469338
197 -11 5.96618470629668 2.922698109138749
198 -11 5.967105655144785 4.081100850376852
199 -11 4.963152228521723 3.503035386274146
200 -11 4.975592965974698 4.641216781731792
201 -11 3.973988131574117 4.059298994450157
202 -11 3.959536954463266 2.924594118599244
203 -11 2.949021385434669 3.443708015366775
204 -11 2.937988297303917 4.827523732609852
205 -11 1.954476540647905 4.084119941566111
206 -11 1.944396213432611 2.910620763840682
207 -11 0.9497416914641228 3.503193113568243
208 -11 0.8554606423322575 2.470008275579673
209 -11 -0.05187323974977431 2.927471929989146
210 -11 -0.0513787485153383 4.084960374528164
211 -11 -1.054321566151106 3.507014896014285
212 -11 -1.090493377328173 2.349723858707646
213 -11 -2.063351328630787 2.928868150349331
214 -11 -2.041188167623213 4.058104804649654
215 -11 -3.058233750434134 3.503644995964669
216 -11 -2.98154255213317 4.860031577076854
217 -11 -4.049034178580069 4.119498657886533
218 -11 -4.069001677676563 2.949282848028793
219 -11 -5.064201324168262 3.518199282072999
220 -11 -5.075439180593811 2.371082563456168
221 -11 -6.070031943346239 2.936041116860814
222 -11 -6.08451764314661 4.063492538372053
223 -11 -7.074918841726571 3.507335920636946
224 -11 -4.041198726739936 5.151780821037268
225 -11 -7.050894743833357 4.630511539255147
226 -11 -8.037473587247192 4.048683202490921
227 -11 -8.076374531097741 2.930354891034861
228 -11 -2.090449935028433 1.831928247878152
229 -11 5.933770185584816 1.760797061552021
230 -11 8.01618567822446 1.732069827488455
231 -11 5.948450041301719 5.221809735299917
232 -11 4.840981132955505 5.864160018777117
233 -11 -6.038424213770699 1.804506005540037
234 -11 -5.113944089909011 1.281602157027182
235 -11 -9.995883770859894 2.916598277556256
236 -11 8.98801466441471 4.656107581093295
237 -11 7.994485216355734 5.228141860056182
238 -11 9.108485044232395 5.92008121251024
239 -11 -10.01712558515458 5.24490578565643
240 -11 6.970774046179514 4.665559815404541
241 -11 4.956198857303008 2.346208835496185
242 -11 -1.034509477266818 4.631556402375975
243 -11 -0.02155269284753913 5.217807087484218
244 -11 -1.092095556957497 5.876568316062409
245 -11 -3.041713472606219 2.437407314391273
246 -11 0.952031802792181 4.663703610829184
247 -11 3.498361188127308 0.9985525298306595
248 -11 2.940726898614004 2.152077832584818
249 -11 -1.129351281688765 1.12584747464616
250 -11 2.315789473684196 5.997233742986438
251 -11 -6.98597870076797 5.850101349701284
252 -11 -8.077615819560766 0.8138038913099973
253 -11 1.196265413606946 0.9055397944459425
254 -11 -5.129876853113204 4.852871756500321
255 -11 -7.038185452923615 2.379371182766237
256 -11 -9.048338358768403 2.341389330377363
257 -11 -9.041167924639886 4.660582653694957
258 -11 -9.032571283421891 3.496918369665879
259 -11 10.03238540112472 1.792572730722898
260 -11 -9.17283393469997 1.019590494502691
261 -11 -9.171757353225111 5.982361974448162
262 -11 -3.983120277878446 1.748917084884827
263 -11 -3.440567805645331 6.032245850948558
264 -11 -4.64401609585064 6.018633771178171
265 -11 4.027381093998013 1.890798339194377
266 -11 4.037754680306435 5.089899435865229
267 -11 1.643276708460471 1.83813288579328
268 -11 1.843519363269611 5.09199372366696
269 -11 -2.3356892777503 0.8511837678402207
270 -11 -6.193011458881533 5.076372488671605
271 -11 -1.893025045532982 5.084698968630267
272 -11 5.789473684210481 0.7955820506582036
273 -11 -0.005748729376046313 6.206137883503815
274 -11 -0.1632381648294956 1.961418644097868
275 -11 -7.990857963445257 1.913884440194034
276 -11 8.055357909506533 6.216648824841811
277 -11 -7.994197972839177 5.113541045967298
278 -11 5.848962561418311 6.192870887996617
279 -11 -5.947530742162838 0.8438903971266045
280 -11 8.071049259597956 0.7547040326804777
281 -11 -10.16199441128836 6.161819135777266
282 -11 -10.16225944326838 0.837997123084437
283 -11 10.14679131253929 6.144467462807769
284 -11 10.1538692229719 0.8485078441312988
285 -11 -4.356603358809229 0.7739074767471554
286 -11 0.6541113349185324 1.612012159355837
287 -11 -2.940419311345012 1.54411558987179
288 11 3.473684210526294 5.997233742986444
289 11 -2.31578947368422 5.997233742986444
290 11 6.963292971155113 5.935021051642632
291 11 -5.768689937482829 5.981664285313739
292 11 0.0703014527332062 0.9283216483479989
293 11 -3.422794531521836 0.8390181418237682
294 11 4.782979789213147 1.113079734519568
295 11 -7.006338038713428 1.133343823065804
296 11 2.337764201548218 0.987571916345555
297 11 1.057310701919862 5.887387590343215
298 11 6.952845161097024 1.030346717392168
299 11 -9.996189527918226 4.083901862840918
300 11 9.995967754931787 2.927481607350566
301 11 -8.064737139378474 6.214423384917648
302 11 10.01674748666067 5.204236424843833
303 11 -10.0161292198828 1.754585290609204
304 11 9.107261346285373 1.054747108372257
305 11 9.996085262010673 4.07768272308418
306 11 8.984186557578369 3.501832639260041
307 11 8.987489131745313 2.33051374199927
308 11 7.974804390633029 2.902199164718424
309 11 7.976111780881709 4.079448803311466
310 11 6.97079507281008 3.498124993951662
311 11 6.969450881691333 2.34172994469338
312 11 5.96618470629668 2.922698109138749
313 11 5.967105655144785 4.081100850376852
314 11 4.963152228521723 3.503035386274146
315 11 4.975592965974698 4.641216781731792
316 11 3.973988131574117 4.059298994450157
317 11 3.959536954463266 2.924594118599244
318 11 2.949021385434669 3.443708015366775
319 11 2.937988297303917 4.827523732609854
320 11 1.954476540647905 4.084119941566111
321 11 1.944396213432611 2.910620763840682
322 11 0.9497416914641228 3.503193113568243
323 11 0.8554606423322575 2.470008275579673
324 11 -0.05187323974977431 2.927471929989146
325 11 -0.0513787485153383 4.084960374528164
326 11 -1.054321566151106 3.507014896014285
327 11 -1.090493377328173 2.349723858707646
328 11 -2.063351328630787 2.928868150349331
329 11 -2.041188167623213 4.058104804649654
330 11 -3.058233750434134 3.503644995964669
331 11 -2.98154255213317 4.860031577076854
332 11 -4.049034178580069 4.119498657886533
333 11 -4.069001677676563 2.949282848028793
334 11 -5.064201324168262 3.518199282072999
335 11 -5.075439180593811 2.371082563456168
336 11 -6.070031943346239 2.936041116860814
337 11 -6.08451764314661 4.063492538372053
338 11 -7.074918841726571 3.507335920636946
339 11 -4.041198726739936 5.151780821037268
340 11 -7.050894743833357 4.630511539255147
341 11 -8.037473587247192 4.048683202490921
342 11 -8.076374531097741 2.930354891034861
343 11 -2.090449935028433 1.831928247878152
344 11 5.933770185584816 1.760797061552021
345 11 8.01618567822446 1.732069827488455
346 11 5.948450041301719 5.221809735299917
347 11 4.840981132955505 5.864160018777117
348 11 -6.038424213770699 1.804506005540037
349 11 -5.113944089909011 1.281602157027182
350 11 -9.995883770859894 2.916598277556256
351 11 8.98801466441471 4.656107581093295
352 11 7.994485216355734 5.228141860056182
353 11 9.108485044232395 5.92008121251024
354 11 -10.01712558515458 5.24490578565643
355 11 6.970774046179514 4.665559815404541
356 11 4.956198857303008 2.346208835496185
357 11 -1.034509477266818 4.631556402375975
358 11 -0.02155269284753913 5.217807087484218
359 11 -1.092095556957497 5.876568316062409
360 11 -3.041713472606219 2.437407314391273
361 11 0.9520318027921828 4.663703610829184
362 11 3.498361188127308 0.9985525298306595
363 11 2.940726898614004 2.152077832584818
364 11 -1.129351281688765 1.12584747464616
365 11 2.315789473684196 5.997233742986438
366 11 -6.98597870076797 5.850101349701284
367 11 -8.077615819560766 0.8138038913099973
368 11 1.196265413606946 0.9055397944459425
369 11 -5.129876853113204 4.852871756500321
370 11 -7.038185452923615 2.379371182766237
371 11 -9.048338358768403 2.341389330377363
372 11 -9.041167924639886 4.660582653694957
373 11 -9.032571283421891 3.496918369665879
374 11 10.03238540112472 1.792572730722898
375 11 -9.17283393469997 1.019590494502691
376 11 -9.171757353225111 5.982361974448162
377 11 -3.983120277878446 1.748917084884827
378 11 -3.440567805645331 6.032245850948558
379 11 -4.64401609585064 6.018633771178171
380 11 4.027381093998013 1.890798339194377
381 11 4.037754680306435 5.089899435865229
382 11 1.643276708460471 1.83813288579328
383 11 1.843519363269614 5.091993723666961
384 11 -2.3356892777503 0.8511837678402207
385 11 -6.193011458881533 5.076372488671605
386 11 -1.893025045532982 5.084698968630267
387 11 5.789473684210481 0.7955820506582036
388 11 -0.005748729376046313 6.206137883503815
389 11 -0.1632381648294956 1.961418644097868
390 11 -7.990857963445257 1.913884440194034
391 11 8.055357909506533 6.216648824841811
392 11 -7.994197972839177 5.113541045967298
393 11 5.848962561418311 6.192870887996617
394 11 -5.947530742162838 0.8438903971266045
395 11 8.071049259597956 0.7547040326804777
396 11 -10.16199441128836 6.161819135777266
397 11 -10.16225944326838 0.837997123084437
398 11 10.14679131253929 6.144467462807769
399 11 10.1538692229719 0.8485078441312988
400 11 -4.356603358809229 0.7739074767471554
401 11 0.6541113349185324 1.612012159355837
402 11 -2.940419311345012 1.54411558987179
403 -2.326657511940313 -11 5.967626817429286
404 3.466190227288429 -11 0.8683307568866315
405 7.003362707793357 -11 5.824196702346865
406 -5.708959119752443 -11 5.95709488336047
407 -0.06390264304042859 -11 0.923872946189095
408 -3.492000307536253 -11 0.949486176096112
409 2.381610904536396 -11 5.950979472145758
410 -6.962376078283027 -11 1.064928513166737
411 5.731670057597952 -11 1.042868390384834
412 4.631578947368396 -11 6.018094670984337
413 -0.0699752432301306 -11 6.071635117780176
414 9.998865206202083 -11 2.915562685165114
415 -9.989752380180761 -11 4.08187958326202
416 8.064648486483506 -11 0.7852951322809544
417 -8.201572725529665 -11 5.956645734946379
418 10.01612705663673 -11 5.245414708270447
419 -10.01607335400169 -11 1.796077847613977
420 -9.994866196824169 -11 2.923929854028034
421 -8.982666244623564 -11 3.500012105395786
422 -8.886599637639032 -11 4.849301689896994
423 -7.974129735578474 -11 4.079941575859952
424 -7.975088172225472 -11 2.917968166139486
425 -6.96946734031668 -11 3.498535731771675
426 -6.964569329459368 -11 4.626410984854215
427 -5.981834432358395 -11 4.04158299854493
428 -5.968528453507997 -11 2.912378063231167
429 -4.965220475111152 -11 3.489840115577914
430 -4.975480135225896 -11 2.356502292167918
431 -3.973598017470959 -11 2.938946602951293
432 -3.961233802114313 -11 4.077531934405634
433 -2.95868301895093 -11 3.49920485117764
434 -2.945118751274375 -11 2.416690822034013
435 -1.951916320047214 -11 2.929242116542732
436 -1.938687251531398 -11 4.052016110951365
437 -0.9491389902882492 -11 3.493015551200107
438 -1.810282716453903 -11 1.799610447767029
439 -0.8536656742036257 -11 4.522931107149576
440 0.05320480243091907 -11 4.071607446189494
441 0.07156355017249361 -11 2.946720260451003
442 1.058727665121367 -11 3.497338081678026
443 1.094848475950144 -11 2.344575941721164
444 2.065062501539147 -11 2.914759365906707
445 2.044634270598729 -11 4.043907806210528
446 3.059908345554996 -11 3.486307610251854
447 3.005896250686263 -11 4.818529511377445
448 4.064292958937827 -11 4.068335266938193
449 4.061530423961248 -11 2.929162967051079
450 5.09015214170585 -11 3.549751359602467
451 2.090580162232516 -11 1.822140423112671
452 5.114703676887178 -11 2.174734467198862
453 6.068884723238558 -11 2.908808815157362
454 6.11834298216796 -11 4.11348729145624
455 7.081301529481053 -11 3.49489744543876
456 7.04966676429423 -11 2.364457780904544
457 8.038747253114309 -11 2.949743529978742
458 8.077889320045404 -11 4.067121931225651
459 -5.947838692826842 -11 1.7766982568883
460 -4.84230807700982 -11 1.130011240620474
461 -10.02351089651464 -11 5.261367119511847
462 9.998287316157636 -11 4.082801776111532
463 -8.986608258525864 -11 2.344311482996631
464 -7.992584392717399 -11 1.771858518858144
465 -9.107623916735168 -11 1.080055732514724
466 10.01710864912383 -11 1.754583263466708
467 -6.969016297828512 -11 2.339352283833408
468 -2.908308490019833 -11 4.854979092143116
469 -3.966457860857541 -11 5.184885473583459
470 -0.8419842744236092 -11 2.453812055332991
471 1.073892610111134 -11 4.618604025069104
472 3.029914325818886 -11 2.426489213322625
473 6.980622588147636 -11 1.152328829827531
474 8.077688664043091 -11 6.17742401196087
475 3.494753358077871 -11 5.988166391861341
476 -1.19402958910986 -11 6.086997003927481
477 -6.957380148810387 -11 5.806510982952755
478 1.118601704396468 -11 5.820393669763595
479 1.131331348092994 -11 1.120805544523122
480 5.789473684210506 -11 5.997233742986427
481 5.156092367184343 -11 4.892484988593498
482 4.624588793580354 -11 1.000081531843287
483 -5.050058977672861 -11 4.834471838539962
484 7.073503410427474 -11 4.604827593919084
485 -1.180684995154653 -11 0.8573061805732795
486 9.049509496292714 -11 4.657372225278221
487 9.041711298716596 -11 2.338261743600996
488 9.03416831508812 -11 3.501810648560042
489 9.173072448449044 -11 5.979815401412958
490 -9.271729456016612 -11 6.033253126058721
491 9.171559361000803 -11 1.01732036736604
492 -4.596671610719432 -11 6.015670765726703
493 4.065411005735632 -11 5.146410991096483
494 3.85778339836903 -11 1.822763627264934
495 -3.932231273795219 -11 1.881865065901368
496 -3.403962748887355 -11 6.036123822700551
497 -1.634263779359534 -11 5.146944317684653
498 -2.315789473684221 -11 0.8204658633926151
499 1.936236958819071 -11 5.054147676980651
500 6.18910956203311 -11 1.928639656694626
501 2.339149744564743 -11 0.8470087556972786
502 6.211308103255458 -11 5.090786869266396
503 -6.114305493190789 -11 5.053656821654409
504 -7.845895200622882 -11 5.05407226975538
505 0.1643826999714584 -11 5.038227446201067
506 7.994861415122195 -11 5.081982075283874
507 -8.054622140705014 -11 0.7833685529079211
508 0.1662144941403572 -11 1.954396129946137
509 -5.848119254879411 -11 0.8069090018696831
510 7.993844638138494 -11 1.885340232922032
511 -10.22746912313783 -11 6.22559071578078
512 10.1622717480634 -11 6.161971946823692
513 -10.14679131253929 -11 0.855532537192237
514 10.16224407756356 -11 0.8378788310040945
515 -2.800643286792051 -11 1.509258392750538
516 -0.6522321990634801 -11 5.384988847997656
517 -0.7461280269864474 -11 1.597799551961707
518 2.926166249089967 -11 1.551756918694055
519 -2.31578947368422 11 5.997233742986444
520 3.473684210526294 11 5.997233742986444
521 6.962816696853892 11 5.934937803247184
522 -5.768689937482826 11 5.981664285313726
523 0.07030145273320443 11 0.9283216483479919
524 -3.422794531521826 11 0.8390181418237432
525 4.782979789213153 11 1.11307973451956
526 -7.006338038713414 11 1.13334382306576
527 1.057309390483688 11 5.887388299725964
528 2.33776420154822 11 0.9875719163455534
529 6.952845161097024 11 1.030346717392167
530 -9.994291198258075 11 4.083846095183342
531 9.995967754931787 11 2.927481607350565
532 -8.06466308138371 11 6.214466142320854
533 10.01606688338229 11 5.203894512093701
534 -10.01614340480829 11 1.754733941409045
535 9.107261346285373 11 1.054747108372257
536 9.995971828130941 11 4.077625737625826
537 8.984167651931749 11 3.501823141683654
538 8.987488311529489 11 2.33051332994976
539 7.974801102989293 11 2.902197513114111
540 7.975967009024622 11 4.079455419067678
541 6.970629323251245 11 3.498134295263298
542 6.969450881691344 11 2.341729944693384
543 5.966184706296687 11 2.922698109138743
544 5.966936957242943 11 4.081110874548438
545 4.963152228521723 11 3.503035386274134
546 4.975564849657719 11 4.641218452427045
547 3.973983445521284 11 4.05929927289935
548 3.959536954463267 11 2.924594118599224
549 2.949020604425863 11 3.443708061774958
550 2.937987451157229 11 4.827523791320058
551 1.954476540647905 11 4.084119941566086
552 1.944396165995247 11 2.910620766659428
553 0.9497411992445883 11 3.503193954134216
554 0.8554605523894452 11 2.470008416143779
555 -0.05187323974976721 11 2.927471929989107
556 -0.05138076996376739 11 4.084960515873862
557 -1.05432238845634 11 3.507014080102329
558 -1.090493514379039 11 2.349723722722288
559 -2.063351488523466 11 2.928867991699732
560 -2.041188905488188 11 4.058103790714298
561 -3.05823390006041 11 3.503644800533791
562 -2.981542755004632 11 4.860031393991192
563 -4.049034237329695 11 4.119498594800386
564 -4.069001712405878 11 2.949282804942571
565 -5.064201339748086 11 3.518199264377542
566 -5.075439188978663 11 2.371082553325834
567 -6.070031947340349 11 2.936041112223116
568 -6.084517646408933 11 4.063492534649802
569 -7.074918842935979 11 3.50733591924355
570 -4.041198779064157 11 5.151780771802883
571 -7.050894744578651 11 4.630511538402502
572 -8.037473600057702 11 4.048686361261679
573 -8.07637453109774 11 2.93035489103475
574 -2.090449984519017 11 1.831928198772298
575 5.933770185584834 11 1.760797061552012
576 8.016184993581206 11 1.732069483546153
577 5.948196786906344 11 5.221806283664799
578 4.840952421658326 11 5.864159837048551
579 -6.038424215833846 11 1.80450600307865
580 -5.113944091650334 11 1.281602154928541
581 -9.99567204507458 11 2.917921916336301
582 8.987174442026031 11 4.655698705005055
583 7.993005414968088 11 5.227621906056778
584 9.107701028616528 11 5.919809166035405
585 -10.01675343139049 11 5.245380826690508
586 6.969808146945237 11 4.670118824587813
587 4.956198857303015 11 2.346208835496158
588 -1.034512587759213 11 4.631555270701712
589 -0.02155570614344526 11 5.217807014452879
590 -1.092096507871387 11 5.876568110105379
591 0.9520288969123314 11 4.663708651406417
592 -3.041713538229356 11 2.437407240012497
593 3.498361188127312 11 0.9985525298306557
594 2.940726780264557 11 2.15207783961723
595 -1.129351308337545 11 1.12584744820455
596 2.315789473684196 11 5.997233742986438
597 -8.077615819560753 11 0.8138038913099769
598 -6.985968121160907 11 5.850107457779917
599 1.196265413606948 11 0.9055397944459371
600 -5.129876871672626 11 4.852871737394846
601 -7.038185454134715 11 2.379371181350788
602 -9.048305435291764 11 2.341634711973963
603 -9.040727797875302 11 4.660688690222153
604 -9.032140767942527 11 3.497188777668697
605 10.03238533137848 11 1.792572695684675
606 -9.172832959140246 11 1.019611008475845
607 -9.171494224121727 11 5.982548550355289
608 -3.983120293661098 11 1.748917066357102
609 -3.44056782734566 11 6.032245831193441
610 -4.644016106872534 11 6.018633760690667
611 4.027381087836552 11 1.890798339560484
612 4.037745771761616 11 5.089899696740377
613 1.643276665838869 11 1.838132910862486
614 1.843518350577071 11 5.091994885400993
615 -2.335689284224733 11 0.8511837614160948
616 -6.193009950732954 11 5.07637335787134
617 -1.893026045961529 11 5.084698461699805
618 5.789473684210485 11 0.7955820506582019
619 -0.005749267707269468 11 6.206137846722637
620 -0.163238164829492 11 1.961418644097849
621 -7.990856492798216 11 1.913895975932319
622 8.054809891245583 11 6.216473775067874
623 -7.994150118131116 11 5.113561978658848
624 5.848962561418322 11 6.192870887996604
625 -5.947530742923728 11 0.8438903962145901
626 8.071049161791777 11 0.7547039835458641
627 10.14679131253929 11 6.144467462807765
628 -10.16226013096963 11 0.8380059300801156
629 -10.16222219321264 11 6.162112475112027
630 10.15386922297191 11 0.8485078441312951
631 -4.356603362314022 11 0.7739074726218771
632 0.6541113213915466 11 1.612012176257183
633 -2.940419330969402 11 1.544115568666558
634 -9.997233742986458 -1.06581410364015e-14 0
635 9.997233742986442 -1.4210854715202e-14 0
636 0.03588861924868603 10.21280712292192 0
637 -0.0726853826182321 -10.07601832773944 0
638 4.810033407123946 -9.899789432840603 0
639 4.810033407124044 9.899053092598425 0
640 -9.997233742986449 4.631578947368396 0
641 -4.746999216625125 -9.92450439386335 0
642 -9.997233742986532 -3.473684210526285 0
643 10.01751962775238 -3.465035493451732 0
644 -3.495016682228857 10.05638906348596 0
645 9.997233742986442 3.473684210526294 0
646 9.997233742986442 6.947368421052602 0
647 10.01751962775236 -6.938719703978052 0
648 -6.9672313481757 9.962109630357581 0
649 -9.997233742986515 -6.947368421052616 0
650 2.372688973092909 -9.960943971825468 0
651 2.34638980710044 10.0149008537216 0
652 -6.958023367282459 -9.97116071285269 0
653 -2.350656919909451 -10.10718019270134 0
654 -9.997233742986449 2.315789473684191 0
655 6.991264508991634 -9.9502750601633 0
656 6.991264508991772 9.949538719920984 0
657 -9.997233742986444 6.947368421052598 0
658 10.03323143200753 9.209725389600983 0
659 -10.02308848962452 9.218376159942821 0
660 9.169013251949998 -9.951277467036292 0
661 -10.0230884896246 -9.21837615994278 0
662 -10.00154286742612 8.097799535429036 0
663 -8.99518567337949 7.525071852396032 0
664 -8.994587183874001 6.368213729785261 0
665 -7.991840876510614 6.947126544398589 0
666 -7.991744453201422 5.789398817627088 0
667 -6.988965450578013 6.368368262091934 0
668 -6.988947255758197 5.210505039602229 0
669 -5.986175842006346 5.789461339755963 0
670 -5.986171950080019 4.631573343928046 0
671 -4.983404184955678 5.210523324473552 0
672 -4.983403284949517 4.052630146487896 0
673 -3.98063662658312 4.631578210072407 0
674 -3.980636409689982 3.473683848900293 0
675 -2.97787004963541 4.052631395793563 0
676 -2.97786999631308 2.8947367513085 0
677 -1.97510371323895 3.473684164867731 0
678 -1.975103700008493 2.315789450941512 0
679 -0.9723374364464128 2.894736830704879 0
680 -0.9723374331499457 1.736842099572486 0
681 -1.9751036896141 1.157894732103081 0
682 -0.9723374308681567 0.5789473666826144 0
683 -1.975103687501427 -1.07970521412426e-09 0
684 -0.9723374301357648 -0.5789473688908977 0
685 0.0304288255044618 2.31578947083552 0
686 -1.975103687027268 -1.157894737100492 0
687 -0.9723374299346954 -1.736842105384685 0
688 0.03042882709204875 -1.157894736940843 0
689 -1.97510368691475 -2.315789473747659 0
690 0.03042882712773043 -2.31578947372109 0
691 1.033195084149451 -1.73684210528595 0
692 1.033195084156731 -2.894736842115391 0
693 2.035961341172879 -2.315789473689904 0
694 -2.977869943922705 -1.736842105316903 0
695 -2.977869943894731 -2.8947368421105 0
696 2.035961341174499 -3.473684210529146 0
697 0.03042882577795503 3.473684208151292 0
698 1.03319508403175 2.89473684187837 0
699 3.038727598188775 -2.894736842106907 0
700 3.038727598188924 -1.736842105264603 0
701 -4.983402630554696 2.894736543090932 0
702 1.033195084161214 -4.0526315789497 0
703 3.038727598189162 -4.05263157894834 0
704 1.033195083912272 4.05263157851353 0
705 2.035961341112621 3.473684210415986 0
706 -3.98063620091099 -2.315789473694128 0
707 -3.980636200906806 -3.473684210528929 0
708 4.041493855203052 -2.315789473684665 0
709 4.041493855203024 -1.157894736842662 0
710 -2.977869943892564 -4.052631578948791 0
711 2.035961341123855 4.631578947277518 0
712 3.038727598184694 4.05263157893835 0
713 -3.980636200905767 -4.631578947369181 0
714 -2.977870032461894 5.210526162381065 0
715 5.044260112216659 -1.736842105263582 0
716 5.044260112216691 -0.5789473684214741 0
717 3.038727598180182 5.210526315772601 0
718 4.041493855200859 4.631578947363877 0
719 -2.977869943892049 -5.210526315789948 0
720 5.044260112216648 -2.894736842105656 0
721 -4.983402457920099 -2.894736842107418 0
722 -4.983402457920028 -1.736842105265247 0
723 1.033195084112169 5.210526315701852 0
724 4.041493855201317 5.789473684206726 0
725 5.044260112216666 5.210526315788776 0
726 5.044260112216389 4.052631578946254 0
727 -3.980636200905528 -5.789473684210815 0
728 -4.983402457919055 -5.210526315789712 0
729 -5.986168714932848 -2.315789473684969 0
730 -5.986168714932687 -1.157894736842641 0
731 6.047026369230259 -1.157894736842502 0
732 6.047026369230281 -4.156675004196586e-13 0
733 6.047026369230291 4.631578947367853 0
734 6.047026369230373 5.789473684210055 0
735 -4.983402457919016 -6.368421052631697 0
736 -5.986168714932567 -5.789473684210632 0
737 3.038727598178266 2.894736842085161 0
738 -4.983403933603862 6.368418496669779 0
739 3.03872759818784 6.368421052627923 0
740 -2.977869943891941 -6.368421052631813 0
741 6.047026369230274 3.473684210525771 0
742 3.038727598189482 -0.5789473684215984 0
743 -1.975103686878363 -5.789473684210775 0
744 -4.983402457919093 -0.5789473684215771 0
745 -5.986168714932402 -9.592326932761353e-14 0
746 -6.9889375584392 4.052627099009381 0
747 -6.988934971946111 -1.736842105263412 0
748 -6.988934971946117 -2.89473684210547 0
749 7.049792626243939 5.210526315789025 0
750 7.049792626243978 6.368421052631156 0
751 -1.975103686878366 -6.947368421052836 0
752 -0.9723374298647833 -6.368421052631798 0
753 6.04702636923043 6.947368421052229 0
754 -5.981867569172323 -6.95481822404025 0
755 5.04426011221674 0.5789473684206676 0
756 1.033195083866659 1.736842104750368 0
757 -6.988218114319418 -6.369662686462895 0
758 7.044720557794268 -0.5789473684214794 0
759 7.046932129476197 0.5789473684206428 0
760 7.048947281502215 -1.736842105263575 0
761 -2.973000014811808 -7.496819062401271 0
762 -0.97233742986481 -7.526315789473895 0
763 0.03042882714876427 -6.947368421052858 0
764 7.049792626243999 7.526315789473284 0
765 -6.983797492288067 -7.535214165264404 0
766 -6.988963326309678 7.526266678274727 0
767 -4.983402457918871 0.578947368420863 0
768 -5.986168714932385 1.157894736841993 0
769 -6.988934971945947 0.5789473684209767 0
770 -6.988934971945922 1.736842105263079 0
771 -0.9723374298647478 -5.210526315789696 0
772 -6.988815495674978 -5.21073325476141 0
773 1.033195084150849 -0.5789473684414954 0
774 -4.983402457919034 -7.526315789473786 0
775 4.041493855202685 6.947368421051152 0
776 3.014729138841938 7.578025282748854 0
777 2.031961597951261 6.955986669931036 0
778 5.044260112216712 2.894736842104756 0
779 -7.991701228959482 1.157894736842051 0
780 -7.991701228959441 2.315789473684157 0
781 -7.991701228959596 -2.315789473684289 0
782 -7.991701228959551 -1.15789473684219 0
783 -7.991561839976681 -5.789715113011056 0
784 -7.991658084750595 -4.631653675330517 0
785 8.038854306458564 -1.15357037830513 0
786 8.047486814807954 5.789473684210094 0
787 8.047637226768316 -2.310744388724357 0
788 7.048831459372014 -2.893895994612295 0
789 8.03899519724899 4.627254588830654 0
790 6.047026369230444 8.105263157894342 0
791 8.044009674682009 -3.468378863247079 0
792 7.049792626243772 -4.052631578947784 0
793 8.04606194671188 -4.630694722822238 0
794 7.048709803486183 -5.210378945032121 0
795 6.046845898770613 -4.631554385575861 0
796 6.046815820360663 -5.789445028785802 0
797 7.04957706430589 -6.368391714934845 0
798 6.046955350762275 -6.947358755532647 0
799 5.044213184327056 -6.36841466580771 0
800 7.049744862842758 -7.526309288937839 0
801 5.044240454490357 -7.526313114083288 0
802 4.041485928344034 -6.947367342217869 0
803 4.043345545062879 -8.084702096958562 0
804 3.039034892022958 -7.522888766178745 0
805 3.038777492685258 -6.367849702276853 0
806 2.001734413310427 8.130012795687183 0
807 1.026823972314222 7.531877103918674 0
808 2.035961341175948 -6.947368421052944 0
809 2.019060390890719 -8.075329974666944 0
810 2.03596965692525 -5.789378459151655 0
811 6.047026369230306 2.315789473683759 0
812 7.04979262624391 2.894736842104834 0
813 -2.977869944451584 0.5789473674511569 0
814 -8.994467485973045 -1.736842105263163 0
815 -8.994437063774431 -5.210579008583199 0
816 4.041493855203377 8.105263157894388 0
817 0.05060889297398496 -8.070310258585611 0
818 8.044946257685631 -6.943038089476776 0
819 8.046210083312268 -8.104540352543074 0
820 9.029360678922366 -1.722307455735017 0
821 9.024208294292961 5.205481230828923 0
822 -0.8688775829375466 -8.543753518992162 0
823 1.048139212912817 8.653049574958565 0
824 0.05203772912462057 8.06604365243324 0
825 0.03296845883694388 6.941758722549746 0
826 -0.968312674253875 7.518844255479511 0
827 -0.9712433653147432 6.366240847215295 0
828 -1.974250550184628 6.945759797817477 0
829 -1.974290704827302 8.103749798356422 0
830 -2.977797659828299 7.526180343185008 0
831 5.007383954014134 -8.670392985390972 0
832 -2.959040505027158 8.60677632563354 0
833 -3.989485143424189 8.071551607953005 0
834 -2.02420036247986 9.184433924137608 0
835 7.040037940035297 8.702116102442638 0
836 8.052558883257557 8.105263157894342 0
837 8.039819519403849 9.243099945088666 0
838 7.038971846144026 -8.70267343025016 0
839 8.063355870045335 -9.26807456030124 0
840 9.057224710899451 -8.688798117649776 0
841 5.98035229856691 9.259611279446002 0
842 5.975835363793649 -9.259377774034759 0
843 -2.977715721860525 6.36813034880948 0
844 8.049698386489897 6.947368421052246 0
845 1.033741603419019 -7.515501442384382 0
846 1.057843865309524 -8.633133622694675 0
847 1.033287556663376 -6.366602790607061 0
848 0.03044423923230966 -5.789170640539974 0
849 -8.999614495720262 8.675295643926212 0
850 -9.114049340641067 9.933364217468295 0
851 -8.001097798512829 9.263403166168811 0
852 5.044260112216765 1.736842105262772 0
853 0.03103444318024806 5.788175366875958 0
854 -0.9720541497676862 5.209946561997526 0
855 0.03057697622507405 4.631265935031211 0
856 3.038737299896969 -5.210415219887542 0
857 2.035294717286327 5.790910058990377 0
858 2.035961341092513 2.315789473539088 0
859 3.038727598173828 1.736842105235405 0
860 2.035961341110212 1.15789473672768 0
861 2.990670562310621 -8.838268522089123 0
862 10.01337630020629 8.09635774037195 0
863 -5.986168743704997 2.315789423848408 0
864 -3.982073519590112 6.94167837838355 0
865 -4.985117080733526 7.51974843137824 0
866 -4.997162281814632 8.656714099529715 0
867 -5.988752515111319 8.099577675214654 0
868 -5.964152382050541 9.241042195845186 0
869 -4.855620246866052 9.882860644719983 0
870 3.038727598175999 0.5789473683970989 0
871 8.047494222556253 -5.784250781577271 0
872 9.033112322630394 -5.200859744184982 0
873 -7.994272857063105 8.103562401913361 0
874 6.046725283961337 -2.31564933243572 0
875 6.04702636923022 -3.473684210526707 0
876 5.04423003380672 -4.052627485315596 0
877 -7.991710911384013 4.631562176916958 0
878 -1.974706251077921 5.788697110931508 0
879 -9.997233742986444 3.473684210526297 0
880 -1.97510368688496 -3.473684210538108 0
881 -7.990702274581686 -6.949098660789706 0
882 -7.990678489953646 -8.107034593816049 0
883 -6.975074992359871 -8.722587111177782 0
884 -7.991701228959761 -9.263157894736866 0
885 -5.89370959795576 -9.282664427935435 0
886 -5.958362766096764 -8.117495155447138 0
887 -4.900676164486817 -8.668268667685929 0
888 -3.835184801421341 -9.125354061501895 0
889 -2.977869943974543 -0.5789473685646307 0
890 -1.930301669890692 -8.030610278460843 0
891 0.03042882714418482 -3.473684210534653 0
892 3.473684210526299 -9.997233742986438 0
893 -4.983402491486906 1.736842047121364 0
894 -3.980636278806936 2.315789338754335 0
895 -7.991703273779065 3.473680668794708 0
896 3.508526676054945 10.00803611927273 0
897 2.983707082174163 8.868071949007447 0
898 -1.97499027100773 4.631352829153082 0
899 2.035961341174291 -1.15789473684541 0
900 1.033195084162655 6.368421052631337 0
901 -3.980850669842532 5.788475820131637 0
902 4.041488842134576 -3.473683528254997 0
903 -4.983402457919208 -4.052631578947928 0
904 9.997233742986428 2.3157894736842 0
905 8.994467485972876 2.894736842105269 0
906 8.994467485972852 1.73684210526317 0
907 9.997233742986431 1.157894736842085 0
908 8.994467485972862 0.5789473684209892 0
909 7.047028233323122 1.736842105262749 0
910 1.033214450884486 -5.210156893997622 0
911 -1.201179045361348 -10.11506498825974 0
912 1.108484928171384 -9.830074605686324 0
913 -5.986168714932218 6.947368421052527 0
914 -5.98616871493281 -3.473684210526953 0
915 -5.98614880222078 -4.631613437197344 0
916 -9.997233742986467 1.157894736842087 0
917 1.116880062972447 9.862095457266665 0
918 0.03042882611075015 1.15789473504358 0
919 -3.985904553176526 -6.931921418635765 0
920 -10.00154286742622 -8.097799535429058 0
921 0.03042882675204339 -6.877129976601282e-10 0
922 -3.980636201012445 -1.85748305625566e-10 0
923 1.033195083861099 0.5789473678986887 0
924 -0.9723374298878671 -2.894736842145633 0
925 -7.99169403825808 -3.47369666518671 0
926 -7.991701228959495 -5.329070518200751e-14 0
927 -6.988903351297227 -4.052686347518068 0
928 -2.977869968349911 1.736842062900088 0
929 -1.975103686879567 -4.631578947370818 0
930 7.044554995683711 4.052116774359131 0
931 6.047026369230316 1.157894736841659 0
932 -6.988934971946033 -0.5789473684212361 0
933 -3.980636200919161 -1.157894736866229 0
934 -3.980636223671109 1.157894697410342 0
935 5.044260112216392 6.368421052630374 0
936 0.03043462361545757 -4.631466869793206 0
937 -0.9723364637929173 -4.05261289936202 0
938 4.041493855200857 -4.368061468085216e-12 0
939 -9.997253692636637 5.789439130402783 0
940 -5.986169856612387 3.473682233078307 0
941 4.041493855201827 1.157894736839372 0
942 5.044204394879909 -5.210518732733375 0
943 4.041493855200024 3.473684210520377 0
944 2.035961341110319 -1.141735594956117e-10 0
945 6.032856561690423 -8.105363919902139 0
946 4.041493855203081 -5.789473684210896 0
947 4.041493855199423 2.315789473677277 0
948 -0.9822029421725098 8.656645583671654 0
949 4.041493855203115 -4.631578947368819 0
950 -6.988935938906836 2.894735167279672 0
951 5.044260112216705 7.526315789472978 0
952 -0.9722466280762916 4.05244508831762 0
953 2.035961341175947 -4.631578947368681 0
954 -8.994499578342573 5.210470730174634 0
955 -6.985465971415833 8.69500797749193 0
956 4.995966270214808 8.672550293441603 0
957 -8.994474789241913 4.052618929314367 0
958 -8.994469043987712 2.894734143544476 0
959 -8.994467745642089 1.736841655503 0
960 -8.994467529251164 0.5789472934609989 0
961 -8.994467493186036 -0.578947380914407 0
962 -9.997233744188684 -1.157894738924339 0
963 -9.997233743186889 -2.315789474031234 0
964 -8.994466287556197 -2.894738917939844 0
965 -8.994453826718726 -4.05265523748914 0
966 -9.997226396077716 -4.631591672591002 0
967 -9.997227448135302 -5.789484587213218 0
968 -8.994271642571281 -6.368760263353913 0
969 -8.994816083915406 -7.525712000126187 0
970 -8.999382440975456 -8.675697574534738 0
971 -9.114016189963319 -9.933421636126671 0
972 10.02121660639347 -8.09460390946078 0
973 10.01719847227331 -4.628526399255314 0
974 10.01107394093705 -1.145662407831393 0
975 9.013784599513944 -0.567832832705216 0
976 10.00975808787222 5.784308478179611 0
977 9.032605218980279 -6.363776298816956 0
978 9.031847681897027 -2.8891478756317 0
979 9.013323685895479 4.041014155416207 0
980 10.00879009951902 4.621567223861115 0
981 8.02213005610848 1.157894736842055 0
982 8.022130056108224 2.315789473683747 0
983 9.025472395869734 7.525929430598449 0
984 9.031559140644475 8.661762717443594 0
985 10.01673927360606 -5.785138252442726 0
986 10.01496698825147 -2.308955363336382 0
987 8.023979315842102 3.472684660801908 0
988 9.036620417503912 -7.522246078654236 0
989 9.031624954324499 -4.047107183098841 0
990 8.02334689720794 0.000669811807751941 0
991 9.025642953719867 6.36665494432032 0
992 -1.106057196090239 9.972152216381637 0
993 9.126935894605598 9.927745828257098 0
994 10.05550082861704 -9.226332140253728 0
995 -3.956121107522474 -8.050009683348241 0
996 -3.473684210526321 -10.11821068963732 0
997 -2.922565203061023 -8.538404968216087 0
998 -3.948406968781836 9.133984671185711 0
999 4.052631578947366 9.139795283343513 0
1000 4.058954005916856 -9.118510626562902 0
1001 -1.845567686158514 -9.14786057360816 0
1002 -2.315789473684223 10.19465700420662 0
1003 1.909749743955031 -9.067550139392507 0
1004 5.789473684210485 10.20897420080717 0
1005 1.920444105760653 9.100470150383895 0
1006 5.789473684210485 -10.21079165001338 0
1007 -8.093111398921657 10.2262885155651 0
1008 -8.092141089617005 -10.22674994984887 0
1009 8.082724650654296 10.22498936270996 0
1010 8.086831989355279 -10.23392541750017 0
1011 0.1192149590065963 9.101256973541837 0
1012 0.1515092221000796 -9.053440498880871 0
1013 -5.789473684210527 -10.24440115910761 0
1014 -5.859430717337339 10.20153598049549 0
1015 -10.15236222281498 10.15236222281497 0
1016 10.15236222281496 -10.15236222281498 0
1017 10.15236222281497 10.15236222281497 0
1018 -10.15236222281498 -10.15236222281498 0
1019 -2.960462646573081 -9.428647296049471 0
1020 -2.834054856332079 9.485991291456614 0
1021 -0.7160062157992009 -9.393220267235163 0
1022 -0.07268538261818946 -10.07601832773944 7
1023 0.03588861924862918 10.2128071229219 7
1024 10.00995208425339 -0.004324358537422412 7
1025 -9.997233742986474 -2.664535259100376e-14 7
1026 4.810033407123999 -9.899789432840523 7
1027 4.810033407124029 9.899053092598468 7
1028 -9.997233742986451 4.631578947368386 7
1029 -4.780422610736963 -9.916135551869926 7
1030 -9.997233742986474 -3.473684210526326 7
1031 10.01751962775252 -3.482332927601152 7
1032 -3.498139348808426 10.08070907103627 7
1033 9.997233742986442 3.473684210526294 7
1034 10.02267042552036 6.947368421052531 7
1035 -6.959270719879305 9.970863788402035 7
1036 10.01751962775253 -6.956017138127481 7
1037 -9.99723374298644 -6.947368421052633 7
1038 2.346389807100438 10.0149008537216 7
1039 -6.958023367282347 -9.971160712852724 7
1040 -2.353558136129223 -9.962944573303931 7
1041 2.372688973092981 -9.960943971825426 7
1042 -9.997233742986447 2.315789473684191 7
1043 -9.997233742986444 6.947368421052598 7
1044 6.991264508991765 9.949538719921044 7
1045 6.991264508991723 -9.95027506016319 7
1046 9.169284806732477 9.951636674530679 7
1047 -10.02308848962452 9.218376159942821 7
1048 9.169284806732463 -9.951636674530826 7
1049 -10.02308848962453 -9.218376159942848 7
1050 -10.00154286742612 8.097799535429036 7
1051 -8.995185673379492 7.525071852396024 7
1052 -8.994587183873996 6.368213729785257 7
1053 -7.991840876510613 6.947126544398582 7
1054 -7.991744453201415 5.789398817627081 7
1055 -6.988965450578006 6.368368262091931 7
1056 -6.988947255758188 5.210505039602232 7
1057 -5.986175842006336 5.78946133975597 7
1058 -5.986171950080008 4.63157334392805 7
1059 -4.983404184955663 5.21052332447357 7
1060 -4.983403284949501 4.052630146487909 7
1061 -3.980636626583101 4.631578210072433 7
1062 -3.980636409689957 3.473683848900317 7
1063 -2.977870049635388 4.052631395793599 7
1064 -2.97786999631305 2.894736751308532 7
1065 -1.975103713238919 3.473684164867786 7
1066 -1.975103700008452 2.315789450941555 7
1067 -0.9723374364463773 2.894736830704938 7
1068 -0.9723374331498995 1.736842099572542 7
1069 -1.975103689614052 1.157894732103124 7
1070 -0.9723374308680999 0.5789473666826694 7
1071 -1.975103687501365 -1.079660805203275e-09 7
1072 -0.9723374301356973 -0.5789473688908444 7
1073 0.03042882550450443 2.315789470835577 7
1074 -1.975103687027195 -1.157894737100445 7
1075 -0.9723374299346155 -1.736842105384628 7
1076 0.03042882709212336 -1.157894736940781 7
1077 -1.975103686914666 -2.315789473747611 7
1078 0.03042882712781747 -2.315789473721029 7
1079 1.033195084149529 -1.736842105285884 7
1080 1.033195084156825 -2.894736842115325 7
1081 2.035961341172966 -2.315789473689826 7
1082 -2.977869943922627 -1.736842105316867 7
1083 -2.977869943894643 -2.894736842110465 7
1084 2.035961341174598 -3.473684210529071 7
1085 0.03042882577799766 3.473684208151347 7
1086 1.033195084031785 2.894736841878432 7
1087 3.038727598188864 -2.894736842106816 7
1088 3.038727598189 -1.736842105264513 7
1089 -4.983402630554668 2.894736543090945 7
1090 1.033195084161315 -4.052631578949626 7
1091 3.038727598189258 -4.052631578948243 7
1092 1.033195083912318 4.052631578513578 7
1093 2.035961341112662 3.473684210416046 7
1094 -3.980636200910908 -2.315789473694103 7
1095 -3.980636200906714 -3.473684210528907 7
1096 4.041493855203134 -2.315789473684561 7
1097 4.041493855203093 -1.157894736842559 7
1098 -2.977869943892463 -4.052631578948757 7
1099 2.035961341123897 4.631578947277575 7
1100 3.038727598184728 4.05263157893841 7
1101 -3.980636200905662 -4.631578947369158 7
1102 -2.977870032461858 5.210526162381043 7
1103 5.04426011221673 -1.736842105263468 7
1104 5.044260112216747 -0.5789473684213569 7
1105 3.038727598180216 5.210526315772661 7
1106 4.041493855200892 4.631578947363941 7
1107 -2.977869943891935 -5.210526315789917 7
1108 5.044260112216737 -2.894736842105548 7
1109 -4.98340245791915 -4.052631578947983 7
1110 -4.983402457918896 -5.21052631578962 7
1111 1.033195084112224 5.210526315701873 7
1112 4.041493855201338 5.789473684206783 7
1113 5.044260112216694 5.210526315788847 7
1114 5.044260112216435 4.052631578946329 7
1115 -3.980636200911341 -1.157894736852784 7
1116 -4.983402457920771 -1.73684210526665 7
1117 -5.986168714932473 -4.631578947368597 7
1118 -5.984053620837198 -5.785810233774868 7
1119 6.04702636923032 -1.157894736842383 7
1120 6.047026369230334 -2.806643806252396e-13 7
1121 6.047026369230323 4.631578947367942 7
1122 6.047026369230391 5.789473684210137 7
1123 3.038727598189535 -0.5789473684215132 7
1124 -4.983403933603839 6.368418496669708 7
1125 -4.980531370967486 -6.3634481841589 7
1126 3.038727598187851 6.368421052627973 7
1127 5.044260112216794 0.5789473684207902 7
1128 6.047026369230323 3.47368421052586 7
1129 -4.983402457920135 -0.5789473684234832 7
1130 -5.986168714932911 -1.157894736843144 7
1131 -5.986168714932652 -6.323830348264892e-13 7
1132 -6.988937558439186 4.05262709900938 7
1133 -6.988582456263434 -5.209915740716934 7
1134 -6.988876219332219 -4.052529816435352 7
1135 -6.984890484468691 -6.366826377697058 7
1136 7.04979262624396 5.210526315789128 7
1137 7.049792626243974 6.368421052631255 7
1138 6.04702636923043 6.947368421052332 7
1139 -1.97510368687834 -4.63157894736883 7
1140 -1.975103686878262 -5.789473684210766 7
1141 1.033195083866703 1.736842104750432 7
1142 3.038727598178316 2.894736842085226 7
1143 -6.988934971946042 -0.5789473684213675 7
1144 -6.988934971945954 0.578947368420863 7
1145 7.047295956678262 -0.5832717269586833 7
1146 7.049792626243889 0.5789473684207813 7
1147 7.049376514649616 -1.737562831686315 7
1148 7.049792626243985 7.526315789473379 7
1149 -6.988963326309674 7.526266678274691 7
1150 -6.988934971946046 -1.73684210526342 7
1151 -4.983402457919048 0.5789473684204651 7
1152 -0.9723374298646572 -5.210526315789691 7
1153 -0.972337429864659 -6.36842105263176 7
1154 -1.975103686878237 -6.947368421052792 7
1155 -0.9723374298646803 -7.526315789473848 7
1156 0.03042882714889039 -6.947368421052808 7
1157 5.044260112216765 2.894736842104837 7
1158 1.033195084150908 -0.5789473684414297 7
1159 4.041493855202681 6.947368421051216 7
1160 3.014729138841918 7.578025282748893 7
1161 2.031961597951259 6.955986669931058 7
1162 -7.991701228959505 -1.157894736842231 7
1163 -7.991632684243422 -4.631460224437698 7
1164 -7.991701228959506 -2.315789473684305 7
1165 8.051132705972492 -1.160364948360503 7
1166 8.050062213691913 5.785149325672855 7
1167 8.04717976666138 -2.316321296674634 7
1168 7.048826754878842 -2.894945600341035 7
1169 8.047070703213723 4.630858220945218 7
1170 6.047026369230437 8.105263157894445 7
1171 8.043932647248788 -3.478131999268209 7
1172 7.048193941681621 -4.053407670110484 7
1173 8.048358060263357 -4.636773952556791 7
1174 7.048826041651182 -5.211521498514891 7
1175 6.046598824371156 -4.631874159683345 7
1176 6.04679401432168 -5.789688750050743 7
1177 7.049592802993676 -6.368622760726021 7
1178 6.047026369230348 -6.947368421052871 7
1179 5.044221386398654 -6.368456896938476 7
1180 7.049759322368864 -7.526349407489633 7
1181 5.044253657913757 -7.526321763525026 7
1182 4.04148632518303 -6.947375390779147 7
1183 4.043347811773366 -8.084704879958982 7
1184 3.03903533594799 -7.522890571438937 7
1185 3.038777632812693 -6.367851344580351 7
1186 2.001734413310391 8.130012795687179 7
1187 1.026823972314201 7.531877103918642 7
1188 2.035961341176119 -6.947368421052812 7
1189 2.019060464878367 -8.075330275543553 7
1190 2.035969680279942 -5.789378732868815 7
1191 -0.9723374298646448 -4.052631578947587 7
1192 -2.977869944451529 0.5789473674511889 7
1193 6.047026369230366 2.315789473683868 7
1194 7.049792626243946 2.894736842104928 7
1195 -8.994467485973001 -1.736842105263218 7
1196 4.041493855203321 8.10526315789447 7
1197 0.05060889297411997 -8.070310258585556 7
1198 -1.959306568756313 -8.077901746694515 7
1199 -2.975237090871476 -7.521755554273749 7
1200 9.033905039858166 -1.745991161422797 7
1201 8.044951290721436 -6.951732000608576 7
1202 8.048788730956666 -8.110320382694253 7
1203 9.033708447236823 5.201036751221118 7
1204 1.048139212912769 8.653049574958533 7
1205 0.05203772912456017 8.066043652433166 7
1206 0.03296845883695099 6.941758722549675 7
1207 -0.968312674253907 7.518844255479376 7
1208 -0.9712433653146952 6.366240847215181 7
1209 -1.974250550184621 6.945759797817303 7
1210 -1.974290704827382 8.103749798356226 7
1211 -2.977797659828331 7.526180343184734 7
1212 -2.947984298698158 -8.841709508342291 7
1213 -3.980636200905362 -8.105263157894839 7
1214 5.007386532369857 -8.670394890797914 7
1215 -2.958638894166892 8.606668714327601 7
1216 -3.989016597420476 8.072458286860488 7
1217 -2.024133427336533 9.184415988919845 7
1218 7.040037940035283 8.702116102442726 7
1219 8.048436432657127 8.112571779119698 7
1220 8.06378015552388 9.268919437208194 7
1221 9.063306079746276 8.699572792128524 7
1222 7.039404030672561 -8.703643455033882 7
1223 8.063746630397265 -9.268920901066551 7
1224 9.06335920860845 -8.699197803367445 7
1225 5.980352298566885 9.259611279446084 7
1226 5.975887121279968 -9.259493480009723 7
1227 1.033196474013149 -6.368405227408104 7
1228 1.033741847392195 -7.515498854993139 7
1229 1.057843918303082 -8.633133241608874 7
1230 0.03042905879069657 -5.789471046673433 7
1231 -8.999614495720266 8.675295643926201 7
1232 -9.114049340641067 9.933364217468291 7
1233 -7.991701228959302 9.263157894736814 7
1234 -0.9821917863153633 8.656642594468607 7
1235 -7.991680012737843 -3.473647462952561 7
1236 8.045324344245749 -5.791266263471312 7
1237 9.033133361837372 -5.220339630272512 7
1238 -7.992706762137515 8.103521523341342 7
1239 -6.980783047920333 8.713011061204419 7
1240 -5.941948016289919 9.261551717238468 7
1241 -5.977444670214899 8.110819591024224 7
1242 -4.983402457918571 8.690403878901776 7
1243 -4.791223910171413 9.915995505841519 7
1244 6.046796038737099 -2.315944387794225 7
1245 -6.988921643806735 -2.894713757091054 7
1246 -7.991710911384 4.631562176916951 7
1247 -7.991703273779051 3.473680668794708 7
1248 -6.98893574383136 2.894735505160273 7
1249 -7.991701698410267 2.315788660571428 7
1250 2.035961341092559 2.315789473539152 7
1251 3.038727598173875 1.736842105235478 7
1252 2.035961341110253 1.157894736727748 7
1253 5.044260112216769 7.526315789473202 7
1254 -5.986166493576285 -2.31578562618267 7
1255 6.03292622857002 -8.105500356768694 7
1256 2.990670960113977 -8.838269220537263 7
1257 3.473684210526303 -9.997233742986435 7
1258 -3.980636273212215 2.315789348444639 7
1259 -0.8662447299170974 -8.539193283792081 7
1260 -4.983402087694373 -2.894736200857785 7
1261 7.048877929569969 4.052511457876514 7
1262 8.04964064977132 3.473647730609095 7
1263 8.045862257268574 2.317992677026428 7
1264 -0.9723374355834462 4.052631569041624 7
1265 -4.983402498742624 1.736842034554025 7
1266 4.041493855203182 -3.321787289678468e-13 7
1267 -9.997233742986451 -5.789473684210546 7
1268 -8.994467485972894 -6.368421052631588 7
1269 -8.994467485972905 -7.526315789473685 7
1270 -10.00154286742613 -8.097799535429072 7
1271 -8.99949479781918 -8.675502966772511 7
1272 -7.983967403020953 -8.103811897970859 7
1273 -8.005025197322642 -9.250191494654507 7
1274 -6.967529743997257 -8.716879880787861 7
1275 -5.919756880044105 -9.29350114637047 7
1276 -5.955127641487946 -8.135331486736197 7
1277 -4.957608044829247 -8.734442280710507 7
1278 -6.976115775382543 -7.532600963780457 7
1279 -9.115935664992822 -9.931541492148874 7
1280 -9.997233742986445 3.473684210526294 7
1281 3.508526676054942 10.00803611927275 7
1282 2.983707082174144 8.868071949007472 7
1283 -9.997233742986477 -4.631578947368446 7
1284 -3.473684210526323 -9.997233742986442 7
1285 -2.977869943974842 -0.5789473685652329 7
1286 9.997233742986428 2.3157894736842 7
1287 10.00442553498046 1.157174010419185 7
1288 9.025796728418108 0.5737821623901844 7
1289 -1.201662581397933 -10.09102571836018 7
1290 1.108484935741966 -9.83007455124547 7
1291 -0.97233742988589 -2.894736842142306 7
1292 0.03042882714072803 -3.473684210540745 7
1293 0.03042882591729779 4.631578945234647 7
1294 -9.997233742986458 1.157894736842085 7
1295 -8.99446748597293 0.5789473684210282 7
1296 1.11688006297241 9.862095457266648 7
1297 -1.9751037061292 4.631578914024212 7
1298 -2.977869967417417 1.736842064515169 7
1299 -3.980636223774678 1.157894697230891 7
1300 0.03042882692514048 -3.879385701566207e-10 7
1301 -5.986156269543539 -3.473662654480574 7
1302 -1.975103686888442 -3.473684210544259 7
1303 -3.980157686413516 -5.788644872798674 7
1304 -9.997253692636631 5.789439130402773 7
1305 -5.986168879156525 2.315789189239426 7
1306 4.041493855202976 -3.473684210526908 7
1307 4.041493855203088 -4.631578947368832 7
1308 -3.980636426668619 5.789473293176506 7
1309 -3.979235647987805 -6.944942592240878 7
1310 4.041493855200073 3.473684210520453 7
1311 -3.980636204825262 -6.789825590658438e-09 7
1312 2.035961341174364 -1.157894736845332 7
1313 -2.977332810507319 -6.367490710319388 7
1314 -5.986170007835208 3.473681971152661 7
1315 1.033195084063024 0.5789473682484161 7
1316 0.03042882605689456 1.157894734950279 7
1317 5.044260112216811 1.736842105262866 7
1318 6.04702636923037 1.157894736841818 7
1319 -5.984725946771908 6.948275026214993 7
1320 5.044188854740167 -4.052680781000156 7
1321 -6.988935206205974 1.736841699512688 7
1322 8.050337117286109 6.947549680933772 7
1323 4.041493855201438 2.315789473680747 7
1324 6.047026369230363 -3.473684210526584 7
1325 -5.986168788150463 1.157894610024471 7
1326 2.035961341146294 -5.188205420836312e-11 7
1327 5.044131798372991 -5.210625536542053 7
1328 2.035294717286352 5.790910058990413 7
1329 2.03596273102622 -4.631563122145855 7
1330 3.038727598171061 0.5789473683885547 7
1331 4.995966270214797 8.672550293441702 7
1332 5.044260112216381 6.368421052630417 7
1333 7.0461798523468 1.741533664357329 7
1334 0.03042886575432391 -4.631578507781787 7
1335 4.041493855201672 1.157894736839102 7
1336 -8.994499578342568 5.210470730174627 7
1337 1.033195084162683 6.368421052631351 7
1338 1.033196982337609 -5.210504702637937 7
1339 -8.994474789241908 4.052618929314367 7
1340 -8.994469122229511 2.894734008025686 7
1341 0.03103444297500246 5.788175366520321 7
1342 -7.991701228959474 -1.190159082398168e-13 7
1343 -8.994467836924173 1.736841497397755 7
1344 3.038737558785733 -5.210412901687143 7
1345 4.041493855203196 -5.789473684210762 7
1346 -8.994467485972985 -0.5789473684211224 7
1347 -0.972054154168827 5.209946554374376 7
1348 -7.991701404736462 1.157894432387273 7
1349 -9.997233742986516 -2.315789473684225 7
1350 -9.997233742986504 -1.157894736842135 7
1351 -8.994463949936057 -2.894730717509669 7
1352 -1.974731958691802 5.788745554740565 7
1353 -8.994451936477203 -4.052604646430714 7
1354 -8.99445347027098 -5.210502039881596 7
1355 -4.983402457918688 7.52631578947345 7
1356 -7.990954635029814 -5.789082309402918 7
1357 -2.977653804790044 6.368008928725416 7
1358 -7.988684073732204 -6.947707452557485 7
1359 -3.981985146705 6.941809189681713 7
1360 -4.978410074645872 -7.525423397644949 7
1361 -5.975030877029659 -6.938747780781977 7
1362 8.037578865863708 -0.02594615122443678 7
1363 9.033673794399419 -0.5919623382317027 7
1364 9.038572147166931 -7.537664308690466 7
1365 9.032583763393269 -4.057315716528763 7
1366 9.03828783038119 6.362473757995893 7
1367 10.01733059181138 -2.318755769223333 7
1368 10.01720197880792 -5.792550689470224 7
1369 8.038351704468528 1.153858637705568 7
1370 10.01391684558016 4.629997353273623 7
1371 9.041372896926219 7.535741457952344 7
1372 9.024896313122081 2.894736842105271 7
1373 9.032783791755321 -6.374928338440096 7
1374 9.032075239454247 -2.899808145119817 7
1375 9.022761046874027 1.735555633888474 7
1376 10.02766615368368 8.105263157894711 7
1377 9.024892729573857 4.052631578947059 7
1378 10.01581025172039 -1.16280385018325 7
1379 10.01673978863184 -4.635949476434918 7
1380 10.0276661536838 -8.105263157894738 7
1381 10.01809725811975 5.786637275327358 7
1382 -1.106053130544701 9.972151127021899 7
1383 10.04993914892142 9.223318462037966 7
1384 10.04994366668182 -9.223286575238587 7
1385 -3.896992500041387 9.142956446746876 7
1386 4.052631578947365 9.13979528334356 7
1387 4.058954540903553 -9.118511176241986 7
1388 -4.023804168114226 -9.121505850459933 7
1389 -1.652729638784674 -9.153496135345984 7
1390 -2.315789473684221 10.19465700420655 7
1391 1.909749850426074 -9.067550252152117 7
1392 5.789473684210481 10.20897420080724 7
1393 1.920444105760632 9.100470150383877 7
1394 5.789473684210481 -10.21079165001323 7
1395 -8.105263157894715 10.22435760085725 7
1396 -8.081099357477756 -10.2275316514052 7
1397 8.086971157407508 10.23401896633198 7
1398 8.086964452382173 -10.23416652715211 7
1399 0.1192156193824747 9.101256796594566 7
1400 0.1515092221002394 -9.053440498880857 7
1401 -5.804560200528304 -10.2422557829913 7
1402 -5.801697739660779 10.24149129949109 7
1403 -10.15236222281498 10.15236222281497 7
1404 10.15236222281496 -10.15236222281498 7
1405 10.15236222281497 10.15236222281497 7
1406 -10.15236222281498 -10.15236222281498 7
1407 -2.846609558117597 9.481265765193488 7
1408 -0.6594282036839125 -9.395157497522092 7
1409 0.695914695158777 -6.942112527855816 3.499999799834661
1410 -0.3038142761447 6.365530049432786 3.499999999999994
1411 6.381281788234925 2.894736842104876 3.500000000000004
1412 -3.312125362897034 -4.631578947369518 3.500000000000003
1413 -7.323190390950518 -1.157894736842301 3.499999999999996
1414 5.378515531221209 -1.157894736842538 3.500000000000007
1415 5.378515531221139 6.947368421051586 3.500000000000015
1416 1.701705922166172 -2.89473684210992 3.499999999999999
1417 -3.646380781929493 -0.5789473684990601 3.499999999999972
1418 2.704472179143368 3.473684210513611 3.500000000000007
1419 0.2895388869235777 0.4607888239491266 3.443133034479235
1420 -7.323193221195073 3.473680778249442 3.499999999999998
1421 -2.643614542160721 3.473684088943866 3.499999999999996
1422 5.378357708348123 -5.789464162786756 3.499994633303577
1423 -4.648496789574691 6.944583071158073 3.500000000000004
1424 -7.370458976483275 -4.713215591215927 3.500000002641037
1425 -5.587122612519658 -7.630204961169896 3.366263512442733
1426 -7.795646538558439 7.798116176532256 3.480432140907943
1427 7.840966023537502 -7.847295029517777 3.51604663903119
1428 -2.39682206451297 -7.675422572815557 3.14413779419445
1429 7.727450397323693 -3.473759736791149 3.709922061145422
1430 -1.269453357865467 -2.423001949337117 4.001498629624514
1431 7.994404894654667 5.444257236123304 3.966726393985531
1432 2.410261720625637 7.897620528097439 3.893912996542566
1433 8.023442849407163 0.3380314176606291 3.602806801160439
1434 3.205855307575603 0.6754385964207906 4.100811238581684
1435 -4.98340276992955 1.902255659145011 2.880947799677558
1436 7.941785405270813 8.116119426201294 2.881991819608895
1437 3.450700720622806 -8.045828114666559 2.957756407307048
1438 -2.267965187514323 8.217125868200906 2.776742434816975
1439 0.03042882375544442 3.242105264893373 4.228498876058802
1440 -8.246524130584616 -7.526821231718272 4.263795641928531
1441 -5.189098100432188 -2.746288798977226 2.751856868888229
1442 2.77741619960266 -5.310715451104376 4.26203488772623
1443 -0.7087844773494587 -4.747214812064599 2.679519673043412
1444 4.223793721418229 -3.473639179971598 2.701831387562915
1445 -4.983404562952356 4.436645796308779 4.356507918294529
1446 -8.350483729708239 1.15789239295015 2.648496678788473
1447 -1.975103666102946 1.157894665029993 4.420030364668731
1448 4.773242204887231 4.647226173534077 4.497678228281615
1449 3.232079408434015 5.833613847411629 2.539176230033234
1450 -2.587362358303936 5.820662589874391 4.516408901663128
1451 -6.66111070815902 5.729495395982022 2.485746435955306
1452 5.494572320634822 -8.14509404796738 4.496983413923338
1453 -8.49479405122992 5.538231657232348 4.490160714812851
1454 -6.683484606687077 1.050542869722593 4.539897441424946
1455 5.031196960597567 1.078420261683207 2.446013020728142
1456 8.500712162953372 -5.59295618158965 2.508199444273056
1457 3.132661290375176 -1.163765303098336 2.422379310709348
1458 0.4530394433940912 8.517615004707315 2.44136830663671
1459 1.79287259659192 5.536009635843042 4.541363250207787
1460 4.105617235740738 8.638987652419079 2.354032847364475
1461 8.572269163025627 3.528528787324778 2.449768226189464
1462 -1.468899637775994 -0.5956475285889341 2.392121443871503
1463 -5.324264385348656 -5.518885113784214 4.589322331891671
1464 -1.432372827537602 -6.007330997839328 4.634984652573145
1465 0.8551151132667707 4.560493203581749 2.365948491194208
1466 -8.57505307206416 -2.919225662957428 2.391848536806239
1467 1.890059463528163 -8.651357123472883 4.653729307764658
1468 -5.881895530119276 8.652447902963571 4.659202304224614
1469 6.250519437838718 5.012757491296615 2.366629107337202
1470 8.480169023735705 2.480358362602522 4.626849690232707
1471 -3.90804788876016 -8.684145788941331 4.670518930615172
1472 -0.9968326472561999 2.174543778108559 2.35106762595931
1473 7.460683975895153 -5.649888022478237 4.679459332034641
1474 5.523583188066427 -3.222419658335852 4.686259837509301
1475 8.413875759836632 -1.647333208846896 2.316233634222018
1476 5.920972025173495 0.8582580303755506 4.642362974989345
1477 -0.6925357171275249 -8.590609490230959 4.591068746897498
1478 0.5524980674680189 -4.600358441514877 4.68481531575129
1479 -3.801645925991473 -2.631853672336749 4.663343219840311
1480 3.435419297722411 -1.804689165582262 4.674000217483788
1481 -8.327264696992652 -2.896982194386848 4.737509930747658
1482 6.031345013230083 -8.683302846442222 2.275596315122762
1483 -3.645696943108715 5.209340787721069 2.260097018086101
1484 -3.531445399770962 8.61637873415545 4.719356718724018
1485 -5.896546407601654 8.54454051262694 2.308713967232684
1486 -2.898861678261163 -2.461575648851203 2.30845758956378
1487 1.583723313389728 -5.006025654826832 2.268628824218871
1488 8.71832646368569 -1.604191673241267 4.692754348614274
1489 -0.6780543316012662 8.504321654880769 4.593030872764855
1490 -8.715833521006729 -6.257096687566562 2.336229281309948
1491 4.433393406599702 8.722640956927767 4.729860805140914
1492 -5.386367878642638 -5.034884473334947 2.29955102478217
1493 -8.730300568267694 2.111898606743428 4.732292916040395
1494 2.072736976269337 1.591327239185936 2.286162993218232
1495 -5.581968387485896 -0.2512273728036812 2.268200953829774
1496 0.6009032031145762 -1.324283959996266 4.775005358005249
1497 -0.4322190918145178 -8.56801464864418 2.282140545695216
1498 0.705197050447212 -1.284141239450124 2.217789620382946
1499 4.586595755659232 3.461862018739571 2.213607582198927
1500 -5.452601868998456 -1.072815109908919 4.790798880088825
1501 -1.390418561436818 4.852212177030679 2.202548169229707
1502 -7.460518814212279 -8.670841719583045 2.329873297050915
1503 -6.101730484757057 -3.311384613757938 4.744984213317199
1504 -6.444063131960212 6.458679490366709 4.799273410721996
1505 -2.985127227048292 1.12746197219179 2.18545259458221
1506 -8.721692236270169 4.765763967160676 2.229012930182011
1507 4.365967380062103 2.463888464977044 4.788606899543396
1508 6.681847192425738 8.322364788496271 4.776174748933252
1509 6.269214521694995 -2.7323084526883 2.185573850982477
1510 -4.482452228769671 0.9833583112392665 4.84178110739143
1511 3.593968400153702 -5.963662996228777 2.176250754162975
1512 -5.435388605838026 3.93058690939737 2.151912263118522
1513 -8.618304658668004 -0.07258576039006293 4.898954858560094
1514 8.672747973985713 7.36370961167864 4.827476524345351
1515 -4.081942294972367 -8.793343375716203 2.195174023691394
1516 1.604610061943222 1.905017067777188 4.908665469762975
1517 -3.602584435443637 -6.233247027292563 2.079978456238602
1518 1.67734927061256 -8.91818164527988 2.126236301014608
1519 -3.485479006216226 -6.588184079067039 4.919883528885574
1520 3.766361550633174 6.528222222590751 4.88952247541312
1521 3.628977222259769 -7.170203153703552 4.907298448734869
1522 -6.553615567997067 -8.875505607171352 4.868249915781027
1523 6.662309002536596 -0.2396518682514848 2.068562229811451
1524 7.472253641588215 1.730877910607052 2.087704996826325
1525 6.708869363144707 -6.6697548170166 2.084036606354931
1526 8.447771367905791 6.228543772147612 2.042308057015884
1527 1.312360379386593 6.611965773039704 2.087551344308717
1528 -8.901371168151153 -0.8358022691525524 2.109965251988747
1529 -8.863176443371385 -5.527803665197776 4.85373640287773
1530 -2.195502929847927 -0.8333196259932067 4.962024720277523
1531 -2.033656963804934 -4.052631578957056 5.016992434108705
1532 -0.7082748337049996 -2.780935503639568 2.045777190525876
1533 -0.757429672867024 4.99416828892556 4.965174845927017
1534 6.738262889378378 -1.160976172629115 5.047188784281468
1535 8.885563063205689 -3.63015616297579 2.01271401574181
1536 6.059903452901931 8.945358592063968 2.917296484548457
1537 6.709040723031522 4.241063540073881 4.997288531092244
1538 -6.771121858772566 2.251970047772799 1.962080078392035
1539 -3.835700947307486 2.903513839867011 5.04999085959842
1540 -6.714786151628885 -6.571049729475743 2.021505902292609
1541 9.006407056710623 -4.37705092375016 4.99801670798076
1542 6.486118832866649 6.257175780093521 5.053850385793389
1543 -1.048412411442281 -6.644007973991208 2.017387979213549
1544 -6.145222071382962 2.933014812522434 5.055383259864985
1545 9.069159582076033 0.596108503722048 1.961591542389091
1546 8.976860966842864 -7.00323014201563 5.012142486630698
1547 -8.942497367387098 6.829971991976038 2.032799844758018
1548 6.808034557195559 -4.660049782435084 1.926830328337146
1549 0.8543630092704982 7.259679486620434 5.008469868191622
1550 6.602224560522935 6.98665339020148 1.919888393825768
1551 4.548916125254008 -4.915622670390216 5.090096556168743
1552 -6.773427973664389 -3.635107528518655 1.935423044714434
1553 -3.65070766384299 2.962077262099597 1.87934054628848
1554 -8.874460956685038 8.926076216854325 2.078906784966075
1555 2.619972702433624 -3.542891471052362 5.118934373175213
1556 3.72269020810799 -9.095135531262876 5.093391186753931
1557 1.482743962189981 9.093136633650596 5.109246583454693
1558 -1.686063562279962 2.960914602903314 5.13094862966553
1559 -3.957485221417409 9.002556812839892 2.010327358141388
1560 -9.062158991914366 7.402025874327115 4.992839737107567
1561 1.920982853470419 -6.974112321937058 1.962554296424876
1562 9.077799437401145 -7.438914632758366 1.998050226698097
1563 -1.308803544921384 6.77473935020643 1.878091111484837
1564 -9.123526633065005 9.122058603974949 4.053546896238777
1565 9.074319187737363 4.27239891033239 5.073125532232778
1566 8.582360340868407 -9.01705807569626 5.030463434207279
1567 -6.586366788553736 -6.926674161554483 5.130761725439239
1568 1.598111314574079 -6.547848627770628 5.161703611827699
1569 -2.382312572960359 -4.263275957319111 1.849818963917959
1570 -3.58106777787929 7.107702212979289 1.886561057841405
1571 -0.3445799423830777 0.0177824118002182 5.011225476509142
1572 2.24987073312177 9.133377573191016 1.937118747330699
1573 2.517640064760327 -3.39409159655417 1.846679188411756
1574 4.476374661789471 -0.2788655117008749 5.160981429202558
1575 -8.573107900386814 2.891603531304455 1.867530277710815
1576 -4.483795290742032 6.075871297835206 5.186200847248665
1577 9.127375951138193 9.127380010653381 4.078391666107542
1578 -6.947969385051205 4.658481670507835 5.175279410786572
1579 1.568116543552732 3.774560652527496 5.192350479516826
1580 -6.635167346022495 -1.75743123259782 1.851034896396971
1581 -9.131234719181215 3.897860064104378 5.136829837027442
1582 9.146649144618713 0.7486737152914005 5.09755465908066
1583 -9.2004448860366 -8.639893483667297 3.069471182305872
1584 2.218952165332676 -0.4792917439760734 5.19786324935704
1585 5.705472255910135 -6.381019311092321 5.247207193210794
1586 0.6971592014311726 2.774654433323202 1.835319445776154
1587 -2.223153266389827 -9.088354680081501 1.871105754338922
1588 9.150009349802085 -9.151353679215282 2.920667053578062
1589 -9.207565188839087 -1.504428624172506 3.837302094856687
1590 4.746922256481731 6.947368421051756 1.746474315548739
1591 4.9368444491085 -7.226089985258799 1.845246345363971
1592 -2.121898845209425 7.491625434795036 5.216850481518454
1593 2.603530541576603 4.239982906881473 1.80327227258391
1594 -9.189836462322685 -4.576434317966967 3.038215087279232
1595 -7.683100586749662 8.646580756415583 5.135256195752932
1596 -0.2224843396673379 0.6080136301216854 1.747039642367908
1597 6.706914338720455 2.413053820288318 5.251646994588485
1598 4.798596282752202 -0.6430958997136924 1.826694060897141
1599 6.63361288163876 3.331787116209827 1.734352200125535
1600 6.76507236340411 -9.24712731425363 5.257481155243268
1601 -5.403185730283798 6.858335147603876 1.74752210620372
1602 -4.008946535047881 -4.381767898967625 5.180748818437342
1603 -0.04639917269956113 -2.967312996721985 5.245651597744725
1604 -8.398094152207889 -9.192345845026864 5.149642835379732
1605 -7.300607653137701 -1.066924326664775e-13 1.703828701021121
1606 -4.333017372620922 -1.478433725341411 1.759926052718712
1607 4.996460554170172 -4.857194394896381 1.792120410722976
1608 -7.190669470558289 7.347838181032031 1.811503975043368
1609 -7.323222973075077 -4.631307678413549 5.312547346947261
1610 7.204877124780319 -7.427523731486001 5.17952212758822
1611 -4.138790144467712 -3.839195785854721 1.764571667845836
1612 -7.183007738593798 -1.157894736842393 5.300456159733452
1613 1.78950429934521 -0.5271915333089272 3.44575653279875
1614 3.449230212938319 0.5523242636364898 1.756563482732425
1615 4.321899731134976 -9.213535110403171 1.824470766959192
1616 3.15522265055198 4.624892156740375 5.293775171900248
1617 -2.305745781531013 -7.964969967717351 5.201682264658179
1618 -5.776536159392092 -9.241643767066709 2.592855631410356
1619 3.636953871487026 2.029797448041731 3.02295909479467
1620 0.6093040349476615 -9.266612123360368 3.561978281673868
1621 7.794588795350026 -8.736418249819653 1.743563707897292
1622 -7.177245097902071 3.998319019999298 1.773066936750737
1623 9.159755699771235 9.159755669846785 1.841447585832099
1624 -0.1101210709071504 -7.036710750559802 5.229708390642607
1625 -5.069668744875629 -7.167519456325036 1.734473503430011
1626 7.004669551048846 -4.028684567161073 5.229151227569734
1627 -1.10950424827323 9.243450816047428 1.754776941167146
1628 9.332416183155294 1.498844101304502 3.445324153761384
1629 4.623743306194683 5.147479566946058 1.708056968051821
1630 -3.434202485378622 1.831710685620766 3.724602508864259
1631 -9.062887765845986 3.301301671819717 3.494963884507125
1632 7.094873247516714 -1.84850852970784 3.465602305441609
1633 -0.2938224309347108 1.924210364450275 5.328571622992055
1634 2.88702862185681 7.436530730983451 1.791819384231216
1635 -3.877118774445839 -0.5725301950481033 5.353591525675978
1636 0.7941106575616703 -3.576206386412547 1.659682188009678
1637 -2.365459470788932 -9.263264234152736 3.970462150710098
1638 -3.538247698246048 4.599254199439869 5.315444653972325
1639 1.811629796031643 -0.03489268095621231 1.725110436548975
1640 9.344929772686895 5.021322054011524 2.937097927790849
1641 4.54254039943302 -9.273145573341219 3.558597857021641
1642 9.263218218512074 -2.687203400948837 3.43445647824078
1643 0.05292429244492358 -3.429340476410013 3.508593092587579
1644 -7.16916634419724 -2.884072874804785 3.447222606569155
1645 5.762141919612329 -4.115079988645037 3.209218669980894
1646 -7.608367688461631 -5.125771039627553 1.620834502372944
1647 7.456831088857813 0.3998166179657586 5.318291638219178
1648 -2.216404482027574 -5.918002964068632 3.083864106472334
1649 7.327523589364293 9.3241115018128 1.67816454930439
1650 9.363828044793282 2.254985587916272 1.60116008755794
1651 -6.936463046118027 9.287070503283511 3.458874218145393
1652 -2.048341676184362 9.293988847633814 5.279543821915826
1653 9.302786777287402 7.122474813912174 3.241902001403467
1654 2.405663848878194 -6.886601818970908 3.681088260730278
1655 -4.944221938747348 -7.441779330738622 5.275270815033187
1656 7.074600503467261 6.816849349840915 3.558003249011674
1657 4.709613413660185 -2.316467189748491 1.559789495053906
1658 -4.906102879344455 -4.089152014191005 3.761918628880836
1659 -2.013371582354074 3.360410736743612 1.691328536203971
1660 0.5065663311235188 -6.121825213838164 1.590079693484561
1661 6.95624192440799 -9.302393088767493 3.565473472462591
1662 9.397229202001448 -0.5551506926099837 3.163634759012114
1663 5.19836651344042 7.328798634868105 5.321964035293178
1664 1.506247485489295 9.397819799670684 3.439718031295776
1665 -8.759087187034677 -7.811106689121993 1.656037581580799
1666 -4.548623634553706 0.8996072106991169 1.597103160551767
1667 -2.986223233567453 -0.4754013390157695 1.678046803511529
1668 -0.6742896304991348 6.634006792196049 5.359412882275192
1669 -7.167993384066416 -6.385365337899059 3.63907962351144
1670 -0.7273396830701999 -0.8426536419485668 3.874235081016105
1671 -4.668085269749202 9.29849951681868 3.579809151817427
1672 -2.537120932566076 6.286033274888468 2.907576191842014
1673 7.747127365122219 4.753319173411167 1.649391897820204
1674 -2.303519105597051 -2.445965155921627 5.370727552291995
1675 1.311346359839309 2.563438184243416 3.40576648211797
1676 -3.973471188884573 -7.170312028999266 3.422703326558628
1677 -9.355353551946928 -4.031756224214451 5.37947234049441
1678 -7.267210247141159 9.416290471659567 1.791522020649961
1679 9.34446078743119 -5.69961262599963 3.982073161092792
1680 -5.113705733481424 5.419597133649019 3.018262521137616
1681 -9.406184600942829 0.1113861400974114 3.428222969032122
1682 -6.270735732599645 7.185237481934806 3.198934160799966
1683 7.466728436701223 9.431255947530421 3.800156557811829
1684 -9.392616274973713 0.5943825624823865 1.559253901163438
1685 -4.738588265873047 7.697681512873032 5.37474976444548
1686 -6.59024930012906 0.8993174829259559 2.895877895595319
1687 -4.28245085161058 3.318027900565198 3.363535773029134
1688 -1.886957745208848 -3.811581569628423 3.357893398109508
1689 3.77485996877542 7.25330346808827 3.204418086614434
1690 8.633761464469698 5.826483559677739 5.448341553857278
1691 5.221567534177831 -1.741597069050007 5.356344820521102
1692 -9.444409385499082 7.633381702343016 3.394959562783845
1693 -0.02979317254940617 5.756090810044215 1.649549680666716
1694 -9.399354559811536 -1.867637681816815 5.420601446012821
1695 1.9230815252224 -2.081798846801966 5.380874301047855
1696 3.094458189339059 2.687394011438601 1.624057626654331
1697 2.443496030282185 7.342731874299601 5.448554409828981
1698 0.5618574564970151 -9.394035634085489 5.393985952219297
1699 2.941174482338489 2.834198189335707 5.459189217939123
1700 6.447272093790215 -7.010603305740365 3.778299651163123
1701 8.255595566864802 -2.987401765776386 5.447249173295585
1702 7.849828745404468 3.809869809477651 3.897472510868337
1703 -7.709410092402526 3.167026821106402 5.429188152443333
1704 9.471874123579395 -7.670587989291143 3.57461268606975
1705 -0.9085902269806722 -7.239107105133324 3.68377731104277
1706 -9.365763047702268 -7.034011054304551 5.428087518047149
1707 -9.403751380527909 -9.3663793751284 1.56139032499245
1708 -2.47629954907215 -7.300354403524874 1.550072896644909
1709 0.485553652220224 4.777602904790752 3.936449160455339
1710 -9.466615264281556 -6.570408867844223 3.75175027763742
1711 -0.4373221036240402 3.649650013175485 2.72941471523959
1712 -1.299709407163763 9.391002023197725 3.370276003014456
1713 3.030872284032408 -4.56122241555309 2.847426468222613
1714 6.494660105871166 0.9707411189407847 3.131788163148103
1715 9.409678891938185 7.525131383253332 1.623117635593463
1716 5.383135311357725 3.48168590444159 5.525819243125765
1717 -5.452787769676466 0.209180984544888 3.80993512196996
1718 3.270960149669376 9.344313233555491 3.656347127804693
1719 4.007321577773259 -3.618044344761627 4.295693689802525
1720 8.033849838883871 9.122006939709003 5.338390490892361
1721 -7.595878445678137 -9.448916380737286 3.754946554187937
1722 5.425384195262781 2.302471987457275 1.482013687495088
1723 -0.8506877310738177 -1.587887757050083 5.40668867735626
1724 2.017920614883209 -1.904393117398577 1.545902698842018
1725 -9.420383366529327 5.837226681136502 3.206989977055049
1726 9.504369584797935 4.385672872279728 1.488872551681381
1727 3.489198817669296 1.349714731880617 5.517101969809294
1728 -9.32870227905549 -4.631621961980516 1.449231795436846
1729 3.874025094159349 4.517058831848739 3.181466525380151
1730 -2.737740471661515 -1.856247618488345 3.770644063102717
1731 -3.170899229365046 7.223440765211748 4.031445946229169
1732 -1.160113330127256 0.7879647462813149 3.108065844240244
1733 5.469015832911225 8.378805740891064 1.520360955331876
1734 -1.101755911014015 -9.601451136978712 5.598133319701954
1735 -3.12616247876643 1.542362368194414 5.436186613882597
1736 2.625343057739152 -9.410386617844527 3.385197386953962
1737 -6.390665499928291 4.740282760993288 3.693983046999988
1738 -1.728931948082866 4.740637823744547 3.743321022268916
1739 4.264577375508343 -0.07784154067292615 3.202006577239868
1740 4.586258583038768 -7.162357793785834 3.636672737818994
1741 1.02558826434281 0.5292850582288834 5.422284761858903
1742 0.9779755197616737 7.391258956807119 3.430493139522687
1743 6.118747171417918 5.227164531409148 3.920968727108182
1744 1.835267675226626 -5.027250484777707 5.49019219534321
1745 -5.226883468560197 -9.502881220509948 4.122453014472222
1746 7.67924137725574 -2.763294092275042 1.469946248293375
1747 -6.309547164991899 2.280138900373582 3.635158403549625
1748 -0.7806981502773818 7.836370987802463 3.16177489683259
1749 -2.782359315488246 -9.477540929942972 5.518200982891526
1750 0.5601703247415366 5.663774357587393 5.518424287199878
1751 -3.563292013769462 4.721462179440579 3.750253975756335
1752 -0.773064484266953 -4.8630298871519 5.482684974954459
1753 -5.791223857299081 -1.40948506493151 3.300106002971441
1754 6.912078166674998 -5.578769575083887 3.203450145237241
1755 -5.30783598289396 2.523199258049714 1.483433877877421
1756 -5.089611738499978 -2.406850072322154 5.519223243034048
1757 5.073007487926297 5.780694136297401 5.539295500640511
1758 -5.553844145893949 5.327443129964726 1.453798447397846
1759 0.6015748369476719 -7.685268511475577 1.498712938878998
1760 9.476422869996767 -4.254988995834723 3.343907338077455
1761 3.18543289216151 -2.464337679932385 3.282460311085864
1762 1.335243913158081 -5.536127285132395 3.713790822925513
1763 -1.770859052530263 -1.805108198002032 1.457640953606278
1764 -2.605037037279338 -5.429078310678764 5.495560341796221
1765 -7.84547011022311 6.551775762444957 5.491843706146876
1766 -5.715336370511125 0.2912906812878608 5.494436940047454
1767 -2.599084966719838 9.506998465259297 1.513553637055516
1768 -1.741845128525845 0.5893687022443957 1.426218623854216
1769 2.153503384947338 4.894939925310068 3.164827781888729
1770 -7.920526860083114 6.26325163002924 3.234615729001253
1771 3.069814222400246 9.435704650050827 5.273200101214489
1772 5.736898855284528 9.482132151264896 4.343145173791865
1773 -9.555229273429886 -8.321875553488885 4.566661049107134
1774 3.373124776866927 -5.789120546328508 5.605994700884042
1775 0.08119619458361041 7.346009809869084 1.496181560757239
1776 9.487528550664052 -0.847735837984132 1.479610129599518
1777 9.355600182733911 3.449210754498731 3.787531564847954
1778 -2.426520148060841 5.731007312523837 1.473189555184792
1779 -4.712672825735417 9.482099311209323 5.432094136784345
1780 -2.230743076157232 -5.770968353220821 1.527783539339978
1781 -4.43244477963839 -5.691296606476828 3.331810095540945
1782 5.217892126671113 -9.276459978411783 5.559736804596701
1783 -0.1948293079788913 -5.712780351100109 3.765105620787881
1784 -9.452656634692305 -2.101129957363837 1.425208364903779
1785 -9.470643536264893 6.035036838950742 5.573463569058331
1786 -6.215637696919703 -8.196634356703822 1.530224369997161
1787 9.486959865856441 8.535784486055384 5.492478976179084
1788 4.62349854912463 1.230329568449331 3.915845578001602
1789 2.896670385441805 -8.13240248017015 1.465805814219505
1790 -9.570594212674521 1.667699367609103 3.487599928590862
1791 -7.867995505726358 5.844335560323806 1.534823215220249
1792 9.505606953337026 -6.04203147131724 1.430367957678118
1793 -1.12259602764451 2.302859051986462 3.870195588060895
1794 -9.395360086054314 1.04247575354375 5.599269847480099
1795 4.940691256676107 3.35996912860771 3.6947970602168
1796 -7.592675476409316 1.624655907213247 5.611592344709338
1797 3.373016705064635 -4.631520598265755 1.36666925633855
1798 9.472670593614458 5.91796824541712 4.171185761786043
1799 6.602572150603683 -2.592498822605448 5.568596019927063
1800 9.588481350554719 -2.430658834956445 1.437661756302682
1801 4.261676486028072 -2.894736842105765 5.610090449543476
1802 -2.044653448286861 4.390338089249393 5.501336822155233
1803 -0.9738174410466667 -9.47794252971843 3.381423591004647
1804 1.797765748832347 1.044787869691181 3.67424713020007
1805 -7.711602910919053 0.2928739479229494 3.719676503987817
1806 -9.538388556616727 9.526207989830347 5.515964071008957
1807 8.041143300738234 -0.3977846752121604 1.461415307646599
1808 -3.092113313026308 9.414192450705276 3.417909636587567
1809 -5.556670507212059 5.087142984206068 5.601097788993508
1810 -3.759526855925851 -9.584677924342149 3.453622277045138
1811 -5.462103595713062 -4.381391623489598 5.602693638054362
1812 6.001328103657331 -5.013991918764428 4.650283121686255
1813 7.899794260106027 7.626155045865894 1.43907826681303
1814 9.541507923817655 -9.541980283596359 1.460262278093527
1815 6.680548950873153 -0.4123333128068136 3.728297060043139
1816 -9.593915248432406 3.881200397627684 1.386934324132666
1817 -6.0502837722849 0.9508572926120472 1.490627881562094
1818 -3.778345843403177 -3.215720705493593 3.273409499820991
1819 0.1176606714590654 3.926703158506658 5.566721384615345
1820 2.946839434327011 -9.624203840690811 1.992823659348895
1821 2.184456763122245 6.477084040426042 3.422246823912528
1822 -2.210483162620283 -0.1549766767660979 3.621864124906378
1823 9.417483221087243 -5.691637118895884 5.61756802269826
1824 4.29758367976743 5.898723071644828 3.62276451475921
1825 0.2068639100860602 -1.940329535076735 3.468214516410005
1826 -7.57572940809646 -7.98948987206111 5.530291545689145
1827 -9.445259711759386 -3.165737062446072 3.672136040544405
1828 7.370635073813816 1.551477007008401 4.210174822827664
1829 -7.964167286827927 -6.503924486800315 5.56263406671399
1830 -4.98478172645621 2.289166162280044 4.322333629755829
1831 -6.998453976389191 -8.075174268763863 3.630365580531893
1832 1.675887893976256 5.33979713366049 1.383381490403514
1833 6.278163283414262 1.075835142974545 1.473696457113245
1834 0.8984086709358758 9.535492275148677 1.441877427573276
1835 -5.448907127849621 -3.246353839469628 1.371792438970058
1836 0.4318407836123493 -9.554366506984445 1.445603840997344
1837 6.009952331566358 -1.445033004818681 1.468082432430005
1838 -5.187120204365216 -8.915335974657708 5.515807236146375
1839 5.301837497260371 -2.642415317046827 3.324282896812585
1840 1.44257005540037 7.965844249905474 1.464159455233695
1841 -1.635373638687843 6.886307401038036 3.938719884101037
1842 9.561625822667985 -0.6564898661350208 5.558935874494618
1843 8.044053577005101 -6.52209899885201 1.432445372865871
1844 -0.4165024870380145 -0.8127701273184826 1.370764099179582
1845 -0.2575780413631651 4.311461916101978 1.416915436607829
1846 0.3176578200499556 9.576609965998657 4.318345248546348
1847 -7.126038985301212 -2.614465017440924 5.553743937556336
1848 1.222407105361534 -3.643458768933806 5.591626039261257
1849 7.885976848456035 3.504001039704908 5.524104463119659
1850 0.9654093405901818 -7.984630065281713 5.597831107246482
1851 -5.48268217133201 1.741308953420801 5.613774122249259
1852 -2.332382410745155 7.72200489693319 1.383929954786742
1853 -6.600434502162528 7.721643784673848 5.574652229737226
1854 9.621614565532804 2.916118949446224 5.57402674589275
1855 -7.763472946438632 2.079454625920816 3.628476472081979
1856 -4.414450398841528 -1.827669412018915 3.59729347770285
1857 4.196159796294232 -4.931399924827944 3.663268423267381
1858 -4.13697240278649 0.7082611590284632 2.993009695036246
1859 7.396700215322476 7.30180725841307 5.577405687582241
1860 -4.97992514042726 3.644701944708584 5.591102259628089
1861 -8.019086167332203 -1.736842105263238 1.352231506632296
1862 -9.646536871360347 4.578759740956725 3.937246972545819
1863 -5.802446216897859 -6.192826165053074 3.116639272337981
1864 0.4587635443456241 -5.739278309671077 5.600540369239457
1865 -3.454710707976029 7.027825014852981 5.630035398104363
1866 -4.229352234691504 4.204765493383713 1.374683244563847
1867 -4.314891619910202 -5.210526315790067 1.297302247860502
1868 1.61617023850483 -8.0756043023953 3.329216496959889
1869 4.945319281819899 1.389790512926107 5.587008256364733
1870 -0.5496984637981259 -4.075952592444288 1.395130526625175
1871 4.682129923001189 9.571335765720832 3.328191696527733
1872 4.624458099709765 -7.940112425356738 5.658267534443271
1873 1.827930017349193 -4.218978832432205 4.093516562288556
1874 2.437337519292977 -7.678327079495551 5.632144260385955
1875 1.060311785379198 1.157894736324398 1.334877342613733
1876 -9.694166272016764 -6.368428151746235 1.28422223839181
1877 5.425785643327512 -3.555574754202612 1.310621529384532
1878 -0.8070412393246066 -4.439674805673456 4.095472192010924
1879 8.011333154687264 2.439825124858777 3.244687686852066
1880 -3.200461607381937 0.3964862213446931 4.520264438109727
1881 -7.958580877675944 1.681710184887739 1.353036999867605
1882 8.128309655627637 -6.42543027806944 3.643453362439022
1883 6.641771777810257 9.611197574541047 5.51484079348555
1884 -0.9911085657647778 -9.612390485710067 1.381500621818918
1885 -2.221300285428204 0.4374115449993911 5.646493683543525
1886 -9.40395549079275 5.659159311735207 1.315192336088373
1887 -7.859654717657276 4.820441836203244 3.397736882510636
1888 3.931310049117435 9.662445944530505 1.344806615022414
1889 2.616234207254046 5.918553274228215 5.675002485877513
1890 8.197527102257279 -4.848197966812378 3.717964403439571
1891 -2.337911580996577 2.214090275485923 2.873300209278125
1892 -3.896268656837124 8.140283661310082 3.174143183113309
1893 -6.683917662835113 -9.602779283066385 1.476779476599995
1894 -7.190859568767976 0.2444281697672567 5.616586491578791
1895 -7.77526895444494 -7.302158721634069 2.683552414437264
1896 7.942886350881733 2.894365213747084 1.318210637942834
1897 -2.14361343589673 1.96582985295762 1.381027886630496
1898 9.612114897744329 -9.613058450222725 4.20992389336041
1899 4.120089506992026 1.736842105258488 1.308604184170181
1900 -9.517339629587827 1.989095762054478 1.300309849544551
1901 5.630055289622016 -6.068905557523475 1.347452504015909
1902 5.834980392270081 -0.2001389202395643 5.600074597163138
1903 5.768879792835864 5.947580948106918 1.395326696820468
1904 2.418276693554106 -5.761759224843727 1.381311864683117
1905 -4.533023561140203 -5.984365223328092 5.691211698224634
1906 -6.653501836528006 9.650423994086013 5.397637155702275
1907 -8.497622991893206 -4.234562090912365 4.247454555282739
1908 -6.215753103162751 -3.922011068859232 3.218177588800208
1909 8.151983355972705 -4.715561382561999 1.428131281169261
1910 -6.318101063570793 -5.60599544954127 5.618076275686
1911 9.690325610842642 -2.890118339047705 5.697291934839388
1912 -6.525028400370627 -2.006005429722545 4.36475052011333
1913 -8.079123004026943 -3.800110028490778 1.385675913638491
1914 0.3136173591938916 8.437794677061598 5.634233368639382
1915 -0.6212478151035536 9.605902100091589 5.604286624659249
1916 7.885338553272351 1.719096175195852 5.689025453744115
1917 2.820087343369073 2.040267506703501 4.185437449536954
1918 3.149618385772491 -0.713832225833007 3.810296773551155
1919 5.616311001444598 4.219705111130788 1.290430873810962
1920 -4.583232820108471 7.935627163999114 1.302486612277915
1921 0.2992528130876249 1.79619316938241 2.778868049028128
1922 -9.665241720469757 -9.656873246706709 5.669193063858904
1923 -8.419676146516524 -9.703143753876859 2.533683855109776
1924 -5.674908839714709 3.536651304573394 3.489873990288237
1925 5.56808428283338 8.678107428440503 5.589850257101923
1926 3.324191206255979 -2.377979579722282 1.284658669878094
1927 -1.303353736919969 -8.059540778530193 1.277678985044873
1928 3.747420965360007 3.680292198492737 4.428256872240377
1929 -9.544011644383312 2.688677946781119 5.722754032460276
1930 5.644394433435319 -4.170937144369826 5.726425052127743
1931 -4.335706435690168 6.029753818035232 1.343546634480013
1932 6.735870006900044 -7.879521340275422 1.339754891242566
1933 -2.024840204494942 8.428294348648233 4.157253932678364
1934 -1.445941963924028 -6.952133367058153 5.687936971548557
1935 5.744558233432393 -9.520875668782688 4.267058465218877
1936 9.633449649707487 -6.407380317149749 2.791384420086858
1937 -1.615749120143777 1.701480699241536 5.750905954236671
1938 -9.294539881444118 -9.690898401416835 4.094823703479509
1939 -9.440919136648422 7.912374281882555 1.279912704482776
1940 9.680985702893208 -9.680451567780944 5.618185539737822
1941 -3.816761286142073 -7.691710167929513 1.356363076320915
1942 6.809727438574537 -9.744383233524378 1.770708832321873
1943 9.671825638118266 8.457987811897677 2.957643670372338
1944 -9.632557608482983 -0.5262571435741902 5.75324378117189
1945 -1.734470107294257 5.748811109768435 5.622661343444761
1946 4.336051856346218 -1.775459973995571 2.796845237778777
1947 2.487290521080181 -9.334919843169542 5.7375946466343
1948 7.343626892721049 5.314521874731897 5.634673026252444
1949 -5.169961895088119 9.237684328392012 1.293176105232007
1950 7.980251264118881 -0.8646235815628638 5.629835683155187
1951 2.185840285348078 -1.713798189997803 4.061747428557598
1952 -9.730994857025197 9.706948703442979 1.284628007729777
1953 3.103430348826308 5.339362793121499 4.091505166820808
1954 -0.7042062636149242 -5.465044283184997 1.348678056264787
1955 -2.853446535772476 4.412901625107527 1.338823081664651
1956 -9.734251872513346 -3.379506800913158 1.826831739008701
1957 3.809383128766837 7.772439334762693 5.616570111362574
1958 1.960586173585686 3.114352758459475 2.306421112206984
1959 9.544605856919253 -4.648523169444614 1.316302957257317
1960 0.6675118234929989 -2.261354855203931 1.232335002661086
1961 -6.270862362383602 -5.210538664412901 1.236089895565487
1962 -6.614662441295755 -0.3219187888515502 4.35051971081998
1963 0.4360273990446757 1.796421987934268 4.157712964699056
1964 -8.369967163894469 -5.683446663265785 3.55899133493977
1965 7.373771150953813 5.724107588540027 2.75913662201281
1966 8.542790644192525 9.725279823201605 2.959642622869499
1967 -5.104918389987812 -9.330771497776775 1.292260459502796
1968 3.600035576987428 -6.184035420480405 3.55050493652841
1969 0.9573816718262846 5.860605021872004 3.202644212885108
1970 3.635724559184788 6.244555384196692 1.261722233081534
1971 -8.239709682030753 9.627020222359153 3.102154136578612
1972 -3.141905718882323 -3.47368421052992 5.756641502093383
1973 9.590905509885316 6.199191807982658 1.256194854407547
1974 7.98194442639986 -6.371478817336543 5.74239413618329
1975 -7.430949555814135 -7.543178610399782 1.321886394014881
1976 0.782262267254924 2.721918241887824 5.655301217309786
1977 -8.474378413700347 4.953455176298399 5.743925440814682
1978 -0.563200107047416 2.971590068775332 1.313773178727099
1979 4.769127420709586 8.195010362378246 3.490122739771945
1980 0.5571700716431366 -8.080910923168496 4.277162775575705
1981 -1.734220336320495 -1.871658562657541 2.830640015115698
1982 -3.582054482396651 -1.848258524321622 5.770732154550392
1983 2.675823482295649 0.3537737982205486 2.874687462506837
1984 8.260278719047404 -9.65059443535182 3.848596347109689
1985 3.835759761661018 4.052631578942275 1.227705254123618
1986 3.404881991106595 -0.9233042302651474 5.724119349359367
1987 3.671871607750459 -4.120644882406432 5.782332760249965
1988 1.368189977117406 3.849220005537554 1.313061086872035
1989 9.37125386831373 -8.119305440417074 5.762065938150134
1990 5.230314160508681 9.659118951235865 2.040399526113296
1991 5.651199656145683 2.180470314852748 4.411627511129044
1992 -9.669080657925395 -7.392847335955589 2.635747247418453
1993 5.310034336140259 2.356456125237817 2.843114622633998
1994 -3.60954959429003 -7.759962747227252 5.687956726470947
1995 9.769197167700481 6.646611600691337 5.335531578948004
1996 -3.34587854344001 9.592407309996426 5.700634443486049
1997 7.323550875655448 6.005950027361477 1.292193175449922
1998 -3.388741753142704 -9.64566135487404 1.319996448044985
1999 -1.792166674544877 -3.159349009326285 1.312691839773592
2000 7.2039502148622 4.093461377860857 2.721639027603184
2001 -9.667673022925982 9.66753181166751 2.918021234968391
2002 3.689257053897053 -7.026587933397031 1.3198423025314
2003 -9.784487155805611 -4.702793923652372 4.265409699204164
2004 5.961171337876734 -7.644307714116552 5.711851509830433
2005 8.179213561643229 -1.021318983083663 3.578159249707678
2006 -6.319656887409546 -4.609293032317535 4.39057365305836
2007 0.5774085486928131 -4.605114063555735 3.08382938766321
2008 -0.2500157226837723 5.167784669187645 2.865680649438419
2009 4.523111686576208 -6.187015265170507 4.591062359476417
2010 5.255556745998012 5.892852935622113 2.652119323788586
2011 9.712510679567133 1.904770368697343 4.6792247558775
2012 5.229503894002305 4.563937140165356 3.139524346449607
2013 3.581249137972745 -0.6905527103443055 1.235623450870385
2014 -4.110968069956106 -9.735283808910024 5.770737471450099
2015 -0.1686194021142182 -0.3635360335509812 2.687947279742702
2016 -4.488544419303162 -8.432303606129508 3.462581540526233
2017 -8.216835011977697 9.73874272673139 5.73797956420612
2018 -3.618893866281789 1.795863855886439 1.195048615214099
2019 -5.558731735783301 -1.173225643791124 1.281283940687488
2020 6.62852501768606 -5.517571547307512 5.74499385632288
2021 1.448742050222363 3.833533372566324 3.847276948541144
2022 4.874403003755006 -8.194618587631229 2.798635080720306
2023 -3.782376232174274 -2.622411216619289 1.300027907886848
2024 -5.33798038397045 8.116075380531083 3.534293967929318
2025 -5.435930765504257 5.709415131095712 4.298968978622121
2026 -2.339509156344575 -6.957039667778836 4.293856306521617
2027 0.5840804018311279 -4.830260594216788 1.212661998214035
2028 -6.507533833412833 6.260410005490384 1.255349307850363
2029 -9.662089688874143 -2.188193916500745 2.76033088544617
2030 -2.616492277568534 -3.109615456632015 4.243437841784189
2031 -2.04477616186415 -4.97015669935843 4.029156102201359
2032 2.312005313649841 0.7430092494131917 5.750914648706823
2033 -3.821650232696529 6.015732565384658 4.015622902941089
2034 4.078790429865082 -3.487479377279189 1.365519042598603
2035 9.73678143954219 -1.727945962086057 2.583082040370818
2036 7.952320986777604 -4.881307282584308 5.675241353925677
2037 6.038430177510788 -2.036114657597753 4.28938936925371
2038 3.110584739868264 -8.232508114170381 4.252267722346702
2039 -5.533928438642786 6.685884920494056 5.761523113807783
2040 -1.269287092354596 -3.217076188798235 5.73357735826736
2041 2.476308166334267 -5.787078057779095 2.906606155940377
2042 -9.779187077406787 6.470512913542247 4.338471911392517
2043 -0.02129854020574744 9.649829289001648 3.010472052114801
2044 4.383703081010133 4.343514187254332 5.740068611503807
2045 -3.062246202905248 5.758430758929427 5.782861109882989
2046 -2.579523995697836 4.561952049278945 2.731890876480708
2047 0.3747494859842233 -0.5556668630468193 5.839278884901612
2048 -7.931321029951636 8.351393866231119 1.317096759329036
2049 -7.968341312932062 4.105863801905842 4.518319994664432
2050 -6.666477866802606 -5.340615154236608 2.548684700143998
2051 1.67663803501599 4.9757151416476 5.762314596813545
2052 -2.79659303165845 3.327393337309958 5.758492568900278
2053 -7.99389694188413 -6.337795341989491 1.216762970855571
2054 0.8809315040003142 -2.564782464297016 2.512468037287451
2055 5.641860359932561 -0.01370596254230372 2.884233579310391
2056 -1.0407028425258 8.017582549788484 1.23455820183931
2057 -8.387646387820622 9.781075853761372 1.203733877445932
2058 -8.18717536504235 -9.765121099676449 1.23443162827713
2059 4.332942489156847 9.617573680677951 5.753891272314958
2060 -5.774361135110325 9.701502919144971 2.957150752267925
2061 7.516608100349636 -2.180856531095657 4.685604364951836
2062 7.614150759816807 -3.711978589982454 2.403625438793745
2063 1.815844103698354 8.153907039138257 2.72931168532765
2064 9.818357759566096 2.606317671941945 2.830320392930595
2065 4.708380313341144 0.5546455212861818 1.27720588402032
2066 -4.997222905665843 -6.731961010602168 4.151000210017417
2067 7.880729511681894 8.233628736392438 4.205936179559727
2068 -7.814394901260769 9.723808944989317 4.361535584652484
2069 7.322724085555811 -1.498991311360572 1.277183209842584
2070 7.836444954318763 -9.768614696460242 5.80154474963259
2071 6.51675302543914 1.211882079117366 5.76679499781739
2072 1.005506687442145 -2.559883269896113 4.566359443420948
2073 9.79000889334073 -8.269012744302742 1.277403935064568
2074 5.550204797995592 -9.499962236922132 1.282680226509308
2075 -8.416451461897237 -1.05468105126849 5.755719086804882
2076 -0.9598279710865971 7.875061694839542 5.724141922533509
2077 -5.007212352608513 -2.846413020679712 4.182014270908227
2078 -9.656745543251889 -5.221305322982447 5.860486409009257
2079 7.71430351253558 -7.5142131680051 2.242426528974458
2080 8.408117459986514 1.446586931858367 1.217328393922874
2081 7.838501736588364 -9.741757834774081 2.599781541731014
2082 7.011161830759242 -5.740090941676343 1.203639986162844
2083 -8.31920443370813 4.052619262621564 1.130346242130762
2084 4.533202738697057 -6.641199605014747 5.822336232107024
2085 5.631176898554393 -9.747068772435876 2.963083063757185
2086 9.686411984339792 7.938195413748013 4.206545034488573
2087 -8.06570164920992 -1.643285576386533 4.463496927032228
2088 1.802243146822307 -1.670619346620035 2.813333645549537
2089 8.966250173802775 -0.347026998504864 4.390182877112312
2090 -1.220553784308209 3.587221802497838 4.084065742952009
2091 -0.5269346933007983 1.005923836285168 4.348979441521645
2092 -6.754827198707311 7.754952332870355 4.274411805871596
2093 4.589523637930013 -2.354050246353644 4.385596172861184
2094 9.808512579385777 -3.469505320861201 4.394570003721558
2095 -3.436493642979562 -4.941938069241815 2.232506586458249
2096 -8.332543968322726 -1.728100760152549 2.885616787546292
2097 -9.731992062349846 2.617904561634034 2.526650465020927
2098 6.688369573493195 8.050771092096578 1.151123919025254
2099 -4.46074975973432 -0.3263136597415193 1.165971229101504
2100 -0.07823761489876611 1.770511062474416 1.177768916097895
2101 3.122406865714706 -2.30669794145286 5.833076699133667
2102 -6.154895587869872 -1.736840505209231 5.847633403446184
2103 8.29965616346872 -9.796508691582273 1.19934581524277
2104 6.466021263189849 -3.119854015324141 3.68977836485884
2105 -9.662978329592153 -0.5789473698092278 1.10122051255653
2106 9.800172097656436 9.800199490019363 5.713271161990924
2107 -8.144621054754349 -3.714765520754415 5.731605327185864
2108 -0.731982711283373 -8.050407460821782 5.787971594831792
2109 0.7773561956037339 8.352510303164122 4.294247175160478
2110 6.857452309568989 -4.44063933876143 3.845087124007653
2111 -6.848455640588703 5.789438858694347 5.841357302425555
2112 1.786410778363906 2.349497952552548 1.272860908457379
2113 9.695064877807123 5.209477286962053 5.879507907503086
2114 1.79660687802239 -4.271601114797109 1.221993853952705
2115 6.299425246216519 7.866556595215553 3.613482907166707
2116 6.721680093625359 -3.597616966600171 1.176595442148539
2117 7.680220681240473 -8.472500529249485 5.801124998882869
2118 7.839967437414538 0.5221968659578857 2.340820104708719
2119 -2.372581937262718 2.410021883287194 4.183635186020534
2120 -3.780298405554675 -5.419051352452891 4.426329591868925
2121 2.349115432900071 6.433725240683429 1.153085695131786
2122 6.766636015224407 -8.193104291156112 4.22123124052512
2123 0.657297507379639 -0.1278238362098288 1.151321601451318
2124 5.48380681424932 -8.202690696874267 1.177870569457496
2125 5.756395944561848 4.701234300093928 5.741500062198066
2126 9.866434205187522 -8.391174824524086 4.58701037017025
2127 2.610905224276328 1.31995745652453 1.144490369945278
2128 -7.220618251139834 5.581389038505734 4.235950062272959
2129 -0.08854501084221894 -7.342891319412606 2.544955310643855
2130 -7.315628996084638 -3.652144121676013 4.473014656309554
2131 -0.29270202067914 -9.826196876175018 4.513332278869076
2132 -6.088461189075502 -7.988438986745888 5.708042981637085
2133 9.777889313967535 -1.571660357687832 3.910386169099524
2134 -0.5311299608968381 -1.580664418299909 2.476478385348836
2135 -6.119153381858649 7.820406216741237 1.258090763761752
2136 0.7082102028536557 -2.087858366071818 5.805315272683363
2137 5.176001358176266 -0.04336204063284721 4.108255923458322
2138 9.85062425710705 4.665331519540993 4.092795387077857
2139 -1.369916981589711 5.782957546175159 3.086064474785712
2140 6.213708472283522 9.816394197798695 1.181370566377665
2141 -9.868802255605981 0.300090414113341 4.634807608705374
2142 9.78730789721703 6.162323383478405 2.530237501590486
2143 0.8376187600994378 -0.08735357603347006 4.474665823945696
2144 -6.361918414330312 3.194665618176381 1.194355784206159
2145 -9.766981977146067 -5.710691611696507 2.841188951172632
2146 -9.802193973598639 8.251512251582056 5.708441788298705
2147 -7.604023695223438 -5.688815636163997 4.631737677767171
2148 -6.370400005717515 -9.8480817887655 3.578640975540801
2149 3.538291713187258 8.411466789883272 1.182677120279284
2150 -2.673835937801113 -1.008905351302741 2.79443344976835
2151 -8.719347596891094 0.9664446307046906 4.148432126363671
2152 -8.077466232262044 -4.076103157070488 2.639022773387748
2153 -9.751159874339958 -9.752251662848083 2.736839734131109
2154 -7.258526263478695 -9.678685204761594 5.707514754310285
2155 3.609040567153542 7.814180769757013 4.348267521017402
2156 -1.19685527060631 5.743887446462793 1.135936869219604
2157 -5.475762160583479 7.219303663418467 4.440690343369844
2158 1.173309573020533 0.7220217535227028 2.526345074507059
2159 -0.2508899228933554 7.317162859212312 4.359136727972801
2160 7.731265996469772 6.517430142017517 4.618788959180291
2161 -6.276074428015033 9.816712245163764 1.124897607661157
2162 -3.847160645094366 0.5890302950390357 5.870462966575287
2163 2.883417122216534 -3.62784562214344 3.699410113011393
2164 9.708881285128793 -5.168024416526657 2.475794967081662
2165 4.855192143633262 -6.060353779499698 2.364862319923926
2166 5.933018776578423 -7.479690870721423 2.702915223092138
2167 6.759128636632322 2.208819707876801 1.147154114250275
2168 -5.290597467960444 -6.030164060856854 1.194021861825884
2169 -7.144894704134147 8.392415845022875 2.551126414743182
2170 -6.551066725550336 -3.771557099346174 5.840776374548565
2171 9.853657434786204 0.5099163934482707 4.061782015869938
2172 1.484712755520361 6.493804729179219 5.812343367761346
2173 2.304099411685498 -9.864238006317656 4.582683424150412
2174 -2.983603762615878 -8.770745806185005 2.84731683523991
2175 -8.836102713828003 -8.160396951722364 5.814131520344813
2176 -4.254378662420907 1.980503333980852 5.809640589003141
2177 -4.340604087657665 -0.4188945791937572 2.453212530254028
2178 -8.436743016418569 -0.1316709196724782 1.17258666060185
2179 -5.511755751317191 -8.255348422973061 4.474644203351493
2180 1.59468493176972 -3.790173121672469 2.61422610348422
2181 -4.590361598602779 -3.509490958696754 5.890879320194352
2182 3.838478989184146 5.586493938893058 5.763262468870269
2183 -2.701843591373716 -6.889757717512896 5.874279737559208
2184 4.313652245177101 -1.047730263155861 4.171416558491385
2185 -9.725928306292131 4.062394460866876 2.670695943269354
2186 -2.823270121613433 8.405377685134475 5.752868388625899
2187 8.350595158008081 9.846508077591514 1.168183174059097
2188 1.905831182425594 -9.849813715236806 1.255799180971236
2189 -9.887432592236706 -7.601262282677928 1.147343557886975
2190 -9.732779999622847 4.812195961963011 5.774478113394705
2191 0.1028234774294959 8.577694683514299 1.166873309972919
2192 1.209327250236058 -6.179602608433366 2.636091380446315
2193 -1.624191722620913 -0.614233286840313 1.079039568105654
2194 4.400029270588456 -5.809377670132765 1.212288804218979
2195 -7.204998944294702 -2.689482574005249 1.223895074908432
2196 4.406090694962197 2.940838775755303 1.083010437303313
2197 -4.851158755548964 -1.157894736845139 5.891709438878542
2198 -3.572857591187371 -9.93073606294602 4.649545910622205
2199 0.6002275259474713 6.196035784781822 4.370214341455337
2200 5.990617428643947 3.979514285151137 3.999921095408721
2201 5.77176817525115 3.55533313035739 2.621464945804543
2202 4.020819403443532 3.141711135594115 5.788502011068138
2203 9.783441569949179 9.783441569949179 3.214320283867817
2204 -8.124414569968632 6.900081976628911 4.308295997843118
2205 -6.182230629033034 3.91495261607796 5.839373819276735
2206 -1.354458803027372 -0.4540136598234756 5.811824080278158
2207 -8.265016065765112 -5.21043159321732 5.915552128632712
2208 9.906836174086969 0.5902401133865639 1.075446724461444
2209 6.611605691783854 4.977552392342456 1.156153066530496
2210 5.757494290255996 -0.1248714442576357 1.211322563403105
2211 -7.568166188312204 2.851950742595814 1.114255385129872
2212 -2.995112136786867 -1.650866801205539 1.248460437836685
2213 9.667746273059816 1.708002644233226 5.920629210720918
2214 5.929791558396652 -5.407323768463929 2.434203947086002
2215 -6.727999411071531 -0.3380455338566531 2.764551966604077
2216 -6.037693804520687 -9.830528087880944 5.487607698196611
2217 -0.02755838784916308 -9.7872343834551 2.600977605630153
2218 1.534117880002213 -9.85971861969087 2.948599903037976
2219 -6.497353054114374 3.312213215880111 2.57141495996969
2220 0.07228263450807833 -4.03490904281875 5.884241024499509
2221 5.719881673587597 7.65457151417903 2.517560149480975
2222 3.705945812708813 9.810846611480963 2.572834770619254
2223 2.362578647092143 8.548302158725113 5.852116947209089
2224 -1.601928278281609 3.221590909229314 2.86108137835505
2225 -6.746524201056751 5.032490147760404 1.214939618523268
2226 -5.554776694075354 8.52813442905739 5.878802182988
2227 8.241449432391516 6.460528673499284 3.279565872966304
2228 -4.449654528568439 4.396023617813314 2.758437455601152
2229 -3.431820729051581 0.5652962917709783 1.159440870967704
2230 -8.561383056027282 8.140186993350758 5.879109532058783
2231 -1.306922694977599 -8.294479419253381 3.13726123124132
2232 6.310680715588792 -1.278963468667117 2.672428021171341
2233 -5.638252009744208 9.819100699820808 4.215945017929207
2234 -7.167273175207844 2.333841625761424 4.686531931812489
2235 -9.87431545865128 -0.9481900233121431 2.91420858295245
2236 -9.885748122275711 8.257593268012112 2.40064300382788
2237 -2.593944221656117 0.9954463681496952 3.356196951647186
2238 -3.404304622683307 8.310950245964518 1.129162194102952
2239 7.423093256254006 0.6878754125162817 1.180635304504753
2240 2.305430386443349 9.808122130781982 4.333534412437791
2241 -3.833021849962925 6.310426699996015 2.807330268443415
2242 -5.288765233603113 -4.455782430497575 1.135157300897442
2243 6.696770687386933 3.441179644660276 5.944532483219319
2244 3.053406971517927 8.215646164097297 2.8734377301778
2245 -1.491544880199057 4.310848044895674 1.093750728898883
2246 -3.651165015114388 -1.418140582777487 4.479938774465763
2247 5.292271836810401 6.046952422333376 4.348211924619837
2248 -9.841656167698915 2.643959560565146 4.307441541238086
2249 -9.842900456134149 -2.967779196628341 5.853428904492697
2250 -3.17980272769593 -7.854044302442389 4.095500581512205
2251 3.379876312554569 3.54454809426401 2.46741391514085
2252 -4.824466685597553 7.668562845059919 2.493317603759137
2253 4.002513433093546 9.871099858800106 4.591916609079379
2254 -8.303428680347475 -2.282128911497189 5.806808687336299
2255 8.658232057637893 1.664416389141552 2.424362833096396
2256 -0.6580038919067984 2.999272303861477 5.811697245952647
2257 -2.783781545080506 3.880151079516494 4.6559993174884
2258 -3.914603026452462 9.908290107134249 1.163633908014325
2259 -3.249053501670252 -4.63157894736949 1.054156279050397
2260 8.485859359355761 -1.894783869648156 1.102265730723696
2261 2.986790869222103 -6.958878555220699 2.591029723045879
2262 -9.846994009658101 8.206542407922321 4.470833664792223
2263 -0.5267863252550072 -2.006978612214599 1.110986612717954
2264 -0.2369351935400243 -5.878643318536567 2.543652064865635
2265 -2.210538911886461 9.806557084183508 2.647005523537282
2266 -8.337777826903851 7.852552883576585 2.371681325170479
2267 -8.225333615560229 3.736746641824922 2.698419961736312
2268 9.776716348330087 3.877278435928009 2.614386086469929
2269 -4.531340336710448 -0.4086915469599304 4.330417596915884
2270 -3.61237457889509 9.863914373492527 4.487387472706241
2271 -4.664740989222577 -9.816390813122144 2.620505425384108
2272 1.677266471929976 -2.975805058562449 1.059975602066099
2273 -3.802031401195274 1.957739526780069 2.563411421257033
2274 3.26313281932306 0.1835877345439848 5.220510531698155
2275 -3.199199793890222 -6.265381269150279 3.742951886100833
2276 0.6203705495488487 9.647468234685913 5.854072315987328
2277 -8.319286035529196 0.5789471664637802 5.967557226787362
2278 8.401966867902308 8.046570176150215 5.819313280744253
2279 6.457005213502303 2.330666844232169 2.416251808189464
2280 -6.654728443795456 2.315788757513219 5.977889813845756
2281 9.871881426185823 -4.118763336572451 5.867315718099209
2282 9.932042922639578 8.5200940696066 1.143219108208337
2283 8.745899292063076 5.307734408399525 1.193622825353244
2284 2.453896445950126 4.331726443472052 4.335224314439373
2285 -5.601301473747777 -6.581606550779648 5.875441432503894
2286 0.6131740422828438 -6.252591316130657 4.503864726929823
2287 5.055161841954933 -4.244017815231672 4.200403069551028
2288 6.254861665341663 7.685186889494585 5.856001959420311
2289 -0.45028560056267 -7.196524009617293 1.100363214120134
2290 7.856264005454298 -2.597421761922821 2.859156093299057
2291 -2.326541890994322 -9.820878739257827 2.864854385002048
2292 6.82816537470805 8.161570716274644 2.366207882780406
2293 2.037833398374677 2.941993740115715 4.435033982624287
2294 -5.146588152645828 -8.210117665395366 2.377993918411119
2295 2.578297237234789 6.481169897013123 4.584769201639351
2296 5.400043953131096 -5.360719764646992 5.842596089732816
2297 8.233680727829709 -7.701251490317905 1.145059949194114
2298 1.462910710538735 -1.095427429277115 5.927209730082899
2299 2.88747301939235 5.27574653260474 1.213928964145889
2300 -7.950571049684738 -0.3255989044680987 2.689714077864588
2301 -6.52934687220638 -7.646853552225997 2.580972961050596
2302 9.859944746746034 -8.239951474637651 2.503391513264588
2303 -0.2160739891383183 -8.58380869378248 1.078008371197519
2304 7.627846313323186 -2.007194760967738 5.892246496635369
2305 -4.032500705707243 8.564576508716739 5.877885505609892
2306 9.897892777394629 0.5065525762186647 2.84673724214214
2307 -1.343734795215364 -3.792414374508998 2.270684338483787
2308 8.216197555904502 -7.902879975304659 4.679873491765507
2309 4.271087138258735 -8.103479448220368 1.311156504429327
2310 7.918008322328791 4.589109916374679 4.836379257343985
2311 1.615909660317596 -7.494229134371417 4.397700058146734
2312 5.652262186084914 2.342215141924776 5.851058560750876
2313 5.493426625653802 8.166583126073363 4.482149626469335
2314 -0.6950238772106574 -6.013065359288784 5.870459898934949
2315 5.454756151574279 -2.882625881163509 5.853601427727738
2316 9.799695022246143 -1.789517491709798 5.204769056238154
2317 -5.611947112200281 -5.049500048934192 3.498942963893047
2318 7.325952010761435 2.76986837395537 4.262367504226094
2319 -9.995856362565563 -8.490164761105229 5.68391571992483
2320 4.326424540388867 -8.233561299600291 4.158309569061985
2321 -2.93955819700181 -3.460924892467514 1.069778299023317
2322 4.517877951464143 -9.949228985896852 4.620529995115788
2323 7.604976434701277 -0.4977804510383077 4.512527065714301
2324 2.519398806984345 3.822868541698617 5.934424263256029
2325 -2.170912498940526 9.777631724063419 4.152188383387
2326 -3.321965369111357 -7.372835206526084 2.41832111042522
2327 -9.833844849153259 1.424540290066908 2.327555099860898
2328 8.151560189203007 4.814252133648574 2.944251032006197
2329 0.7215889383955424 -8.296045607105487 2.540000535822704
2330 0.746070051066544 3.454366280703305 2.827136913511893
2331 5.734471041985801 7.266652160924738 1.12447525596711
2332 -6.243463065852699 -0.1905404316493062 1.160441344679749
2333 -4.405177260454082 5.146046000901651 5.946377404368588
2334 -6.375753614576665 -2.690296942696516 2.564401546772591
2335 2.510825956819651 9.905262460228846 2.863205816048538
2336 -8.49375324458822 -8.692715656701328 4.051046868428164
2337 9.056258664911903 3.323272885025984 1.127959982510997
2338 -1.404482145416072 5.75981087704837 4.2973279043208
2339 1.701617215751834 -8.130772436179697 1.184637607095836
2340 -0.2370500436145741 9.734704452889419 1.076681264371384
2341 6.927742019243056 9.82286839258823 2.747474186522445
2342 7.133802057435553 -8.461462872078938 2.716665372043879
2343 -6.401400525519929 4.554825916959965 2.505215894875662
2344 8.362341961831483 -7.492734659452623 5.970238285028568
2345 -5.021010968064791 -3.923672075458581 2.576782215120301
2346 5.921938238499861 -8.62665539967867 3.476180588172378
2347 -4.703389847067003 8.499440488289402 4.48016291340838
2348 -7.509268750358702 -8.749382327186403 1.105376377217963
2349 -8.19137525328593 7.186451873678076 1.16254607570848
2350 1.185722359757351 -1.197203914577155 1.056991398773311
2351 8.680073573216399 0.05689688649235325 5.967420706684488
2352 2.405302060187344 -0.8641307902997132 1.099459696644952
2353 7.470033206066905 -0.9554839902458031 2.605566525752889
2354 -7.187234760521618 -9.828305975861513 2.655243319716674
2355 1.353671275618537 7.894503013624739 5.900299036114125
2356 2.494295744488912 2.373135916867365 3.085217703597738
2357 -3.674221249549555 -5.201770669471943 5.989938350217821
2358 2.275854609147578 1.927885820340227 5.896218120921417
2359 5.511990162062502 9.881426997191548 5.865157345287831
2360 8.772387188585947 6.908679980313185 5.959511438509348
2361 -6.083636140138547 4.045629801614694 4.61887849468869
2362 2.727602648380708 -6.386950443581641 4.79016237375013
2363 -6.387058394130011 -0.572809540774802 5.969718774010339
2364 -1.518566671076634 0.06602551620159347 4.567834485773993
2365 -2.484134363129868 -1.423821658172292 5.955945471757358
2366 8.322842618351636 9.922758667658659 4.488080978099615
2367 9.887126864388952 -6.751620026170409 4.249884470133678
2368 -6.467211150723962 1.142278053372755 5.911392460770566
2369 -4.228171241353234 -6.578222181820469 1.118492543782593
2370 -4.086141228815907 -2.42794861319397 2.435000717267822
2371 -4.781808027749588 -6.136395889486348 2.274614086614207
2372 -6.333781556410043 6.056212937552 3.588835530328257
2373 8.822701954567355 -2.017201089403533 5.855008637633835
2374 0.2674506543907003 6.906481895434426 2.59567871587408
2375 6.582830267793629 -2.414700577087355 1.064821220904857
2376 2.490054300832601 -6.511321413184136 5.951597465984154
2377 9.864840875116375 -3.360957290752669 2.647777234490042
2378 0.6416240433903195 -0.8350370399204787 3.418912992757623
2379 -0.8720581832661402 9.810167428194141 4.430442944640275
2380 -5.661443660253813 1.360529585627074 4.018414079067544
2381 -1.506980624238663 -9.950124502210516 4.500769098843839
2382 -7.507754885790685 -2.395598411579825 2.347623654000804
2383 9.844055972126046 4.026765076482885 5.952626622581723
2384 -6.439132148738731 -5.937120473463287 4.474997635770443
2385 -9.854126383032018 -6.167193218378662 4.791884279425935
2386 -1.543828538587269 -4.659653664551307 1.106923055326093
2387 -0.5454943093441255 5.613176067799975 5.962059888512432
2388 -2.386929741077474 0.149207748923477 2.489027882149224
2389 9.877790847017437 -3.534034198806232 1.162903421359155
2390 -9.907917551933124 1.493378679954246 4.61964326336952
2391 -8.34578885638483 -2.714700697125124 3.557773021021971
2392 -5.414262136981361 0.802341169017467 2.784546588556219
2393 -3.318258656867221 -5.819173181207173 1.000267806651011
2394 -4.657780277239399 9.865593736882222 2.504034662283386
2395 4.204041110317492 -1.765021385681374 5.963364087392115
2396 6.643212281741937 -6.693385855818828 5.929415906828838
2397 -5.624552419650639 4.100019681389432 0.9949055296728215
2398 -7.666819721094082 2.689704705151686 2.611606704659588
2399 8.829707062702997 -8.606927853166715 3.938584654929086
2400 -4.881240281472382 -2.256973279112196 1.057725792387131
2401 0.6876268076743475 1.565113315142543 5.882106478814819
2402 9.904735068800342 9.904750594122211 4.532890941512954
2403 3.422395043970937 -9.797270755580483 4.180226004912013
2404 -0.9496021877021206 -3.384914978627407 4.608539042425326
2405 9.859824093940095 9.859824093940098 1.140397284428938
2406 -1.885031379992886 -4.830835719391475 2.759508333734242
2407 -9.882278435562402 -2.321014389479299 4.413173128169301
2408 4.220078746851329 0.5417241798542771 5.968012952303033
2409 -7.133361616416556 -0.9985386524275978 1.09493607430451
2410 3.475353162271269 -8.24462943475082 5.932266653804367
2411 9.940237525213632 0.4062675178027326 5.898029578501632
2412 5.977561348125153 -4.956700232048997 1.136540700961095
2413 0.7986391650166407 -6.876511778491951 5.962811595180058
2414 -8.354161448304481 -0.6900689011686425 3.831290667604282
2415 8.669538824755147 -3.148404305254442 4.349464711349715
2416 8.414109807574938 8.645497136742021 1.039907578209171
2417 -2.822451316809085 -3.570011261410205 2.689782438369374
2418 -8.538228154254366 -2.758955267695648 1.078278134578593
2419 3.66812744830336 -9.850643184692755 2.94386090569207
2420 -9.823308458748635 5.18266317401684 2.310752000239638
2421 7.657467677516189 7.056983893148289 2.444656941015143
2422 -1.640297450737304 -7.988760637264595 4.227305099676426
2423 -4.192005995351759 7.034459536658961 4.576634519381501
2424 -8.459364223646055 8.200032381041087 4.368253274660202
2425 1.422934000858569 9.966321652029974 2.408111117546214
2426 8.499900273515619 1.214915986160124 4.229668008147513
2427 4.382970374774663 6.680699598511711 5.893650217728861
2428 -3.56880743273144 -3.789755499154766 4.271848021012517
2429 -3.454063619492047 3.787101011059708 2.684408960073519
2430 -6.0951355745666 -7.085209281375796 1.163731830130324
2431 -4.888359612254745 -8.166141654302569 1.091465043268272
2432 -8.430333168609058 2.383712977747832 5.91656367208765
2433 8.396913106999559 4.767820982363829 5.890426229565828
2434 -0.2797482367858868 -2.084926477322909 4.518783539487933
2435 6.346667178727396 6.280422550002391 2.81634242795415
2436 8.60236704517731 6.785010632183715 1.021583075399726
2437 -0.6875384632924242 1.028348197548503 5.962509358856813
2438 -7.550721734587762 4.991273502362211 2.277394625254022
2439 -0.1713772907440104 -8.402387195500008 3.414651999585311
2440 -8.70025654491436 2.239923686685571 2.93959527394522
2441 -1.808700854310413 1.3403260381155 2.31392477260559
2442 4.5841978683622 7.161955238529729 4.336351508207811
2443 -4.418565935710022 3.112835259566622 1.016915540337578
2444 3.71288720611559 0.8821357100077358 2.841674863456979
2445 -0.05517246058694447 -3.820282442942522 2.417462651956823
2446 1.561043603345691 -9.981544868448156 5.467593161689362
2447 -8.066072140417148 2.96714442397048 4.313144703252678
2448 8.55023241431067 2.643931488376933 5.959610112423216
2449 9.97159772566282 -4.72586784910578 4.348199772047919
2450 -10.03014027210295 -0.7034606276720109 4.057350852222849
2451 5.674804932523921 -0.9687907329774696 4.611087252164937
2452 -9.89932064178239 9.896788749825935 4.465263518816359
2453 7.193562645959955 8.445480494346848 5.845912632622402
2454 -3.990100714271763 3.831354366902997 4.365603795396453
2455 2.071106425675104 5.774931176992343 2.396374541377711
2456 -7.591153691643951 4.167447952589486 6.011202779509967
2457 -7.592863409349569 -6.054979839602309 2.599181600522363
2458 4.075297716673512 -4.951706541081339 2.502577667181811
2459 -2.853156401052408 -8.362163397501392 1.172947009883686
2460 -3.632950098848752 5.187262620671016 0.959811998218208
2461 0.1009376911065994 7.320729026506977 5.898000425816067
2462 -0.9468027980793114 4.282708768618656 5.862564999136915
2463 0.6158729576537187 4.989974454449789 1.061511614745493
2464 4.198248228541153 -9.736264249106283 5.984758432604386
2465 3.842708842115865 3.095548096919451 3.431309464365299
2466 9.969431236737133 7.596552552154916 5.963405136210119
2467 1.319572555548856 -6.940939065883725 0.9687866794362217
2468 -3.026855519339389 7.341346633850986 2.882754524658067
2469 -9.82051972296459 6.777333698555053 1.176037474961185
2470 2.749914263493664 -2.682130227730104 4.354785749831352
$EndNodes
$Elements
13504
1 2 2 2 1 13 1 281
2 2 2 2 1 1 14 281
3 2 2 2 1 2 9 282
4 2 2 2 1 37 2 282
5 2 2 2 1 31 3 283
6 2 2 2 1 3 36 283
7 2 2 2 1 32 4 284
8 2 2 2 1 4 54 284
9 2 2 2 1 9 10 188
10 2 2 2 1 9 188 282
11 2 2 2 1 10 11 235
12 2 2 2 1 188 10 235
13 2 2 2 1 11 12 184
14 2 2 2 1 11 184 235
15 2 2 2 1 12 13 239
16 2 2 2 1 184 12 239
17 2 2 2 1 239 13 281
18 2 2 2 1 14 15 261
19 2 2 2 1 14 261 281
20 2 2 2 1 15 16 186
21 2 2 2 1 15 186 261
22 2 2 2 1 16 17 251
23 2 2 2 1 186 16 251
24 2 2 2 1 17 18 175
25 2 2 2 1 17 175 251
26 2 2 2 1 18 19 264
27 2 2 2 1 175 18 264
28 2 2 2 1 19 20 263
29 2 2 2 1 19 263 264
30 2 2 2 1 20 21 173
31 2 2 2 1 20 173 263
32 2 2 2 1 21 22 244
33 2 2 2 1 173 21 244
34 2 2 2 1 22 23 273
35 2 2 2 1 244 22 273
36 2 2 2 1 23 24 182
37 2 2 2 1 23 182 273
38 2 2 2 1 24 25 250
39 2 2 2 1 182 24 250
40 2 2 2 1 25 26 174
41 2 2 2 1 25 174 250
42 2 2 2 1 26 27 232
43 2 2 2 1 174 26 232
44 2 2 2 1 27 28 278
45 2 2 2 1 232 27 278
46 2 2 2 1 28 29 176
47 2 2 2 1 28 176 278
48 2 2 2 1 29 30 276
49 2 2 2 1 176 29 276
50 2 2 2 1 30 31 238
51 2 2 2 1 30 238 276
52 2 2 2 1 238 31 283
53 2 2 2 1 33 32 259
54 2 2 2 1 259 32 284
55 2 2 2 1 34 33 185
56 2 2 2 1 185 33 259
57 2 2 2 1 35 34 190
58 2 2 2 1 34 185 190
59 2 2 2 1 36 35 187
60 2 2 2 1 187 35 190
61 2 2 2 1 36 187 283
62 2 2 2 1 38 37 260
63 2 2 2 1 260 37 282
64 2 2 2 1 39 38 252
65 2 2 2 1 252 38 260
66 2 2 2 1 40 39 180
67 2 2 2 1 180 39 252
68 2 2 2 1 41 40 279
69 2 2 2 1 40 180 279
70 2 2 2 1 42 41 285
71 2 2 2 1 234 41 279
72 2 2 2 1 41 234 285
73 2 2 2 1 43 42 178
74 2 2 2 1 178 42 285
75 2 2 2 1 44 43 269
76 2 2 2 1 43 178 269
77 2 2 2 1 45 44 249
78 2 2 2 1 249 44 269
79 2 2 2 1 46 45 177
80 2 2 2 1 177 45 249
81 2 2 2 1 47 46 253
82 2 2 2 1 46 177 253
83 2 2 2 1 48 47 181
84 2 2 2 1 181 47 253
85 2 2 2 1 49 48 247
86 2 2 2 1 48 181 247
87 2 2 2 1 50 49 179
88 2 2 2 1 179 49 247
89 2 2 2 1 51 50 272
90 2 2 2 1 50 179 272
91 2 2 2 1 52 51 183
92 2 2 2 1 183 51 272
93 2 2 2 1 53 52 280
94 2 2 2 1 52 183 280
95 2 2 2 1 54 53 189
96 2 2 2 1 189 53 280
97 2 2 2 1 54 189 284
98 2 2 2 1 173 216 263
99 2 2 2 1 216 173 271
100 2 2 2 1 173 244 271
101 2 2 2 1 174 204 250
102 2 2 2 1 204 174 266
103 2 2 2 1 174 232 266
104 2 2 2 1 251 175 270
105 2 2 2 1 254 175 264
106 2 2 2 1 175 254 270
107 2 2 2 1 231 176 240
108 2 2 2 1 176 231 278
109 2 2 2 1 176 237 240
110 2 2 2 1 237 176 276
111 2 2 2 1 177 249 274
112 2 2 2 1 253 177 286
113 2 2 2 1 177 274 286
114 2 2 2 1 262 178 285
115 2 2 2 1 178 262 287
116 2 2 2 1 269 178 287
117 2 2 2 1 229 179 241
118 2 2 2 1 179 229 272
119 2 2 2 1 241 179 265
120 2 2 2 1 179 247 265
121 2 2 2 1 233 180 255
122 2 2 2 1 180 233 279
123 2 2 2 1 180 252 275
124 2 2 2 1 255 180 275
125 2 2 2 1 247 181 248
126 2 2 2 1 248 181 267
127 2 2 2 1 181 253 267
128 2 2 2 1 243 182 246
129 2 2 2 1 182 243 273
130 2 2 2 1 246 182 268
131 2 2 2 1 182 250 268
132 2 2 2 1 196 183 229
133 2 2 2 1 183 196 230
134 2 2 2 1 229 183 272
135 2 2 2 1 183 230 280
136 2 2 2 1 235 184 258
137 2 2 2 1 184 239 257
138 2 2 2 1 184 257 258
139 2 2 2 1 190 185 191
140 2 2 2 1 191 185 192
141 2 2 2 1 192 185 259
142 2 2 2 1 186 251 277
143 2 2 2 1 261 186 277
144 2 2 2 1 187 190 236
145 2 2 2 1 187 236 238
146 2 2 2 1 187 238 283
147 2 2 2 1 188 235 256
148 2 2 2 1 188 256 260
149 2 2 2 1 188 260 282
150 2 2 2 1 192 189 230
151 2 2 2 1 189 192 259
152 2 2 2 1 230 189 280
153 2 2 2 1 189 259 284
154 2 2 2 1 190 191 236
155 2 2 2 1 191 192 193
156 2 2 2 1 191 193 194
157 2 2 2 1 191 194 236
158 2 2 2 1 193 192 230
159 2 2 2 1 194 193 195
160 2 2 2 1 195 193 196
161 2 2 2 1 196 193 230
162 2 2 2 1 194 195 240
163 2 2 2 1 236 194 237
164 2 2 2 1 237 194 240
165 2 2 2 1 195 196 197
166 2 2 2 1 195 197 198
167 2 2 2 1 195 198 240
168 2 2 2 1 197 196 229
169 2 2 2 1 198 197 199
170 2 2 2 1 199 197 241
171 2 2 2 1 197 229 241
172 2 2 2 1 198 199 200
173 2 2 2 1 198 200 231
174 2 2 2 1 198 231 240
175 2 2 2 1 200 199 201
176 2 2 2 1 201 199 202
177 2 2 2 1 202 199 241
178 2 2 2 1 200 201 266
179 2 2 2 1 231 200 232
180 2 2 2 1 232 200 266
181 2 2 2 1 201 202 203
182 2 2 2 1 201 203 204
183 2 2 2 1 201 204 266
184 2 2 2 1 203 202 248
185 2 2 2 1 202 241 265
186 2 2 2 1 248 202 265
187 2 2 2 1 204 203 205
188 2 2 2 1 205 203 206
189 2 2 2 1 206 203 248
190 2 2 2 1 204 205 268
191 2 2 2 1 250 204 268
192 2 2 2 1 205 206 207
193 2 2 2 1 205 207 246
194 2 2 2 1 205 246 268
195 2 2 2 1 207 206 208
196 2 2 2 1 208 206 267
197 2 2 2 1 206 248 267
198 2 2 2 1 207 208 209
199 2 2 2 1 207 209 210
200 2 2 2 1 207 210 246
201 2 2 2 1 209 208 274
202 2 2 2 1 208 267 286
203 2 2 2 1 274 208 286
204 2 2 2 1 210 209 211
205 2 2 2 1 211 209 212
206 2 2 2 1 212 209 274
207 2 2 2 1 210 211 242
208 2 2 2 1 210 242 243
209 2 2 2 1 210 243 246
210 2 2 2 1 211 212 213
211 2 2 2 1 211 213 214
212 2 2 2 1 211 214 242
213 2 2 2 1 213 212 228
214 2 2 2 1 228 212 249
215 2 2 2 1 249 212 274
216 2 2 2 1 214 213 215
217 2 2 2 1 215 213 245
218 2 2 2 1 213 228 245
219 2 2 2 1 214 215 216
220 2 2 2 1 214 216 271
221 2 2 2 1 242 214 271
222 2 2 2 1 216 215 217
223 2 2 2 1 217 215 218
224 2 2 2 1 218 215 245
225 2 2 2 1 216 217 224
226 2 2 2 1 216 224 263
227 2 2 2 1 217 218 219
228 2 2 2 1 217 219 254
229 2 2 2 1 224 217 254
230 2 2 2 1 219 218 220
231 2 2 2 1 220 218 262
232 2 2 2 1 218 245 262
233 2 2 2 1 219 220 221
234 2 2 2 1 219 221 222
235 2 2 2 1 219 222 254
236 2 2 2 1 221 220 233
237 2 2 2 1 233 220 234
238 2 2 2 1 234 220 262
239 2 2 2 1 222 221 223
240 2 2 2 1 223 221 255
241 2 2 2 1 221 233 255
242 2 2 2 1 222 223 225
243 2 2 2 1 222 225 270
244 2 2 2 1 254 222 270
245 2 2 2 1 225 223 226
246 2 2 2 1 226 223 227
247 2 2 2 1 227 223 255
248 2 2 2 1 224 254 264
249 2 2 2 1 263 224 264
250 2 2 2 1 225 226 277
251 2 2 2 1 225 251 270
252 2 2 2 1 251 225 277
253 2 2 2 1 226 227 258
254 2 2 2 1 257 226 258
255 2 2 2 1 226 257 277
256 2 2 2 1 227 255 275
257 2 2 2 1 227 256 258
258 2 2 2 1 256 227 275
259 2 2 2 1 245 228 287
260 2 2 2 1 228 249 269
261 2 2 2 1 228 269 287
262 2 2 2 1 231 232 278
263 2 2 2 1 233 234 279
264 2 2 2 1 234 262 285
265 2 2 2 1 256 235 258
266 2 2 2 1 236 237 238
267 2 2 2 1 238 237 276
268 2 2 2 1 257 239 261
269 2 2 2 1 261 239 281
270 2 2 2 1 243 242 244
271 2 2 2 1 244 242 271
272 2 2 2 1 243 244 273
273 2 2 2 1 262 245 287
274 2 2 2 1 247 248 265
275 2 2 2 1 252 260 275
276 2 2 2 1 267 253 286
277 2 2 2 1 260 256 275
278 2 2 2 1 257 261 277
279 2 2 2 2 59 396 5
280 2 2 2 2 5 396 60
281 2 2 2 2 6 397 55
282 2 2 2 2 83 397 6
283 2 2 2 2 77 398 7
284 2 2 2 2 7 398 82
285 2 2 2 2 78 399 8
286 2 2 2 2 8 399 100
287 2 2 2 2 55 303 56
288 2 2 2 2 55 397 303
289 2 2 2 2 56 350 57
290 2 2 2 2 303 350 56
291 2 2 2 2 57 299 58
292 2 2 2 2 57 350 299
293 2 2 2 2 58 354 59
294 2 2 2 2 299 354 58
295 2 2 2 2 354 396 59
296 2 2 2 2 60 376 61
297 2 2 2 2 60 396 376
298 2 2 2 2 61 301 62
299 2 2 2 2 61 376 301
300 2 2 2 2 62 366 63
301 2 2 2 2 301 366 62
302 2 2 2 2 63 291 64
303 2 2 2 2 63 366 291
304 2 2 2 2 64 379 65
305 2 2 2 2 291 379 64
306 2 2 2 2 65 378 66
307 2 2 2 2 65 379 378
308 2 2 2 2 66 289 67
309 2 2 2 2 66 378 289
310 2 2 2 2 67 359 68
311 2 2 2 2 289 359 67
312 2 2 2 2 68 388 69
313 2 2 2 2 359 388 68
314 2 2 2 2 69 297 70
315 2 2 2 2 69 388 297
316 2 2 2 2 70 365 71
317 2 2 2 2 297 365 70
318 2 2 2 2 71 288 72
319 2 2 2 2 71 365 288
320 2 2 2 2 72 347 73
321 2 2 2 2 288 347 72
322 2 2 2 2 73 393 74
323 2 2 2 2 347 393 73
324 2 2 2 2 74 290 75
325 2 2 2 2 74 393 290
326 2 2 2 2 75 391 76
327 2 2 2 2 290 391 75
328 2 2 2 2 76 353 77
329 2 2 2 2 76 391 353
330 2 2 2 2 353 398 77
331 2 2 2 2 79 374 78
332 2 2 2 2 374 399 78
333 2 2 2 2 80 300 79
334 2 2 2 2 300 374 79
335 2 2 2 2 81 305 80
336 2 2 2 2 80 305 300
337 2 2 2 2 82 302 81
338 2 2 2 2 302 305 81
339 2 2 2 2 82 398 302
340 2 2 2 2 84 375 83
341 2 2 2 2 375 397 83
342 2 2 2 2 85 367 84
343 2 2 2 2 367 375 84
344 2 2 2 2 86 295 85
345 2 2 2 2 295 367 85
346 2 2 2 2 87 394 86
347 2 2 2 2 86 394 295
348 2 2 2 2 88 400 87
349 2 2 2 2 349 394 87
350 2 2 2 2 87 400 349
351 2 2 2 2 89 293 88
352 2 2 2 2 293 400 88
353 2 2 2 2 90 384 89
354 2 2 2 2 89 384 293
355 2 2 2 2 91 364 90
356 2 2 2 2 364 384 90
357 2 2 2 2 92 292 91
358 2 2 2 2 292 364 91
359 2 2 2 2 93 368 92
360 2 2 2 2 92 368 292
361 2 2 2 2 94 296 93
362 2 2 2 2 296 368 93
363 2 2 2 2 95 362 94
364 2 2 2 2 94 362 296
365 2 2 2 2 96 294 95
366 2 2 2 2 294 362 95
367 2 2 2 2 97 387 96
368 2 2 2 2 96 387 294
369 2 2 2 2 98 298 97
370 2 2 2 2 298 387 97
371 2 2 2 2 99 395 98
372 2 2 2 2 98 395 298
373 2 2 2 2 100 304 99
374 2 2 2 2 304 395 99
375 2 2 2 2 100 399 304
376 2 2 2 2 288 365 319
377 2 2 2 2 319 381 288
378 2 2 2 2 288 381 347
379 2 2 2 2 289 378 331
380 2 2 2 2 331 386 289
381 2 2 2 2 289 386 359
382 2 2 2 2 346 355 290
383 2 2 2 2 290 393 346
384 2 2 2 2 290 355 352
385 2 2 2 2 352 391 290
386 2 2 2 2 366 385 291
387 2 2 2 2 369 379 291
388 2 2 2 2 291 385 369
389 2 2 2 2 292 389 364
390 2 2 2 2 368 401 292
391 2 2 2 2 292 401 389
392 2 2 2 2 377 400 293
393 2 2 2 2 293 402 377
394 2 2 2 2 384 402 293
395 2 2 2 2 344 356 294
396 2 2 2 2 294 387 344
397 2 2 2 2 356 380 294
398 2 2 2 2 294 380 362
399 2 2 2 2 348 370 295
400 2 2 2 2 295 394 348
401 2 2 2 2 295 390 367
402 2 2 2 2 370 390 295
403 2 2 2 2 362 363 296
404 2 2 2 2 363 382 296
405 2 2 2 2 296 382 368
406 2 2 2 2 358 361 297
407 2 2 2 2 297 388 358
408 2 2 2 2 361 383 297
409 2 2 2 2 297 383 365
410 2 2 2 2 311 344 298
411 2 2 2 2 298 345 311
412 2 2 2 2 344 387 298
413 2 2 2 2 298 395 345
414 2 2 2 2 350 373 299
415 2 2 2 2 299 372 354
416 2 2 2 2 299 373 372
417 2 2 2 2 305 306 300
418 2 2 2 2 306 307 300
419 2 2 2 2 307 374 300
420 2 2 2 2 301 392 366
421 2 2 2 2 376 392 301
422 2 2 2 2 302 351 305
423 2 2 2 2 302 353 351
424 2 2 2 2 302 398 353
425 2 2 2 2 303 371 350
426 2 2 2 2 303 375 371
427 2 2 2 2 303 397 375
428 2 2 2 2 307 345 304
429 2 2 2 2 304 374 307
430 2 2 2 2 345 395 304
431 2 2 2 2 304 399 374
432 2 2 2 2 305 351 306
433 2 2 2 2 306 308 307
434 2 2 2 2 306 309 308
435 2 2 2 2 306 351 309
436 2 2 2 2 308 345 307
437 2 2 2 2 309 310 308
438 2 2 2 2 310 311 308
439 2 2 2 2 311 345 308
440 2 2 2 2 309 355 310
441 2 2 2 2 351 352 309
442 2 2 2 2 352 355 309
443 2 2 2 2 310 312 311
444 2 2 2 2 310 313 312
445 2 2 2 2 310 355 313
446 2 2 2 2 312 344 311
447 2 2 2 2 313 314 312
448 2 2 2 2 314 356 312
449 2 2 2 2 312 356 344
450 2 2 2 2 313 315 314
451 2 2 2 2 313 346 315
452 2 2 2 2 313 355 346
453 2 2 2 2 315 316 314
454 2 2 2 2 316 317 314
455 2 2 2 2 317 356 314
456 2 2 2 2 315 381 316
457 2 2 2 2 346 347 315
458 2 2 2 2 347 381 315
459 2 2 2 2 316 318 317
460 2 2 2 2 316 319 318
461 2 2 2 2 316 381 319
462 2 2 2 2 318 363 317
463 2 2 2 2 317 380 356
464 2 2 2 2 363 380 317
465 2 2 2 2 319 320 318
466 2 2 2 2 320 321 318
467 2 2 2 2 321 363 318
468 2 2 2 2 319 383 320
469 2 2 2 2 365 383 319
470 2 2 2 2 320 322 321
471 2 2 2 2 320 361 322
472 2 2 2 2 320 383 361
473 2 2 2 2 322 323 321
474 2 2 2 2 323 382 321
475 2 2 2 2 321 382 363
476 2 2 2 2 322 324 323
477 2 2 2 2 322 325 324
478 2 2 2 2 322 361 325
479 2 2 2 2 324 389 323
480 2 2 2 2 323 401 382
481 2 2 2 2 389 401 323
482 2 2 2 2 325 326 324
483 2 2 2 2 326 327 324
484 2 2 2 2 327 389 324
485 2 2 2 2 325 357 326
486 2 2 2 2 325 358 357
487 2 2 2 2 325 361 358
488 2 2 2 2 326 328 327
489 2 2 2 2 326 329 328
490 2 2 2 2 326 357 329
491 2 2 2 2 328 343 327
492 2 2 2 2 343 364 327
493 2 2 2 2 364 389 327
494 2 2 2 2 329 330 328
495 2 2 2 2 330 360 328
496 2 2 2 2 328 360 343
497 2 2 2 2 329 331 330
498 2 2 2 2 329 386 331
499 2 2 2 2 357 386 329
500 2 2 2 2 331 332 330
501 2 2 2 2 332 333 330
502 2 2 2 2 333 360 330
503 2 2 2 2 331 339 332
504 2 2 2 2 331 378 339
505 2 2 2 2 332 334 333
506 2 2 2 2 332 369 334
507 2 2 2 2 339 369 332
508 2 2 2 2 334 335 333
509 2 2 2 2 335 377 333
510 2 2 2 2 333 377 360
511 2 2 2 2 334 336 335
512 2 2 2 2 334 337 336
513 2 2 2 2 334 369 337
514 2 2 2 2 336 348 335
515 2 2 2 2 348 349 335
516 2 2 2 2 349 377 335
517 2 2 2 2 337 338 336
518 2 2 2 2 338 370 336
519 2 2 2 2 336 370 348
520 2 2 2 2 337 340 338
521 2 2 2 2 337 385 340
522 2 2 2 2 369 385 337
523 2 2 2 2 340 341 338
524 2 2 2 2 341 342 338
525 2 2 2 2 342 370 338
526 2 2 2 2 339 379 369
527 2 2 2 2 378 379 339
528 2 2 2 2 340 392 341
529 2 2 2 2 340 385 366
530 2 2 2 2 366 392 340
531 2 2 2 2 341 373 342
532 2 2 2 2 372 373 341
533 2 2 2 2 341 392 372
534 2 2 2 2 342 390 370
535 2 2 2 2 342 373 371
536 2 2 2 2 371 390 342
537 2 2 2 2 360 402 343
538 2 2 2 2 343 384 364
539 2 2 2 2 343 402 384
540 2 2 2 2 346 393 347
541 2 2 2 2 348 394 349
542 2 2 2 2 349 400 377
543 2 2 2 2 371 373 350
544 2 2 2 2 351 353 352
545 2 2 2 2 353 391 352
546 2 2 2 2 372 376 354
547 2 2 2 2 376 396 354
548 2 2 2 2 358 359 357
549 2 2 2 2 359 386 357
550 2 2 2 2 358 388 359
551 2 2 2 2 377 402 360
552 2 2 2 2 362 380 363
553 2 2 2 2 367 390 375
554 2 2 2 2 382 401 368
555 2 2 2 2 375 390 371
556 2 2 2 2 372 392 376
557 2 2 2 3 1 13 511
558 2 2 2 3 119 1 511
559 2 2 2 3 9 2 513
560 2 2 2 3 2 101 513
561 2 2 2 3 59 5 512
562 2 2 2 3 5 136 512
563 2 2 2 3 6 55 514
564 2 2 2 3 118 6 514
565 2 2 2 3 10 9 419
566 2 2 2 3 419 9 513
567 2 2 2 3 11 10 420
568 2 2 2 3 10 419 420
569 2 2 2 3 12 11 415
570 2 2 2 3 415 11 420
571 2 2 2 3 13 12 461
572 2 2 2 3 12 415 461
573 2 2 2 3 13 461 511
574 2 2 2 3 55 56 466
575 2 2 2 3 55 466 514
576 2 2 2 3 56 57 414
577 2 2 2 3 56 414 466
578 2 2 2 3 57 58 462
579 2 2 2 3 414 57 462
580 2 2 2 3 58 59 418
581 2 2 2 3 58 418 462
582 2 2 2 3 418 59 512
583 2 2 2 3 101 102 465
584 2 2 2 3 101 465 513
585 2 2 2 3 102 103 507
586 2 2 2 3 465 102 507
587 2 2 2 3 103 104 410
588 2 2 2 3 103 410 507
589 2 2 2 3 104 105 509
590 2 2 2 3 410 104 509
591 2 2 2 3 105 106 460
592 2 2 2 3 105 460 509
593 2 2 2 3 106 107 408
594 2 2 2 3 106 408 460
595 2 2 2 3 107 108 498
596 2 2 2 3 408 107 498
597 2 2 2 3 108 109 485
598 2 2 2 3 108 485 498
599 2 2 2 3 109 110 407
600 2 2 2 3 109 407 485
601 2 2 2 3 110 111 479
602 2 2 2 3 407 110 479
603 2 2 2 3 111 112 501
604 2 2 2 3 479 111 501
605 2 2 2 3 112 113 404
606 2 2 2 3 112 404 501
607 2 2 2 3 113 114 482
608 2 2 2 3 404 113 482
609 2 2 2 3 114 115 411
610 2 2 2 3 114 411 482
611 2 2 2 3 115 116 473
612 2 2 2 3 411 115 473
613 2 2 2 3 116 117 416
614 2 2 2 3 116 416 473
615 2 2 2 3 117 118 491
616 2 2 2 3 416 117 491
617 2 2 2 3 491 118 514
618 2 2 2 3 120 119 490
619 2 2 2 3 490 119 511
620 2 2 2 3 121 120 417
621 2 2 2 3 417 120 490
622 2 2 2 3 122 121 477
623 2 2 2 3 121 417 477
624 2 2 2 3 123 122 406
625 2 2 2 3 406 122 477
626 2 2 2 3 124 123 492
627 2 2 2 3 123 406 492
628 2 2 2 3 125 124 496
629 2 2 2 3 124 492 496
630 2 2 2 3 126 125 403
631 2 2 2 3 403 125 496
632 2 2 2 3 127 126 476
633 2 2 2 3 126 403 476
634 2 2 2 3 128 127 413
635 2 2 2 3 413 127 476
636 2 2 2 3 129 128 478
637 2 2 2 3 128 413 478
638 2 2 2 3 130 129 409
639 2 2 2 3 409 129 478
640 2 2 2 3 131 130 475
641 2 2 2 3 130 409 475
642 2 2 2 3 132 131 412
643 2 2 2 3 412 131 475
644 2 2 2 3 133 132 480
645 2 2 2 3 132 412 480
646 2 2 2 3 134 133 405
647 2 2 2 3 405 133 480
648 2 2 2 3 135 134 474
649 2 2 2 3 134 405 474
650 2 2 2 3 136 135 489
651 2 2 2 3 135 474 489
652 2 2 2 3 136 489 512
653 2 2 2 3 468 403 496
654 2 2 2 3 403 468 497
655 2 2 2 3 476 403 497
656 2 2 2 3 404 482 494
657 2 2 2 3 404 494 518
658 2 2 2 3 501 404 518
659 2 2 2 3 474 405 506
660 2 2 2 3 405 480 502
661 2 2 2 3 484 405 502
662 2 2 2 3 405 484 506
663 2 2 2 3 406 477 503
664 2 2 2 3 406 483 492
665 2 2 2 3 483 406 503
666 2 2 2 3 407 479 508
667 2 2 2 3 485 407 517
668 2 2 2 3 407 508 517
669 2 2 2 3 460 408 495
670 2 2 2 3 495 408 515
671 2 2 2 3 408 498 515
672 2 2 2 3 409 447 475
673 2 2 2 3 447 409 499
674 2 2 2 3 409 478 499
675 2 2 2 3 410 459 467
676 2 2 2 3 459 410 509
677 2 2 2 3 464 410 467
678 2 2 2 3 410 464 507
679 2 2 2 3 411 452 482
680 2 2 2 3 452 411 500
681 2 2 2 3 411 473 500
682 2 2 2 3 412 475 493
683 2 2 2 3 480 412 481
684 2 2 2 3 481 412 493
685 2 2 2 3 413 476 516
686 2 2 2 3 478 413 505
687 2 2 2 3 505 413 516
688 2 2 2 3 414 462 488
689 2 2 2 3 466 414 487
690 2 2 2 3 487 414 488
691 2 2 2 3 415 420 421
692 2 2 2 3 415 421 422
693 2 2 2 3 415 422 461
694 2 2 2 3 473 416 510
695 2 2 2 3 416 491 510
696 2 2 2 3 422 417 490
697 2 2 2 3 417 422 504
698 2 2 2 3 477 417 504
699 2 2 2 3 462 418 486
700 2 2 2 3 486 418 489
701 2 2 2 3 489 418 512
702 2 2 2 3 420 419 463
703 2 2 2 3 463 419 465
704 2 2 2 3 465 419 513
705 2 2 2 3 421 420 463
706 2 2 2 3 422 421 423
707 2 2 2 3 423 421 424
708 2 2 2 3 424 421 463
709 2 2 2 3 422 423 504
710 2 2 2 3 461 422 490
711 2 2 2 3 423 424 425
712 2 2 2 3 423 425 426
713 2 2 2 3 423 426 504
714 2 2 2 3 425 424 467
715 2 2 2 3 424 463 464
716 2 2 2 3 424 464 467
717 2 2 2 3 426 425 427
718 2 2 2 3 427 425 428
719 2 2 2 3 428 425 467
720 2 2 2 3 426 427 503
721 2 2 2 3 477 426 503
722 2 2 2 3 426 477 504
723 2 2 2 3 427 428 429
724 2 2 2 3 427 429 483
725 2 2 2 3 427 483 503
726 2 2 2 3 429 428 430
727 2 2 2 3 430 428 459
728 2 2 2 3 459 428 467
729 2 2 2 3 429 430 431
730 2 2 2 3 429 431 432
731 2 2 2 3 429 432 483
732 2 2 2 3 431 430 495
733 2 2 2 3 430 459 460
734 2 2 2 3 430 460 495
735 2 2 2 3 432 431 433
736 2 2 2 3 433 431 434
737 2 2 2 3 434 431 495
738 2 2 2 3 432 433 468
739 2 2 2 3 432 468 469
740 2 2 2 3 432 469 483
741 2 2 2 3 433 434 435
742 2 2 2 3 433 435 436
743 2 2 2 3 433 436 468
744 2 2 2 3 435 434 438
745 2 2 2 3 438 434 515
746 2 2 2 3 434 495 515
747 2 2 2 3 436 435 437
748 2 2 2 3 437 435 470
749 2 2 2 3 435 438 470
750 2 2 2 3 436 437 439
751 2 2 2 3 436 439 497
752 2 2 2 3 468 436 497
753 2 2 2 3 439 437 440
754 2 2 2 3 440 437 441
755 2 2 2 3 441 437 470
756 2 2 2 3 470 438 517
757 2 2 2 3 485 438 498
758 2 2 2 3 438 485 517
759 2 2 2 3 498 438 515
760 2 2 2 3 439 440 505
761 2 2 2 3 497 439 516
762 2 2 2 3 439 505 516
763 2 2 2 3 440 441 442
764 2 2 2 3 440 442 471
765 2 2 2 3 440 471 505
766 2 2 2 3 442 441 443
767 2 2 2 3 443 441 508
768 2 2 2 3 441 470 508
769 2 2 2 3 442 443 444
770 2 2 2 3 442 444 445
771 2 2 2 3 442 445 471
772 2 2 2 3 444 443 451
773 2 2 2 3 451 443 479
774 2 2 2 3 479 443 508
775 2 2 2 3 445 444 446
776 2 2 2 3 446 444 472
777 2 2 2 3 444 451 472
778 2 2 2 3 445 446 447
779 2 2 2 3 445 447 499
780 2 2 2 3 471 445 499
781 2 2 2 3 447 446 448
782 2 2 2 3 448 446 449
783 2 2 2 3 449 446 472
784 2 2 2 3 447 448 493
785 2 2 2 3 475 447 493
786 2 2 2 3 448 449 450
787 2 2 2 3 448 450 481
788 2 2 2 3 448 481 493
789 2 2 2 3 450 449 452
790 2 2 2 3 452 449 494
791 2 2 2 3 449 472 494
792 2 2 2 3 450 452 453
793 2 2 2 3 450 453 454
794 2 2 2 3 450 454 481
795 2 2 2 3 472 451 518
796 2 2 2 3 451 479 501
797 2 2 2 3 451 501 518
798 2 2 2 3 453 452 500
799 2 2 2 3 482 452 494
800 2 2 2 3 454 453 455
801 2 2 2 3 455 453 456
802 2 2 2 3 456 453 500
803 2 2 2 3 454 455 484
804 2 2 2 3 481 454 502
805 2 2 2 3 454 484 502
806 2 2 2 3 455 456 457
807 2 2 2 3 455 457 458
808 2 2 2 3 455 458 484
809 2 2 2 3 457 456 510
810 2 2 2 3 473 456 500
811 2 2 2 3 456 473 510
812 2 2 2 3 458 457 488
813 2 2 2 3 457 487 488
814 2 2 2 3 487 457 510
815 2 2 2 3 484 458 506
816 2 2 2 3 486 458 488
817 2 2 2 3 458 486 506
818 2 2 2 3 460 459 509
819 2 2 2 3 461 490 511
820 2 2 2 3 462 486 488
821 2 2 2 3 464 463 465
822 2 2 2 3 464 465 507
823 2 2 2 3 466 487 491
824 2 2 2 3 466 491 514
825 2 2 2 3 469 468 496
826 2 2 2 3 483 469 492
827 2 2 2 3 492 469 496
828 2 2 2 3 508 470 517
829 2 2 2 3 478 471 499
830 2 2 2 3 471 478 505
831 2 2 2 3 494 472 518
832 2 2 2 3 489 474 506
833 2 2 2 3 476 497 516
834 2 2 2 3 480 481 502
835 2 2 2 3 486 489 506
836 2 2 2 3 491 487 510
837 2 2 2 4 3 629 36
838 2 2 2 4 155 629 3
839 2 2 2 4 32 628 4
840 2 2 2 4 4 628 137
841 2 2 2 4 82 627 7
842 2 2 2 4 7 627 172
843 2 2 2 4 8 630 78
844 2 2 2 4 154 630 8
845 2 2 2 4 33 534 32
846 2 2 2 4 534 628 32
847 2 2 2 4 34 581 33
848 2 2 2 4 33 581 534
849 2 2 2 4 35 530 34
850 2 2 2 4 530 581 34
851 2 2 2 4 36 585 35
852 2 2 2 4 35 585 530
853 2 2 2 4 36 629 585
854 2 2 2 4 78 605 79
855 2 2 2 4 78 630 605
856 2 2 2 4 79 531 80
857 2 2 2 4 79 605 531
858 2 2 2 4 80 536 81
859 2 2 2 4 531 536 80
860 2 2 2 4 81 533 82
861 2 2 2 4 81 536 533
862 2 2 2 4 533 627 82
863 2 2 2 4 137 606 138
864 2 2 2 4 137 628 606
865 2 2 2 4 138 597 139
866 2 2 2 4 138 606 597
867 2 2 2 4 139 526 140
868 2 2 2 4 139 597 526
869 2 2 2 4 140 625 141
870 2 2 2 4 526 625 140
871 2 2 2 4 141 631 142
872 2 2 2 4 141 625 580
873 2 2 2 4 580 631 141
874 2 2 2 4 142 524 143
875 2 2 2 4 142 631 524
876 2 2 2 4 143 615 144
877 2 2 2 4 524 615 143
878 2 2 2 4 144 595 145
879 2 2 2 4 144 615 595
880 2 2 2 4 145 523 146
881 2 2 2 4 145 595 523
882 2 2 2 4 146 599 147
883 2 2 2 4 523 599 146
884 2 2 2 4 147 528 148
885 2 2 2 4 147 599 528
886 2 2 2 4 148 593 149
887 2 2 2 4 528 593 148
888 2 2 2 4 149 525 150
889 2 2 2 4 149 593 525
890 2 2 2 4 150 618 151
891 2 2 2 4 525 618 150
892 2 2 2 4 151 529 152
893 2 2 2 4 151 618 529
894 2 2 2 4 152 626 153
895 2 2 2 4 529 626 152
896 2 2 2 4 153 535 154
897 2 2 2 4 153 626 535
898 2 2 2 4 535 630 154
899 2 2 2 4 156 607 155
900 2 2 2 4 607 629 155
901 2 2 2 4 157 532 156
902 2 2 2 4 532 607 156
903 2 2 2 4 158 598 157
904 2 2 2 4 157 598 532
905 2 2 2 4 159 522 158
906 2 2 2 4 522 598 158
907 2 2 2 4 160 610 159
908 2 2 2 4 159 610 522
909 2 2 2 4 161 609 160
910 2 2 2 4 609 610 160
911 2 2 2 4 162 519 161
912 2 2 2 4 519 609 161
913 2 2 2 4 163 590 162
914 2 2 2 4 162 590 519
915 2 2 2 4 164 619 163
916 2 2 2 4 163 619 590
917 2 2 2 4 165 527 164
918 2 2 2 4 527 619 164
919 2 2 2 4 166 596 165
920 2 2 2 4 165 596 527
921 2 2 2 4 167 520 166
922 2 2 2 4 520 596 166
923 2 2 2 4 168 578 167
924 2 2 2 4 167 578 520
925 2 2 2 4 169 624 168
926 2 2 2 4 168 624 578
927 2 2 2 4 170 521 169
928 2 2 2 4 521 624 169
929 2 2 2 4 171 622 170
930 2 2 2 4 170 622 521
931 2 2 2 4 172 584 171
932 2 2 2 4 584 622 171
933 2 2 2 4 172 627 584
934 2 2 2 4 562 609 519
935 2 2 2 4 519 617 562
936 2 2 2 4 590 617 519
937 2 2 2 4 550 596 520
938 2 2 2 4 520 612 550
939 2 2 2 4 578 612 520
940 2 2 2 4 521 586 577
941 2 2 2 4 577 624 521
942 2 2 2 4 583 586 521
943 2 2 2 4 521 622 583
944 2 2 2 4 522 616 598
945 2 2 2 4 522 610 600
946 2 2 2 4 600 616 522
947 2 2 2 4 595 620 523
948 2 2 2 4 523 632 599
949 2 2 2 4 620 632 523
950 2 2 2 4 524 631 608
951 2 2 2 4 608 633 524
952 2 2 2 4 524 633 615
953 2 2 2 4 525 587 575
954 2 2 2 4 575 618 525
955 2 2 2 4 525 611 587
956 2 2 2 4 593 611 525
957 2 2 2 4 526 601 579
958 2 2 2 4 579 625 526
959 2 2 2 4 597 621 526
960 2 2 2 4 526 621 601
961 2 2 2 4 527 591 589
962 2 2 2 4 589 619 527
963 2 2 2 4 527 614 591
964 2 2 2 4 596 614 527
965 2 2 2 4 528 594 593
966 2 2 2 4 528 613 594
967 2 2 2 4 599 613 528
968 2 2 2 4 529 575 542
969 2 2 2 4 542 576 529
970 2 2 2 4 529 618 575
971 2 2 2 4 576 626 529
972 2 2 2 4 530 604 581
973 2 2 2 4 585 603 530
974 2 2 2 4 603 604 530
975 2 2 2 4 531 537 536
976 2 2 2 4 531 538 537
977 2 2 2 4 531 605 538
978 2 2 2 4 598 623 532
979 2 2 2 4 532 623 607
980 2 2 2 4 536 582 533
981 2 2 2 4 582 584 533
982 2 2 2 4 584 627 533
983 2 2 2 4 581 602 534
984 2 2 2 4 602 606 534
985 2 2 2 4 606 628 534
986 2 2 2 4 535 576 538
987 2 2 2 4 538 605 535
988 2 2 2 4 535 626 576
989 2 2 2 4 605 630 535
990 2 2 2 4 537 582 536
991 2 2 2 4 538 539 537
992 2 2 2 4 539 540 537
993 2 2 2 4 540 582 537
994 2 2 2 4 538 576 539
995 2 2 2 4 539 541 540
996 2 2 2 4 539 542 541
997 2 2 2 4 539 576 542
998 2 2 2 4 541 586 540
999 2 2 2 4 540 583 582
1000 2 2 2 4 540 586 583
1001 2 2 2 4 542 543 541
1002 2 2 2 4 543 544 541
1003 2 2 2 4 544 586 541
1004 2 2 2 4 542 575 543
1005 2 2 2 4 543 545 544
1006 2 2 2 4 543 587 545
1007 2 2 2 4 575 587 543
1008 2 2 2 4 545 546 544
1009 2 2 2 4 546 577 544
1010 2 2 2 4 577 586 544
1011 2 2 2 4 545 547 546
1012 2 2 2 4 545 548 547
1013 2 2 2 4 545 587 548
1014 2 2 2 4 547 612 546
1015 2 2 2 4 546 578 577
1016 2 2 2 4 546 612 578
1017 2 2 2 4 548 549 547
1018 2 2 2 4 549 550 547
1019 2 2 2 4 550 612 547
1020 2 2 2 4 548 594 549
1021 2 2 2 4 587 611 548
1022 2 2 2 4 548 611 594
1023 2 2 2 4 549 551 550
1024 2 2 2 4 549 552 551
1025 2 2 2 4 549 594 552
1026 2 2 2 4 551 614 550
1027 2 2 2 4 550 614 596
1028 2 2 2 4 552 553 551
1029 2 2 2 4 553 591 551
1030 2 2 2 4 591 614 551
1031 2 2 2 4 552 554 553
1032 2 2 2 4 552 613 554
1033 2 2 2 4 594 613 552
1034 2 2 2 4 554 555 553
1035 2 2 2 4 555 556 553
1036 2 2 2 4 556 591 553
1037 2 2 2 4 554 620 555
1038 2 2 2 4 613 632 554
1039 2 2 2 4 554 632 620
1040 2 2 2 4 555 557 556
1041 2 2 2 4 555 558 557
1042 2 2 2 4 555 620 558
1043 2 2 2 4 557 588 556
1044 2 2 2 4 588 589 556
1045 2 2 2 4 589 591 556
1046 2 2 2 4 558 559 557
1047 2 2 2 4 559 560 557
1048 2 2 2 4 560 588 557
1049 2 2 2 4 558 574 559
1050 2 2 2 4 558 595 574
1051 2 2 2 4 558 620 595
1052 2 2 2 4 559 561 560
1053 2 2 2 4 559 592 561
1054 2 2 2 4 574 592 559
1055 2 2 2 4 561 562 560
1056 2 2 2 4 562 617 560
1057 2 2 2 4 560 617 588
1058 2 2 2 4 561 563 562
1059 2 2 2 4 561 564 563
1060 2 2 2 4 561 592 564
1061 2 2 2 4 563 570 562
1062 2 2 2 4 570 609 562
1063 2 2 2 4 564 565 563
1064 2 2 2 4 565 600 563
1065 2 2 2 4 563 600 570
1066 2 2 2 4 564 566 565
1067 2 2 2 4 564 608 566
1068 2 2 2 4 592 608 564
1069 2 2 2 4 566 567 565
1070 2 2 2 4 567 568 565
1071 2 2 2 4 568 600 565
1072 2 2 2 4 566 579 567
1073 2 2 2 4 566 580 579
1074 2 2 2 4 566 608 580
1075 2 2 2 4 567 569 568
1076 2 2 2 4 567 601 569
1077 2 2 2 4 579 601 567
1078 2 2 2 4 569 571 568
1079 2 2 2 4 571 616 568
1080 2 2 2 4 568 616 600
1081 2 2 2 4 569 572 571
1082 2 2 2 4 569 573 572
1083 2 2 2 4 569 601 573
1084 2 2 2 4 600 610 570
1085 2 2 2 4 570 610 609
1086 2 2 2 4 572 623 571
1087 2 2 2 4 598 616 571
1088 2 2 2 4 571 623 598
1089 2 2 2 4 573 604 572
1090 2 2 2 4 572 604 603
1091 2 2 2 4 603 623 572
1092 2 2 2 4 601 621 573
1093 2 2 2 4 602 604 573
1094 2 2 2 4 573 621 602
1095 2 2 2 4 574 633 592
1096 2 2 2 4 595 615 574
1097 2 2 2 4 615 633 574
1098 2 2 2 4 578 624 577
1099 2 2 2 4 580 625 579
1100 2 2 2 4 608 631 580
1101 2 2 2 4 581 604 602
1102 2 2 2 4 583 584 582
1103 2 2 2 4 583 622 584
1104 2 2 2 4 585 607 603
1105 2 2 2 4 585 629 607
1106 2 2 2 4 588 590 589
1107 2 2 2 4 588 617 590
1108 2 2 2 4 590 619 589
1109 2 2 2 4 592 633 608
1110 2 2 2 4 594 611 593
1111 2 2 2 4 606 621 597
1112 2 2 2 4 599 632 613
1113 2 2 2 4 602 621 606
1114 2 2 2 4 607 623 603
1115 2 2 2 5 2 37 1018
1116 2 2 2 5 101 2 1018
1117 2 2 2 5 54 4 1015
1118 2 2 2 5 4 137 1015
1119 2 2 2 5 83 6 1016
1120 2 2 2 5 6 118 1016
1121 2 2 2 5 8 100 1017
1122 2 2 2 5 154 8 1017
1123 2 2 2 5 37 38 661
1124 2 2 2 5 37 661 1018
1125 2 2 2 5 38 39 920
1126 2 2 2 5 661 38 920
1127 2 2 2 5 39 40 649
1128 2 2 2 5 39 649 920
1129 2 2 2 5 40 41 967
1130 2 2 2 5 649 40 967
1131 2 2 2 5 41 42 966
1132 2 2 2 5 41 966 967
1133 2 2 2 5 42 43 642
1134 2 2 2 5 42 642 966
1135 2 2 2 5 43 44 963
1136 2 2 2 5 642 43 963
1137 2 2 2 5 44 45 962
1138 2 2 2 5 44 962 963
1139 2 2 2 5 45 46 634
1140 2 2 2 5 45 634 962
1141 2 2 2 5 46 47 916
1142 2 2 2 5 634 46 916
1143 2 2 2 5 47 48 654
1144 2 2 2 5 47 654 916
1145 2 2 2 5 48 49 879
1146 2 2 2 5 654 48 879
1147 2 2 2 5 49 50 640
1148 2 2 2 5 49 640 879
1149 2 2 2 5 50 51 939
1150 2 2 2 5 640 50 939
1151 2 2 2 5 51 52 657
1152 2 2 2 5 51 657 939
1153 2 2 2 5 52 53 662
1154 2 2 2 5 657 52 662
1155 2 2 2 5 53 54 659
1156 2 2 2 5 53 659 662
1157 2 2 2 5 659 54 1015
1158 2 2 2 5 84 83 994
1159 2 2 2 5 994 83 1016
1160 2 2 2 5 85 84 972
1161 2 2 2 5 972 84 994
1162 2 2 2 5 86 85 647
1163 2 2 2 5 647 85 972
1164 2 2 2 5 87 86 985
1165 2 2 2 5 86 647 985
1166 2 2 2 5 88 87 973
1167 2 2 2 5 973 87 985
1168 2 2 2 5 89 88 643
1169 2 2 2 5 643 88 973
1170 2 2 2 5 90 89 986
1171 2 2 2 5 89 643 986
1172 2 2 2 5 91 90 974
1173 2 2 2 5 974 90 986
1174 2 2 2 5 92 91 635
1175 2 2 2 5 635 91 974
1176 2 2 2 5 93 92 907
1177 2 2 2 5 92 635 907
1178 2 2 2 5 94 93 904
1179 2 2 2 5 904 93 907
1180 2 2 2 5 95 94 645
1181 2 2 2 5 645 94 904
1182 2 2 2 5 96 95 980
1183 2 2 2 5 95 645 980
1184 2 2 2 5 97 96 976
1185 2 2 2 5 976 96 980
1186 2 2 2 5 98 97 646
1187 2 2 2 5 646 97 976
1188 2 2 2 5 99 98 862
1189 2 2 2 5 98 646 862
1190 2 2 2 5 100 99 658
1191 2 2 2 5 658 99 862
1192 2 2 2 5 100 658 1017
1193 2 2 2 5 102 101 971
1194 2 2 2 5 971 101 1018
1195 2 2 2 5 103 102 1008
1196 2 2 2 5 102 971 1008
1197 2 2 2 5 104 103 652
1198 2 2 2 5 652 103 1008
1199 2 2 2 5 105 104 1013
1200 2 2 2 5 104 652 1013
1201 2 2 2 5 106 105 641
1202 2 2 2 5 641 105 1013
1203 2 2 2 5 107 106 996
1204 2 2 2 5 106 641 996
1205 2 2 2 5 108 107 653
1206 2 2 2 5 653 107 996
1207 2 2 2 5 109 108 911
1208 2 2 2 5 108 653 911
1209 2 2 2 5 110 109 637
1210 2 2 2 5 637 109 911
1211 2 2 2 5 111 110 912
1212 2 2 2 5 110 637 912
1213 2 2 2 5 112 111 650
1214 2 2 2 5 650 111 912
1215 2 2 2 5 113 112 892
1216 2 2 2 5 112 650 892
1217 2 2 2 5 114 113 638
1218 2 2 2 5 638 113 892
1219 2 2 2 5 115 114 1006
1220 2 2 2 5 114 638 1006
1221 2 2 2 5 116 115 655
1222 2 2 2 5 655 115 1006
1223 2 2 2 5 117 116 1010
1224 2 2 2 5 116 655 1010
1225 2 2 2 5 118 117 660
1226 2 2 2 5 660 117 1010
1227 2 2 2 5 118 660 1016
1228 2 2 2 5 137 138 850
1229 2 2 2 5 137 850 1015
1230 2 2 2 5 138 139 1007
1231 2 2 2 5 850 138 1007
1232 2 2 2 5 139 140 648
1233 2 2 2 5 139 648 1007
1234 2 2 2 5 140 141 1014
1235 2 2 2 5 648 140 1014
1236 2 2 2 5 141 142 869
1237 2 2 2 5 141 869 1014
1238 2 2 2 5 142 143 644
1239 2 2 2 5 142 644 869
1240 2 2 2 5 143 144 1002
1241 2 2 2 5 644 143 1002
1242 2 2 2 5 144 145 992
1243 2 2 2 5 144 992 1002
1244 2 2 2 5 145 146 636
1245 2 2 2 5 145 636 992
1246 2 2 2 5 146 147 917
1247 2 2 2 5 636 146 917
1248 2 2 2 5 147 148 651
1249 2 2 2 5 147 651 917
1250 2 2 2 5 148 149 896
1251 2 2 2 5 651 148 896
1252 2 2 2 5 149 150 639
1253 2 2 2 5 149 639 896
1254 2 2 2 5 150 151 1004
1255 2 2 2 5 639 150 1004
1256 2 2 2 5 151 152 656
1257 2 2 2 5 151 656 1004
1258 2 2 2 5 152 153 1009
1259 2 2 2 5 656 152 1009
1260 2 2 2 5 153 154 993
1261 2 2 2 5 153 993 1009
1262 2 2 2 5 993 154 1017
1263 2 2 2 5 634 916 960
1264 2 2 2 5 634 960 961
1265 2 2 2 5 634 961 962
1266 2 2 2 5 907 635 908
1267 2 2 2 5 908 635 975
1268 2 2 2 5 635 974 975
1269 2 2 2 5 636 917 1011
1270 2 2 2 5 992 636 1011
1271 2 2 2 5 637 911 1021
1272 2 2 2 5 912 637 1012
1273 2 2 2 5 1012 637 1021
1274 2 2 2 5 638 831 842
1275 2 2 2 5 831 638 1000
1276 2 2 2 5 638 842 1006
1277 2 2 2 5 638 892 1000
1278 2 2 2 5 639 841 956
1279 2 2 2 5 841 639 1004
1280 2 2 2 5 896 639 999
1281 2 2 2 5 639 956 999
1282 2 2 2 5 879 640 957
1283 2 2 2 5 640 939 954
1284 2 2 2 5 640 954 957
1285 2 2 2 5 641 885 887
1286 2 2 2 5 885 641 1013
1287 2 2 2 5 641 887 888
1288 2 2 2 5 641 888 996
1289 2 2 2 5 642 963 964
1290 2 2 2 5 642 964 965
1291 2 2 2 5 642 965 966
1292 2 2 2 5 643 973 989
1293 2 2 2 5 643 978 986
1294 2 2 2 5 978 643 989
1295 2 2 2 5 869 644 998
1296 2 2 2 5 998 644 1020
1297 2 2 2 5 644 1002 1020
1298 2 2 2 5 645 904 905
1299 2 2 2 5 645 905 979
1300 2 2 2 5 645 979 980
1301 2 2 2 5 862 646 983
1302 2 2 2 5 646 976 991
1303 2 2 2 5 983 646 991
1304 2 2 2 5 647 972 988
1305 2 2 2 5 647 977 985
1306 2 2 2 5 977 647 988
1307 2 2 2 5 851 648 955
1308 2 2 2 5 648 851 1007
1309 2 2 2 5 648 868 955
1310 2 2 2 5 868 648 1014
1311 2 2 2 5 920 649 969
1312 2 2 2 5 649 967 968
1313 2 2 2 5 649 968 969
1314 2 2 2 5 650 861 892
1315 2 2 2 5 861 650 1003
1316 2 2 2 5 650 912 1003
1317 2 2 2 5 651 896 897
1318 2 2 2 5 651 897 1005
1319 2 2 2 5 917 651 1005
1320 2 2 2 5 883 652 884
1321 2 2 2 5 652 883 885
1322 2 2 2 5 884 652 1008
1323 2 2 2 5 652 885 1013
1324 2 2 2 5 911 653 1001
1325 2 2 2 5 653 996 1019
1326 2 2 2 5 1001 653 1019
1327 2 2 2 5 654 879 958
1328 2 2 2 5 916 654 959
1329 2 2 2 5 654 958 959
1330 2 2 2 5 655 838 839
1331 2 2 2 5 838 655 842
1332 2 2 2 5 655 839 1010
1333 2 2 2 5 842 655 1006
1334 2 2 2 5 835 656 837
1335 2 2 2 5 656 835 841
1336 2 2 2 5 837 656 1009
1337 2 2 2 5 656 841 1004
1338 2 2 2 5 657 662 663
1339 2 2 2 5 657 663 664
1340 2 2 2 5 657 664 939
1341 2 2 2 5 658 862 984
1342 2 2 2 5 658 984 993
1343 2 2 2 5 658 993 1017
1344 2 2 2 5 662 659 849
1345 2 2 2 5 849 659 850
1346 2 2 2 5 850 659 1015
1347 2 2 2 5 660 839 840
1348 2 2 2 5 839 660 1010
1349 2 2 2 5 660 840 994
1350 2 2 2 5 660 994 1016
1351 2 2 2 5 661 920 970
1352 2 2 2 5 661 970 971
1353 2 2 2 5 661 971 1018
1354 2 2 2 5 663 662 849
1355 2 2 2 5 664 663 665
1356 2 2 2 5 665 663 873
1357 2 2 2 5 663 849 873
1358 2 2 2 5 664 665 666
1359 2 2 2 5 664 666 954
1360 2 2 2 5 939 664 954
1361 2 2 2 5 666 665 667
1362 2 2 2 5 667 665 766
1363 2 2 2 5 766 665 873
1364 2 2 2 5 666 667 668
1365 2 2 2 5 666 668 877
1366 2 2 2 5 666 877 954
1367 2 2 2 5 668 667 669
1368 2 2 2 5 669 667 913
1369 2 2 2 5 667 766 913
1370 2 2 2 5 668 669 670
1371 2 2 2 5 668 670 746
1372 2 2 2 5 668 746 877
1373 2 2 2 5 670 669 671
1374 2 2 2 5 671 669 738
1375 2 2 2 5 738 669 913
1376 2 2 2 5 670 671 672
1377 2 2 2 5 670 672 940
1378 2 2 2 5 746 670 940
1379 2 2 2 5 672 671 673
1380 2 2 2 5 673 671 901
1381 2 2 2 5 671 738 901
1382 2 2 2 5 672 673 674
1383 2 2 2 5 672 674 701
1384 2 2 2 5 672 701 940
1385 2 2 2 5 674 673 675
1386 2 2 2 5 675 673 714
1387 2 2 2 5 714 673 901
1388 2 2 2 5 674 675 676
1389 2 2 2 5 674 676 894
1390 2 2 2 5 701 674 894
1391 2 2 2 5 676 675 677
1392 2 2 2 5 677 675 898
1393 2 2 2 5 675 714 898
1394 2 2 2 5 676 677 678
1395 2 2 2 5 676 678 928
1396 2 2 2 5 894 676 928
1397 2 2 2 5 678 677 679
1398 2 2 2 5 679 677 952
1399 2 2 2 5 677 898 952
1400 2 2 2 5 678 679 680
1401 2 2 2 5 678 680 681
1402 2 2 2 5 678 681 928
1403 2 2 2 5 680 679 685
1404 2 2 2 5 685 679 697
1405 2 2 2 5 697 679 952
1406 2 2 2 5 681 680 682
1407 2 2 2 5 682 680 918
1408 2 2 2 5 680 685 918
1409 2 2 2 5 681 682 683
1410 2 2 2 5 681 683 813
1411 2 2 2 5 681 813 928
1412 2 2 2 5 683 682 684
1413 2 2 2 5 684 682 921
1414 2 2 2 5 682 918 921
1415 2 2 2 5 683 684 686
1416 2 2 2 5 683 686 889
1417 2 2 2 5 813 683 889
1418 2 2 2 5 686 684 687
1419 2 2 2 5 687 684 688
1420 2 2 2 5 688 684 921
1421 2 2 2 5 685 697 698
1422 2 2 2 5 685 698 756
1423 2 2 2 5 685 756 918
1424 2 2 2 5 686 687 689
1425 2 2 2 5 686 689 694
1426 2 2 2 5 686 694 889
1427 2 2 2 5 687 688 690
1428 2 2 2 5 689 687 924
1429 2 2 2 5 687 690 924
1430 2 2 2 5 690 688 691
1431 2 2 2 5 691 688 773
1432 2 2 2 5 773 688 921
1433 2 2 2 5 694 689 695
1434 2 2 2 5 695 689 880
1435 2 2 2 5 880 689 924
1436 2 2 2 5 690 691 692
1437 2 2 2 5 690 692 891
1438 2 2 2 5 690 891 924
1439 2 2 2 5 692 691 693
1440 2 2 2 5 693 691 899
1441 2 2 2 5 691 773 899
1442 2 2 2 5 692 693 696
1443 2 2 2 5 692 696 702
1444 2 2 2 5 692 702 891
1445 2 2 2 5 696 693 699
1446 2 2 2 5 699 693 700
1447 2 2 2 5 700 693 899
1448 2 2 2 5 694 695 706
1449 2 2 2 5 694 706 933
1450 2 2 2 5 889 694 933
1451 2 2 2 5 706 695 707
1452 2 2 2 5 707 695 710
1453 2 2 2 5 710 695 880
1454 2 2 2 5 696 699 703
1455 2 2 2 5 702 696 953
1456 2 2 2 5 696 703 953
1457 2 2 2 5 698 697 704
1458 2 2 2 5 704 697 855
1459 2 2 2 5 855 697 952
1460 2 2 2 5 698 704 705
1461 2 2 2 5 698 705 858
1462 2 2 2 5 756 698 858
1463 2 2 2 5 699 700 708
1464 2 2 2 5 703 699 902
1465 2 2 2 5 699 708 902
1466 2 2 2 5 708 700 709
1467 2 2 2 5 709 700 742
1468 2 2 2 5 742 700 899
1469 2 2 2 5 863 701 893
1470 2 2 2 5 701 863 940
1471 2 2 2 5 893 701 894
1472 2 2 2 5 891 702 936
1473 2 2 2 5 702 910 936
1474 2 2 2 5 910 702 953
1475 2 2 2 5 856 703 949
1476 2 2 2 5 703 856 953
1477 2 2 2 5 703 902 949
1478 2 2 2 5 705 704 711
1479 2 2 2 5 711 704 723
1480 2 2 2 5 723 704 855
1481 2 2 2 5 705 711 712
1482 2 2 2 5 705 712 737
1483 2 2 2 5 705 737 858
1484 2 2 2 5 706 707 721
1485 2 2 2 5 706 721 722
1486 2 2 2 5 706 722 933
1487 2 2 2 5 707 710 713
1488 2 2 2 5 707 713 903
1489 2 2 2 5 721 707 903
1490 2 2 2 5 708 709 715
1491 2 2 2 5 708 715 720
1492 2 2 2 5 708 720 902
1493 2 2 2 5 715 709 716
1494 2 2 2 5 716 709 938
1495 2 2 2 5 709 742 938
1496 2 2 2 5 713 710 719
1497 2 2 2 5 719 710 929
1498 2 2 2 5 710 880 929
1499 2 2 2 5 712 711 717
1500 2 2 2 5 717 711 857
1501 2 2 2 5 711 723 857
1502 2 2 2 5 712 717 718
1503 2 2 2 5 712 718 943
1504 2 2 2 5 737 712 943
1505 2 2 2 5 713 719 727
1506 2 2 2 5 713 727 728
1507 2 2 2 5 713 728 903
1508 2 2 2 5 714 843 878
1509 2 2 2 5 843 714 901
1510 2 2 2 5 714 878 898
1511 2 2 2 5 715 716 731
1512 2 2 2 5 720 715 874
1513 2 2 2 5 715 731 874
1514 2 2 2 5 731 716 732
1515 2 2 2 5 732 716 755
1516 2 2 2 5 755 716 938
1517 2 2 2 5 718 717 724
1518 2 2 2 5 724 717 739
1519 2 2 2 5 739 717 857
1520 2 2 2 5 718 724 725
1521 2 2 2 5 718 725 726
1522 2 2 2 5 718 726 943
1523 2 2 2 5 727 719 740
1524 2 2 2 5 740 719 743
1525 2 2 2 5 743 719 929
1526 2 2 2 5 720 874 875
1527 2 2 2 5 720 875 876
1528 2 2 2 5 720 876 902
1529 2 2 2 5 722 721 729
1530 2 2 2 5 729 721 914
1531 2 2 2 5 721 903 914
1532 2 2 2 5 722 729 730
1533 2 2 2 5 722 730 744
1534 2 2 2 5 722 744 933
1535 2 2 2 5 853 723 855
1536 2 2 2 5 723 853 900
1537 2 2 2 5 857 723 900
1538 2 2 2 5 725 724 935
1539 2 2 2 5 724 739 775
1540 2 2 2 5 724 775 935
1541 2 2 2 5 726 725 733
1542 2 2 2 5 733 725 734
1543 2 2 2 5 734 725 935
1544 2 2 2 5 726 733 741
1545 2 2 2 5 726 741 778
1546 2 2 2 5 726 778 943
1547 2 2 2 5 728 727 735
1548 2 2 2 5 735 727 919
1549 2 2 2 5 727 740 919
1550 2 2 2 5 728 735 736
1551 2 2 2 5 728 736 915
1552 2 2 2 5 903 728 915
1553 2 2 2 5 730 729 747
1554 2 2 2 5 747 729 748
1555 2 2 2 5 748 729 914
1556 2 2 2 5 744 730 745
1557 2 2 2 5 745 730 932
1558 2 2 2 5 730 747 932
1559 2 2 2 5 731 732 758
1560 2 2 2 5 731 758 760
1561 2 2 2 5 731 760 874
1562 2 2 2 5 732 755 931
1563 2 2 2 5 758 732 759
1564 2 2 2 5 759 732 931
1565 2 2 2 5 733 734 749
1566 2 2 2 5 741 733 930
1567 2 2 2 5 733 749 930
1568 2 2 2 5 749 734 750
1569 2 2 2 5 750 734 753
1570 2 2 2 5 753 734 935
1571 2 2 2 5 736 735 754
1572 2 2 2 5 754 735 774
1573 2 2 2 5 774 735 919
1574 2 2 2 5 736 754 757
1575 2 2 2 5 736 757 772
1576 2 2 2 5 736 772 915
1577 2 2 2 5 858 737 859
1578 2 2 2 5 859 737 947
1579 2 2 2 5 737 943 947
1580 2 2 2 5 864 738 865
1581 2 2 2 5 738 864 901
1582 2 2 2 5 865 738 913
1583 2 2 2 5 775 739 776
1584 2 2 2 5 776 739 777
1585 2 2 2 5 777 739 857
1586 2 2 2 5 740 743 751
1587 2 2 2 5 740 751 761
1588 2 2 2 5 740 761 919
1589 2 2 2 5 778 741 811
1590 2 2 2 5 811 741 812
1591 2 2 2 5 812 741 930
1592 2 2 2 5 742 870 938
1593 2 2 2 5 870 742 944
1594 2 2 2 5 742 899 944
1595 2 2 2 5 751 743 752
1596 2 2 2 5 752 743 771
1597 2 2 2 5 771 743 929
1598 2 2 2 5 744 745 767
1599 2 2 2 5 744 767 922
1600 2 2 2 5 744 922 933
1601 2 2 2 5 767 745 768
1602 2 2 2 5 768 745 769
1603 2 2 2 5 769 745 932
1604 2 2 2 5 877 746 895
1605 2 2 2 5 895 746 950
1606 2 2 2 5 746 940 950
1607 2 2 2 5 747 748 781
1608 2 2 2 5 747 781 782
1609 2 2 2 5 747 782 932
1610 2 2 2 5 781 748 925
1611 2 2 2 5 748 914 927
1612 2 2 2 5 925 748 927
1613 2 2 2 5 749 750 786
1614 2 2 2 5 749 786 789
1615 2 2 2 5 749 789 930
1616 2 2 2 5 750 753 764
1617 2 2 2 5 750 764 844
1618 2 2 2 5 786 750 844
1619 2 2 2 5 751 752 762
1620 2 2 2 5 761 751 890
1621 2 2 2 5 751 762 890
1622 2 2 2 5 762 752 763
1623 2 2 2 5 763 752 848
1624 2 2 2 5 752 771 848
1625 2 2 2 5 764 753 790
1626 2 2 2 5 790 753 951
1627 2 2 2 5 753 935 951
1628 2 2 2 5 757 754 765
1629 2 2 2 5 765 754 886
1630 2 2 2 5 754 774 886
1631 2 2 2 5 755 852 931
1632 2 2 2 5 852 755 941
1633 2 2 2 5 755 938 941
1634 2 2 2 5 756 858 860
1635 2 2 2 5 756 860 923
1636 2 2 2 5 918 756 923
1637 2 2 2 5 757 765 881
1638 2 2 2 5 772 757 783
1639 2 2 2 5 783 757 881
1640 2 2 2 5 758 759 990
1641 2 2 2 5 760 758 785
1642 2 2 2 5 785 758 990
1643 2 2 2 5 909 759 931
1644 2 2 2 5 759 909 981
1645 2 2 2 5 759 981 990
1646 2 2 2 5 760 785 787
1647 2 2 2 5 760 787 788
1648 2 2 2 5 760 788 874
1649 2 2 2 5 761 890 997
1650 2 2 2 5 919 761 995
1651 2 2 2 5 995 761 997
1652 2 2 2 5 762 763 817
1653 2 2 2 5 762 817 822
1654 2 2 2 5 762 822 890
1655 2 2 2 5 817 763 845
1656 2 2 2 5 845 763 847
1657 2 2 2 5 847 763 848
1658 2 2 2 5 764 790 835
1659 2 2 2 5 764 835 836
1660 2 2 2 5 764 836 844
1661 2 2 2 5 881 765 882
1662 2 2 2 5 882 765 883
1663 2 2 2 5 883 765 886
1664 2 2 2 5 766 867 913
1665 2 2 2 5 867 766 955
1666 2 2 2 5 766 873 955
1667 2 2 2 5 767 768 893
1668 2 2 2 5 767 893 934
1669 2 2 2 5 922 767 934
1670 2 2 2 5 768 769 770
1671 2 2 2 5 768 770 863
1672 2 2 2 5 768 863 893
1673 2 2 2 5 770 769 779
1674 2 2 2 5 779 769 926
1675 2 2 2 5 926 769 932
1676 2 2 2 5 770 779 780
1677 2 2 2 5 770 780 950
1678 2 2 2 5 863 770 950
1679 2 2 2 5 848 771 936
1680 2 2 2 5 771 929 937
1681 2 2 2 5 936 771 937
1682 2 2 2 5 772 783 784
1683 2 2 2 5 772 784 927
1684 2 2 2 5 915 772 927
1685 2 2 2 5 899 773 944
1686 2 2 2 5 773 921 923
1687 2 2 2 5 773 923 944
1688 2 2 2 5 886 774 887
1689 2 2 2 5 887 774 995
1690 2 2 2 5 774 919 995
1691 2 2 2 5 775 776 816
1692 2 2 2 5 775 816 951
1693 2 2 2 5 935 775 951
1694 2 2 2 5 776 777 806
1695 2 2 2 5 776 806 897
1696 2 2 2 5 816 776 897
1697 2 2 2 5 806 777 807
1698 2 2 2 5 807 777 900
1699 2 2 2 5 777 857 900
1700 2 2 2 5 778 811 852
1701 2 2 2 5 778 852 947
1702 2 2 2 5 943 778 947
1703 2 2 2 5 780 779 959
1704 2 2 2 5 779 926 960
1705 2 2 2 5 959 779 960
1706 2 2 2 5 780 895 950
1707 2 2 2 5 895 780 958
1708 2 2 2 5 958 780 959
1709 2 2 2 5 782 781 814
1710 2 2 2 5 814 781 964
1711 2 2 2 5 781 925 964
1712 2 2 2 5 782 814 961
1713 2 2 2 5 782 926 932
1714 2 2 2 5 926 782 961
1715 2 2 2 5 784 783 815
1716 2 2 2 5 815 783 968
1717 2 2 2 5 783 881 968
1718 2 2 2 5 784 815 965
1719 2 2 2 5 784 925 927
1720 2 2 2 5 925 784 965
1721 2 2 2 5 787 785 820
1722 2 2 2 5 820 785 975
1723 2 2 2 5 975 785 990
1724 2 2 2 5 789 786 821
1725 2 2 2 5 821 786 991
1726 2 2 2 5 786 844 991
1727 2 2 2 5 788 787 791
1728 2 2 2 5 791 787 978
1729 2 2 2 5 787 820 978
1730 2 2 2 5 788 791 792
1731 2 2 2 5 788 792 875
1732 2 2 2 5 874 788 875
1733 2 2 2 5 789 821 979
1734 2 2 2 5 930 789 987
1735 2 2 2 5 789 979 987
1736 2 2 2 5 835 790 841
1737 2 2 2 5 841 790 956
1738 2 2 2 5 790 951 956
1739 2 2 2 5 792 791 793
1740 2 2 2 5 793 791 989
1741 2 2 2 5 791 978 989
1742 2 2 2 5 792 793 794
1743 2 2 2 5 792 794 795
1744 2 2 2 5 792 795 875
1745 2 2 2 5 794 793 871
1746 2 2 2 5 871 793 872
1747 2 2 2 5 872 793 989
1748 2 2 2 5 795 794 796
1749 2 2 2 5 796 794 797
1750 2 2 2 5 797 794 871
1751 2 2 2 5 795 796 942
1752 2 2 2 5 875 795 876
1753 2 2 2 5 876 795 942
1754 2 2 2 5 796 797 798
1755 2 2 2 5 796 798 799
1756 2 2 2 5 796 799 942
1757 2 2 2 5 798 797 800
1758 2 2 2 5 800 797 818
1759 2 2 2 5 818 797 871
1760 2 2 2 5 799 798 801
1761 2 2 2 5 798 800 945
1762 2 2 2 5 801 798 945
1763 2 2 2 5 799 801 802
1764 2 2 2 5 799 802 946
1765 2 2 2 5 942 799 946
1766 2 2 2 5 800 818 819
1767 2 2 2 5 800 819 838
1768 2 2 2 5 800 838 945
1769 2 2 2 5 802 801 803
1770 2 2 2 5 803 801 831
1771 2 2 2 5 831 801 945
1772 2 2 2 5 802 803 804
1773 2 2 2 5 802 804 805
1774 2 2 2 5 802 805 946
1775 2 2 2 5 804 803 861
1776 2 2 2 5 803 831 1000
1777 2 2 2 5 861 803 1000
1778 2 2 2 5 805 804 808
1779 2 2 2 5 808 804 809
1780 2 2 2 5 809 804 861
1781 2 2 2 5 805 808 810
1782 2 2 2 5 805 810 856
1783 2 2 2 5 805 856 946
1784 2 2 2 5 806 807 823
1785 2 2 2 5 806 823 1005
1786 2 2 2 5 897 806 1005
1787 2 2 2 5 823 807 824
1788 2 2 2 5 824 807 825
1789 2 2 2 5 825 807 900
1790 2 2 2 5 808 809 845
1791 2 2 2 5 810 808 847
1792 2 2 2 5 808 845 847
1793 2 2 2 5 845 809 846
1794 2 2 2 5 846 809 1003
1795 2 2 2 5 809 861 1003
1796 2 2 2 5 810 847 910
1797 2 2 2 5 856 810 953
1798 2 2 2 5 810 910 953
1799 2 2 2 5 811 812 909
1800 2 2 2 5 852 811 931
1801 2 2 2 5 811 909 931
1802 2 2 2 5 909 812 982
1803 2 2 2 5 812 930 987
1804 2 2 2 5 982 812 987
1805 2 2 2 5 813 889 922
1806 2 2 2 5 813 922 934
1807 2 2 2 5 928 813 934
1808 2 2 2 5 961 814 962
1809 2 2 2 5 962 814 963
1810 2 2 2 5 963 814 964
1811 2 2 2 5 965 815 966
1812 2 2 2 5 966 815 967
1813 2 2 2 5 967 815 968
1814 2 2 2 5 816 897 999
1815 2 2 2 5 951 816 956
1816 2 2 2 5 956 816 999
1817 2 2 2 5 822 817 1012
1818 2 2 2 5 817 845 846
1819 2 2 2 5 817 846 1012
1820 2 2 2 5 819 818 988
1821 2 2 2 5 818 871 977
1822 2 2 2 5 818 977 988
1823 2 2 2 5 838 819 839
1824 2 2 2 5 839 819 840
1825 2 2 2 5 840 819 988
1826 2 2 2 5 974 820 975
1827 2 2 2 5 820 974 986
1828 2 2 2 5 978 820 986
1829 2 2 2 5 821 976 980
1830 2 2 2 5 976 821 991
1831 2 2 2 5 979 821 980
1832 2 2 2 5 890 822 1001
1833 2 2 2 5 1001 822 1021
1834 2 2 2 5 822 1012 1021
1835 2 2 2 5 823 824 1011
1836 2 2 2 5 823 917 1005
1837 2 2 2 5 917 823 1011
1838 2 2 2 5 824 825 826
1839 2 2 2 5 824 826 948
1840 2 2 2 5 824 948 1011
1841 2 2 2 5 826 825 827
1842 2 2 2 5 827 825 853
1843 2 2 2 5 853 825 900
1844 2 2 2 5 826 827 828
1845 2 2 2 5 826 828 829
1846 2 2 2 5 826 829 948
1847 2 2 2 5 828 827 878
1848 2 2 2 5 827 853 854
1849 2 2 2 5 827 854 878
1850 2 2 2 5 829 828 830
1851 2 2 2 5 830 828 843
1852 2 2 2 5 843 828 878
1853 2 2 2 5 829 830 832
1854 2 2 2 5 829 832 834
1855 2 2 2 5 829 834 948
1856 2 2 2 5 832 830 833
1857 2 2 2 5 833 830 864
1858 2 2 2 5 830 843 864
1859 2 2 2 5 842 831 945
1860 2 2 2 5 832 833 998
1861 2 2 2 5 834 832 1020
1862 2 2 2 5 832 998 1020
1863 2 2 2 5 833 864 865
1864 2 2 2 5 833 865 866
1865 2 2 2 5 833 866 998
1866 2 2 2 5 948 834 992
1867 2 2 2 5 992 834 1002
1868 2 2 2 5 1002 834 1020
1869 2 2 2 5 836 835 837
1870 2 2 2 5 836 837 984
1871 2 2 2 5 844 836 983
1872 2 2 2 5 983 836 984
1873 2 2 2 5 984 837 993
1874 2 2 2 5 993 837 1009
1875 2 2 2 5 838 842 945
1876 2 2 2 5 972 840 988
1877 2 2 2 5 840 972 994
1878 2 2 2 5 864 843 901
1879 2 2 2 5 844 983 991
1880 2 2 2 5 912 846 1003
1881 2 2 2 5 846 912 1012
1882 2 2 2 5 847 848 910
1883 2 2 2 5 910 848 936
1884 2 2 2 5 849 850 851
1885 2 2 2 5 849 851 873
1886 2 2 2 5 851 850 1007
1887 2 2 2 5 873 851 955
1888 2 2 2 5 852 941 947
1889 2 2 2 5 854 853 855
1890 2 2 2 5 854 855 952
1891 2 2 2 5 878 854 898
1892 2 2 2 5 898 854 952
1893 2 2 2 5 946 856 949
1894 2 2 2 5 858 859 860
1895 2 2 2 5 860 859 870
1896 2 2 2 5 870 859 941
1897 2 2 2 5 941 859 947
1898 2 2 2 5 860 870 944
1899 2 2 2 5 923 860 944
1900 2 2 2 5 892 861 1000
1901 2 2 2 5 862 983 984
1902 2 2 2 5 940 863 950
1903 2 2 2 5 866 865 867
1904 2 2 2 5 867 865 913
1905 2 2 2 5 866 867 868
1906 2 2 2 5 866 868 869
1907 2 2 2 5 866 869 998
1908 2 2 2 5 868 867 955
1909 2 2 2 5 869 868 1014
1910 2 2 2 5 938 870 941
1911 2 2 2 5 871 872 977
1912 2 2 2 5 872 973 985
1913 2 2 2 5 973 872 989
1914 2 2 2 5 977 872 985
1915 2 2 2 5 902 876 949
1916 2 2 2 5 876 942 949
1917 2 2 2 5 877 895 957
1918 2 2 2 5 954 877 957
1919 2 2 2 5 879 957 958
1920 2 2 2 5 880 924 937
1921 2 2 2 5 929 880 937
1922 2 2 2 5 881 882 969
1923 2 2 2 5 968 881 969
1924 2 2 2 5 882 883 884
1925 2 2 2 5 882 884 970
1926 2 2 2 5 969 882 970
1927 2 2 2 5 885 883 886
1928 2 2 2 5 970 884 971
1929 2 2 2 5 971 884 1008
1930 2 2 2 5 885 886 887
1931 2 2 2 5 888 887 995
1932 2 2 2 5 888 995 997
1933 2 2 2 5 996 888 1019
1934 2 2 2 5 888 997 1019
1935 2 2 2 5 922 889 933
1936 2 2 2 5 997 890 1001
1937 2 2 2 5 924 891 937
1938 2 2 2 5 891 936 937
1939 2 2 2 5 893 894 934
1940 2 2 2 5 894 928 934
1941 2 2 2 5 957 895 958
1942 2 2 2 5 897 896 999
1943 2 2 2 5 914 903 915
1944 2 2 2 5 905 904 906
1945 2 2 2 5 906 904 907
1946 2 2 2 5 905 906 982
1947 2 2 2 5 979 905 987
1948 2 2 2 5 905 982 987
1949 2 2 2 5 906 907 908
1950 2 2 2 5 906 908 981
1951 2 2 2 5 906 981 982
1952 2 2 2 5 908 975 990
1953 2 2 2 5 981 908 990
1954 2 2 2 5 981 909 982
1955 2 2 2 5 911 1001 1021
1956 2 2 2 5 914 915 927
1957 2 2 2 5 916 959 960
1958 2 2 2 5 921 918 923
1959 2 2 2 5 920 969 970
1960 2 2 2 5 964 925 965
1961 2 2 2 5 960 926 961
1962 2 2 2 5 942 946 949
1963 2 2 2 5 948 992 1011
1964 2 2 2 5 997 1001 1019
1965 2 2 2 6 1 1406 14
1966 2 2 2 6 119 1406 1
1967 2 2 2 6 31 1403 3
1968 2 2 2 6 3 1403 155
1969 2 2 2 6 60 1404 5
1970 2 2 2 6 5 1404 136
1971 2 2 2 6 7 1405 77
1972 2 2 2 6 172 1405 7
1973 2 2 2 6 14 1049 15
1974 2 2 2 6 14 1406 1049
1975 2 2 2 6 15 1270 16
1976 2 2 2 6 1049 1270 15
1977 2 2 2 6 16 1037 17
1978 2 2 2 6 16 1270 1037
1979 2 2 2 6 17 1267 18
1980 2 2 2 6 1037 1267 17
1981 2 2 2 6 18 1283 19
1982 2 2 2 6 1267 1283 18
1983 2 2 2 6 19 1030 20
1984 2 2 2 6 19 1283 1030
1985 2 2 2 6 20 1349 21
1986 2 2 2 6 1030 1349 20
1987 2 2 2 6 21 1350 22
1988 2 2 2 6 1349 1350 21
1989 2 2 2 6 22 1025 23
1990 2 2 2 6 22 1350 1025
1991 2 2 2 6 23 1294 24
1992 2 2 2 6 1025 1294 23
1993 2 2 2 6 24 1042 25
1994 2 2 2 6 24 1294 1042
1995 2 2 2 6 25 1280 26
1996 2 2 2 6 1042 1280 25
1997 2 2 2 6 26 1028 27
1998 2 2 2 6 26 1280 1028
1999 2 2 2 6 27 1304 28
2000 2 2 2 6 1028 1304 27
2001 2 2 2 6 28 1043 29
2002 2 2 2 6 28 1304 1043
2003 2 2 2 6 29 1050 30
2004 2 2 2 6 1043 1050 29
2005 2 2 2 6 30 1047 31
2006 2 2 2 6 30 1050 1047
2007 2 2 2 6 1047 1403 31
2008 2 2 2 6 61 1384 60
2009 2 2 2 6 1384 1404 60
2010 2 2 2 6 62 1380 61
2011 2 2 2 6 1380 1384 61
2012 2 2 2 6 63 1036 62
2013 2 2 2 6 1036 1380 62
2014 2 2 2 6 64 1368 63
2015 2 2 2 6 63 1368 1036
2016 2 2 2 6 65 1379 64
2017 2 2 2 6 64 1379 1368
2018 2 2 2 6 66 1031 65
2019 2 2 2 6 1031 1379 65
2020 2 2 2 6 67 1367 66
2021 2 2 2 6 66 1367 1031
2022 2 2 2 6 68 1378 67
2023 2 2 2 6 67 1378 1367
2024 2 2 2 6 69 1024 68
2025 2 2 2 6 1024 1378 68
2026 2 2 2 6 70 1287 69
2027 2 2 2 6 69 1287 1024
2028 2 2 2 6 71 1286 70
2029 2 2 2 6 1286 1287 70
2030 2 2 2 6 72 1033 71
2031 2 2 2 6 1033 1286 71
2032 2 2 2 6 73 1370 72
2033 2 2 2 6 72 1370 1033
2034 2 2 2 6 74 1381 73
2035 2 2 2 6 73 1381 1370
2036 2 2 2 6 75 1034 74
2037 2 2 2 6 1034 1381 74
2038 2 2 2 6 76 1376 75
2039 2 2 2 6 75 1376 1034
2040 2 2 2 6 77 1383 76
2041 2 2 2 6 76 1383 1376
2042 2 2 2 6 77 1405 1383
2043 2 2 2 6 120 1279 119
2044 2 2 2 6 1279 1406 119
2045 2 2 2 6 121 1396 120
2046 2 2 2 6 120 1396 1279
2047 2 2 2 6 122 1039 121
2048 2 2 2 6 1039 1396 121
2049 2 2 2 6 123 1401 122
2050 2 2 2 6 122 1401 1039
2051 2 2 2 6 124 1029 123
2052 2 2 2 6 1029 1401 123
2053 2 2 2 6 125 1284 124
2054 2 2 2 6 124 1284 1029
2055 2 2 2 6 126 1040 125
2056 2 2 2 6 1040 1284 125
2057 2 2 2 6 127 1289 126
2058 2 2 2 6 126 1289 1040
2059 2 2 2 6 128 1022 127
2060 2 2 2 6 1022 1289 127
2061 2 2 2 6 129 1290 128
2062 2 2 2 6 128 1290 1022
2063 2 2 2 6 130 1041 129
2064 2 2 2 6 1041 1290 129
2065 2 2 2 6 131 1257 130
2066 2 2 2 6 130 1257 1041
2067 2 2 2 6 132 1026 131
2068 2 2 2 6 1026 1257 131
2069 2 2 2 6 133 1394 132
2070 2 2 2 6 132 1394 1026
2071 2 2 2 6 134 1045 133
2072 2 2 2 6 1045 1394 133
2073 2 2 2 6 135 1398 134
2074 2 2 2 6 134 1398 1045
2075 2 2 2 6 136 1048 135
2076 2 2 2 6 1048 1398 135
2077 2 2 2 6 136 1404 1048
2078 2 2 2 6 155 1232 156
2079 2 2 2 6 155 1403 1232
2080 2 2 2 6 156 1395 157
2081 2 2 2 6 1232 1395 156
2082 2 2 2 6 157 1035 158
2083 2 2 2 6 157 1395 1035
2084 2 2 2 6 158 1402 159
2085 2 2 2 6 1035 1402 158
2086 2 2 2 6 159 1243 160
2087 2 2 2 6 159 1402 1243
2088 2 2 2 6 160 1032 161
2089 2 2 2 6 160 1243 1032
2090 2 2 2 6 161 1390 162
2091 2 2 2 6 1032 1390 161
2092 2 2 2 6 162 1382 163
2093 2 2 2 6 162 1390 1382
2094 2 2 2 6 163 1023 164
2095 2 2 2 6 163 1382 1023
2096 2 2 2 6 164 1296 165
2097 2 2 2 6 1023 1296 164
2098 2 2 2 6 165 1038 166
2099 2 2 2 6 165 1296 1038
2100 2 2 2 6 166 1281 167
2101 2 2 2 6 1038 1281 166
2102 2 2 2 6 167 1027 168
2103 2 2 2 6 167 1281 1027
2104 2 2 2 6 168 1392 169
2105 2 2 2 6 1027 1392 168
2106 2 2 2 6 169 1044 170
2107 2 2 2 6 169 1392 1044
2108 2 2 2 6 170 1397 171
2109 2 2 2 6 1044 1397 170
2110 2 2 2 6 171 1046 172
2111 2 2 2 6 171 1397 1046
2112 2 2 2 6 1046 1405 172
2113 2 2 2 6 1022 1408 1289
2114 2 2 2 6 1290 1400 1022
2115 2 2 2 6 1400 1408 1022
2116 2 2 2 6 1023 1399 1296
2117 2 2 2 6 1382 1399 1023
2118 2 2 2 6 1287 1288 1024
2119 2 2 2 6 1288 1363 1024
2120 2 2 2 6 1363 1378 1024
2121 2 2 2 6 1025 1295 1294
2122 2 2 2 6 1025 1346 1295
2123 2 2 2 6 1025 1350 1346
2124 2 2 2 6 1026 1226 1214
2125 2 2 2 6 1214 1387 1026
2126 2 2 2 6 1026 1394 1226
2127 2 2 2 6 1026 1387 1257
2128 2 2 2 6 1027 1331 1225
2129 2 2 2 6 1225 1392 1027
2130 2 2 2 6 1281 1386 1027
2131 2 2 2 6 1027 1386 1331
2132 2 2 2 6 1280 1339 1028
2133 2 2 2 6 1028 1336 1304
2134 2 2 2 6 1028 1339 1336
2135 2 2 2 6 1029 1277 1275
2136 2 2 2 6 1275 1401 1029
2137 2 2 2 6 1029 1388 1277
2138 2 2 2 6 1284 1388 1029
2139 2 2 2 6 1283 1353 1030
2140 2 2 2 6 1030 1351 1349
2141 2 2 2 6 1030 1353 1351
2142 2 2 2 6 1031 1374 1365
2143 2 2 2 6 1365 1379 1031
2144 2 2 2 6 1367 1374 1031
2145 2 2 2 6 1243 1385 1032
2146 2 2 2 6 1385 1407 1032
2147 2 2 2 6 1032 1407 1390
2148 2 2 2 6 1033 1372 1286
2149 2 2 2 6 1370 1377 1033
2150 2 2 2 6 1033 1377 1372
2151 2 2 2 6 1034 1371 1366
2152 2 2 2 6 1366 1381 1034
2153 2 2 2 6 1034 1376 1371
2154 2 2 2 6 1233 1239 1035
2155 2 2 2 6 1035 1395 1233
2156 2 2 2 6 1239 1240 1035
2157 2 2 2 6 1240 1402 1035
2158 2 2 2 6 1036 1373 1364
2159 2 2 2 6 1364 1380 1036
2160 2 2 2 6 1368 1373 1036
2161 2 2 2 6 1037 1268 1267
2162 2 2 2 6 1037 1269 1268
2163 2 2 2 6 1037 1270 1269
2164 2 2 2 6 1038 1282 1281
2165 2 2 2 6 1038 1393 1282
2166 2 2 2 6 1296 1393 1038
2167 2 2 2 6 1039 1274 1273
2168 2 2 2 6 1273 1396 1039
2169 2 2 2 6 1039 1275 1274
2170 2 2 2 6 1039 1401 1275
2171 2 2 2 6 1212 1284 1040
2172 2 2 2 6 1040 1389 1212
2173 2 2 2 6 1289 1389 1040
2174 2 2 2 6 1041 1257 1256
2175 2 2 2 6 1256 1391 1041
2176 2 2 2 6 1041 1391 1290
2177 2 2 2 6 1042 1340 1280
2178 2 2 2 6 1294 1343 1042
2179 2 2 2 6 1042 1343 1340
2180 2 2 2 6 1043 1051 1050
2181 2 2 2 6 1043 1052 1051
2182 2 2 2 6 1043 1304 1052
2183 2 2 2 6 1218 1220 1044
2184 2 2 2 6 1044 1225 1218
2185 2 2 2 6 1220 1397 1044
2186 2 2 2 6 1044 1392 1225
2187 2 2 2 6 1045 1223 1222
2188 2 2 2 6 1222 1226 1045
2189 2 2 2 6 1045 1398 1223
2190 2 2 2 6 1226 1394 1045
2191 2 2 2 6 1220 1221 1046
2192 2 2 2 6 1046 1397 1220
2193 2 2 2 6 1221 1383 1046
2194 2 2 2 6 1383 1405 1046
2195 2 2 2 6 1050 1231 1047
2196 2 2 2 6 1231 1232 1047
2197 2 2 2 6 1232 1403 1047
2198 2 2 2 6 1048 1224 1223
2199 2 2 2 6 1223 1398 1048
2200 2 2 2 6 1048 1384 1224
2201 2 2 2 6 1048 1404 1384
2202 2 2 2 6 1049 1271 1270
2203 2 2 2 6 1049 1279 1271
2204 2 2 2 6 1049 1406 1279
2205 2 2 2 6 1051 1231 1050
2206 2 2 2 6 1052 1053 1051
2207 2 2 2 6 1053 1238 1051
2208 2 2 2 6 1051 1238 1231
2209 2 2 2 6 1052 1054 1053
2210 2 2 2 6 1052 1336 1054
2211 2 2 2 6 1304 1336 1052
2212 2 2 2 6 1054 1055 1053
2213 2 2 2 6 1055 1149 1053
2214 2 2 2 6 1149 1238 1053
2215 2 2 2 6 1054 1056 1055
2216 2 2 2 6 1054 1246 1056
2217 2 2 2 6 1054 1336 1246
2218 2 2 2 6 1056 1057 1055
2219 2 2 2 6 1057 1319 1055
2220 2 2 2 6 1055 1319 1149
2221 2 2 2 6 1056 1058 1057
2222 2 2 2 6 1056 1132 1058
2223 2 2 2 6 1056 1246 1132
2224 2 2 2 6 1058 1059 1057
2225 2 2 2 6 1059 1124 1057
2226 2 2 2 6 1124 1319 1057
2227 2 2 2 6 1058 1060 1059
2228 2 2 2 6 1058 1314 1060
2229 2 2 2 6 1132 1314 1058
2230 2 2 2 6 1060 1061 1059
2231 2 2 2 6 1061 1308 1059
2232 2 2 2 6 1059 1308 1124
2233 2 2 2 6 1060 1062 1061
2234 2 2 2 6 1060 1089 1062
2235 2 2 2 6 1060 1314 1089
2236 2 2 2 6 1062 1063 1061
2237 2 2 2 6 1063 1102 1061
2238 2 2 2 6 1102 1308 1061
2239 2 2 2 6 1062 1064 1063
2240 2 2 2 6 1062 1258 1064
2241 2 2 2 6 1089 1258 1062
2242 2 2 2 6 1064 1065 1063
2243 2 2 2 6 1065 1297 1063
2244 2 2 2 6 1063 1297 1102
2245 2 2 2 6 1064 1066 1065
2246 2 2 2 6 1064 1298 1066
2247 2 2 2 6 1258 1298 1064
2248 2 2 2 6 1066 1067 1065
2249 2 2 2 6 1067 1264 1065
2250 2 2 2 6 1264 1297 1065
2251 2 2 2 6 1066 1068 1067
2252 2 2 2 6 1066 1069 1068
2253 2 2 2 6 1066 1298 1069
2254 2 2 2 6 1068 1073 1067
2255 2 2 2 6 1073 1085 1067
2256 2 2 2 6 1085 1264 1067
2257 2 2 2 6 1069 1070 1068
2258 2 2 2 6 1070 1316 1068
2259 2 2 2 6 1068 1316 1073
2260 2 2 2 6 1069 1071 1070
2261 2 2 2 6 1069 1192 1071
2262 2 2 2 6 1069 1298 1192
2263 2 2 2 6 1071 1072 1070
2264 2 2 2 6 1072 1300 1070
2265 2 2 2 6 1300 1316 1070
2266 2 2 2 6 1071 1074 1072
2267 2 2 2 6 1071 1285 1074
2268 2 2 2 6 1192 1285 1071
2269 2 2 2 6 1074 1075 1072
2270 2 2 2 6 1075 1076 1072
2271 2 2 2 6 1076 1300 1072
2272 2 2 2 6 1073 1086 1085
2273 2 2 2 6 1073 1141 1086
2274 2 2 2 6 1073 1316 1141
2275 2 2 2 6 1074 1077 1075
2276 2 2 2 6 1074 1082 1077
2277 2 2 2 6 1074 1285 1082
2278 2 2 2 6 1075 1078 1076
2279 2 2 2 6 1077 1291 1075
2280 2 2 2 6 1075 1291 1078
2281 2 2 2 6 1078 1079 1076
2282 2 2 2 6 1079 1158 1076
2283 2 2 2 6 1158 1300 1076
2284 2 2 2 6 1082 1083 1077
2285 2 2 2 6 1083 1302 1077
2286 2 2 2 6 1077 1302 1291
2287 2 2 2 6 1078 1080 1079
2288 2 2 2 6 1078 1292 1080
2289 2 2 2 6 1291 1292 1078
2290 2 2 2 6 1080 1081 1079
2291 2 2 2 6 1081 1312 1079
2292 2 2 2 6 1079 1312 1158
2293 2 2 2 6 1080 1084 1081
2294 2 2 2 6 1080 1090 1084
2295 2 2 2 6 1080 1292 1090
2296 2 2 2 6 1084 1087 1081
2297 2 2 2 6 1087 1088 1081
2298 2 2 2 6 1088 1312 1081
2299 2 2 2 6 1082 1094 1083
2300 2 2 2 6 1082 1115 1094
2301 2 2 2 6 1082 1285 1115
2302 2 2 2 6 1094 1095 1083
2303 2 2 2 6 1095 1098 1083
2304 2 2 2 6 1098 1302 1083
2305 2 2 2 6 1084 1091 1087
2306 2 2 2 6 1090 1329 1084
2307 2 2 2 6 1084 1329 1091
2308 2 2 2 6 1086 1092 1085
2309 2 2 2 6 1092 1293 1085
2310 2 2 2 6 1085 1293 1264
2311 2 2 2 6 1086 1093 1092
2312 2 2 2 6 1086 1250 1093
2313 2 2 2 6 1141 1250 1086
2314 2 2 2 6 1087 1096 1088
2315 2 2 2 6 1091 1306 1087
2316 2 2 2 6 1087 1306 1096
2317 2 2 2 6 1096 1097 1088
2318 2 2 2 6 1097 1123 1088
2319 2 2 2 6 1123 1312 1088
2320 2 2 2 6 1089 1265 1258
2321 2 2 2 6 1089 1305 1265
2322 2 2 2 6 1089 1314 1305
2323 2 2 2 6 1292 1334 1090
2324 2 2 2 6 1090 1338 1329
2325 2 2 2 6 1334 1338 1090
2326 2 2 2 6 1091 1307 1306
2327 2 2 2 6 1091 1344 1307
2328 2 2 2 6 1329 1344 1091
2329 2 2 2 6 1093 1099 1092
2330 2 2 2 6 1099 1111 1092
2331 2 2 2 6 1111 1293 1092
2332 2 2 2 6 1093 1100 1099
2333 2 2 2 6 1093 1142 1100
2334 2 2 2 6 1093 1250 1142
2335 2 2 2 6 1094 1260 1095
2336 2 2 2 6 1115 1116 1094
2337 2 2 2 6 1116 1260 1094
2338 2 2 2 6 1095 1101 1098
2339 2 2 2 6 1095 1109 1101
2340 2 2 2 6 1095 1260 1109
2341 2 2 2 6 1096 1103 1097
2342 2 2 2 6 1096 1108 1103
2343 2 2 2 6 1096 1306 1108
2344 2 2 2 6 1103 1104 1097
2345 2 2 2 6 1104 1266 1097
2346 2 2 2 6 1097 1266 1123
2347 2 2 2 6 1101 1107 1098
2348 2 2 2 6 1107 1139 1098
2349 2 2 2 6 1139 1302 1098
2350 2 2 2 6 1100 1105 1099
2351 2 2 2 6 1105 1328 1099
2352 2 2 2 6 1099 1328 1111
2353 2 2 2 6 1100 1106 1105
2354 2 2 2 6 1100 1310 1106
2355 2 2 2 6 1142 1310 1100
2356 2 2 2 6 1101 1303 1107
2357 2 2 2 6 1109 1110 1101
2358 2 2 2 6 1110 1303 1101
2359 2 2 2 6 1297 1352 1102
2360 2 2 2 6 1102 1357 1308
2361 2 2 2 6 1352 1357 1102
2362 2 2 2 6 1103 1119 1104
2363 2 2 2 6 1108 1244 1103
2364 2 2 2 6 1103 1244 1119
2365 2 2 2 6 1119 1120 1104
2366 2 2 2 6 1120 1127 1104
2367 2 2 2 6 1127 1266 1104
2368 2 2 2 6 1106 1112 1105
2369 2 2 2 6 1112 1126 1105
2370 2 2 2 6 1126 1328 1105
2371 2 2 2 6 1106 1113 1112
2372 2 2 2 6 1106 1114 1113
2373 2 2 2 6 1106 1310 1114
2374 2 2 2 6 1107 1140 1139
2375 2 2 2 6 1107 1313 1140
2376 2 2 2 6 1303 1313 1107
2377 2 2 2 6 1108 1324 1244
2378 2 2 2 6 1306 1320 1108
2379 2 2 2 6 1320 1324 1108
2380 2 2 2 6 1109 1117 1110
2381 2 2 2 6 1109 1301 1117
2382 2 2 2 6 1260 1301 1109
2383 2 2 2 6 1117 1118 1110
2384 2 2 2 6 1118 1125 1110
2385 2 2 2 6 1125 1303 1110
2386 2 2 2 6 1111 1341 1293
2387 2 2 2 6 1328 1337 1111
2388 2 2 2 6 1337 1341 1111
2389 2 2 2 6 1113 1332 1112
2390 2 2 2 6 1112 1159 1126
2391 2 2 2 6 1112 1332 1159
2392 2 2 2 6 1114 1121 1113
2393 2 2 2 6 1121 1122 1113
2394 2 2 2 6 1122 1332 1113
2395 2 2 2 6 1114 1128 1121
2396 2 2 2 6 1114 1157 1128
2397 2 2 2 6 1114 1310 1157
2398 2 2 2 6 1115 1129 1116
2399 2 2 2 6 1115 1311 1129
2400 2 2 2 6 1285 1311 1115
2401 2 2 2 6 1129 1130 1116
2402 2 2 2 6 1130 1254 1116
2403 2 2 2 6 1254 1260 1116
2404 2 2 2 6 1117 1133 1118
2405 2 2 2 6 1117 1134 1133
2406 2 2 2 6 1117 1301 1134
2407 2 2 2 6 1118 1361 1125
2408 2 2 2 6 1133 1135 1118
2409 2 2 2 6 1135 1361 1118
2410 2 2 2 6 1119 1145 1120
2411 2 2 2 6 1119 1147 1145
2412 2 2 2 6 1119 1244 1147
2413 2 2 2 6 1120 1318 1127
2414 2 2 2 6 1145 1146 1120
2415 2 2 2 6 1146 1318 1120
2416 2 2 2 6 1121 1136 1122
2417 2 2 2 6 1128 1261 1121
2418 2 2 2 6 1121 1261 1136
2419 2 2 2 6 1136 1137 1122
2420 2 2 2 6 1137 1138 1122
2421 2 2 2 6 1138 1332 1122
2422 2 2 2 6 1266 1330 1123
2423 2 2 2 6 1123 1326 1312
2424 2 2 2 6 1123 1330 1326
2425 2 2 2 6 1308 1359 1124
2426 2 2 2 6 1124 1355 1319
2427 2 2 2 6 1124 1359 1355
2428 2 2 2 6 1125 1309 1303
2429 2 2 2 6 1125 1360 1309
2430 2 2 2 6 1125 1361 1360
2431 2 2 2 6 1159 1160 1126
2432 2 2 2 6 1160 1161 1126
2433 2 2 2 6 1161 1328 1126
2434 2 2 2 6 1127 1335 1266
2435 2 2 2 6 1127 1318 1317
2436 2 2 2 6 1317 1335 1127
2437 2 2 2 6 1157 1193 1128
2438 2 2 2 6 1193 1194 1128
2439 2 2 2 6 1194 1261 1128
2440 2 2 2 6 1129 1131 1130
2441 2 2 2 6 1129 1151 1131
2442 2 2 2 6 1129 1311 1151
2443 2 2 2 6 1131 1143 1130
2444 2 2 2 6 1143 1150 1130
2445 2 2 2 6 1150 1254 1130
2446 2 2 2 6 1131 1144 1143
2447 2 2 2 6 1131 1325 1144
2448 2 2 2 6 1151 1325 1131
2449 2 2 2 6 1246 1247 1132
2450 2 2 2 6 1247 1248 1132
2451 2 2 2 6 1248 1314 1132
2452 2 2 2 6 1134 1163 1133
2453 2 2 2 6 1133 1356 1135
2454 2 2 2 6 1163 1356 1133
2455 2 2 2 6 1134 1235 1163
2456 2 2 2 6 1134 1245 1235
2457 2 2 2 6 1134 1301 1245
2458 2 2 2 6 1135 1358 1278
2459 2 2 2 6 1278 1361 1135
2460 2 2 2 6 1356 1358 1135
2461 2 2 2 6 1136 1166 1137
2462 2 2 2 6 1136 1169 1166
2463 2 2 2 6 1136 1261 1169
2464 2 2 2 6 1137 1148 1138
2465 2 2 2 6 1137 1322 1148
2466 2 2 2 6 1166 1322 1137
2467 2 2 2 6 1148 1170 1138
2468 2 2 2 6 1170 1253 1138
2469 2 2 2 6 1253 1332 1138
2470 2 2 2 6 1140 1152 1139
2471 2 2 2 6 1152 1191 1139
2472 2 2 2 6 1191 1302 1139
2473 2 2 2 6 1140 1153 1152
2474 2 2 2 6 1140 1154 1153
2475 2 2 2 6 1140 1313 1154
2476 2 2 2 6 1141 1252 1250
2477 2 2 2 6 1141 1315 1252
2478 2 2 2 6 1141 1316 1315
2479 2 2 2 6 1250 1251 1142
2480 2 2 2 6 1251 1323 1142
2481 2 2 2 6 1142 1323 1310
2482 2 2 2 6 1144 1342 1143
2483 2 2 2 6 1143 1162 1150
2484 2 2 2 6 1143 1342 1162
2485 2 2 2 6 1144 1325 1321
2486 2 2 2 6 1321 1348 1144
2487 2 2 2 6 1144 1348 1342
2488 2 2 2 6 1145 1362 1146
2489 2 2 2 6 1147 1165 1145
2490 2 2 2 6 1165 1362 1145
2491 2 2 2 6 1146 1333 1318
2492 2 2 2 6 1146 1369 1333
2493 2 2 2 6 1362 1369 1146
2494 2 2 2 6 1147 1167 1165
2495 2 2 2 6 1147 1168 1167
2496 2 2 2 6 1147 1244 1168
2497 2 2 2 6 1148 1218 1170
2498 2 2 2 6 1148 1219 1218
2499 2 2 2 6 1148 1322 1219
2500 2 2 2 6 1149 1239 1238
2501 2 2 2 6 1149 1241 1239
2502 2 2 2 6 1149 1319 1241
2503 2 2 2 6 1162 1164 1150
2504 2 2 2 6 1164 1245 1150
2505 2 2 2 6 1245 1254 1150
2506 2 2 2 6 1151 1299 1265
2507 2 2 2 6 1265 1325 1151
2508 2 2 2 6 1151 1311 1299
2509 2 2 2 6 1153 1230 1152
2510 2 2 2 6 1152 1334 1191
2511 2 2 2 6 1230 1334 1152
2512 2 2 2 6 1154 1155 1153
2513 2 2 2 6 1155 1156 1153
2514 2 2 2 6 1156 1230 1153
2515 2 2 2 6 1154 1198 1155
2516 2 2 2 6 1154 1199 1198
2517 2 2 2 6 1154 1313 1199
2518 2 2 2 6 1155 1197 1156
2519 2 2 2 6 1155 1259 1197
2520 2 2 2 6 1198 1259 1155
2521 2 2 2 6 1197 1228 1156
2522 2 2 2 6 1156 1228 1227
2523 2 2 2 6 1227 1230 1156
2524 2 2 2 6 1157 1317 1193
2525 2 2 2 6 1310 1323 1157
2526 2 2 2 6 1157 1323 1317
2527 2 2 2 6 1158 1315 1300
2528 2 2 2 6 1312 1326 1158
2529 2 2 2 6 1158 1326 1315
2530 2 2 2 6 1159 1196 1160
2531 2 2 2 6 1159 1253 1196
2532 2 2 2 6 1159 1332 1253
2533 2 2 2 6 1160 1186 1161
2534 2 2 2 6 1160 1282 1186
2535 2 2 2 6 1196 1282 1160
2536 2 2 2 6 1186 1187 1161
2537 2 2 2 6 1187 1337 1161
2538 2 2 2 6 1161 1337 1328
2539 2 2 2 6 1162 1195 1164
2540 2 2 2 6 1162 1346 1195
2541 2 2 2 6 1342 1346 1162
2542 2 2 2 6 1235 1353 1163
2543 2 2 2 6 1353 1354 1163
2544 2 2 2 6 1354 1356 1163
2545 2 2 2 6 1195 1351 1164
2546 2 2 2 6 1235 1245 1164
2547 2 2 2 6 1164 1351 1235
2548 2 2 2 6 1167 1200 1165
2549 2 2 2 6 1200 1363 1165
2550 2 2 2 6 1165 1363 1362
2551 2 2 2 6 1169 1203 1166
2552 2 2 2 6 1203 1366 1166
2553 2 2 2 6 1166 1366 1322
2554 2 2 2 6 1168 1171 1167
2555 2 2 2 6 1171 1374 1167
2556 2 2 2 6 1167 1374 1200
2557 2 2 2 6 1168 1172 1171
2558 2 2 2 6 1168 1324 1172
2559 2 2 2 6 1244 1324 1168
2560 2 2 2 6 1169 1377 1203
2561 2 2 2 6 1261 1262 1169
2562 2 2 2 6 1262 1377 1169
2563 2 2 2 6 1218 1225 1170
2564 2 2 2 6 1225 1331 1170
2565 2 2 2 6 1170 1331 1253
2566 2 2 2 6 1172 1173 1171
2567 2 2 2 6 1173 1365 1171
2568 2 2 2 6 1365 1374 1171
2569 2 2 2 6 1172 1174 1173
2570 2 2 2 6 1172 1175 1174
2571 2 2 2 6 1172 1324 1175
2572 2 2 2 6 1174 1236 1173
2573 2 2 2 6 1236 1237 1173
2574 2 2 2 6 1237 1365 1173
2575 2 2 2 6 1175 1176 1174
2576 2 2 2 6 1176 1177 1174
2577 2 2 2 6 1177 1236 1174
2578 2 2 2 6 1175 1327 1176
2579 2 2 2 6 1175 1324 1320
2580 2 2 2 6 1320 1327 1175
2581 2 2 2 6 1176 1178 1177
2582 2 2 2 6 1176 1179 1178
2583 2 2 2 6 1176 1327 1179
2584 2 2 2 6 1178 1180 1177
2585 2 2 2 6 1180 1201 1177
2586 2 2 2 6 1201 1236 1177
2587 2 2 2 6 1179 1181 1178
2588 2 2 2 6 1178 1255 1180
2589 2 2 2 6 1181 1255 1178
2590 2 2 2 6 1179 1182 1181
2591 2 2 2 6 1179 1345 1182
2592 2 2 2 6 1327 1345 1179
2593 2 2 2 6 1180 1202 1201
2594 2 2 2 6 1180 1222 1202
2595 2 2 2 6 1180 1255 1222
2596 2 2 2 6 1182 1183 1181
2597 2 2 2 6 1183 1214 1181
2598 2 2 2 6 1214 1255 1181
2599 2 2 2 6 1182 1184 1183
2600 2 2 2 6 1182 1185 1184
2601 2 2 2 6 1182 1345 1185
2602 2 2 2 6 1184 1256 1183
2603 2 2 2 6 1183 1387 1214
2604 2 2 2 6 1256 1387 1183
2605 2 2 2 6 1185 1188 1184
2606 2 2 2 6 1188 1189 1184
2607 2 2 2 6 1189 1256 1184
2608 2 2 2 6 1185 1190 1188
2609 2 2 2 6 1185 1344 1190
2610 2 2 2 6 1185 1345 1344
2611 2 2 2 6 1186 1204 1187
2612 2 2 2 6 1186 1393 1204
2613 2 2 2 6 1282 1393 1186
2614 2 2 2 6 1204 1205 1187
2615 2 2 2 6 1205 1206 1187
2616 2 2 2 6 1206 1337 1187
2617 2 2 2 6 1188 1228 1189
2618 2 2 2 6 1190 1227 1188
2619 2 2 2 6 1227 1228 1188
2620 2 2 2 6 1228 1229 1189
2621 2 2 2 6 1229 1391 1189
2622 2 2 2 6 1189 1391 1256
2623 2 2 2 6 1190 1338 1227
2624 2 2 2 6 1329 1338 1190
2625 2 2 2 6 1190 1344 1329
2626 2 2 2 6 1191 1292 1291
2627 2 2 2 6 1291 1302 1191
2628 2 2 2 6 1191 1334 1292
2629 2 2 2 6 1192 1311 1285
2630 2 2 2 6 1298 1299 1192
2631 2 2 2 6 1299 1311 1192
2632 2 2 2 6 1193 1333 1194
2633 2 2 2 6 1317 1318 1193
2634 2 2 2 6 1318 1333 1193
2635 2 2 2 6 1194 1262 1261
2636 2 2 2 6 1194 1263 1262
2637 2 2 2 6 1194 1333 1263
2638 2 2 2 6 1346 1350 1195
2639 2 2 2 6 1195 1350 1349
2640 2 2 2 6 1349 1351 1195
2641 2 2 2 6 1253 1331 1196
2642 2 2 2 6 1196 1386 1282
2643 2 2 2 6 1331 1386 1196
2644 2 2 2 6 1197 1229 1228
2645 2 2 2 6 1197 1400 1229
2646 2 2 2 6 1259 1400 1197
2647 2 2 2 6 1199 1212 1198
2648 2 2 2 6 1212 1389 1198
2649 2 2 2 6 1198 1389 1259
2650 2 2 2 6 1199 1213 1212
2651 2 2 2 6 1199 1309 1213
2652 2 2 2 6 1199 1313 1309
2653 2 2 2 6 1200 1378 1363
2654 2 2 2 6 1200 1374 1367
2655 2 2 2 6 1367 1378 1200
2656 2 2 2 6 1202 1364 1201
2657 2 2 2 6 1201 1373 1236
2658 2 2 2 6 1364 1373 1201
2659 2 2 2 6 1222 1223 1202
2660 2 2 2 6 1223 1224 1202
2661 2 2 2 6 1224 1364 1202
2662 2 2 2 6 1203 1381 1366
2663 2 2 2 6 1203 1377 1370
2664 2 2 2 6 1370 1381 1203
2665 2 2 2 6 1204 1399 1205
2666 2 2 2 6 1204 1393 1296
2667 2 2 2 6 1296 1399 1204
2668 2 2 2 6 1205 1207 1206
2669 2 2 2 6 1205 1234 1207
2670 2 2 2 6 1205 1399 1234
2671 2 2 2 6 1207 1208 1206
2672 2 2 2 6 1208 1341 1206
2673 2 2 2 6 1206 1341 1337
2674 2 2 2 6 1207 1209 1208
2675 2 2 2 6 1207 1210 1209
2676 2 2 2 6 1207 1234 1210
2677 2 2 2 6 1209 1352 1208
2678 2 2 2 6 1208 1347 1341
2679 2 2 2 6 1208 1352 1347
2680 2 2 2 6 1210 1211 1209
2681 2 2 2 6 1211 1357 1209
2682 2 2 2 6 1209 1357 1352
2683 2 2 2 6 1210 1215 1211
2684 2 2 2 6 1210 1217 1215
2685 2 2 2 6 1210 1234 1217
2686 2 2 2 6 1215 1216 1211
2687 2 2 2 6 1216 1359 1211
2688 2 2 2 6 1211 1359 1357
2689 2 2 2 6 1213 1388 1212
2690 2 2 2 6 1212 1388 1284
2691 2 2 2 6 1213 1360 1277
2692 2 2 2 6 1277 1388 1213
2693 2 2 2 6 1309 1360 1213
2694 2 2 2 6 1226 1255 1214
2695 2 2 2 6 1215 1385 1216
2696 2 2 2 6 1217 1407 1215
2697 2 2 2 6 1215 1407 1385
2698 2 2 2 6 1242 1355 1216
2699 2 2 2 6 1216 1385 1242
2700 2 2 2 6 1355 1359 1216
2701 2 2 2 6 1234 1382 1217
2702 2 2 2 6 1382 1390 1217
2703 2 2 2 6 1390 1407 1217
2704 2 2 2 6 1219 1220 1218
2705 2 2 2 6 1219 1221 1220
2706 2 2 2 6 1219 1371 1221
2707 2 2 2 6 1322 1371 1219
2708 2 2 2 6 1371 1376 1221
2709 2 2 2 6 1376 1383 1221
2710 2 2 2 6 1222 1255 1226
2711 2 2 2 6 1224 1380 1364
2712 2 2 2 6 1224 1384 1380
2713 2 2 2 6 1227 1338 1230
2714 2 2 2 6 1290 1391 1229
2715 2 2 2 6 1229 1400 1290
2716 2 2 2 6 1230 1338 1334
2717 2 2 2 6 1231 1233 1232
2718 2 2 2 6 1231 1238 1233
2719 2 2 2 6 1233 1395 1232
2720 2 2 2 6 1238 1239 1233
2721 2 2 2 6 1234 1399 1382
2722 2 2 2 6 1351 1353 1235
2723 2 2 2 6 1236 1373 1237
2724 2 2 2 6 1237 1379 1365
2725 2 2 2 6 1237 1373 1368
2726 2 2 2 6 1368 1379 1237
2727 2 2 2 6 1239 1241 1240
2728 2 2 2 6 1241 1242 1240
2729 2 2 2 6 1242 1243 1240
2730 2 2 2 6 1243 1402 1240
2731 2 2 2 6 1241 1355 1242
2732 2 2 2 6 1319 1355 1241
2733 2 2 2 6 1242 1385 1243
2734 2 2 2 6 1245 1301 1254
2735 2 2 2 6 1246 1339 1247
2736 2 2 2 6 1336 1339 1246
2737 2 2 2 6 1247 1249 1248
2738 2 2 2 6 1247 1340 1249
2739 2 2 2 6 1339 1340 1247
2740 2 2 2 6 1249 1321 1248
2741 2 2 2 6 1305 1314 1248
2742 2 2 2 6 1248 1321 1305
2743 2 2 2 6 1249 1348 1321
2744 2 2 2 6 1340 1343 1249
2745 2 2 2 6 1343 1348 1249
2746 2 2 2 6 1250 1252 1251
2747 2 2 2 6 1252 1330 1251
2748 2 2 2 6 1251 1335 1323
2749 2 2 2 6 1330 1335 1251
2750 2 2 2 6 1315 1326 1252
2751 2 2 2 6 1326 1330 1252
2752 2 2 2 6 1254 1301 1260
2753 2 2 2 6 1257 1387 1256
2754 2 2 2 6 1265 1299 1258
2755 2 2 2 6 1258 1299 1298
2756 2 2 2 6 1389 1408 1259
2757 2 2 2 6 1259 1408 1400
2758 2 2 2 6 1263 1372 1262
2759 2 2 2 6 1372 1377 1262
2760 2 2 2 6 1333 1369 1263
2761 2 2 2 6 1369 1375 1263
2762 2 2 2 6 1263 1375 1372
2763 2 2 2 6 1293 1347 1264
2764 2 2 2 6 1264 1347 1297
2765 2 2 2 6 1305 1325 1265
2766 2 2 2 6 1266 1335 1330
2767 2 2 2 6 1268 1354 1267
2768 2 2 2 6 1267 1354 1283
2769 2 2 2 6 1269 1358 1268
2770 2 2 2 6 1268 1356 1354
2771 2 2 2 6 1268 1358 1356
2772 2 2 2 6 1270 1271 1269
2773 2 2 2 6 1271 1272 1269
2774 2 2 2 6 1272 1358 1269
2775 2 2 2 6 1271 1273 1272
2776 2 2 2 6 1271 1279 1273
2777 2 2 2 6 1273 1274 1272
2778 2 2 2 6 1274 1278 1272
2779 2 2 2 6 1278 1358 1272
2780 2 2 2 6 1279 1396 1273
2781 2 2 2 6 1275 1276 1274
2782 2 2 2 6 1276 1278 1274
2783 2 2 2 6 1275 1277 1276
2784 2 2 2 6 1277 1360 1276
2785 2 2 2 6 1276 1361 1278
2786 2 2 2 6 1360 1361 1276
2787 2 2 2 6 1280 1340 1339
2788 2 2 2 6 1282 1386 1281
2789 2 2 2 6 1283 1354 1353
2790 2 2 2 6 1286 1375 1287
2791 2 2 2 6 1372 1375 1286
2792 2 2 2 6 1287 1375 1288
2793 2 2 2 6 1362 1363 1288
2794 2 2 2 6 1288 1369 1362
2795 2 2 2 6 1288 1375 1369
2796 2 2 2 6 1289 1408 1389
2797 2 2 2 6 1341 1347 1293
2798 2 2 2 6 1295 1343 1294
2799 2 2 2 6 1295 1346 1342
2800 2 2 2 6 1342 1348 1295
2801 2 2 2 6 1295 1348 1343
2802 2 2 2 6 1347 1352 1297
2803 2 2 2 6 1315 1316 1300
2804 2 2 2 6 1309 1313 1303
2805 2 2 2 6 1321 1325 1305
2806 2 2 2 6 1307 1320 1306
2807 2 2 2 6 1307 1327 1320
2808 2 2 2 6 1307 1345 1327
2809 2 2 2 6 1344 1345 1307
2810 2 2 2 6 1357 1359 1308
2811 2 2 2 6 1323 1335 1317
2812 2 2 2 6 1366 1371 1322
2813 4 2 1 1 1629 1729 1593 1985
2814 4 2 1 1 1593 1629 1449 1729
2815 4 2 1 1 1553 1687 1512 1755
2816 4 2 1 1 350 414 1588 1814
2817 4 2 1 1 1912 2077 1644 2334
2818 4 2 1 1 1584 1804 1741 2032
2819 4 2 1 1 1434 1804 1584 2032
2820 4 2 1 1 1397 622 1720 1883
2821 4 2 1 1 1441 1753 1606 2019
2822 4 2 1 1 1644 2077 1908 2334
2823 4 2 1 1 1431 1702 1743 2000
2824 4 2 1 1 808 1904 1561 2002
2825 4 2 1 1 1561 1789 808 2002
2826 4 2 1 1 1541 1473 1679 1823
2827 4 2 1 1 1579 1750 1709 1819
2828 4 2 1 1 1796 1454 1894 2151
2829 4 2 1 1 366 1546 1036 1823
2830 4 2 1 1 1532 1643 1430 2307
2831 4 2 1 1 900 1693 1527 1775
2832 4 2 1 1 1430 1530 1670 1730
2833 4 2 1 1 1657 1946 1839 2232
2834 4 2 1 1 1709 1750 1579 2051
2835 4 2 1 1 1415 1542 2115 2313
2836 4 2 1 1 226 1710 1773 1992
2837 4 2 1 1 647 1792 1562 2073
2838 4 2 1 1 1000 1615 861 1820
2839 4 2 1 1 1503 1908 1644 2077
2840 4 2 1 1 1442 1551 1719 1987
2841 4 2 1 1 1531 1764 1139 1972
2842 4 2 1 1 900 1840 1527 2121
2843 4 2 1 1 1738 2008 1709 2090
2844 4 2 1 1 1098 1139 1764 1972
2845 4 2 1 1 1750 1819 1579 2051
2846 4 2 1 1 1435 1687 1553 1755
2847 4 2 1 1 752 751 1543 1780
2848 4 2 1 1 1643 1688 1430 2307
2849 4 2 1 1 1686 1817 1605 1881
2850 4 2 1 1 385 1546 1823 2367
2851 4 2 1 1 1489 1748 2043 2109
2852 4 2 1 1 914 1552 927 2242
2853 4 2 1 1 1570 1778 843 1852
2854 4 2 1 1 1442 1719 1555 1987
2855 4 2 1 1 1449 1629 1593 2299
2856 4 2 1 1 1644 1912 1503 2077
2857 4 2 1 1 1670 1730 1530 1822
2858 4 2 1 1 1435 1512 1687 1755
2859 4 2 1 1 1560 1785 1043 2146
2860 4 2 1 1 1138 1663 1542 1757
2861 4 2 1 1 1531 2120 1764 2428
2862 4 2 1 1 1531 2031 2120 2428
2863 4 2 1 1 1648 1783 1705 2264
2864 4 2 1 1 1552 1961 927 2242
2865 4 2 1 1 1805 1894 1454 2151
2866 4 2 1 1 1562 1588 1427 2079
2867 4 2 1 1 1091 1744 1555 1987
2868 4 2 1 1 1091 1329 1555 1744
2869 4 2 1 1 1629 1985 1593 2299
2870 4 2 1 1 1509 1657 1839 2232
2871 4 2 1 1 1605 1817 769 1881
2872 4 2 1 1 1789 1868 1437 2261
2873 4 2 1 1 1415 1663 1542 2313
2874 4 2 1 1 1538 1817 1686 1881
2875 4 2 1 1 209 1684 1681 2235
2876 4 2 1 1 1531 2031 1764 2120
2877 4 2 1 1 1441 1580 1753 2019
2878 4 2 1 1 1438 1672 1563 1841
2879 4 2 1 1 1397 622 584 1720
2880 4 2 1 1 1561 1868 1789 2261
2881 4 2 1 1 1708 1927 1543 2231
2882 4 2 1 1 1428 1708 1543 2231
2883 4 2 1 1 592 1559 1808 2394
2884 4 2 1 1 891 1870 1960 2263
2885 4 2 1 1 1542 1508 2115 2313
2886 4 2 1 1 592 1808 1559 2265
2887 4 2 1 1 1432 1557 2109 2355
2888 4 2 1 1 471 2173 1620 2446
2889 4 2 1 1 1425 1567 1669 1831
2890 4 2 1 1 1618 1831 2148 2179
2891 4 2 1 1 1741 1804 1584 2143
2892 4 2 1 1 1432 1697 1557 2355
2893 4 2 1 1 1444 1839 1645 1877
2894 4 2 1 1 1473 1823 1541 2036
2895 4 2 1 1 1209 1592 1945 2045
2896 4 2 1 1 1527 1693 900 1832
2897 4 2 1 1 1707 1992 1665 2189
2898 4 2 1 1 1119 1691 1534 1799
2899 4 2 1 1 1425 1669 1567 2384
2900 4 2 1 1 712 1593 705 1696
2901 4 2 1 1 1531 1764 1602 2428
2902 4 2 1 1 226 223 1710 1992
2903 4 2 1 1 1431 2138 1702 2328
2904 4 2 1 1 807 1840 900 2121
2905 4 2 1 1 1740 2165 1591 2261
2906 4 2 1 1 1588 2073 1621 2302
2907 4 2 1 1 1490 2152 1964 2457
2908 4 2 1 1 1764 2120 1602 2428
2909 4 2 1 1 815 1728 1876 2053
2910 4 2 1 1 1166 1859 1690 1948
2911 4 2 1 1 1730 1822 1670 1981
2912 4 2 1 1 1490 1646 2152 2457
2913 4 2 1 1 484 1984 1600 2070
2914 4 2 1 1 1209 1865 1592 2045
2915 4 2 1 1 1490 1594 1964 2152
2916 4 2 1 1 196 1547 1725 2420
2917 4 2 1 1 1621 2073 1562 2302
2918 4 2 1 1 366 1036 1546 1989
2919 4 2 1 1 653 1587 498 1884
2920 4 2 1 1 1473 1700 1585 1812
2921 4 2 1 1 1711 1709 2008 2090
2922 4 2 1 1 1645 1839 1509 1877
2923 4 2 1 1 1748 1458 2043 2109
2924 4 2 1 1 808 805 1904 2002
2925 4 2 1 1 1439 1793 1711 1921
2926 4 2 1 1 1431 1743 1702 2310
2927 4 2 1 1 1062 1638 1539 1860
2928 4 2 1 1 1541 1626 1429 1890
2929 4 2 1 1 1043 1560 1051 1785
2930 4 2 1 1 1434 1613 1584 1804
2931 4 2 1 1 208 1681 209 1684
2932 4 2 1 1 1562 1621 1588 2079
2933 4 2 1 1 196 1547 2420 2469
2934 4 2 1 1 592 1559 1767 2265
2935 4 2 1 1 1062 1539 1638 2052
2936 4 2 1 1 1555 1744 1442 1987
2937 4 2 1 1 1431 1702 2138 2310
2938 4 2 1 1 705 1696 1593 1988
2939 4 2 1 1 1373 1036 1546 1823
2940 4 2 1 1 1518 1437 1789 1868
2941 4 2 1 1 1553 1659 676 1955
2942 4 2 1 1 1525 1456 1882 2079
2943 4 2 1 1 1614 1619 1899 2127
2944 4 2 1 1 1696 1899 1619 2127
2945 4 2 1 1 1588 1621 1562 2302
2946 4 2 1 1 1329 1555 1744 1848
2947 4 2 1 1 1702 1743 1537 2310
2948 4 2 1 1 1138 1542 1122 1757
2949 4 2 1 1 647 988 1562 1792
2950 4 2 1 1 751 1708 1543 1780
2951 4 2 1 1 1533 1738 1709 2090
2952 4 2 1 1 1329 1084 1555 1848
2953 4 2 1 1 1785 1862 200 2042
2954 4 2 1 1 1588 1814 1621 2073
2955 4 2 1 1 1650 2064 2255 2306
2956 4 2 1 1 1585 1452 1872 2009
2957 4 2 1 1 1423 1601 1680 1682
2958 4 2 1 1 1588 1621 1427 2079
2959 4 2 1 1 1744 1774 1442 1987
2960 4 2 1 1 1166 1690 1859 2360
2961 4 2 1 1 915 927 1961 2242
2962 4 2 1 1 1617 1477 1734 2381
2963 4 2 1 1 1438 1563 1748 1841
2964 4 2 1 1 676 674 1553 1955
2965 4 2 1 1 910 1660 1904 2027
2966 4 2 1 1 471 1620 1698 2446
2967 4 2 1 1 847 1904 1660 2467
2968 4 2 1 1 1247 1339 1581 2432
2969 4 2 1 1 715 1598 709 1657
2970 4 2 1 1 1565 2138 1702 2310
2971 4 2 1 1 810 1904 847 2467
2972 4 2 1 1 892 1615 1000 1820
2973 4 2 1 1 1473 1754 1700 1812
2974 4 2 1 1 262 1594 1728 1956
2975 4 2 1 1 1513 1894 1805 2151
2976 4 2 1 1 1166 1137 1859 1948
2977 4 2 1 1 815 1646 1728 2053
2978 4 2 1 1 861 1615 1789 1820
2979 4 2 1 1 1532 1960 1870 2263
2980 4 2 1 1 1513 1796 1894 2151
2981 4 2 1 1 176 1043 1785 2146
2982 4 2 1 1 1440 1710 1583 1773
2983 4 2 1 1 1583 1440 1895 1992
2984 4 2 1 1 1618 1425 1831 2179
2985 4 2 1 1 791 1535 978 1746
2986 4 2 1 1 1807 1662 2118 2353
2987 4 2 1 1 1547 1692 196 1725
2988 4 2 1 1 1138 1542 1663 2288
2989 4 2 1 1 1494 1619 1614 2127
2990 4 2 1 1 1038 1557 1393 2276
2991 4 2 1 1 1305 1544 1314 1860
2992 4 2 1 1 863 1538 770 1817
2993 4 2 1 1 1417 1606 2150 2370
2994 4 2 1 1 1129 1766 2162 2197
2995 4 2 1 1 1617 1477 2381 2422
2996 4 2 1 1 528 1572 651 1888
2997 4 2 1 1 1734 1749 1617 2381
2998 4 2 1 1 1510 1830 1630 1858
2999 4 2 1 1 951 816 1590 1733
3000 4 2 1 1 200 1862 1785 2190
3001 4 2 1 1 712 705 737 1696
3002 4 2 1 1 1628 2255 2064 2306
3003 4 2 1 1 1091 1344 1744 1987
3004 4 2 1 1 1727 1788 1574 2274
3005 4 2 1 1 1665 1707 1583 1992
3006 4 2 1 1 676 1659 1553 1897
3007 4 2 1 1 798 1932 1901 2124
3008 4 2 1 1 1619 1899 1499 1993
3009 4 2 1 1 807 900 777 2121
3010 4 2 1 1 770 769 1817 1881
3011 4 2 1 1 1518 1789 1561 1868
3012 4 2 1 1 1621 2073 1814 2103
3013 4 2 1 1 1648 1705 1543 2264
3014 4 2 1 1 1145 1647 1534 1902
3015 4 2 1 1 676 675 674 1955
3016 4 2 1 1 1740 1872 1452 2009
3017 4 2 1 1 1247 1581 1703 2432
3018 4 2 1 1 891 1870 1636 1960
3019 4 2 1 1 1340 1581 1339 2432
3020 4 2 1 1 1681 1684 208 2327
3021 4 2 1 1 1590 1733 816 2149
3022 4 2 1 1 1051 1765 1560 2230
3023 4 2 1 1 1494 1696 1619 2127
3024 4 2 1 1 915 914 927 2242
3025 4 2 1 1 1574 1788 1727 2408
3026 4 2 1 1 484 1661 1600 1984
3027 4 2 1 1 1038 1557 1771 2223
3028 4 2 1 1 1512 1755 1435 2219
3029 4 2 1 1 1555 1695 1084 2101
3030 4 2 1 1 1430 1730 1670 1981
3031 4 2 1 1 930 1673 1599 1896
3032 4 2 1 1 1512 1435 1924 2219
3033 4 2 1 1 1091 1344 1329 1744
3034 4 2 1 1 956 1888 1733 1990
3035 4 2 1 1 1837 1946 1657 2232
3036 4 2 1 1 1446 1686 1605 1881
3037 4 2 1 1 1373 1036 1364 1546
3038 4 2 1 1 705 1696 1988 2112
3039 4 2 1 1 1051 1560 1043 2146
3040 4 2 1 1 843 1778 1570 1931
3041 4 2 1 1 807 777 1840 2121
3042 4 2 1 1 1140 1139 1752 1764
3043 4 2 1 1 1441 2077 1912 2334
3044 4 2 1 1 1149 1853 1765 2230
3045 4 2 1 1 1373 1546 1364 2344
3046 4 2 1 1 1488 2061 2290 2415
3047 4 2 1 1 1329 1084 1091 1555
3048 4 2 1 1 1435 1630 1830 1858
3049 4 2 1 1 442 1620 471 2218
3050 4 2 1 1 647 1562 988 2073
3051 4 2 1 1 1437 1740 1591 2261
3052 4 2 1 1 226 1773 1583 1992
3053 4 2 1 1 1620 2173 471 2218
3054 4 2 1 1 1509 1837 1657 2232
3055 4 2 1 1 1427 1588 1562 1704
3056 4 2 1 1 1247 1340 1339 2432
3057 4 2 1 1 1617 2381 1637 2422
3058 4 2 1 1 1488 2290 1642 2415
3059 4 2 1 1 680 1897 1768 2100
3060 4 2 1 1 1431 1542 1743 1948
3061 4 2 1 1 806 1572 1840 2149
3062 4 2 1 1 1467 1620 2173 2446
3063 4 2 1 1 1585 1700 1452 1740
3064 4 2 1 1 1434 1516 1804 2032
3065 4 2 1 1 1564 1971 1426 2266
3066 4 2 1 1 1590 775 1970 2149
3067 4 2 1 1 1431 1743 1965 2000
3068 4 2 1 1 1084 1695 1555 1848
3069 4 2 1 1 1536 1772 543 1871
3070 4 2 1 1 1305 1314 1089 1860
3071 4 2 1 1 1467 1698 1620 2446
3072 4 2 1 1 709 1657 1598 2013
3073 4 2 1 1 1139 1752 1531 2040
3074 4 2 1 1 614 1557 596 2276
3075 4 2 1 1 1599 1896 1879 2279
3076 4 2 1 1 1637 1617 1749 2381
3077 4 2 1 1 1171 1701 1365 2036
3078 4 2 1 1 1976 2324 1093 2358
3079 4 2 1 1 647 295 1792 2073
3080 4 2 1 1 1838 1994 1388 2014
3081 4 2 1 1 1552 1646 927 1961
3082 4 2 1 1 1655 1676 1471 2016
3083 4 2 1 1 1531 1752 1139 1764
3084 4 2 1 1 1658 2077 1811 2181
3085 4 2 1 1 1680 1682 1601 2372
3086 4 2 1 1 1129 1766 1151 2162
3087 4 2 1 1 1456 1754 1525 1882
3088 4 2 1 1 1473 1610 1585 1700
3089 4 2 1 1 1456 1562 1882 2079
3090 4 2 1 1 900 1832 1693 2463
3091 4 2 1 1 1389 1734 1617 2108
3092 4 2 1 1 1432 1549 1742 2295
3093 4 2 1 1 1554 1971 1564 2266
3094 4 2 1 1 596 1557 1038 2276
3095 4 2 1 1 1478 1873 1643 2072
3096 4 2 1 1 752 1543 751 2289
3097 4 2 1 1 1509 2069 2232 2290
3098 4 2 1 1 1432 2155 1771 2223
3099 4 2 1 1 1617 1734 1389 1749
3100 4 2 1 1 1525 1843 1456 2079
3101 4 2 1 1 1451 1680 1601 2372
3102 4 2 1 1 1767 1852 834 2056
3103 4 2 1 1 1053 1149 1765 2230
3104 4 2 1 1 1710 1895 1440 1992
3105 4 2 1 1 1564 1692 1554 2266
3106 4 2 1 1 2232 2290 2069 2353
3107 4 2 1 1 1464 1705 1648 1783
3108 4 2 1 1 1557 1432 1771 2223
3109 4 2 1 1 1429 1626 1541 2415
3110 4 2 1 1 1431 1948 1743 2310
3111 4 2 1 1 1724 1761 1573 1926
3112 4 2 1 1 262 218 1594 1956
3113 4 2 1 1 1364 1546 1036 1989
3114 4 2 1 1 791 989 978 1535
3115 4 2 1 1 1420 1703 2234 2361
3116 4 2 1 1 1182 2084 1521 2376
3117 4 2 1 1 1543 1708 751 2289
3118 4 2 1 1 1488 2061 2005 2290
3119 4 2 1 1 1425 1567 2066 2384
3120 4 2 1 1 1743 2000 1702 2200
3121 4 2 1 1 978 1746 1535 1800
3122 4 2 1 1 518 1820 404 2188
3123 4 2 1 1 1344 1774 1744 1987
3124 4 2 1 1 1476 1647 1815 1828
3125 4 2 1 1 1989 2126 1546 2367
3126 4 2 1 1 1583 1773 1710 1992
3127 4 2 1 1 1583 1710 1440 1992
3128 4 2 1 1 1488 2005 1642 2290
3129 4 2 1 1 1542 1656 1508 2160
3130 4 2 1 1 1444 1657 1839 1877
3131 4 2 1 1 1305 1544 1851 2280
3132 4 2 1 1 863 1755 1538 1817
3133 4 2 1 1 1984 2122 1566 2308
3134 4 2 1 1 1305 1314 1544 2280
3135 4 2 1 1 1544 2234 1703 2361
3136 4 2 1 1 1166 1859 1322 2360
3137 4 2 1 1 1658 1811 1602 2181
3138 4 2 1 1 1580 2019 1441 2400
3139 4 2 1 1 1534 1647 1145 1950
3140 4 2 1 1 1508 1656 1542 2115
3141 4 2 1 1 1702 2138 1777 2328
3142 4 2 1 1 1140 1764 1752 2314
3143 4 2 1 1 838 1942 1932 2074
3144 4 2 1 1 1147 1119 1534 1799
3145 4 2 1 1 1152 1140 1139 1752
3146 4 2 1 1 1435 1687 1512 1924
3147 4 2 1 1 1648 2031 1783 2406
3148 4 2 1 1 1542 1508 1859 2160
3149 4 2 1 1 1521 1872 1740 2009
3150 4 2 1 1 176 1785 1560 2146
3151 4 2 1 1 1471 1676 1655 2250
3152 4 2 1 1 1038 1557 596 1771
3153 4 2 1 1 674 1553 1955 2443
3154 4 2 1 1 870 1614 2127 2352
3155 4 2 1 1 1879 1896 1524 2279
3156 4 2 1 1 274 1684 209 2235
3157 4 2 1 1 382 2064 1650 2306
3158 4 2 1 1 1454 2151 1796 2234
3159 4 2 1 1 1545 1807 1662 2118
3160 4 2 1 1 366 385 1546 1823
3161 4 2 1 1 1700 1740 1585 2009
3162 4 2 1 1 1422 1700 1585 2009
3163 4 2 1 1 1168 1171 1626 1701
3164 4 2 1 1 1433 1714 1828 2118
3165 4 2 1 1 1658 1602 2077 2181
3166 4 2 1 1 1432 1557 1771 2240
3167 4 2 1 1 1688 2030 1981 2417
3168 4 2 1 1 797 1932 1843 2082
3169 4 2 1 1 1427 1704 1562 1882
3170 4 2 1 1 1426 1692 1564 2266
3171 4 2 1 1 1268 1829 1706 2078
3172 4 2 1 1 840 2073 1621 2103
3173 4 2 1 1 1422 1740 1700 2009
3174 4 2 1 1 1247 1703 1581 2456
3175 4 2 1 1 592 1767 1559 2258
3176 4 2 1 1 1268 1829 2078 2207
3177 4 2 1 1 1441 1912 1753 2334
3178 4 2 1 1 935 1629 1903 1970
3179 4 2 1 1 1454 1855 2151 2234
3180 4 2 1 1 653 498 1587 1998
3181 4 2 1 1 1420 2049 1703 2361
3182 4 2 1 1 975 908 1807 2208
3183 4 2 1 1 1066 1937 1735 2052
3184 4 2 1 1 1981 2030 1730 2417
3185 4 2 1 1 729 1580 1835 2400
3186 4 2 1 1 1422 1700 1754 1812
3187 4 2 1 1 1525 1882 1700 2079
3188 4 2 1 1 1627 1767 834 2056
3189 4 2 1 1 1636 1870 1532 1960
3190 4 2 1 1 303 466 414 1814
3191 4 2 1 1 1437 1740 1968 2038
3192 4 2 1 1 1475 1662 1807 2353
3193 4 2 1 1 1139 1191 1752 2040
3194 4 2 1 1 1285 1635 1885 2365
3195 4 2 1 1 1433 2118 1879 2255
3196 4 2 1 1 366 1546 385 2367
3197 4 2 1 1 1417 1856 1606 2370
3198 4 2 1 1 434 1810 1998 2271
3199 4 2 1 1 1489 2043 1846 2109
3200 4 2 1 1 1434 1917 1516 2032
3201 4 2 1 1 1441 1753 1912 2077
3202 4 2 1 1 1821 1953 1689 2295
3203 4 2 1 1 840 1621 2073 2297
3204 4 2 1 1 1442 1719 1551 1857
3205 4 2 1 1 1743 1948 1537 2310
3206 4 2 1 1 908 1545 1807 2208
3207 4 2 1 1 426 1522 1721 2154
3208 4 2 1 1 350 303 414 1814
3209 4 2 1 1 1676 2016 1655 2066
3210 4 2 1 1 1437 1968 1654 2038
3211 4 2 1 1 1521 1968 1740 2038
3212 4 2 1 1 1476 1815 1647 1902
3213 4 2 1 1 1456 1525 1754 2082
3214 4 2 1 1 614 1771 1557 2240
3215 4 2 1 1 1166 1137 1322 1859
3216 4 2 1 1 791 1535 1746 1909
3217 4 2 1 1 1509 1839 1657 1877
3218 4 2 1 1 1038 1393 1557 2223
3219 4 2 1 1 914 1835 1552 2242
3220 4 2 1 1 543 1772 1536 2341
3221 4 2 1 1 592 2258 1559 2394
3222 4 2 1 1 1364 1546 1989 2344
3223 4 2 1 1 1650 2255 1545 2306
3224 4 2 1 1 1613 1584 1804 2143
3225 4 2 1 1 1457 1761 1724 1926
3226 4 2 1 1 1689 1953 1824 2295
3227 4 2 1 1 927 1646 1552 1913
3228 4 2 1 1 1445 1830 1860 2361
3229 4 2 1 1 975 1807 1776 2208
3230 4 2 1 1 1788 1869 1727 2408
3231 4 2 1 1 1573 1761 1724 2088
3232 4 2 1 1 1209 1592 1668 1945
3233 4 2 1 1 1247 1581 1339 2456
3234 4 2 1 1 470 1803 1884 2291
3235 4 2 1 1 1655 1676 1519 2250
3236 4 2 1 1 1451 1601 1682 2372
3237 4 2 1 1 1562 1792 988 2297
3238 4 2 1 1 1432 1742 1821 2295
3239 4 2 1 1 1421 1630 1539 1687
3240 4 2 1 1 1672 1450 1751 2046
3241 4 2 1 1 791 989 1535 1909
3242 4 2 1 1 729 1835 1580 2195
3243 4 2 1 1 1441 1908 2077 2334
3244 4 2 1 1 1879 2000 1599 2279
3245 4 2 1 1 1537 1743 1702 2200
3246 4 2 1 1 1843 1932 1525 2082
3247 4 2 1 1 1562 1792 295 2073
3248 4 2 1 1 1768 2100 1897 2441
3249 4 2 1 1 1901 1932 1591 2124
3250 4 2 1 1 1585 2009 1872 2084
3251 4 2 1 1 870 2127 944 2352
3252 4 2 1 1 1509 1548 1645 1877
3253 4 2 1 1 596 1557 614 1771
3254 4 2 1 1 1444 1926 1761 1946
3255 4 2 1 1 935 1903 1590 1970
3256 4 2 1 1 930 987 1673 1896
3257 4 2 1 1 977 988 1792 2297
3258 4 2 1 1 1653 1798 310 2086
3259 4 2 1 1 1417 2150 1856 2370
3260 4 2 1 1 1626 1890 1541 2036
3261 4 2 1 1 1066 1735 1298 2052
3262 4 2 1 1 196 1725 197 2420
3263 4 2 1 1 1486 1981 1730 2417
3264 4 2 1 1 828 843 1778 1852
3265 4 2 1 1 944 2127 1639 2352
3266 4 2 1 1 1422 1585 1700 1812
3267 4 2 1 1 1254 2102 1756 2170
3268 4 2 1 1 1474 1801 1551 1930
3269 4 2 1 1 1717 1753 2177 2269
3270 4 2 1 1 1654 1968 1521 2038
3271 4 2 1 1 1397 584 1046 1720
3272 4 2 1 1 1190 1744 1568 1864
3273 4 2 1 1 1541 1679 1473 1890
3274 4 2 1 1 1647 1815 1534 1902
3275 4 2 1 1 1897 2100 1472 2441
3276 4 2 1 1 1490 1876 1728 2053
3277 4 2 1 1 1428 1648 1543 1708
3278 4 2 1 1 1746 1800 978 2260
3279 4 2 1 1 1595 1853 1765 2204
3280 4 2 1 1 1711 2008 1738 2090
3281 4 2 1 1 1574 1869 1788 2408
3282 4 2 1 1 1474 1551 1801 2287
3283 4 2 1 1 1856 2177 1753 2269
3284 4 2 1 1 987 789 1673 2337
3285 4 2 1 1 1545 382 1650 2306
3286 4 2 1 1 1421 1687 1539 2454
3287 4 2 1 1 616 1779 1906 2233
3288 4 2 1 1 1397 1044 622 1883
3289 4 2 1 1 770 1817 1538 1881
3290 4 2 1 1 1711 1793 1472 1921
3291 4 2 1 1 404 1615 892 1820
3292 4 2 1 1 1672 1738 1450 2046
3293 4 2 1 1 426 1721 1522 2148
3294 4 2 1 1 1428 1543 1648 1705
3295 4 2 1 1 1190 1568 1227 1864
3296 4 2 1 1 1580 1441 2334 2400
3297 4 2 1 1 1357 1865 1209 2045
3298 4 2 1 1 1078 1723 1603 2040
3299 4 2 1 1 1639 2127 1614 2352
3300 4 2 1 1 1442 1555 1719 2163
3301 4 2 1 1 1513 1894 1796 2277
3302 4 2 1 1 434 1998 1810 2291
3303 4 2 1 1 1682 2092 2204 2372
3304 4 2 1 1 1682 2204 1770 2372
3305 4 2 1 1 1788 1991 1714 1993
3306 4 2 1 1 1606 1417 2150 2177
3307 4 2 1 1 1133 1910 1829 2207
3308 4 2 1 1 1595 2092 1853 2204
3309 4 2 1 1 1425 1863 1669 2384
3310 4 2 1 1 1168 1701 1626 1799
3311 4 2 1 1 871 1843 1792 1909
3312 4 2 1 1 1445 1924 1830 2361
3313 4 2 1 1 1439 1921 1711 2330
3314 4 2 1 1 1314 1860 1544 2205
3315 4 2 1 1 1434 1788 1727 2274
3316 4 2 1 1 1444 1573 1761 1926
3317 4 2 1 1 1618 2148 1745 2179
3318 4 2 1 1 1430 1643 1532 1825
3319 4 2 1 1 1412 2095 1781 2345
3320 4 2 1 1 191 2236 1564 2262
3321 4 2 1 1 892 1000 861 1820
3322 4 2 1 1 1672 1778 1570 1852
3323 4 2 1 1 1440 1895 1710 1964
3324 4 2 1 1 1547 1770 1506 1791
3325 4 2 1 1 1547 1725 1506 1770
3326 4 2 1 1 830 1570 843 1852
3327 4 2 1 1 414 350 1588 1898
3328 4 2 1 1 1119 1244 1691 1799
3329 4 2 1 1 1576 1638 1445 2033
3330 4 2 1 1 1783 1864 1752 2314
3331 4 2 1 1 789 2283 1673 2337
3332 4 2 1 1 1861 2096 1580 2300
3333 4 2 1 1 1795 1993 1788 2465
3334 4 2 1 1 1446 1538 1686 1881
3335 4 2 1 1 1135 1829 1133 1910
3336 4 2 1 1 1719 1801 1551 2287
3337 4 2 1 1 798 1901 1525 2082
3338 4 2 1 1 262 1594 220 1728
3339 4 2 1 1 1417 1606 1856 2177
3340 4 2 1 1 651 1572 897 1888
3341 4 2 1 1 1081 1084 1695 2101
3342 4 2 1 1 1302 1531 1139 1972
3343 4 2 1 1 1126 1889 1697 2427
3344 4 2 1 1 642 963 178 1956
3345 4 2 1 1 1693 1775 827 2156
3346 4 2 1 1 1456 1882 1562 1936
3347 4 2 1 1 1440 1964 1529 2147
3348 4 2 1 1 1815 1828 1647 2323
3349 4 2 1 1 1338 1744 1864 2220
3350 4 2 1 1 1590 1970 1634 2149
3351 4 2 1 1 1756 1856 1500 2246
3352 4 2 1 1 1427 1882 1562 2079
3353 4 2 1 1 1579 2324 1976 2358
3354 4 2 1 1 1879 2118 1524 2255
3355 4 2 1 1 804 808 1789 2002
3356 4 2 1 1 1448 1520 1953 2182
3357 4 2 1 1 900 825 1693 1775
3358 4 2 1 1 1439 1516 1963 2293
3359 4 2 1 1 226 1583 227 1992
3360 4 2 1 1 1521 2084 1182 2410
3361 4 2 1 1 1708 1927 751 2289
3362 4 2 1 1 825 827 1693 1775
3363 4 2 1 1 1507 1795 1788 2465
3364 4 2 1 1 1546 1882 1610 1974
3365 4 2 1 1 676 1897 1553 2018
3366 4 2 1 1 872 871 1792 1909
3367 4 2 1 1 1998 2174 1810 2291
3368 4 2 1 1 1416 1761 1573 2088
3369 4 2 1 1 1619 1696 1499 1899
3370 4 2 1 1 1564 2236 1692 2262
3371 4 2 1 1 1415 1542 1663 2247
3372 4 2 1 1 840 1814 2073 2103
3373 4 2 1 1 987 1673 1896 2337
3374 4 2 1 1 1563 1778 1672 1852
3375 4 2 1 1 1516 1434 1804 1917
3376 4 2 1 1 1172 1168 1171 1626
3377 4 2 1 1 712 1593 1696 1985
3378 4 2 1 1 1456 1754 1548 2082
3379 4 2 1 1 1681 1684 1446 2300
3380 4 2 1 1 1542 1656 1415 2115
3381 4 2 1 1 1433 1828 1815 2323
3382 4 2 1 1 196 1692 195 1725
3383 4 2 1 1 1356 1133 1829 2207
3384 4 2 1 1 1614 1619 1494 2444
3385 4 2 1 1 1126 1697 1957 2427
3386 4 2 1 1 789 979 2283 2337
3387 4 2 1 1 1597 1991 1716 2200
3388 4 2 1 1 217 1827 1677 2003
3389 4 2 1 1 1250 1976 1093 2358
3390 4 2 1 1 978 1535 989 2389
3391 4 2 1 1 1254 1756 1301 2170
3392 4 2 1 1 1135 1356 1133 1829
3393 4 2 1 1 676 1553 674 2443
3394 4 2 1 1 828 1778 1563 1852
3395 4 2 1 1 1434 1574 1788 2274
3396 4 2 1 1 1534 1815 1647 2323
3397 4 2 1 1 1122 1542 1948 2125
3398 4 2 1 1 1429 1535 1642 1760
3399 4 2 1 1 275 1992 1707 2189
3400 4 2 1 1 1585 1610 1473 2396
3401 4 2 1 1 1427 1621 1588 2342
3402 4 2 1 1 1464 1783 1752 2314
3403 4 2 1 1 1738 1751 1450 2046
3404 4 2 1 1 1538 1817 1435 2392
3405 4 2 1 1 1683 1772 541 2341
3406 4 2 1 1 827 826 1563 1775
3407 4 2 1 1 543 544 1772 2341
3408 4 2 1 1 779 1605 769 1881
3409 4 2 1 1 1544 1860 1830 2361
3410 4 2 1 1 1529 1440 1710 1964
3411 4 2 1 1 1580 2334 1835 2400
3412 4 2 1 1 471 1698 1620 2131
3413 4 2 1 1 1741 1804 1516 2032
3414 4 2 1 1 1005 1572 651 1834
3415 4 2 1 1 434 1998 495 2271
3416 4 2 1 1 752 1780 1543 1954
3417 4 2 1 1 1727 2274 1574 2408
3418 4 2 1 1 1459 1709 1579 2051
3419 4 2 1 1 1090 1744 1338 2220
3420 4 2 1 1 1448 1520 1824 1953
3421 4 2 1 1 1559 1671 1485 2252
3422 4 2 1 1 1053 1238 1149 2230
3423 4 2 1 1 2005 2118 1662 2353
3424 4 2 1 1 1436 1943 2067 2086
3425 4 2 1 1 1835 2334 1441 2400
3426 4 2 1 1 1453 1862 1785 2042
3427 4 2 1 1 1528 1684 1681 2300
3428 4 2 1 1 1209 1668 1592 2076
3429 4 2 1 1 1585 1740 1452 2009
3430 4 2 1 1 1534 1691 1119 1902
3431 4 2 1 1 1598 1946 1837 2232
3432 4 2 1 1 1052 1051 1053 1765
3433 4 2 1 1 891 924 1870 2263
3434 4 2 1 1 1253 1925 1663 1957
3435 4 2 1 1 584 1046 1720 2106
3436 4 2 1 1 1440 1706 1529 1710
3437 4 2 1 1 1394 1600 480 1782
3438 4 2 1 1 798 1525 1901 1932
3439 4 2 1 1 1425 1567 1831 2179
3440 4 2 1 1 1519 1676 1655 2066
3441 4 2 1 1 373 1588 2126 2302
3442 4 2 1 1 1577 2067 1943 2086
3443 4 2 1 1 1485 1671 1559 2394
3444 4 2 1 1 977 1792 1843 2297
3445 4 2 1 1 1638 1751 1445 2033
3446 4 2 1 1 218 1827 1594 1956
3447 4 2 1 1 1452 1872 1740 2320
3448 4 2 1 1 1635 2162 1766 2197
3449 4 2 1 1 1981 2307 1688 2417
3450 4 2 1 1 1502 1895 1583 2336
3451 4 2 1 1 1796 2151 1513 2277
3452 4 2 1 1 1359 1865 1576 2039
3453 4 2 1 1 1412 2120 2031 2428
3454 4 2 1 1 1436 1943 1577 2067
3455 4 2 1 1 1627 1852 1767 2056
3456 4 2 1 1 806 1840 1634 2149
3457 4 2 1 1 808 1789 1561 2339
3458 4 2 1 1 1140 1752 1152 2314
3459 4 2 1 1 1657 1926 1457 2013
3460 4 2 1 1 1706 1829 1529 2078
3461 4 2 1 1 1562 1882 1704 1936
3462 4 2 1 1 1522 1826 1831 2336
3463 4 2 1 1 1413 1580 2096 2300
3464 4 2 1 1 1486 2307 1981 2417
3465 4 2 1 1 1475 1642 1535 1800
3466 4 2 1 1 1753 1856 1606 2177
3467 4 2 1 1 724 1629 935 1970
3468 4 2 1 1 1610 1882 1473 1974
3469 4 2 1 1 1606 1753 1441 1856
3470 4 2 1 1 1490 1728 1646 2053
3471 4 2 1 1 1804 1434 1983 2356
3472 4 2 1 1 1359 1685 1865 2039
3473 4 2 1 1 1458 1748 1627 2056
3474 4 2 1 1 191 2001 1564 2236
3475 4 2 1 1 1430 1670 1530 1723
3476 4 2 1 1 1521 1740 1872 2320
3477 4 2 1 1 1439 1963 1516 1976
3478 4 2 1 1 1457 1946 1657 2013
3479 4 2 1 1 1410 2008 1709 2338
3480 4 2 1 1 1627 1748 1438 2056
3481 4 2 1 1 798 1901 1591 2124
3482 4 2 1 1 2024 2092 1651 2169
3483 4 2 1 1 1458 1627 1748 2043
3484 4 2 1 1 1432 1718 1771 2155
3485 4 2 1 1 1171 1626 1701 2036
3486 4 2 1 1 1285 1885 1635 2162
3487 4 2 1 1 1804 1917 1434 2356
3488 4 2 1 1 1431 1656 1743 2160
3489 4 2 1 1 1438 1559 2238 2468
3490 4 2 1 1 1634 1970 775 2149
3491 4 2 1 1 1460 1634 1590 1689
3492 4 2 1 1 504 1721 1604 2154
3493 4 2 1 1 1776 1807 1545 2208
3494 4 2 1 1 1551 1442 1774 1987
3495 4 2 1 1 779 1605 1881 2178
3496 4 2 1 1 1563 827 1775 2156
3497 4 2 1 1 1090 1848 1744 2220
3498 4 2 1 1 1529 2078 1829 2207
3499 4 2 1 1 808 2339 1561 2467
3500 4 2 1 1 1598 1657 715 1837
3501 4 2 1 1 1590 1903 1629 1970
3502 4 2 1 1 1704 2126 1588 2302
3503 4 2 1 1 176 1560 1785 2042
3504 4 2 1 1 1402 522 1779 1906
3505 4 2 1 1 1538 1755 1435 1817
3506 4 2 1 1 1777 2138 1640 2328
3507 4 2 1 1 1845 1978 697 1988
3508 4 2 1 1 1449 1629 1590 2010
3509 4 2 1 1 1619 1434 1917 2356
3510 4 2 1 1 1474 1801 1719 2287
3511 4 2 1 1 1551 1474 1930 2287
3512 4 2 1 1 1412 1781 1658 2345
3513 4 2 1 1 1332 1663 1138 1757
3514 4 2 1 1 1182 1521 1184 2376
3515 4 2 1 1 381 1777 319 1854
3516 4 2 1 1 1296 1038 1393 2276
3517 4 2 1 1 218 220 262 1594
3518 4 2 1 1 1525 1754 1700 1882
3519 4 2 1 1 1213 1388 1838 1994
3520 4 2 1 1 1586 697 1978 1988
3521 4 2 1 1 1783 2286 1864 2314
3522 4 2 1 1 1436 1623 1715 2416
3523 4 2 1 1 1436 1715 1813 2416
3524 4 2 1 1 1589 1694 1513 2450
3525 4 2 1 1 1564 1692 1426 2424
3526 4 2 1 1 1151 1766 1851 2162
3527 4 2 1 1 1610 1700 1473 1882
3528 4 2 1 1 541 1772 544 2341
3529 4 2 1 1 1538 1435 1686 2392
3530 4 2 1 1 954 1791 1886 2083
3531 4 2 1 1 1712 1748 1627 2043
3532 4 2 1 1 196 2420 229 2469
3533 4 2 1 1 1856 2150 1730 2370
3534 4 2 1 1 1464 1783 1648 2031
3535 4 2 1 1 1146 1647 1145 1902
3536 4 2 1 1 1111 1819 1750 2051
3537 4 2 1 1 1606 1441 2019 2400
3538 4 2 1 1 1307 1551 1345 1774
3539 4 2 1 1 1375 1288 1916 2213
3540 4 2 1 1 1651 2068 1906 2233
3541 4 2 1 1 1597 1716 1537 2200
3542 4 2 1 1 1456 1535 1909 2062
3543 4 2 1 1 1479 1856 1756 2246
3544 4 2 1 1 1542 1743 1656 2160
3545 4 2 1 1 1293 1750 1111 1819
3546 4 2 1 1 1916 2213 1288 2351
3547 4 2 1 1 1440 1529 1706 1829
3548 4 2 1 1 1184 1521 1182 2410
3549 4 2 1 1 1778 1931 843 2460
3550 4 2 1 1 757 1540 1961 2053
3551 4 2 1 1 709 1926 1657 2013
3552 4 2 1 1 1439 1963 1675 2293
3553 4 2 1 1 1590 1689 1634 1970
3554 4 2 1 1 1493 1796 2151 2234
3555 4 2 1 1 274 208 209 1684
3556 4 2 1 1 651 1572 528 1834
3557 4 2 1 1 1459 1750 1709 2051
3558 4 2 1 1 680 1768 682 2100
3559 4 2 1 1 904 907 368 1650
3560 4 2 1 1 1440 1529 1829 2147
3561 4 2 1 1 1427 2122 1984 2308
3562 4 2 1 1 1607 1645 1548 1877
3563 4 2 1 1 1421 1539 1630 2119
3564 4 2 1 1 1694 1944 1513 2450
3565 4 2 1 1 1633 1963 1741 2091
3566 4 2 1 1 729 2019 1580 2400
3567 4 2 1 1 1446 1686 1538 2398
3568 4 2 1 1 1427 1700 1882 2079
3569 4 2 1 1 1425 2066 1863 2384
3570 4 2 1 1 594 1572 528 1888
3571 4 2 1 1 1538 1686 1435 1747
3572 4 2 1 1 716 709 715 1598
3573 4 2 1 1 1104 1691 1574 1902
3574 4 2 1 1 797 800 1843 1932
3575 4 2 1 1 1565 1777 1702 2138
3576 4 2 1 1 225 226 1710 1773
3577 4 2 1 1 1431 1743 1542 2160
3578 4 2 1 1 1437 1518 1736 1868
3579 4 2 1 1 1925 1957 1331 2059
3580 4 2 1 1 434 431 1810 2271
3581 4 2 1 1 1574 1691 1104 2395
3582 4 2 1 1 1456 1843 1562 2079
3583 4 2 1 1 1345 1551 1307 2296
3584 4 2 1 1 969 1876 1665 2053
3585 4 2 1 1 1410 1709 1533 2338
3586 4 2 1 1 815 783 1646 2053
3587 4 2 1 1 1037 175 1267 1706
3588 4 2 1 1 1432 1771 1718 2240
3589 4 2 1 1 1518 1437 1736 1820
3590 4 2 1 1 1785 1862 1453 2190
3591 4 2 1 1 1509 1645 1548 2062
3592 4 2 1 1 1436 2067 1653 2086
3593 4 2 1 1 1538 1435 1755 2219
3594 4 2 1 1 1137 1122 1138 1542
3595 4 2 1 1 1433 1647 1828 2323
3596 4 2 1 1 225 1710 1706 1773
3597 4 2 1 1 1626 1701 1541 2415
3598 4 2 1 1 527 614 596 2276
3599 4 2 1 1 1695 1986 1312 2101
3600 4 2 1 1 1507 1788 1727 1917
3601 4 2 1 1 1312 1986 1695 2298
3602 4 2 1 1 1493 2151 1855 2234
3603 4 2 1 1 1525 1456 1843 2082
3604 4 2 1 1 1062 1061 1638 1860
3605 4 2 1 1 1662 1776 1475 1807
3606 4 2 1 1 1445 1860 1830 2454
3607 4 2 1 1 680 1978 1897 2100
3608 4 2 1 1 1486 1999 1981 2307
3609 4 2 1 1 1464 2286 1783 2314
3610 4 2 1 1 1389 1617 1198 2108
3611 4 2 1 1 1633 1741 1571 2091
3612 4 2 1 1 1444 1645 1607 1877
3613 4 2 1 1 1446 1855 1686 2398
3614 4 2 1 1 1535 1760 1429 2062
3615 4 2 1 1 1210 1652 1217 2076
3616 4 2 1 1 1580 2096 1861 2382
3617 4 2 1 1 362 2268 1726 2337
3618 4 2 1 1 1402 1779 1240 1906
3619 4 2 1 1 1590 1449 1689 1970
3620 4 2 1 1 639 1888 956 1990
3621 4 2 1 1 1430 1825 1532 2134
3622 4 2 1 1 1436 1653 1943 2086
3623 4 2 1 1 592 1808 564 2394
3624 4 2 1 1 426 1721 504 2154
3625 4 2 1 1 571 2068 1651 2233
3626 4 2 1 1 1861 2300 1580 2409
3627 4 2 1 1 1545 1776 1662 1807
3628 4 2 1 1 1066 1298 1064 2052
3629 4 2 1 1 1760 1890 1429 2062
3630 4 2 1 1 1518 1789 1437 1820
3631 4 2 1 1 1596 682 1844 2193
3632 4 2 1 1 1682 2092 2024 2169
3633 4 2 1 1 838 1621 1942 2103
3634 4 2 1 1 175 1267 1706 2078
3635 4 2 1 1 1666 1755 893 1817
3636 4 2 1 1 355 310 1798 2086
3637 4 2 1 1 908 1807 1545 2080
3638 4 2 1 1 955 1678 2135 2161
3639 4 2 1 1 1584 1613 1434 1918
3640 4 2 1 1 571 1906 2068 2233
3641 4 2 1 1 815 1646 784 1728
3642 4 2 1 1 1576 1865 1685 2039
3643 4 2 1 1 758 2069 1523 2210
3644 4 2 1 1 480 1600 502 1782
3645 4 2 1 1 1563 1438 1748 2056
3646 4 2 1 1 1478 1643 1603 2072
3647 4 2 1 1 1314 2205 1544 2280
3648 4 2 1 1 1659 1897 679 1978
3649 4 2 1 1 1098 1972 1764 2357
3650 4 2 1 1 1890 2062 1754 2110
3651 4 2 1 1 1634 1689 1449 1970
3652 4 2 1 1 1590 1629 1449 1970
3653 4 2 1 1 1504 2204 2092 2372
3654 4 2 1 1 1581 1340 1929 2432
3655 4 2 1 1 1503 1811 1658 2077
3656 4 2 1 1 380 1726 362 2268
3657 4 2 1 1 678 679 1659 1897
3658 4 2 1 1 1697 1889 1520 2427
3659 4 2 1 1 1137 1542 1138 2288
3660 4 2 1 1 1614 1739 1457 2013
3661 4 2 1 1 1084 1081 1695 1848
3662 4 2 1 1 1221 1787 1720 2106
3663 4 2 1 1 1489 1748 1712 2043
3664 4 2 1 1 1499 1899 1722 1993
3665 4 2 1 1 1444 1657 1926 1946
3666 4 2 1 1 806 1572 1005 1840
3667 4 2 1 1 1657 1457 1926 1946
3668 4 2 1 1 1521 1184 2376 2410
3669 4 2 1 1 1416 1643 1873 2072
3670 4 2 1 1 1586 1978 1845 1988
3671 4 2 1 1 1598 1739 1614 2013
3672 4 2 1 1 1733 1888 956 2149
3673 4 2 1 1 1572 897 1888 2149
3674 4 2 1 1 1598 1457 1739 2013
3675 4 2 1 1 1600 1566 2122 2308
3676 4 2 1 1 1323 1869 1727 2202
3677 4 2 1 1 1431 2000 1965 2328
3678 4 2 1 1 1307 1551 1320 2296
3679 4 2 1 1 1307 1320 1551 1987
3680 4 2 1 1 1498 1613 1639 2158
3681 4 2 1 1 791 1909 1746 2116
3682 4 2 1 1 269 178 963 1956
3683 4 2 1 1 1619 1788 1993 2465
3684 4 2 1 1 584 2106 1720 2366
3685 4 2 1 1 1416 1573 2054 2088
3686 4 2 1 1 1427 1661 1984 2122
3687 4 2 1 1 1476 1815 1714 1828
3688 4 2 1 1 234 1876 1728 2145
3689 4 2 1 1 1727 1788 1434 1917
3690 4 2 1 1 1464 1764 2031 2275
3691 4 2 1 1 954 877 1791 2083
3692 4 2 1 1 1119 1145 1147 1534
3693 4 2 1 1 876 949 1607 2034
3694 4 2 1 1 699 1573 703 2034
3695 4 2 1 1 892 404 482 1615
3696 4 2 1 1 674 1955 1866 2443
3697 4 2 1 1 1595 2204 1765 2230
3698 4 2 1 1 344 1973 1726 2142
3699 4 2 1 1 1423 1682 1680 2372
3700 4 2 1 1 970 1665 1707 2348
3701 4 2 1 1 907 368 1650 2208
3702 4 2 1 1 682 1768 1596 2100
3703 4 2 1 1 1610 1882 1546 2308
3704 4 2 1 1 1709 1711 1439 2090
3705 4 2 1 1 1596 1768 682 2193
3706 4 2 1 1 829 834 1852 2056
3707 4 2 1 1 1623 1436 1715 1943
3708 4 2 1 1 1331 1925 1253 1957
3709 4 2 1 1 1756 1301 2170 2181
3710 4 2 1 1 716 1598 715 1837
3711 4 2 1 1 382 1545 1650 2208
3712 4 2 1 1 1596 2100 1768 2441
3713 4 2 1 1 1724 1761 1457 2088
3714 4 2 1 1 1538 1747 1435 2219
3715 4 2 1 1 758 2210 1523 2239
3716 4 2 1 1 968 1876 969 2053
3717 4 2 1 1 1579 1699 2324 2358
3718 4 2 1 1 1498 1613 2158 2378
3719 4 2 1 1 779 926 1605 2178
3720 4 2 1 1 1122 1757 1542 2125
3721 4 2 1 1 843 1570 864 1931
3722 4 2 1 1 879 1816 247 1900
3723 4 2 1 1 426 2148 1522 2216
3724 4 2 1 1 1431 1640 2138 2328
3725 4 2 1 1 545 543 1772 1871
3726 4 2 1 1 959 1684 960 1881
3727 4 2 1 1 1490 1710 1895 1964
3728 4 2 1 1 805 946 856 2194
3729 4 2 1 1 1530 1885 1635 2365
3730 4 2 1 1 1536 1871 543 1990
3731 4 2 1 1 805 856 1904 2194
3732 4 2 1 1 1455 1788 1714 1993
3733 4 2 1 1 1345 1774 1551 2296
3734 4 2 1 1 1563 1693 1410 2139
3735 4 2 1 1 769 779 926 1605
3736 4 2 1 1 1053 1765 1051 2230
3737 4 2 1 1 1420 2234 1703 2447
3738 4 2 1 1 930 1599 1673 2209
3739 4 2 1 1 1212 1388 1994 2014
3740 4 2 1 1 1430 1530 1674 1723
3741 4 2 1 1 1145 1534 1119 1902
3742 4 2 1 1 1502 1831 1895 2336
3743 4 2 1 1 1430 1674 1530 1730
3744 4 2 1 1 1422 1525 1700 2166
3745 4 2 1 1 1302 1139 1098 1972
3746 4 2 1 1 1464 2026 1764 2275
3747 4 2 1 1 518 404 501 2188
3748 4 2 1 1 1427 2081 1588 2399
3749 4 2 1 1 888 1998 1941 2431
3750 4 2 1 1 1430 1981 1688 2030
3751 4 2 1 1 970 1707 2058 2348
3752 4 2 1 1 1828 1879 1714 2279
3753 4 2 1 1 1510 1630 1539 1735
3754 4 2 1 1 1604 1721 423 1938
3755 4 2 1 1 1500 1856 1756 2077
3756 4 2 1 1 1432 1697 2155 2223
3757 4 2 1 1 1365 1237 2036 2281
3758 4 2 1 1 1092 1819 1111 2051
3759 4 2 1 1 1634 1527 1821 2063
3760 4 2 1 1 1302 1139 1531 2040
3761 4 2 1 1 801 1591 798 1901
3762 4 2 1 1 1600 1782 1226 2004
3763 4 2 1 1 1005 806 897 1572
3764 4 2 1 1 1427 1984 2081 2399
3765 4 2 1 1 1679 1823 385 2449
3766 4 2 1 1 502 1782 1600 1935
3767 4 2 1 1 357 2089 1842 2171
3768 4 2 1 1 910 2027 1904 2114
3769 4 2 1 1 794 792 1548 1909
3770 4 2 1 1 1674 1723 1077 2040
3771 4 2 1 1 1543 1954 1780 2406
3772 4 2 1 1 1746 2069 1509 2290
3773 4 2 1 1 1001 1587 653 1884
3774 4 2 1 1 1562 1704 1588 2302
3775 4 2 1 1 1423 1680 1601 2241
3776 4 2 1 1 1642 1800 1475 2035
3777 4 2 1 1 826 1563 1775 2056
3778 4 2 1 1 1561 2192 2129 2329
3779 4 2 1 1 806 897 1572 2149
3780 4 2 1 1 216 1677 1827 2407
3781 4 2 1 1 1422 1700 1525 1754
3782 4 2 1 1 1515 1998 1810 2271
3783 4 2 1 1 1741 1963 1804 2143
3784 4 2 1 1 456 1661 1942 2085
3785 4 2 1 1 1652 2076 1210 2186
3786 4 2 1 1 622 583 1720 1883
3787 4 2 1 1 234 233 1876 2145
3788 4 2 1 1 1551 1320 1930 1987
3789 4 2 1 1 1005 1572 1834 1840
3790 4 2 1 1 1438 1563 1672 2468
3791 4 2 1 1 960 1881 1684 2178
3792 4 2 1 1 1520 1689 1824 2295
3793 4 2 1 1 1456 1909 1548 2062
3794 4 2 1 1 1391 1850 1189 1947
3795 4 2 1 1 615 1002 595 1767
3796 4 2 1 1 434 495 431 2271
3797 4 2 1 1 1557 1697 1432 2223
3798 4 2 1 1 1440 1567 1669 2147
3799 4 2 1 1 1122 1542 1137 1948
3800 4 2 1 1 285 1728 642 1956
3801 4 2 1 1 1487 1713 1873 2041
3802 4 2 1 1 955 1678 2048 2135
3803 4 2 1 1 1422 1754 1525 2214
3804 4 2 1 1 1595 2204 2230 2424
3805 4 2 1 1 1427 1588 2081 2342
3806 4 2 1 1 1422 1645 2214 2458
3807 4 2 1 1 1543 1927 1708 2289
3808 4 2 1 1 1409 2129 2192 2329
3809 4 2 1 1 798 1591 801 2124
3810 4 2 1 1 1810 1998 1515 2174
3811 4 2 1 1 178 285 642 1956
3812 4 2 1 1 1588 2081 1984 2399
3813 4 2 1 1 1440 1829 1567 2147
3814 4 2 1 1 767 2099 1817 2332
3815 4 2 1 1 1522 2148 1831 2179
3816 4 2 1 1 1551 1930 1320 2296
3817 4 2 1 1 1043 1051 1052 1785
3818 4 2 1 1 1479 1756 1856 2077
3819 4 2 1 1 1538 1686 1817 2392
3820 4 2 1 1 1433 1662 2005 2118
3821 4 2 1 1 1520 1757 1448 2247
3822 4 2 1 1 1092 1293 1111 1819
3823 4 2 1 1 1632 2290 2232 2353
3824 4 2 1 1 852 1833 1722 2065
3825 4 2 1 1 1421 1630 1687 2273
3826 4 2 1 1 1413 2096 1580 2382
3827 4 2 1 1 770 1538 863 2144
3828 4 2 1 1 1795 1991 1788 1993
3829 4 2 1 1 1509 2232 1632 2290
3830 4 2 1 1 1788 1795 1507 1991
3831 4 2 1 1 522 616 1779 1906
3832 4 2 1 1 1137 1859 1542 2288
3833 4 2 1 1 1725 1770 1692 2204
3834 4 2 1 1 1519 1994 1655 2250
3835 4 2 1 1 1655 2066 2016 2179
3836 4 2 1 1 1222 1600 1255 2004
3837 4 2 1 1 1941 1998 1515 2431
3838 4 2 1 1 1323 1251 1699 1727
3839 4 2 1 1 1728 965 1956 2418
3840 4 2 1 1 1359 1576 1124 2039
3841 4 2 1 1 373 1588 1898 2126
3842 4 2 1 1 484 1600 1661 1935
3843 4 2 1 1 1258 1539 1062 2052
3844 4 2 1 1 608 2258 592 2394
3845 4 2 1 1 738 864 865 1931
3846 4 2 1 1 1520 1448 1757 2182
3847 4 2 1 1 1614 870 2013 2352
3848 4 2 1 1 1478 1848 1873 2072
3849 4 2 1 1 1487 1873 1762 2041
3850 4 2 1 1 1455 1899 1619 1993
3851 4 2 1 1 1410 1693 1563 2374
3852 4 2 1 1 1523 1807 758 2239
3853 4 2 1 1 741 1722 1599 1919
3854 4 2 1 1 1551 1930 1801 1987
3855 4 2 1 1 863 1538 1755 2144
3856 4 2 1 1 1590 1634 1460 2149
3857 4 2 1 1 1562 1843 1792 2297
3858 4 2 1 1 1582 2213 1916 2351
3859 4 2 1 1 1420 1703 2049 2447
3860 4 2 1 1 1520 1448 1824 2247
3861 4 2 1 1 1533 1709 1439 2090
3862 4 2 1 1 1436 1715 1653 2421
3863 4 2 1 1 1309 1905 1313 2183
3864 4 2 1 1 1657 1837 1598 1946
3865 4 2 1 1 1811 2077 1503 2181
3866 4 2 1 1 1453 2111 1977 2128
3867 4 2 1 1 1410 1748 1563 2139
3868 4 2 1 1 1240 1906 1779 2226
3869 4 2 1 1 1274 2154 2132 2216
3870 4 2 1 1 1666 1817 767 2099
3871 4 2 1 1 1198 1617 1389 1749
3872 4 2 1 1 1748 1841 1563 2139
3873 4 2 1 1 1135 1567 1278 1829
3874 4 2 1 1 1866 1955 1553 2443
3875 4 2 1 1 1345 1307 1327 2296
3876 4 2 1 1 1394 1045 480 1600
3877 4 2 1 1 1194 1849 1597 2243
3878 4 2 1 1 927 1552 914 2195
3879 4 2 1 1 1596 1472 2100 2441
3880 4 2 1 1 1422 1857 1645 2458
3881 4 2 1 1 579 2060 1949 2394
3882 4 2 1 1 1949 2060 579 2161
3883 4 2 1 1 1369 1375 1288 1916
3884 4 2 1 1 1425 2066 1567 2179
3885 4 2 1 1 828 1563 1778 2156
3886 4 2 1 1 1522 2154 426 2216
3887 4 2 1 1 864 1920 865 1931
3888 4 2 1 1 1171 1172 1626 2036
3889 4 2 1 1 1468 1651 1595 1906
3890 4 2 1 1 1309 1519 1905 2183
3891 4 2 1 1 1977 2111 1578 2128
3892 4 2 1 1 1513 2075 1694 2087
3893 4 2 1 1 1522 1604 1826 2336
3894 4 2 1 1 964 642 965 1956
3895 4 2 1 1 1784 2105 212 2235
3896 4 2 1 1 778 1722 741 1919
3897 4 2 1 1 1309 1905 1519 1994
3898 4 2 1 1 764 1813 1550 1997
3899 4 2 1 1 1657 1946 1598 2013
3900 4 2 1 1 1473 1974 1823 2036
3901 4 2 1 1 266 201 1581 2248
3902 4 2 1 1 1313 2183 1905 2357
3903 4 2 1 1 1559 1570 2238 2468
3904 4 2 1 1 1634 1840 1572 2149
3905 4 2 1 1 1411 1879 1828 2279
3906 4 2 1 1 1421 2273 1687 2429
3907 4 2 1 1 1309 1994 1519 2183
3908 4 2 1 1 1733 2140 1536 2292
3909 4 2 1 1 1460 1733 1590 2149
3910 4 2 1 1 900 825 853 1693
3911 4 2 1 1 1255 1600 1226 2004
3912 4 2 1 1 1451 1682 1608 1770
3913 4 2 1 1 964 1956 965 2418
3914 4 2 1 1 515 1587 498 1998
3915 4 2 1 1 1595 1806 1564 2424
3916 4 2 1 1 1799 2061 1626 2104
3917 4 2 1 1 498 1587 438 1884
3918 4 2 1 1 1589 1513 1694 2087
3919 4 2 1 1 1601 1451 1682 2028
3920 4 2 1 1 1649 1536 2140 2292
3921 4 2 1 1 1765 1853 1595 2230
3922 4 2 1 1 1509 1548 1877 2116
3923 4 2 1 1 1140 1934 1764 2314
3924 4 2 1 1 1623 1649 1436 1966
3925 4 2 1 1 1588 1704 1427 2399
3926 4 2 1 1 830 864 843 1570
3927 4 2 1 1 752 743 751 1780
3928 4 2 1 1 1438 1892 1559 2468
3929 4 2 1 1 1426 1608 1682 1770
3930 4 2 1 1 1597 1849 1194 1916
3931 4 2 1 1 1680 1931 1601 2241
3932 4 2 1 1 1429 1626 2061 2104
3933 4 2 1 1 381 316 1777 2138
3934 4 2 1 1 1077 1723 1075 2040
3935 4 2 1 1 1532 1870 924 2263
3936 4 2 1 1 1608 1682 1451 2028
3937 4 2 1 1 227 1583 256 1992
3938 4 2 1 1 1061 1638 1860 2333
3939 4 2 1 1 1323 1727 1699 2202
3940 4 2 1 1 1830 1924 1544 2361
3941 4 2 1 1 1714 1788 1476 1991
3942 4 2 1 1 1561 1904 808 2467
3943 4 2 1 1 1369 1916 1288 2351
3944 4 2 1 1 1724 2054 1573 2088
3945 4 2 1 1 1062 1860 1539 2176
3946 4 2 1 1 1453 1765 1977 2111
3947 4 2 1 1 1261 2125 1948 2243
3948 4 2 1 1 1579 1093 1976 2324
3949 4 2 1 1 1490 1895 1710 1992
3950 4 2 1 1 1539 1630 1510 1830
3951 4 2 1 1 1601 1682 1608 2028
3952 4 2 1 1 775 1590 816 2149
3953 4 2 1 1 1427 1700 1610 1882
3954 4 2 1 1 978 1800 1535 2389
3955 4 2 1 1 1080 1695 1081 1848
3956 4 2 1 1 758 1807 1523 2069
3957 4 2 1 1 1591 2002 1437 2261
3958 4 2 1 1 1869 2202 1323 2312
3959 4 2 1 1 1648 2264 1543 2406
3960 4 2 1 1 1410 1533 1709 2199
3961 4 2 1 1 1781 2095 1492 2345
3962 4 2 1 1 1568 1227 1864 2413
3963 4 2 1 1 1566 1940 1224 2070
3964 4 2 1 1 1411 1828 1714 2279
3965 4 2 1 1 724 725 935 1629
3966 4 2 1 1 768 893 1755 1817
3967 4 2 1 1 1554 1692 1564 2236
3968 4 2 1 1 196 1692 1547 2236
3969 4 2 1 1 1545 2208 382 2306
3970 4 2 1 1 1400 1734 1408 2108
3971 4 2 1 1 1527 1832 900 2121
3972 4 2 1 1 1801 1930 1320 1987
3973 4 2 1 1 1422 1525 2166 2214
3974 4 2 1 1 1497 1803 1587 1884
3975 4 2 1 1 363 1650 2268 2337
3976 4 2 1 1 1522 1826 1567 1831
3977 4 2 1 1 1445 1830 1924 2454
3978 4 2 1 1 758 1837 2069 2210
3979 4 2 1 1 586 1772 1683 1883
3980 4 2 1 1 269 287 178 1956
3981 4 2 1 1 2005 2061 1632 2290
3982 4 2 1 1 1475 1535 1642 2290
3983 4 2 1 1 1429 1642 1535 2290
3984 4 2 1 1 1593 1985 1729 2251
3985 4 2 1 1 545 543 544 1772
3986 4 2 1 1 1411 2000 1879 2279
3987 4 2 1 1 1411 1714 1828 1991
3988 4 2 1 1 423 1604 504 1721
3989 4 2 1 1 1440 1669 1567 1831
3990 4 2 1 1 225 1706 1710 2385
3991 4 2 1 1 1438 1672 1841 2468
3992 4 2 1 1 1513 1962 1612 2414
3993 4 2 1 1 1453 1765 2111 2128
3994 4 2 1 1 1190 1338 1744 1864
3995 4 2 1 1 863 768 1755 1817
3996 4 2 1 1 647 977 988 1792
3997 4 2 1 1 1413 2215 1580 2300
3998 4 2 1 1 1449 1689 1634 1821
3999 4 2 1 1 653 1587 1019 1998
4000 4 2 1 1 815 1876 968 2053
4001 4 2 1 1 1587 1884 1803 2291
4002 4 2 1 1 1701 1911 1365 2281
4003 4 2 1 1 225 226 223 1710
4004 4 2 1 1 1567 1826 1278 1829
4005 4 2 1 1 494 1615 404 1820
4006 4 2 1 1 1440 1831 1826 2336
4007 4 2 1 1 1600 1984 1566 2070
4008 4 2 1 1 1127 1902 1869 2071
4009 4 2 1 1 1425 1676 1625 2371
4010 4 2 1 1 1510 1851 1766 2162
4011 4 2 1 1 1634 2063 1821 2244
4012 4 2 1 1 1088 1312 1986 2101
4013 4 2 1 1 1595 2230 1806 2424
4014 4 2 1 1 1618 2148 1831 2354
4015 4 2 1 1 1655 1994 1471 2250
4016 4 2 1 1 487 1588 414 1814
4017 4 2 1 1 680 679 1897 1978
4018 4 2 1 1 371 350 1588 1814
4019 4 2 1 1 1427 2308 1984 2399
4020 4 2 1 1 1502 1618 1831 2354
4021 4 2 1 1 772 757 1961 2053
4022 4 2 1 1 949 1797 1607 2034
4023 4 2 1 1 675 676 1659 1955
4024 4 2 1 1 1673 2283 1726 2337
4025 4 2 1 1 1484 1892 1808 1933
4026 4 2 1 1 1212 1994 1749 2014
4027 4 2 1 1 176 240 1560 2042
4028 4 2 1 1 1793 1921 1439 1963
4029 4 2 1 1 1258 1539 2052 2176
4030 4 2 1 1 1345 2084 1774 2296
4031 4 2 1 1 1634 1840 777 2121
4032 4 2 1 1 805 1904 2002 2194
4033 4 2 1 1 1434 1727 1917 2032
4034 4 2 1 1 1473 1890 1626 2036
4035 4 2 1 1 863 768 893 1755
4036 4 2 1 1 1645 2062 1509 2104
4037 4 2 1 1 1465 1693 1527 1832
4038 4 2 1 1 1567 1826 1440 1831
4039 4 2 1 1 1440 1669 1895 1964
4040 4 2 1 1 1444 1839 1761 2093
4041 4 2 1 1 718 1629 724 2299
4042 4 2 1 1 245 1827 218 1956
4043 4 2 1 1 1634 1821 1689 2244
4044 4 2 1 1 370 1792 1562 1936
4045 4 2 1 1 1543 1927 2129 2231
4046 4 2 1 1 1692 1725 1547 1770
4047 4 2 1 1 1458 1775 1748 2056
4048 4 2 1 1 1765 2204 1560 2230
4049 4 2 1 1 1560 2230 2204 2424
4050 4 2 1 1 216 1677 217 1827
4051 4 2 1 1 1145 1147 1534 2304
4052 4 2 1 1 1484 1731 1892 1933
4053 4 2 1 1 1586 2100 698 2112
4054 4 2 1 1 1432 1697 1549 2295
4055 4 2 1 1 756 698 2100 2112
4056 4 2 1 1 842 838 1932 2074
4057 4 2 1 1 1410 1841 1748 2139
4058 4 2 1 1 1574 1434 1788 2137
4059 4 2 1 1 1579 1709 1439 1819
4060 4 2 1 1 1759 1561 2129 2329
4061 4 2 1 1 764 1550 750 1997
4062 4 2 1 1 874 1657 720 1877
4063 4 2 1 1 1497 2129 1927 2231
4064 4 2 1 1 1574 1739 1434 2137
4065 4 2 1 1 1303 1313 1905 2357
4066 4 2 1 1 1465 1527 1693 1969
4067 4 2 1 1 712 1696 737 1985
4068 4 2 1 1 1437 1591 1740 2022
4069 4 2 1 1 708 1657 709 1926
4070 4 2 1 1 1717 1753 1495 2177
4071 4 2 1 1 1580 1441 1753 2334
4072 4 2 1 1 1499 1899 1696 2196
4073 4 2 1 1 1261 1948 1849 2243
4074 4 2 1 1 806 777 1634 1840
4075 4 2 1 1 1046 1221 1720 2106
4076 4 2 1 1 1655 2016 1471 2179
4077 4 2 1 1 1614 1899 1619 2444
4078 4 2 1 1 1209 1668 1208 1945
4079 4 2 1 1 1522 1831 1567 2179
4080 4 2 1 1 1438 1767 1627 1852
4081 4 2 1 1 1151 2162 1851 2176
4082 4 2 1 1 772 1961 1646 2053
4083 4 2 1 1 1194 1916 1849 2448
4084 4 2 1 1 1651 1485 2024 2169
4085 4 2 1 1 856 1797 1904 2194
4086 4 2 1 1 1607 2214 1645 2458
4087 4 2 1 1 1508 1656 2067 2160
4088 4 2 1 1 1309 1303 1313 1905
4089 4 2 1 1 321 2064 382 2306
4090 4 2 1 1 1137 1542 1859 1948
4091 4 2 1 1 802 1591 799 2002
4092 4 2 1 1 1433 2255 1879 2426
4093 4 2 1 1 1752 1783 1478 1864
4094 4 2 1 1 1725 1692 2042 2204
4095 4 2 1 1 1551 1801 1719 1987
4096 4 2 1 1 274 2105 1684 2235
4097 4 2 1 1 874 1657 1877 2375
4098 4 2 1 1 1684 2105 1528 2235
4099 4 2 1 1 1728 1956 1913 2418
4100 4 2 1 1 1551 1774 1307 1987
4101 4 2 1 1 1440 1583 1895 2336
4102 4 2 1 1 757 1961 1540 2430
4103 4 2 1 1 1568 1744 1190 2376
4104 4 2 1 1 1258 1062 1539 2176
4105 4 2 1 1 1486 1730 2150 2370
4106 4 2 1 1 605 2203 1623 2405
4107 4 2 1 1 1623 2203 374 2405
4108 4 2 1 1 1438 1559 1767 2238
4109 4 2 1 1 1396 417 1279 1604
4110 4 2 1 1 356 344 1726 2142
4111 4 2 1 1 1318 1902 1127 2071
4112 4 2 1 1 1147 1799 1534 2304
4113 4 2 1 1 1754 2062 1548 2110
4114 4 2 1 1 750 1550 764 2331
4115 4 2 1 1 1728 1913 965 2418
4116 4 2 1 1 1190 1227 1338 1864
4117 4 2 1 1 1697 1520 1957 2427
4118 4 2 1 1 842 1942 838 2074
4119 4 2 1 1 1077 1723 1674 2365
4120 4 2 1 1 893 1755 1666 2018
4121 4 2 1 1 1535 1760 1456 2164
4122 4 2 1 1 1318 1127 1869 2071
4123 4 2 1 1 1340 1339 1581 1929
4124 4 2 1 1 1512 1687 1553 2228
4125 4 2 1 1 2132 2154 1522 2216
4126 4 2 1 1 1571 1670 1496 1723
4127 4 2 1 1 1465 1958 1769 2330
4128 4 2 1 1 740 1941 1708 2369
4129 4 2 1 1 879 181 654 1900
4130 4 2 1 1 1438 1627 1712 1748
4131 4 2 1 1 1428 1648 1708 2326
4132 4 2 1 1 675 676 677 1659
4133 4 2 1 1 1500 2197 1756 2246
4134 4 2 1 1 1958 2021 1769 2330
4135 4 2 1 1 1573 1444 1761 2163
4136 4 2 1 1 1434 1739 1574 2184
4137 4 2 1 1 961 814 1861 2105
4138 4 2 1 1 681 1768 1897 2229
4139 4 2 1 1 385 1823 1679 2367
4140 4 2 1 1 1449 1729 1629 1824
4141 4 2 1 1 1521 2376 1874 2410
4142 4 2 1 1 1222 1600 2004 2117
4143 4 2 1 1 1653 1514 2067 2227
4144 4 2 1 1 201 1862 1581 2248
4145 4 2 1 1 1726 2283 979 2337
4146 4 2 1 1 1651 1678 601 2060
4147 4 2 1 1 1508 1683 1536 1772
4148 4 2 1 1 778 1722 1919 2196
4149 4 2 1 1 1559 1892 1570 2468
4150 4 2 1 1 935 1629 725 1903
4151 4 2 1 1 1547 1886 2420 2469
4152 4 2 1 1 258 1583 226 1773
4153 4 2 1 1 1319 1055 1853 2111
4154 4 2 1 1 1138 1122 1332 1757
4155 4 2 1 1 1377 1849 2383 2448
4156 4 2 1 1 1411 1714 1991 1993
4157 4 2 1 1 1172 1175 1626 2020
4158 4 2 1 1 1850 1874 1189 1947
4159 4 2 1 1 799 802 801 1591
4160 4 2 1 1 1948 2125 1537 2243
4161 4 2 1 1 1444 1761 1839 1946
4162 4 2 1 1 1613 1639 1457 2088
4163 4 2 1 1 1714 1879 1524 2279
4164 4 2 1 1 1436 1649 1623 2416
4165 4 2 1 1 1498 2123 2015 2158
4166 4 2 1 1 1465 1769 2021 2330
4167 4 2 1 1 1467 1947 1850 2446
4168 4 2 1 1 698 697 1586 1988
4169 4 2 1 1 1487 2007 2027 2264
4170 4 2 1 1 1427 2081 1984 2342
4171 4 2 1 1 1839 1946 1761 2093
4172 4 2 1 1 1087 1555 1084 2101
4173 4 2 1 1 1941 1998 888 2459
4174 4 2 1 1 1814 2073 1588 2302
4175 4 2 1 1 1597 2200 1537 2318
4176 4 2 1 1 1298 1735 1066 1937
4177 4 2 1 1 1698 1734 1400 2108
4178 4 2 1 1 269 963 1784 1956
4179 4 2 1 1 1553 1755 1512 2443
4180 4 2 1 1 495 1998 1967 2271
4181 4 2 1 1 1467 1850 1698 2446
4182 4 2 1 1 1620 1467 2173 2218
4183 4 2 1 1 258 1583 1773 1938
4184 4 2 1 1 1434 2032 1584 2274
4185 4 2 1 1 1428 1543 1705 2231
4186 4 2 1 1 799 2002 1591 2194
4187 4 2 1 1 1319 1853 2039 2111
4188 4 2 1 1 1239 1906 1595 2017
4189 4 2 1 1 924 1870 1532 1999
4190 4 2 1 1 990 1807 908 2080
4191 4 2 1 1 1621 2081 1588 2342
4192 4 2 1 1 1788 1869 1574 2137
4193 4 2 1 1 1414 1946 1598 2232
4194 4 2 1 1 1608 1770 1547 1791
4195 4 2 1 1 1421 1891 2273 2429
4196 4 2 1 1 1684 1881 959 1900
4197 4 2 1 1 356 1726 1640 2142
4198 4 2 1 1 1431 1702 2000 2328
4199 4 2 1 1 1261 1849 1948 2433
4200 4 2 1 1 930 987 789 1673
4201 4 2 1 1 1394 1226 1600 1782
4202 4 2 1 1 1145 1534 1950 2304
4203 4 2 1 1 370 295 1562 1792
4204 4 2 1 1 1421 1891 1630 2273
4205 4 2 1 1 1621 1932 838 1942
4206 4 2 1 1 838 1942 655 2103
4207 4 2 1 1 1250 1086 1093 1976
4208 4 2 1 1 961 2105 1861 2178
4209 4 2 1 1 1653 1715 1436 1943
4210 4 2 1 1 175 2078 1706 2385
4211 4 2 1 1 1487 1904 1660 2027
4212 4 2 1 1 1573 1444 1713 1797
4213 4 2 1 1 951 1733 1590 2331
4214 4 2 1 1 1517 1708 1648 2326
4215 4 2 1 1 1758 1866 1483 2228
4216 4 2 1 1 417 1279 1604 1922
4217 4 2 1 1 1496 1951 1825 2378
4218 4 2 1 1 486 1940 1566 2070
4219 4 2 1 1 1516 1804 1741 1963
4220 4 2 1 1 1207 1668 1209 2076
4221 4 2 1 1 699 1926 1573 2034
4222 4 2 1 1 1803 470 1884 2217
4223 4 2 1 1 1651 1971 1426 2424
4224 4 2 1 1 311 1715 1653 1943
4225 4 2 1 1 931 1833 852 2065
4226 4 2 1 1 815 783 784 1646
4227 4 2 1 1 1491 1957 1925 2059
4228 4 2 1 1 1714 1788 2055 2137
4229 4 2 1 1 1573 1797 703 2034
4230 4 2 1 1 1594 1827 218 2003
4231 4 2 1 1 1680 1758 1483 2228
4232 4 2 1 1 1425 2066 1676 2371
4233 4 2 1 1 761 1708 740 1941
4234 4 2 1 1 1648 1708 1517 1780
4235 4 2 1 1 1543 1708 1648 1780
4236 4 2 1 1 1696 1958 1593 1988
4237 4 2 1 1 1147 1244 1119 1799
4238 4 2 1 1 1207 1208 1209 1668
4239 4 2 1 1 1681 1684 1528 2235
4240 4 2 1 1 1464 1624 2286 2314
4241 4 2 1 1 1651 2068 1971 2424
4242 4 2 1 1 1958 1988 1696 2112
4243 4 2 1 1 1239 1853 1595 1906
4244 4 2 1 1 1425 1863 2066 2371
4245 4 2 1 1 1436 1653 2067 2227
4246 4 2 1 1 1981 1999 1532 2307
4247 4 2 1 1 1506 1887 1862 2267
4248 4 2 1 1 1692 1770 1547 2266
4249 4 2 1 1 1573 1444 1797 2034
4250 4 2 1 1 1433 1879 1828 2426
4251 4 2 1 1 1120 1146 1145 1902
4252 4 2 1 1 1479 2077 1602 2181
4253 4 2 1 1 196 197 229 2420
4254 4 2 1 1 999 956 1888 2149
4255 4 2 1 1 990 1807 2080 2239
4256 4 2 1 1 186 1037 1270 2319
4257 4 2 1 1 753 750 764 2331
4258 4 2 1 1 921 1596 682 1844
4259 4 2 1 1 1268 1706 1267 2078
4260 4 2 1 1 681 1897 928 2229
4261 4 2 1 1 740 2369 1708 2393
4262 4 2 1 1 1438 1892 1731 1933
4263 4 2 1 1 1110 1811 1905 1910
4264 4 2 1 1 1119 1691 1104 1902
4265 4 2 1 1 1552 1835 914 2195
4266 4 2 1 1 1580 2300 2215 2409
4267 4 2 1 1 325 1662 2133 2171
4268 4 2 1 1 960 779 1881 2178
4269 4 2 1 1 1571 1670 1419 2143
4270 4 2 1 1 1097 1574 1104 2395
4271 4 2 1 1 1438 1808 1892 1933
4272 4 2 1 1 1624 1934 1705 2422
4273 4 2 1 1 1536 1683 1508 2115
4274 4 2 1 1 1714 1476 1788 2137
4275 4 2 1 1 764 1550 1813 2098
4276 4 2 1 1 1647 1902 1146 2071
4277 4 2 1 1 363 2268 362 2337
4278 4 2 1 1 414 1588 488 1898
4279 4 2 1 1 1798 1995 355 2086
4280 4 2 1 1 958 1816 879 1900
4281 4 2 1 1 1101 1811 1602 2357
4282 4 2 1 1 750 1903 1997 2331
4283 4 2 1 1 1433 1714 1815 1828
4284 4 2 1 1 1535 1800 1642 2377
4285 4 2 1 1 1522 1831 1721 2336
4286 4 2 1 1 1089 1851 1860 2176
4287 4 2 1 1 296 645 904 2337
4288 4 2 1 1 373 1588 350 1898
4289 4 2 1 1 1542 1743 1537 2125
4290 4 2 1 1 1487 2027 1660 2264
4291 4 2 1 1 1735 1937 1558 2052
4292 4 2 1 1 792 1548 1909 2116
4293 4 2 1 1 863 770 768 1817
4294 4 2 1 1 1656 1743 1542 2247
4295 4 2 1 1 861 1820 1789 2188
4296 4 2 1 1 1142 1323 1251 1699
4297 4 2 1 1 678 680 679 1897
4298 4 2 1 1 1595 1906 1651 2068
4299 4 2 1 1 240 176 1560 2146
4300 4 2 1 1 776 1634 775 2149
4301 4 2 1 1 1439 1709 1579 2021
4302 4 2 1 1 1675 1963 1516 2293
4303 4 2 1 1 1612 1513 1894 1962
4304 4 2 1 1 1444 1761 1719 2093
4305 4 2 1 1 1101 1602 1811 2181
4306 4 2 1 1 1436 2115 1683 2292
4307 4 2 1 1 622 1044 521 1883
4308 4 2 1 1 1441 1606 1856 2370
4309 4 2 1 1 1324 1799 1626 1930
4310 4 2 1 1 1617 1734 1477 2108
4311 4 2 1 1 729 747 1580 2019
4312 4 2 1 1 1311 1129 2162 2197
4313 4 2 1 1 224 217 1677 2003
4314 4 2 1 1 1583 1665 1502 1923
4315 4 2 1 1 1084 1080 1081 1848
4316 4 2 1 1 1626 1429 1890 2110
4317 4 2 1 1 1759 2129 1561 2192
4318 4 2 1 1 312 1640 314 1798
4319 4 2 1 1 1568 1744 1442 1762
4320 4 2 1 1 1415 1656 1542 2247
4321 4 2 1 1 801 799 1591 1901
4322 4 2 1 1 601 1678 1651 1971
4323 4 2 1 1 1825 1951 1496 2072
4324 4 2 1 1 1765 1853 1055 2111
4325 4 2 1 1 1672 1852 1570 2468
4326 4 2 1 1 1101 1110 1811 2357
4327 4 2 1 1 1104 1097 1266 1574
4328 4 2 1 1 603 1806 1564 2068
4329 4 2 1 1 1136 1948 1261 2125
4330 4 2 1 1 750 753 1903 2331
4331 4 2 1 1 1439 1633 1558 1793
4332 4 2 1 1 1175 1930 1626 2020
4333 4 2 1 1 1087 1091 1084 1555
4334 4 2 1 1 1545 1433 1662 2306
4335 4 2 1 1 1377 2383 1849 2433
4336 4 2 1 1 1573 1713 1444 2163
4337 4 2 1 1 1419 1804 1963 2143
4338 4 2 1 1 826 828 827 1563
4339 4 2 1 1 1479 1602 2077 2428
4340 4 2 1 1 1457 1639 1614 2352
4341 4 2 1 1 683 1667 1768 2229
4342 4 2 1 1 1687 1924 1830 2454
4343 4 2 1 1 1415 1689 1590 2010
4344 4 2 1 1 770 1538 2144 2211
4345 4 2 1 1 1309 1655 1905 1994
4346 4 2 1 1 174 1280 1929 2190
4347 4 2 1 1 794 1909 1548 2082
4348 4 2 1 1 1542 1743 2125 2247
4349 4 2 1 1 1595 1651 1468 2092
4350 4 2 1 1 1498 1639 2123 2158
4351 4 2 1 1 976 1726 294 1973
4352 4 2 1 1 197 196 195 1725
4353 4 2 1 1 1523 2069 1837 2210
4354 4 2 1 1 1599 1722 741 2167
4355 4 2 1 1 707 1835 1611 2023
4356 4 2 1 1 321 1628 2064 2306
4357 4 2 1 1 1422 2166 2165 2214
4358 4 2 1 1 853 825 827 1693
4359 4 2 1 1 1458 1748 1742 2109
4360 4 2 1 1 976 1726 1973 2283
4361 4 2 1 1 1296 596 1038 2276
4362 4 2 1 1 944 1639 860 1875
4363 4 2 1 1 1543 1780 1648 2406
4364 4 2 1 1 622 583 584 1720
4365 4 2 1 1 1419 1670 1571 2091
4366 4 2 1 1 1771 2155 1957 2223
4367 4 2 1 1 1448 1953 1616 2182
4368 4 2 1 1 1400 1850 1698 2108
4369 4 2 1 1 1426 1770 1692 2266
4370 4 2 1 1 417 1604 1396 2154
4371 4 2 1 1 1830 1860 1851 2176
4372 4 2 1 1 1744 1478 1864 2220
4373 4 2 1 1 1435 1553 1687 2273
4374 4 2 1 1 201 266 1581 1862
4375 4 2 1 1 1416 1873 1555 2072
4376 4 2 1 1 1416 1873 1643 2180
4377 4 2 1 1 1089 1860 1062 2176
4378 4 2 1 1 1736 2173 1467 2218
4379 4 2 1 1 1190 1227 1568 2376
4380 4 2 1 1 784 1728 1646 1913
4381 4 2 1 1 2128 2204 1504 2372
4382 4 2 1 1 1629 1970 724 2299
4383 4 2 1 1 227 226 258 1583
4384 4 2 1 1 677 675 1659 1955
4385 4 2 1 1 616 600 1779 2233
4386 4 2 1 1 1693 2008 1410 2139
4387 4 2 1 1 685 1586 698 1978
4388 4 2 1 1 697 698 1586 1978
4389 4 2 1 1 1460 1536 1979 2221
4390 4 2 1 1 1743 2247 1656 2435
4391 4 2 1 1 1471 1994 1838 2014
4392 4 2 1 1 816 775 951 1590
4393 4 2 1 1 1735 2052 1558 2119
4394 4 2 1 1 1666 1435 1755 1817
4395 4 2 1 1 1562 2073 1621 2297
4396 4 2 1 1 1414 1839 1946 2232
4397 4 2 1 1 1745 1838 483 2014
4398 4 2 1 1 1309 1905 1655 2285
4399 4 2 1 1 1709 1750 1533 1819
4400 4 2 1 1 1123 1584 2032 2274
4401 4 2 1 1 1564 1806 603 2452
4402 4 2 1 1 1602 1764 1531 1972
4403 4 2 1 1 1454 1855 1805 2151
4404 4 2 1 1 1516 1579 1976 2358
4405 4 2 1 1 1873 2007 1643 2180
4406 4 2 1 1 1897 1978 1472 2100
4407 4 2 1 1 1506 1862 2185 2267
4408 4 2 1 1 1659 1711 1978 2245
4409 4 2 1 1 1530 1822 1730 2246
4410 4 2 1 1 1601 1680 1451 1758
4411 4 2 1 1 653 1001 1019 1587
4412 4 2 1 1 1600 2117 1566 2308
4413 4 2 1 1 1761 1926 1457 1946
4414 4 2 1 1 1439 1675 1921 2330
4415 4 2 1 1 1516 1699 1579 2358
4416 4 2 1 1 1417 1730 1822 2246
4417 4 2 1 1 1123 1986 1584 2274
4418 4 2 1 1 1678 1485 2135 2161
4419 4 2 1 1 860 1875 1639 2127
4420 4 2 1 1 1483 1758 1680 1931
4421 4 2 1 1 1558 1633 1439 2256
4422 4 2 1 1 1522 1721 1604 2336
4423 4 2 1 1 1579 1699 1516 2293
4424 4 2 1 1 1464 1752 1531 1764
4425 4 2 1 1 1431 1743 1656 1965
4426 4 2 1 1 1967 1998 888 2431
4427 4 2 1 1 174 1929 1581 2190
4428 4 2 1 1 516 1734 1698 2131
4429 4 2 1 1 980 294 976 1726
4430 4 2 1 1 1465 1832 1527 1969
4431 4 2 1 1 311 1653 308 1943
4432 4 2 1 1 1502 1665 1583 1895
4433 4 2 1 1 1849 2383 1565 2433
4434 4 2 1 1 1327 1307 1320 2296
4435 4 2 1 1 1563 1852 1672 2468
4436 4 2 1 1 1671 1808 564 2270
4437 4 2 1 1 1522 2132 1826 2154
4438 4 2 1 1 1503 1756 2170 2181
4439 4 2 1 1 248 1900 1816 2097
4440 4 2 1 1 750 1997 1550 2331
4441 4 2 1 1 980 1726 976 2283
4442 4 2 1 1 827 825 826 1775
4443 4 2 1 1 761 1941 740 2369
4444 4 2 1 1 1510 1735 1539 2176
4445 4 2 1 1 1420 1747 1924 2361
4446 4 2 1 1 1629 1824 1729 2010
4447 4 2 1 1 1625 1676 2294 2326
4448 4 2 1 1 1062 1638 1063 2052
4449 4 2 1 1 1300 1316 1741 2437
4450 4 2 1 1 1478 1603 1848 2072
4451 4 2 1 1 1309 1125 1905 2285
4452 4 2 1 1 483 1838 1745 2216
4453 4 2 1 1 1671 2024 1485 2252
4454 4 2 1 1 1239 1853 1906 2226
4455 4 2 1 1 1583 1707 1665 1923
4456 4 2 1 1 1544 1924 1747 2361
4457 4 2 1 1 1419 1732 1670 2091
4458 4 2 1 1 1526 1653 1715 2421
4459 4 2 1 1 1489 1592 1841 2159
4460 4 2 1 1 1747 1924 1435 2219
4461 4 2 1 1 594 1572 1888 2222
4462 4 2 1 1 470 1884 438 2291
4463 4 2 1 1 1845 1978 1711 2245
4464 4 2 1 1 797 798 800 1932
4465 4 2 1 1 483 2014 1838 2216
4466 4 2 1 1 311 308 1715 1943
4467 4 2 1 1 1741 2032 1326 2298
4468 4 2 1 1 1533 1439 1709 1819
4469 4 2 1 1 1535 1746 1475 1800
4470 4 2 1 1 296 904 1650 2337
4471 4 2 1 1 1464 1531 1752 2031
4472 4 2 1 1 1551 1442 1857 2009
4473 4 2 1 1 1457 1614 2013 2352
4474 4 2 1 1 1498 2158 2015 2378
4475 4 2 1 1 1590 1689 1415 2221
4476 4 2 1 1 1430 1532 1981 2134
4477 4 2 1 1 1551 1774 1442 2009
4478 4 2 1 1 1603 1723 1078 2136
4479 4 2 1 1 832 834 1767 1852
4480 4 2 1 1 678 679 677 1659
4481 4 2 1 1 1584 2032 1741 2298
4482 4 2 1 1 2113 2138 381 2383
4483 4 2 1 1 1464 1764 1531 2031
4484 4 2 1 1 1510 1766 1635 2162
4485 4 2 1 1 392 2126 1989 2367
4486 4 2 1 1 666 954 877 1791
4487 4 2 1 1 1416 2054 1573 2180
4488 4 2 1 1 1614 1639 1457 1983
4489 4 2 1 1 1121 1136 1261 2125
4490 4 2 1 1 1584 1326 2032 2298
4491 4 2 1 1 1677 1481 1827 2407
4492 4 2 1 1 1605 1446 1881 2178
4493 4 2 1 1 1212 1617 1198 1749
4494 4 2 1 1 1605 2215 2300 2409
4495 4 2 1 1 1037 251 175 1706
4496 4 2 1 1 1450 1672 1751 2033
4497 4 2 1 1 1430 1730 1981 2030
4498 4 2 1 1 1585 1452 1700 2004
4499 4 2 1 1 603 2017 1806 2068
4500 4 2 1 1 1542 2125 1757 2247
4501 4 2 1 1 1459 1579 1709 2021
4502 4 2 1 1 1374 1365 1701 1911
4503 4 2 1 1 1554 1564 2001 2236
4504 4 2 1 1 1722 1899 1499 2196
4505 4 2 1 1 413 1698 516 1734
4506 4 2 1 1 1668 2199 1533 2338
4507 4 2 1 1 1460 1733 1536 2221
4508 4 2 1 1 1573 1926 1444 2034
4509 4 2 1 1 791 792 1909 2116
4510 4 2 1 1 452 2085 1615 2419
4511 4 2 1 1 1473 1626 1890 2110
4512 4 2 1 1 1451 1770 1608 1791
4513 4 2 1 1 776 775 1634 1970
4514 4 2 1 1 447 493 1556 2464
4515 4 2 1 1 1508 1772 1536 2115
4516 4 2 1 1 1842 2089 357 2133
4517 4 2 1 1 224 217 216 1677
4518 4 2 1 1 1454 1544 1851 2380
4519 4 2 1 1 1805 1962 1513 2414
4520 4 2 1 1 1442 1719 1857 2163
4521 4 2 1 1 642 1728 965 1956
4522 4 2 1 1 1432 1664 1557 2240
4523 4 2 1 1 767 1666 893 1817
4524 4 2 1 1 1429 1626 1701 2061
4525 4 2 1 1 1102 1063 1638 1802
4526 4 2 1 1 1592 1841 1668 1945
4527 4 2 1 1 697 685 698 1978
4528 4 2 1 1 729 730 747 2019
4529 4 2 1 1 842 2074 1932 2124
4530 4 2 1 1 502 1600 484 1935
4531 4 2 1 1 1417 2177 1856 2269
4532 4 2 1 1 605 374 2203 2405
4533 4 2 1 1 1234 1217 1652 2076
4534 4 2 1 1 1587 1803 1497 2231
4535 4 2 1 1 1449 1824 1629 2010
4536 4 2 1 1 1266 1574 1097 1986
4537 4 2 1 1 1438 1852 1563 2468
4538 4 2 1 1 1578 1504 1809 2025
4539 4 2 1 1 860 1639 944 2127
4540 4 2 1 1 1639 1457 2088 2352
4541 4 2 1 1 1621 1427 2079 2342
4542 4 2 1 1 1553 1891 1659 2429
4543 4 2 1 1 1595 2017 1806 2230
4544 4 2 1 1 1425 1625 1676 2294
4545 4 2 1 1 780 1575 1881 2211
4546 4 2 1 1 1182 1774 2084 2376
4547 4 2 1 1 312 1640 1798 2142
4548 4 2 1 1 1683 2115 1536 2292
4549 4 2 1 1 1077 1075 1723 2365
4550 4 2 1 1 689 1999 2212 2321
4551 4 2 1 1 1593 1769 1465 1958
4552 4 2 1 1 1464 1705 1624 1934
4553 4 2 1 1 1634 1821 1527 2455
4554 4 2 1 1 456 1942 1661 2081
4555 4 2 1 1 801 798 799 1901
4556 4 2 1 1 1445 1751 1680 2033
4557 4 2 1 1 954 1886 1816 2083
4558 4 2 1 1 1720 2106 1577 2366
4559 4 2 1 1 1784 1861 814 2105
4560 4 2 1 1 1455 1714 1788 2055
4561 4 2 1 1 1720 1787 1577 2106
4562 4 2 1 1 296 904 368 1650
4563 4 2 1 1 1182 1185 1774 2376
4564 4 2 1 1 1727 1869 1507 2202
4565 4 2 1 1 1037 1706 1270 2319
4566 4 2 1 1 595 1627 574 1767
4567 4 2 1 1 1741 2047 1300 2437
4568 4 2 1 1 1496 1584 1951 2143
4569 4 2 1 1 1416 1825 1951 2088
4570 4 2 1 1 1475 1800 1746 2260
4571 4 2 1 1 1417 1730 1856 2150
4572 4 2 1 1 1649 1436 1966 2341
4573 4 2 1 1 738 1758 1601 2028
4574 4 2 1 1 910 1904 810 2114
4575 4 2 1 1 363 380 362 2268
4576 4 2 1 1 802 2002 799 2194
4577 4 2 1 1 404 1820 892 2188
4578 4 2 1 1 1091 1555 1087 1987
4579 4 2 1 1 1507 1788 1619 2465
4580 4 2 1 1 721 1835 707 2023
4581 4 2 1 1 1443 2027 2007 2264
4582 4 2 1 1 1515 1998 1967 2431
4583 4 2 1 1 1415 1656 2247 2435
4584 4 2 1 1 1045 405 480 1600
4585 4 2 1 1 1107 1098 1139 1764
4586 4 2 1 1 1537 1743 1542 1948
4587 4 2 1 1 794 1548 792 2412
4588 4 2 1 1 1564 1426 1971 2424
4589 4 2 1 1 1613 1457 1639 1983
4590 4 2 1 1 780 958 1575 2211
4591 4 2 1 1 1456 1548 1909 2082
4592 4 2 1 1 1416 2072 1555 2470
4593 4 2 1 1 903 1611 707 1835
4594 4 2 1 1 1629 718 1985 2299
4595 4 2 1 1 1592 1450 1945 2045
4596 4 2 1 1 705 737 1696 2112
4597 4 2 1 1 1437 1736 1641 2038
4598 4 2 1 1 699 696 703 1573
4599 4 2 1 1 1555 1873 1848 2072
4600 4 2 1 1 651 1005 897 1572
4601 4 2 1 1 234 1728 220 2145
4602 4 2 1 1 1172 1626 1175 1930
4603 4 2 1 1 1770 2204 2128 2372
4604 4 2 1 1 404 494 482 1615
4605 4 2 1 1 461 239 1922 1938
4606 4 2 1 1 828 1563 826 2056
4607 4 2 1 1 1234 1210 1217 2076
4608 4 2 1 1 1135 1567 1829 1910
4609 4 2 1 1 1951 2088 1825 2378
4610 4 2 1 1 1591 1437 2002 2309
4611 4 2 1 1 678 1659 676 1897
4612 4 2 1 1 876 1607 1877 2034
4613 4 2 1 1 1476 1869 1788 2137
4614 4 2 1 1 967 1728 234 1876
4615 4 2 1 1 1764 2120 2031 2275
4616 4 2 1 1 1464 1705 1934 2422
4617 4 2 1 1 1416 1951 1825 2072
4618 4 2 1 1 2090 2256 1819 2462
4619 4 2 1 1 1475 2005 1662 2353
4620 4 2 1 1 1487 1713 1797 2114
4621 4 2 1 1 1595 2068 1651 2424
4622 4 2 1 1 1592 1450 1841 1945
4623 4 2 1 1 1282 1771 1957 2223
4624 4 2 1 1 1508 2067 1859 2160
4625 4 2 1 1 1308 1124 1359 1576
4626 4 2 1 1 1470 1777 1628 1879
4627 4 2 1 1 571 1651 568 2233
4628 4 2 1 1 642 285 966 1728
4629 4 2 1 1 1668 1945 1841 2338
4630 4 2 1 1 1438 2238 1852 2468
4631 4 2 1 1 804 805 808 2002
4632 4 2 1 1 1521 1872 2009 2084
4633 4 2 1 1 846 1836 2188 2339
4634 4 2 1 1 220 1728 1594 2145
4635 4 2 1 1 604 1564 1971 2068
4636 4 2 1 1 1791 2083 877 2225
4637 4 2 1 1 879 247 181 1900
4638 4 2 1 1 1400 1197 1850 2108
4639 4 2 1 1 992 1627 595 1767
4640 4 2 1 1 874 1837 1657 2375
4641 4 2 1 1 1585 1700 1610 2004
4642 4 2 1 1 1806 2230 2146 2424
4643 4 2 1 1 1563 1841 1672 2139
4644 4 2 1 1 1483 1751 1672 2241
4645 4 2 1 1 1635 1766 1510 2269
4646 4 2 1 1 558 1712 1627 2043
4647 4 2 1 1 1684 1881 1446 2178
4648 4 2 1 1 1739 1788 1434 2137
4649 4 2 1 1 1545 1662 1433 2118
4650 4 2 1 1 1255 1226 1782 2004
4651 4 2 1 1 1159 1126 1957 2427
4652 4 2 1 1 1450 1841 1945 2338
4653 4 2 1 1 689 2212 695 2321
4654 4 2 1 1 1539 2052 1735 2119
4655 4 2 1 1 1503 2170 1811 2181
4656 4 2 1 1 1483 1672 1751 2046
4657 4 2 1 1 1505 2177 1858 2229
4658 4 2 1 1 1483 1866 1758 1931
4659 4 2 1 1 1552 1492 2242 2345
4660 4 2 1 1 1805 1894 1513 1962
4661 4 2 1 1 1160 1126 1697 1957
4662 4 2 1 1 1449 1593 1729 1769
4663 4 2 1 1 1487 1873 1713 2180
4664 4 2 1 1 195 1725 1692 2042
4665 4 2 1 1 1506 1725 1862 1887
4666 4 2 1 1 1220 1397 1046 1720
4667 4 2 1 1 1438 1563 1852 2056
4668 4 2 1 1 715 1657 874 1837
4669 4 2 1 1 1149 1055 1765 1853
4670 4 2 1 1 1359 1308 1576 1865
4671 4 2 1 1 591 1846 1664 2240
4672 4 2 1 1 1533 1439 1819 2090
4673 4 2 1 1 1501 1711 1659 2245
4674 4 2 1 1 2003 2145 1710 2385
4675 4 2 1 1 1917 2032 1727 2358
4676 4 2 1 1 1532 924 1999 2263
4677 4 2 1 1 1211 1592 1209 1865
4678 4 2 1 1 1478 1762 1744 2286
4679 4 2 1 1 1516 2032 1917 2358
4680 4 2 1 1 1642 2035 2005 2133
4681 4 2 1 1 987 979 789 2337
4682 4 2 1 1 1652 1915 1234 2076
4683 4 2 1 1 1749 1994 1471 2014
4684 4 2 1 1 958 1575 1816 1900
4685 4 2 1 1 1268 1037 1267 1706
4686 4 2 1 1 1666 2018 1755 2273
4687 4 2 1 1 1642 1475 2005 2035
4688 4 2 1 1 1355 1685 1359 2039
4689 4 2 1 1 1452 1585 1872 2004
4690 4 2 1 1 1471 1637 1617 1749
4691 4 2 1 1 1274 1826 2132 2154
4692 4 2 1 1 1173 1171 1365 2036
4693 4 2 1 1 892 638 1000 1615
4694 4 2 1 1 1357 1209 1945 2045
4695 4 2 1 1 1417 2177 1858 2388
4696 4 2 1 1 1774 2084 1551 2296
4697 4 2 1 1 1464 1934 2026 2422
4698 4 2 1 1 1753 1500 1912 2077
4699 4 2 1 1 1682 2024 1485 2169
4700 4 2 1 1 1528 2105 1784 2235
4701 4 2 1 1 1410 1533 2199 2338
4702 4 2 1 1 1413 1580 1753 2334
4703 4 2 1 1 1427 1882 1610 2308
4704 4 2 1 1 1042 1294 250 1794
4705 4 2 1 1 1659 1891 1421 2429
4706 4 2 1 1 1110 1905 1811 2357
4707 4 2 1 1 605 538 1623 2203
4708 4 2 1 1 374 1623 307 2203
4709 4 2 1 1 363 362 1650 2337
4710 4 2 1 1 1080 1695 1848 2136
4711 4 2 1 1 758 759 2210 2239
4712 4 2 1 1 1619 1788 1507 1917
4713 4 2 1 1 1862 1887 1631 2267
4714 4 2 1 1 1677 2249 1481 2407
4715 4 2 1 1 892 482 638 1615
4716 4 2 1 1 1932 1942 1482 2074
4717 4 2 1 1 1309 1655 1360 2285
4718 4 2 1 1 1317 1869 1323 2312
4719 4 2 1 1 1776 2208 1545 2306
4720 4 2 1 1 1449 1821 1634 2455
4721 4 2 1 1 438 498 515 1587
4722 4 2 1 1 1561 1868 1654 2192
4723 4 2 1 1 1123 1584 1326 2032
4724 4 2 1 1 1455 1739 1614 2065
4725 4 2 1 1 1614 1739 1598 2065
4726 4 2 1 1 599 651 528 1834
4727 4 2 1 1 1277 1213 1388 1838
4728 4 2 1 1 1432 1557 1664 2109
4729 4 2 1 1 583 584 1720 2366
4730 4 2 1 1 1641 2038 1736 2403
4731 4 2 1 1 726 1629 718 1985
4732 4 2 1 1 1446 1684 2178 2300
4733 4 2 1 1 1448 1795 1716 1928
4734 4 2 1 1 1535 1909 989 1959
4735 4 2 1 1 1578 1504 2025 2128
4736 4 2 1 1 1275 1274 2132 2216
4737 4 2 1 1 1064 1258 1062 2052
4738 4 2 1 1 1172 2020 1626 2036
4739 4 2 1 1 1553 1897 1891 2273
4740 4 2 1 1 2089 2133 1662 2171
4741 4 2 1 1 1323 1699 1142 2202
4742 4 2 1 1 743 1780 752 1954
4743 4 2 1 1 1574 1097 1986 2395
4744 4 2 1 1 1645 1548 2062 2110
4745 4 2 1 1 622 521 583 1883
4746 4 2 1 1 1431 1542 1948 2160
4747 4 2 1 1 1416 1573 1761 2163
4748 4 2 1 1 1309 1360 1125 2285
4749 4 2 1 1 1436 2067 1683 2115
4750 4 2 1 1 1457 1739 1614 1983
4751 4 2 1 1 1559 1892 1671 2252
4752 4 2 1 1 586 1883 1683 2366
4753 4 2 1 1 681 928 813 2229
4754 4 2 1 1 591 1557 1846 2240
4755 4 2 1 1 1445 1680 2025 2033
4756 4 2 1 1 1624 2108 1934 2422
4757 4 2 1 1 1726 2142 1973 2283
4758 4 2 1 1 1520 1824 1953 2295
4759 4 2 1 1 1311 2162 1635 2197
4760 4 2 1 1 2146 2262 1806 2424
4761 4 2 1 1 1726 1640 2142 2283
4762 4 2 1 1 1572 613 1834 2425
4763 4 2 1 1 1764 2026 1519 2275
4764 4 2 1 1 1464 2026 1705 2422
4765 4 2 1 1 484 506 1984 2070
4766 4 2 1 1 876 949 942 1607
4767 4 2 1 1 1905 2183 1519 2357
4768 4 2 1 1 1269 1706 1829 2175
4769 4 2 1 1 250 1042 1794 1929
4770 4 2 1 1 1443 1688 1643 2307
4771 4 2 1 1 1496 1670 1571 2143
4772 4 2 1 1 832 1852 1767 2238
4773 4 2 1 1 1594 1728 1490 2145
4774 4 2 1 1 1580 2019 747 2409
4775 4 2 1 1 1547 1770 1608 2266
4776 4 2 1 1 1558 1802 1065 2462
4777 4 2 1 1 1815 1902 1476 2451
4778 4 2 1 1 1645 1857 1444 2458
4779 4 2 1 1 1311 1129 1151 2162
4780 4 2 1 1 1689 1979 1415 2221
4781 4 2 1 1 732 758 759 2210
4782 4 2 1 1 310 312 1798 2142
4783 4 2 1 1 1455 1614 1739 2444
4784 4 2 1 1 488 1984 1588 2081
4785 4 2 1 1 1849 1565 2383 2448
4786 4 2 1 1 1036 1368 291 1823
4787 4 2 1 1 310 312 313 1798
4788 4 2 1 1 1603 1848 1080 2220
4789 4 2 1 1 2130 2152 1907 2391
4790 4 2 1 1 1476 1574 1869 2137
4791 4 2 1 1 1493 2151 1796 2277
4792 4 2 1 1 310 1798 1653 2142
4793 4 2 1 1 528 1572 613 1834
4794 4 2 1 1 1469 1965 1743 2000
4795 4 2 1 1 1570 1778 1483 1931
4796 4 2 1 1 471 1620 440 2131
4797 4 2 1 1 1292 1603 1080 2220
4798 4 2 1 1 633 1767 592 2258
4799 4 2 1 1 1700 2166 2079 2342
4800 4 2 1 1 1697 2223 1557 2355
4801 4 2 1 1 1716 1795 1507 1928
4802 4 2 1 1 1460 1888 1733 2149
4803 4 2 1 1 1703 2049 1578 2361
4804 4 2 1 1 1690 1948 1859 2160
4805 4 2 1 1 748 927 914 2195
4806 4 2 1 1 678 677 676 1659
4807 4 2 1 1 1098 1764 1107 2357
4808 4 2 1 1 231 1785 200 2042
4809 4 2 1 1 1143 1894 1612 2075
4810 4 2 1 1 772 927 1646 1961
4811 4 2 1 1 318 2011 1777 2064
4812 4 2 1 1 726 1919 1629 1985
4813 4 2 1 1 1506 1886 1791 2083
4814 4 2 1 1 1555 1087 1987 2101
4815 4 2 1 1 930 1599 812 1896
4816 4 2 1 1 721 1835 2023 2400
4817 4 2 1 1 1751 2033 1672 2241
4818 4 2 1 1 1443 1643 1688 1878
4819 4 2 1 1 196 2236 1547 2469
4820 4 2 1 1 1302 1531 1972 2040
4821 4 2 1 1 1429 1535 2062 2290
4822 4 2 1 1 1644 2152 2130 2391
4823 4 2 1 1 1151 1851 1265 2176
4824 4 2 1 1 1592 1865 1450 2045
4825 4 2 1 1 889 1667 683 2229
4826 4 2 1 1 1602 1658 1463 1811
4827 4 2 1 1 1615 1437 1789 1820
4828 4 2 1 1 1607 1645 1444 2458
4829 4 2 1 1 653 498 911 1884
4830 4 2 1 1 1510 1858 1717 2380
4831 4 2 1 1 1600 2122 2117 2308
4832 4 2 1 1 1563 1775 1693 2156
4833 4 2 1 1 1269 1829 1358 2175
4834 4 2 1 1 2048 2135 1678 2169
4835 4 2 1 1 1430 1688 1643 2404
4836 4 2 1 1 1172 1174 2020 2036
4837 4 2 1 1 1680 1758 1601 1931
4838 4 2 1 1 1700 2004 1452 2122
4839 4 2 1 1 1436 1813 1715 2421
4840 4 2 1 1 1489 2076 1592 2159
4841 4 2 1 1 1101 1811 1109 2181
4842 4 2 1 1 1462 1670 1822 1981
4843 4 2 1 1 1631 1887 1862 2049
4844 4 2 1 1 1667 2099 933 2212
4845 4 2 1 1 1610 2004 1700 2122
4846 4 2 1 1 1533 2090 1819 2462
4847 4 2 1 1 2165 2166 1525 2214
4848 4 2 1 1 1558 1065 2256 2462
4849 4 2 1 1 1603 1643 1478 2404
4850 4 2 1 1 1550 1997 1903 2331
4851 4 2 1 1 1494 2356 1983 2444
4852 4 2 1 1 1062 1061 1063 1638
4853 4 2 1 1 964 1784 1956 2418
4854 4 2 1 1 1409 1654 1868 2192
4855 4 2 1 1 1217 1652 1210 2186
4856 4 2 1 1 1732 1921 1793 2091
4857 4 2 1 1 1534 1902 1815 2451
4858 4 2 1 1 1150 1162 1612 2254
4859 4 2 1 1 1331 1957 1196 2059
4860 4 2 1 1 712 711 705 1593
4861 4 2 1 1 718 726 725 1629
4862 4 2 1 1 198 200 1862 2042
4863 4 2 1 1 1157 1323 2202 2312
4864 4 2 1 1 1550 2098 764 2331
4865 4 2 1 1 1748 1775 1563 2056
4866 4 2 1 1 1140 1764 1934 2183
4867 4 2 1 1 1581 1862 266 2190
4868 4 2 1 1 1756 2197 1982 2246
4869 4 2 1 1 201 1862 1631 2185
4870 4 2 1 1 914 1835 729 2195
4871 4 2 1 1 811 741 1722 2167
4872 4 2 1 1 315 2113 1798 2138
4873 4 2 1 1 1664 1718 1432 2244
4874 4 2 1 1 1465 1832 1969 2455
4875 4 2 1 1 1588 2126 1704 2399
4876 4 2 1 1 222 2145 2003 2385
4877 4 2 1 1 1458 1664 2043 2109
4878 4 2 1 1 1713 1442 1873 2041
4879 4 2 1 1 1445 1638 1576 2333
4880 4 2 1 1 591 1557 614 2276
4881 4 2 1 1 601 1651 569 1971
4882 4 2 1 1 1481 1644 1912 2130
4883 4 2 1 1 1454 2234 1544 2380
4884 4 2 1 1 862 646 395 1715
4885 4 2 1 1 1633 1937 1793 2091
4886 4 2 1 1 1433 1545 2118 2255
4887 4 2 1 1 684 1844 682 2193
4888 4 2 1 1 1553 2273 1891 2429
4889 4 2 1 1 1439 2021 1579 2293
4890 4 2 1 1 730 747 2019 2409
4891 4 2 1 1 1342 1894 1143 2075
4892 4 2 1 1 1373 1823 1546 1974
4893 4 2 1 1 766 667 1608 2349
4894 4 2 1 1 1440 1669 1964 2147
4895 4 2 1 1 1617 1749 1212 1994
4896 4 2 1 1 1658 2077 1602 2428
4897 4 2 1 1 1527 1969 1832 2455
4898 4 2 1 1 958 879 654 1900
4899 4 2 1 1 780 958 959 1900
4900 4 2 1 1 1772 546 2253 2359
4901 4 2 1 1 1849 1948 1537 2243
4902 4 2 1 1 1553 1435 1755 2273
4903 4 2 1 1 738 669 1758 2028
4904 4 2 1 1 801 1591 802 2002
4905 4 2 1 1 1458 1840 2063 2374
4906 4 2 1 1 234 220 233 2145
4907 4 2 1 1 256 1707 1583 2153
4908 4 2 1 1 1488 2133 2316 2415
4909 4 2 1 1 1755 2018 893 2443
4910 4 2 1 1 2062 2104 1645 2110
4911 4 2 1 1 1665 1876 969 2189
4912 4 2 1 1 1598 1837 716 2210
4913 4 2 1 1 838 839 1621 2103
4914 4 2 1 1 1753 1856 1500 2077
4915 4 2 1 1 1541 1701 1626 2036
4916 4 2 1 1 1285 1192 1885 2162
4917 4 2 1 1 1489 1841 1592 1933
4918 4 2 1 1 683 1768 1667 2193
4919 4 2 1 1 1450 1738 1802 2257
4920 4 2 1 1 527 596 1296 2276
4921 4 2 1 1 315 381 2113 2138
4922 4 2 1 1 1102 1802 1638 2045
4923 4 2 1 1 1822 1981 1730 2150
4924 4 2 1 1 871 977 1792 1843
4925 4 2 1 1 1564 1806 2262 2424
4926 4 2 1 1 1487 1797 1713 1904
4927 4 2 1 1 1477 1698 1850 2108
4928 4 2 1 1 1066 1558 1937 2052
4929 4 2 1 1 1858 1880 1510 2269
4930 4 2 1 1 1427 1700 2079 2342
4931 4 2 1 1 1226 1255 1222 1600
4932 4 2 1 1 269 1784 287 1956
4933 4 2 1 1 1316 2401 1741 2437
4934 4 2 1 1 1326 1158 1741 2298
4935 4 2 1 1 1744 1762 1568 2286
4936 4 2 1 1 1573 1797 1713 2114
4937 4 2 1 1 1415 1824 1689 2010
4938 4 2 1 1 1324 1626 1172 1930
4939 4 2 1 1 1583 1895 1665 1992
4940 4 2 1 1 1716 1991 1795 2200
4941 4 2 1 1 1521 2084 1774 2376
4942 4 2 1 1 1450 1751 1738 2257
4943 4 2 1 1 711 705 1593 1988
4944 4 2 1 1 1428 1708 1587 2174
4945 4 2 1 1 1843 1932 800 2297
4946 4 2 1 1 828 1852 1563 2056
4947 4 2 1 1 1800 2035 1642 2377
4948 4 2 1 1 1512 1553 1866 2228
4949 4 2 1 1 1581 1453 1862 2190
4950 4 2 1 1 369 385 1823 2449
4951 4 2 1 1 1458 1627 2043 2340
4952 4 2 1 1 543 541 544 2341
4953 4 2 1 1 1651 1468 2024 2060
4954 4 2 1 1 949 1607 1797 2194
4955 4 2 1 1 1577 1514 1787 2067
4956 4 2 1 1 716 2013 1598 2065
4957 4 2 1 1 1536 1733 1460 1990
4958 4 2 1 1 1496 1584 1695 1951
4959 4 2 1 1 1468 1651 2024 2092
4960 4 2 1 1 1448 2125 1743 2247
4961 4 2 1 1 1635 2197 1766 2269
4962 4 2 1 1 1577 1787 1720 2067
4963 4 2 1 1 381 316 319 1777
4964 4 2 1 1 832 829 834 1852
4965 4 2 1 1 1430 1723 1674 2040
4966 4 2 1 1 1080 1848 1603 2136
4967 4 2 1 1 881 969 1665 2053
4968 4 2 1 1 1544 1851 1830 1860
4969 4 2 1 1 667 2028 1608 2349
4970 4 2 1 1 1474 1799 1626 2104
4971 4 2 1 1 1793 1891 1732 2237
4972 4 2 1 1 864 1570 1920 1931
4973 4 2 1 1 1433 2118 2005 2353
4974 4 2 1 1 186 251 1037 2319
4975 4 2 1 1 1571 1723 1496 2047
4976 4 2 1 1 956 1733 841 2140
4977 4 2 1 1 1101 1110 1109 1811
4978 4 2 1 1 1048 1224 1940 2070
4979 4 2 1 1 1498 1724 1639 2088
4980 4 2 1 1 784 1646 927 1913
4981 4 2 1 1 1510 1858 1630 1880
4982 4 2 1 1 268 1929 1794 2390
4983 4 2 1 1 1529 1710 1706 2385
4984 4 2 1 1 1320 1930 1801 2315
4985 4 2 1 1 1819 2090 1439 2256
4986 4 2 1 1 1439 1921 1675 1963
4987 4 2 1 1 1758 1866 671 2460
4988 4 2 1 1 780 959 1881 1900
4989 4 2 1 1 1481 1912 1644 2087
4990 4 2 1 1 1110 1910 1905 2285
4991 4 2 1 1 933 1667 889 2099
4992 4 2 1 1 1793 1937 1447 2091
4993 4 2 1 1 1498 1639 1613 2088
4994 4 2 1 1 1621 1814 1588 2103
4995 4 2 1 1 1119 1103 1104 1691
4996 4 2 1 1 1752 1764 1464 2314
4997 4 2 1 1 1852 2238 1570 2468
4998 4 2 1 1 1527 2063 1840 2374
4999 4 2 1 1 1440 1895 1831 2336
5000 4 2 1 1 1581 1977 1339 2456
5001 4 2 1 1 1741 1963 1633 2401
5002 4 2 1 1 1005 1834 823 1840
5003 4 2 1 1 1434 1918 1739 2184
5004 4 2 1 1 1260 1301 1756 2181
5005 4 2 1 1 1438 1808 1559 1892
5006 4 2 1 1 930 1919 1599 2209
5007 4 2 1 1 1474 1626 1812 2110
5008 4 2 1 1 716 938 2013 2065
5009 4 2 1 1 977 872 871 1792
5010 4 2 1 1 1283 264 1030 1677
5011 4 2 1 1 1628 1879 1777 2064
5012 4 2 1 1 1495 1817 2099 2332
5013 4 2 1 1 1438 1852 1627 2056
5014 4 2 1 1 1065 1558 1066 2052
5015 4 2 1 1 1761 1946 1918 2184
5016 4 2 1 1 1508 1542 1859 2288
5017 4 2 1 1 1547 1791 1506 1886
5018 4 2 1 1 1495 1817 1666 2099
5019 4 2 1 1 1494 1619 2356 2444
5020 4 2 1 1 906 907 1650 2208
5021 4 2 1 1 1501 1738 1711 2008
5022 4 2 1 1 667 766 1608 2028
5023 4 2 1 1 1693 2139 1563 2156
5024 4 2 1 1 1548 2116 792 2412
5025 4 2 1 1 1830 1539 1860 2176
5026 4 2 1 1 1438 1767 1852 2238
5027 4 2 1 1 911 498 485 1884
5028 4 2 1 1 1410 2199 1668 2338
5029 4 2 1 1 1478 1643 1873 2007
5030 4 2 1 1 1426 1692 1770 2204
5031 4 2 1 1 1094 1982 1972 2181
5032 4 2 1 1 864 1570 830 2238
5033 4 2 1 1 1772 2253 2059 2359
5034 4 2 1 1 1666 1755 1435 2273
5035 4 2 1 1 1471 2016 1676 2250
5036 4 2 1 1 571 569 568 1651
5037 4 2 1 1 1481 1912 1847 2130
5038 4 2 1 1 249 212 1784 2105
5039 4 2 1 1 1552 1492 1961 2242
5040 4 2 1 1 1505 1891 1897 2273
5041 4 2 1 1 1373 1974 1546 2344
5042 4 2 1 1 389 1776 1662 2306
5043 4 2 1 1 1544 1454 1851 2234
5044 4 2 1 1 1553 2018 1897 2273
5045 4 2 1 1 1459 2199 1549 2295
5046 4 2 1 1 329 2133 2094 2316
5047 4 2 1 1 1492 1540 1961 2168
5048 4 2 1 1 1646 1961 1540 2053
5049 4 2 1 1 1269 1706 1268 1829
5050 4 2 1 1 1639 2088 1724 2352
5051 4 2 1 1 1514 2160 2067 2227
5052 4 2 1 1 1638 2033 1576 2045
5053 4 2 1 1 959 960 779 1881
5054 4 2 1 1 1455 1598 1739 2065
5055 4 2 1 1 1568 1762 1654 2286
5056 4 2 1 1 1680 1512 1924 2343
5057 4 2 1 1 1056 2111 1058 2205
5058 4 2 1 1 1445 2025 1576 2033
5059 4 2 1 1 212 2029 1784 2235
5060 4 2 1 1 927 1913 1552 2195
5061 4 2 1 1 1361 1278 1135 1567
5062 4 2 1 1 1862 1631 2185 2267
5063 4 2 1 1 471 442 440 1620
5064 4 2 1 1 1539 1687 1630 1830
5065 4 2 1 1 1540 1492 1961 2050
5066 4 2 1 1 1424 2050 2317 2384
5067 4 2 1 1 1827 1956 245 2029
5068 4 2 1 1 1548 1645 1607 2214
5069 4 2 1 1 777 776 806 1634
5070 4 2 1 1 1273 1396 1604 2154
5071 4 2 1 1 251 1706 1037 2319
5072 4 2 1 1 1476 1828 1714 1991
5073 4 2 1 1 1658 1818 1412 2345
5074 4 2 1 1 1536 1990 543 2341
5075 4 2 1 1 889 683 813 2229
5076 4 2 1 1 1494 1586 1875 1921
5077 4 2 1 1 729 1580 747 2195
5078 4 2 1 1 930 741 1599 1919
5079 4 2 1 1 1080 1603 1292 2136
5080 4 2 1 1 685 698 1586 2100
5081 4 2 1 1 1332 1663 1757 2427
5082 4 2 1 1 1556 447 1947 2173
5083 4 2 1 1 910 810 953 2114
5084 4 2 1 1 696 703 1573 2114
5085 4 2 1 1 1744 1848 1478 2220
5086 4 2 1 1 1501 2139 1693 2156
5087 4 2 1 1 564 1808 1671 2394
5088 4 2 1 1 1659 1891 1553 1897
5089 4 2 1 1 1764 1934 1464 2314
5090 4 2 1 1 1428 1705 1648 2026
5091 4 2 1 1 1273 1396 1279 1604
5092 4 2 1 1 1764 1972 1602 2357
5093 4 2 1 1 222 1710 2145 2385
5094 4 2 1 1 1617 1637 1471 2250
5095 4 2 1 1 1424 1964 2152 2457
5096 4 2 1 1 484 1661 454 1935
5097 4 2 1 1 1472 1586 1711 1921
5098 4 2 1 1 1133 1910 1609 2170
5099 4 2 1 1 413 1022 1698 1734
5100 4 2 1 1 1433 1628 2171 2306
5101 4 2 1 1 1472 1793 1732 1921
5102 4 2 1 1 1910 2147 1829 2207
5103 4 2 1 1 1624 1477 2108 2422
5104 4 2 1 1 422 1604 423 1938
5105 4 2 1 1 917 651 599 1834
5106 4 2 1 1 1728 1876 1490 2145
5107 4 2 1 1 1714 1815 1523 2118
5108 4 2 1 1 1580 1495 1753 2019
5109 4 2 1 1 1499 1729 1629 1985
5110 4 2 1 1 806 1634 776 2149
5111 4 2 1 1 726 725 1629 1919
5112 4 2 1 1 216 2249 1677 2407
5113 4 2 1 1 1499 1696 1619 2251
5114 4 2 1 1 680 681 1768 1897
5115 4 2 1 1 528 651 593 1888
5116 4 2 1 1 1726 2283 1673 2328
5117 4 2 1 1 1269 1268 1358 1829
5118 4 2 1 1 362 645 296 2337
5119 4 2 1 1 891 1960 690 2263
5120 4 2 1 1 1957 2155 1697 2223
5121 4 2 1 1 273 1794 1025 1944
5122 4 2 1 1 395 862 1715 2282
5123 4 2 1 1 1552 2242 1835 2345
5124 4 2 1 1 1654 1762 1409 2286
5125 4 2 1 1 854 2156 1845 2463
5126 4 2 1 1 1447 1793 1732 2237
5127 4 2 1 1 1483 1778 1570 2241
5128 4 2 1 1 1542 1537 1948 2125
5129 4 2 1 1 1706 1710 1440 1773
5130 4 2 1 1 1117 1910 1133 2170
5131 4 2 1 1 1435 1817 1666 2392
5132 4 2 1 1 1535 1456 1909 2164
5133 4 2 1 1 1565 2138 2113 2383
5134 4 2 1 1 1492 1552 1961 2050
5135 4 2 1 1 1540 2053 757 2430
5136 4 2 1 1 198 1862 1725 2042
5137 4 2 1 1 1502 1583 1923 2336
5138 4 2 1 1 1640 2283 1726 2328
5139 4 2 1 1 1525 2079 1700 2166
5140 4 2 1 1 970 1707 1665 2189
5141 4 2 1 1 1306 1801 1320 1987
5142 4 2 1 1 849 1939 1554 1952
5143 4 2 1 1 1676 2326 1625 2371
5144 4 2 1 1 1749 2198 1637 2381
5145 4 2 1 1 1454 1686 1805 1855
5146 4 2 1 1 1461 1726 1673 2328
5147 4 2 1 1 1599 1896 1673 2000
5148 4 2 1 1 1673 1896 1461 2000
5149 4 2 1 1 576 1649 1966 2341
5150 4 2 1 1 954 640 1816 1886
5151 4 2 1 1 768 767 893 1817
5152 4 2 1 1 1568 2286 1654 2311
5153 4 2 1 1 1558 1793 1633 1937
5154 4 2 1 1 1413 1580 2334 2382
5155 4 2 1 1 459 1967 1618 2271
5156 4 2 1 1 1475 1746 1535 2290
5157 4 2 1 1 1459 1549 2172 2295
5158 4 2 1 1 363 1650 2064 2268
5159 4 2 1 1 364 1776 974 1800
5160 4 2 1 1 742 2013 870 2352
5161 4 2 1 1 703 1797 1573 2114
5162 4 2 1 1 1470 1702 1565 1777
5163 4 2 1 1 1501 1845 1711 2245
5164 4 2 1 1 849 1952 1554 2057
5165 4 2 1 1 1056 1578 2111 2205
5166 4 2 1 1 1762 1873 1442 2041
5167 4 2 1 1 384 974 986 1800
5168 4 2 1 1 1653 2067 1514 2086
5169 4 2 1 1 740 1708 751 1780
5170 4 2 1 1 664 1886 1791 2349
5171 4 2 1 1 1493 1794 2151 2277
5172 4 2 1 1 1092 1579 1819 2051
5173 4 2 1 1 1092 1819 1579 1976
5174 4 2 1 1 1683 1966 1436 2341
5175 4 2 1 1 1627 1458 2056 2191
5176 4 2 1 1 1459 1821 2199 2295
5177 4 2 1 1 1711 1738 1501 2224
5178 4 2 1 1 1720 2067 1787 2278
5179 4 2 1 1 1710 2003 1964 2145
5180 4 2 1 1 889 1667 933 2212
5181 4 2 1 1 1654 2286 1409 2311
5182 4 2 1 1 681 813 1768 2229
5183 4 2 1 1 923 1639 944 1875
5184 4 2 1 1 1051 1560 2146 2230
5185 4 2 1 1 1122 1948 1136 2125
5186 4 2 1 1 1380 1036 301 1989
5187 4 2 1 1 827 1563 828 2156
5188 4 2 1 1 1540 1863 1492 2050
5189 4 2 1 1 957 954 1816 2083
5190 4 2 1 1 414 462 350 1898
5191 4 2 1 1 1429 1701 1626 2415
5192 4 2 1 1 1162 2075 1612 2254
5193 4 2 1 1 1641 1736 1437 2419
5194 4 2 1 1 1897 2018 1505 2273
5195 4 2 1 1 226 227 223 1992
5196 4 2 1 1 1787 2067 1514 2278
5197 4 2 1 1 204 1581 266 1929
5198 4 2 1 1 1433 2171 1662 2306
5199 4 2 1 1 299 350 462 1898
5200 4 2 1 1 846 2303 1836 2339
5201 4 2 1 1 455 1661 484 1984
5202 4 2 1 1 1394 1226 1045 1600
5203 4 2 1 1 1494 1675 1586 1921
5204 4 2 1 1 1831 2148 1721 2354
5205 4 2 1 1 1865 2033 1450 2045
5206 4 2 1 1 1628 1777 1470 2011
5207 4 2 1 1 1648 1705 1464 2026
5208 4 2 1 1 1450 2033 1638 2045
5209 4 2 1 1 602 1971 1554 2057
5210 4 2 1 1 1251 1699 1727 2358
5211 4 2 1 1 1740 2165 1422 2166
5212 4 2 1 1 757 2053 1975 2430
5213 4 2 1 1 896 593 651 1888
5214 4 2 1 1 1624 1705 1409 1980
5215 4 2 1 1 1458 2043 1834 2340
5216 4 2 1 1 1302 1191 1139 2040
5217 4 2 1 1 1486 1999 2307 2417
5218 4 2 1 1 961 1861 782 2178
5219 4 2 1 1 1308 1576 1865 2045
5220 4 2 1 1 731 1837 758 2210
5221 4 2 1 1 1680 1924 1737 2343
5222 4 2 1 1 603 1564 604 2068
5223 4 2 1 1 1110 1118 1910 2285
5224 4 2 1 1 1421 1539 2119 2257
5225 4 2 1 1 2067 2160 1656 2227
5226 4 2 1 1 1732 1670 2091 2364
5227 4 2 1 1 1761 2093 1946 2184
5228 4 2 1 1 1315 1300 1316 1741
5229 4 2 1 1 1578 2025 1737 2128
5230 4 2 1 1 326 325 1662 2133
5231 4 2 1 1 1558 1937 1735 2119
5232 4 2 1 1 1565 1702 1470 1849
5233 4 2 1 1 1312 1326 1123 1584
5234 4 2 1 1 1937 2364 1447 2437
5235 4 2 1 1 1312 1584 1123 1986
5236 4 2 1 1 1297 1945 1802 2045
5237 4 2 1 1 1577 1966 1436 2067
5238 4 2 1 1 1457 1598 1946 2013
5239 4 2 1 1 1488 1642 2133 2415
5240 4 2 1 1 1541 1890 1429 2415
5241 4 2 1 1 1904 2027 1487 2114
5242 4 2 1 1 1502 1923 1721 2336
5243 4 2 1 1 201 1631 1862 2248
5244 4 2 1 1 1460 1536 1871 1979
5245 4 2 1 1 1447 2364 2091 2437
5246 4 2 1 1 336 1936 1679 2164
5247 4 2 1 1 313 312 314 1798
5248 4 2 1 1 1487 1573 1713 2114
5249 4 2 1 1 1358 1829 1826 2175
5250 4 2 1 1 1492 1908 1552 2050
5251 4 2 1 1 1512 1680 1924 2228
5252 4 2 1 1 1500 1756 1912 2077
5253 4 2 1 1 1452 1782 2320 2322
5254 4 2 1 1 1608 1770 1426 2266
5255 4 2 1 1 487 414 466 1814
5256 4 2 1 1 1539 1830 1510 2176
5257 4 2 1 1 1568 2376 1227 2413
5258 4 2 1 1 961 814 782 1861
5259 4 2 1 1 1076 2047 1723 2206
5260 4 2 1 1 447 475 493 2464
5261 4 2 1 1 1424 1552 2050 2152
5262 4 2 1 1 1670 1723 1571 2364
5263 4 2 1 1 853 900 1693 2463
5264 4 2 1 1 2091 2364 1571 2437
5265 4 2 1 1 1608 1682 1601 2135
5266 4 2 1 1 371 303 350 1814
5267 4 2 1 1 1072 1076 1723 2206
5268 4 2 1 1 1745 2014 483 2198
5269 4 2 1 1 709 1598 716 2013
5270 4 2 1 1 1072 2047 1076 2206
5271 4 2 1 1 992 595 1002 1767
5272 4 2 1 1 966 234 967 1728
5273 4 2 1 1 1436 1966 1683 2067
5274 4 2 1 1 2016 2294 1676 2326
5275 4 2 1 1 1220 1046 1221 1720
5276 4 2 1 1 1494 1804 1983 2356
5277 4 2 1 1 1480 2093 1761 2184
5278 4 2 1 1 1058 2111 1809 2205
5279 4 2 1 1 1642 2005 1475 2290
5280 4 2 1 1 931 1722 852 1833
5281 4 2 1 1 1066 1937 1558 2256
5282 4 2 1 1 998 1949 2238 2258
5283 4 2 1 1 1352 1357 1209 1945
5284 4 2 1 1 1442 1744 1555 1873
5285 4 2 1 1 1150 1612 1847 2254
5286 4 2 1 1 872 1909 1792 1959
5287 4 2 1 1 1655 1838 1360 2132
5288 4 2 1 1 1758 671 1931 2460
5289 4 2 1 1 1885 2364 1937 2437
5290 4 2 1 1 674 675 1866 1955
5291 4 2 1 1 522 616 600 1779
5292 4 2 1 1 770 1881 1538 2211
5293 4 2 1 1 1818 2095 1611 2417
5294 4 2 1 1 1546 1882 1704 2308
5295 4 2 1 1 1577 1683 1966 2067
5296 4 2 1 1 447 2173 1556 2403
5297 4 2 1 1 1576 2033 1865 2045
5298 4 2 1 1 1766 2197 1500 2269
5299 4 2 1 1 1436 1577 1943 1966
5300 4 2 1 1 1724 2088 1457 2352
5301 4 2 1 1 1133 1609 1910 2207
5302 4 2 1 1 1502 1831 1618 2301
5303 4 2 1 1 1657 1444 1926 2034
5304 4 2 1 1 605 1623 538 2405
5305 4 2 1 1 307 1623 374 2405
5306 4 2 1 1 1485 1601 1682 2135
5307 4 2 1 1 1263 1916 1194 2448
5308 4 2 1 1 2038 2311 1874 2362
5309 4 2 1 1 362 296 1650 2337
5310 4 2 1 1 1411 1714 1993 2279
5311 4 2 1 1 906 1650 2080 2208
5312 4 2 1 1 1673 1461 1896 2337
5313 4 2 1 1 1438 1731 1892 2468
5314 4 2 1 1 1511 2002 1904 2194
5315 4 2 1 1 1558 1447 1793 1937
5316 4 2 1 1 1668 1841 1592 2159
5317 4 2 1 1 1939 1952 189 2236
5318 4 2 1 1 1297 1802 1102 2045
5319 4 2 1 1 1624 1705 1477 2422
5320 4 2 1 1 1594 1827 1466 1956
5321 4 2 1 1 1081 1087 1084 2101
5322 4 2 1 1 1555 1873 1416 2470
5323 4 2 1 1 1076 1078 1723 2136
5324 4 2 1 1 591 553 1664 1846
5325 4 2 1 1 757 736 1961 2430
5326 4 2 1 1 1506 1791 1770 2438
5327 4 2 1 1 1416 1573 2163 2180
5328 4 2 1 1 1544 2234 1747 2380
5329 4 2 1 1 1664 1432 2063 2244
5330 4 2 1 1 1000 831 1615 2074
5331 4 2 1 1 1537 1716 1597 2243
5332 4 2 1 1 1478 1744 1864 2286
5333 4 2 1 1 1424 1669 2050 2384
5334 4 2 1 1 1592 1731 1450 1865
5335 4 2 1 1 815 1728 967 1876
5336 4 2 1 1 1425 1831 1669 2301
5337 4 2 1 1 755 931 852 2065
5338 4 2 1 1 1448 1757 2125 2247
5339 4 2 1 1 1123 2032 1330 2274
5340 4 2 1 1 685 756 698 2100
5341 4 2 1 1 1452 1782 1600 2004
5342 4 2 1 1 1515 1998 1941 2459
5343 4 2 1 1 1452 1740 1700 2166
5344 4 2 1 1 1279 1271 1604 1922
5345 4 2 1 1 1639 1724 1498 2350
5346 4 2 1 1 1845 2156 1693 2463
5347 4 2 1 1 1515 2294 2016 2326
5348 4 2 1 1 683 1768 813 2229
5349 4 2 1 1 1528 2178 1684 2300
5350 4 2 1 1 1514 1995 1798 2086
5351 4 2 1 1 684 921 682 1844
5352 4 2 1 1 1735 2052 1539 2176
5353 4 2 1 1 1609 2147 1910 2207
5354 4 2 1 1 1530 1730 1674 2246
5355 4 2 1 1 1443 2007 2027 2445
5356 4 2 1 1 319 1854 1777 2011
5357 4 2 1 1 1444 1839 1719 2287
5358 4 2 1 1 579 1949 580 2394
5359 4 2 1 1 998 1949 1920 2238
5360 4 2 1 1 516 1698 505 2131
5361 4 2 1 1 949 942 1607 2194
5362 4 2 1 1 1728 1956 1594 2152
5363 4 2 1 1 770 2144 950 2211
5364 4 2 1 1 838 655 839 2103
5365 4 2 1 1 1680 1751 1483 2241
5366 4 2 1 1 1540 1975 2053 2430
5367 4 2 1 1 1425 1618 1831 2301
5368 4 2 1 1 1480 1761 1918 2184
5369 4 2 1 1 659 189 1939 1952
5370 4 2 1 1 1728 1913 1956 2152
5371 4 2 1 1 1650 1896 905 2080
5372 4 2 1 1 1467 1874 1850 1947
5373 4 2 1 1 1432 1821 2063 2244
5374 4 2 1 1 1331 1253 1196 1957
5375 4 2 1 1 1572 1460 1888 2222
5376 4 2 1 1 1627 620 2043 2340
5377 4 2 1 1 1460 1572 1888 2149
5378 4 2 1 1 327 1662 389 1776
5379 4 2 1 1 1587 1998 515 2291
5380 4 2 1 1 1518 1561 1789 2339
5381 4 2 1 1 255 1992 1876 2145
5382 4 2 1 1 1708 1587 2174 2459
5383 4 2 1 1 708 715 709 1657
5384 4 2 1 1 1433 1815 1714 2118
5385 4 2 1 1 1718 2244 1664 2335
5386 4 2 1 1 689 1999 1763 2212
5387 4 2 1 1 1065 1802 1558 2052
5388 4 2 1 1 1447 1937 1885 2364
5389 4 2 1 1 1386 1331 1196 2059
5390 4 2 1 1 715 720 874 1657
5391 4 2 1 1 1601 1682 1423 2252
5392 4 2 1 1 923 944 860 1875
5393 4 2 1 1 1444 1719 1839 2093
5394 4 2 1 1 591 614 1557 2240
5395 4 2 1 1 1578 1737 2025 2361
5396 4 2 1 1 1468 2060 1651 2233
5397 4 2 1 1 1583 1938 258 2153
5398 4 2 1 1 502 480 405 1600
5399 4 2 1 1 1417 1667 2177 2388
5400 4 2 1 1 852 1722 1899 2065
5401 4 2 1 1 1442 1568 1762 2362
5402 4 2 1 1 493 447 1556 2403
5403 4 2 1 1 1668 1592 2076 2159
5404 4 2 1 1 1615 1641 1437 2419
5405 4 2 1 1 1429 1760 1642 2415
5406 4 2 1 1 1601 1758 738 1931
5407 4 2 1 1 1621 1588 2081 2103
5408 4 2 1 1 1438 1731 1841 1933
5409 4 2 1 1 1446 1605 1686 2300
5410 4 2 1 1 1613 1951 1584 2143
5411 4 2 1 1 828 830 843 1852
5412 4 2 1 1 1700 1740 1422 2166
5413 4 2 1 1 1477 1850 1698 1980
5414 4 2 1 1 810 1904 953 2114
5415 4 2 1 1 1554 2048 849 2057
5416 4 2 1 1 976 294 387 1973
5417 4 2 1 1 799 1591 1901 2194
5418 4 2 1 1 1421 1891 1659 2224
5419 4 2 1 1 1452 2320 1935 2322
5420 4 2 1 1 1535 1959 989 2389
5421 4 2 1 1 184 239 415 1938
5422 4 2 1 1 1567 2066 1655 2179
5423 4 2 1 1 1446 1881 1900 2440
5424 4 2 1 1 1559 2238 1949 2258
5425 4 2 1 1 1721 1923 421 1938
5426 4 2 1 1 558 1627 1712 2265
5427 4 2 1 1 1412 2095 1818 2417
5428 4 2 1 1 1570 1778 1672 2241
5429 4 2 1 1 913 738 1601 2028
5430 4 2 1 1 1492 1552 1908 2345
5431 4 2 1 1 1854 2383 1565 2448
5432 4 2 1 1 1445 1737 1680 1924
5433 4 2 1 1 571 569 1651 2068
5434 4 2 1 1 404 650 501 2188
5435 4 2 1 1 1578 2025 1809 2361
5436 4 2 1 1 1475 2069 2290 2353
5437 4 2 1 1 314 1798 1640 2138
5438 4 2 1 1 928 1897 2018 2229
5439 4 2 1 1 1156 1155 1934 2108
5440 4 2 1 1 1452 1935 1782 2322
5441 4 2 1 1 1194 1333 1597 1916
5442 4 2 1 1 1291 1077 1075 2040
5443 4 2 1 1 1438 1841 1731 2468
5444 4 2 1 1 1494 1804 1675 2158
5445 4 2 1 1 864 1920 1570 2238
5446 4 2 1 1 1588 1898 2126 2399
5447 4 2 1 1 1874 2376 1184 2410
5448 4 2 1 1 894 893 2018 2443
5449 4 2 1 1 174 266 1581 1929
5450 4 2 1 1 1293 1750 1819 2387
5451 4 2 1 1 1563 1748 1410 2374
5452 4 2 1 1 1355 1359 1124 2039
5453 4 2 1 1 1830 1860 1539 2454
5454 4 2 1 1 1458 2063 1664 2109
5455 4 2 1 1 980 976 821 2283
5456 4 2 1 1 1508 1683 1772 1883
5457 4 2 1 1 600 1779 2233 2270
5458 4 2 1 1 1436 2067 1656 2227
5459 4 2 1 1 1297 1102 1945 2045
5460 4 2 1 1 1105 2051 1616 2324
5461 4 2 1 1 250 1794 268 1929
5462 4 2 1 1 260 1707 661 2189
5463 4 2 1 1 1592 1484 1731 1865
5464 4 2 1 1 1412 2031 2030 2428
5465 4 2 1 1 1578 1809 1504 2111
5466 4 2 1 1 1409 1705 1624 2286
5467 4 2 1 1 228 1784 212 2029
5468 4 2 1 1 1553 1755 2018 2273
5469 4 2 1 1 455 456 1661 2081
5470 4 2 1 1 1478 1752 2220 2404
5471 4 2 1 1 1266 1123 1330 2274
5472 4 2 1 1 1706 1440 1829 2175
5473 4 2 1 1 903 713 707 1611
5474 4 2 1 1 1491 1771 1718 2155
5475 4 2 1 1 1596 1732 1419 1921
5476 4 2 1 1 1472 1732 1596 1921
5477 4 2 1 1 1620 1698 1467 1980
5478 4 2 1 1 1418 1769 1958 2021
5479 4 2 1 1 1478 1878 1752 2404
5480 4 2 1 1 816 1733 956 2149
5481 4 2 1 1 426 423 504 1721
5482 4 2 1 1 455 454 1661 2085
5483 4 2 1 1 1424 1907 2130 2152
5484 4 2 1 1 1421 1539 2257 2454
5485 4 2 1 1 1553 1512 1866 2443
5486 4 2 1 1 1254 1260 1301 1756
5487 4 2 1 1 1448 1743 2125 2200
5488 4 2 1 1 1629 2010 1729 2012
5489 4 2 1 1 1489 1712 1846 2043
5490 4 2 1 1 1509 1839 1632 2232
5491 4 2 1 1 676 2018 1553 2443
5492 4 2 1 1 853 1693 827 2156
5493 4 2 1 1 1071 1285 1885 2365
5494 4 2 1 1 1485 1682 1608 2135
5495 4 2 1 1 1275 2154 1274 2216
5496 4 2 1 1 1607 1877 1548 2412
5497 4 2 1 1 1667 2150 1606 2212
5498 4 2 1 1 982 905 1896 2080
5499 4 2 1 1 1680 2033 1751 2241
5500 4 2 1 1 1804 1921 1675 2158
5501 4 2 1 1 1536 1460 1871 1990
5502 4 2 1 1 846 2188 1003 2339
5503 4 2 1 1 1439 1675 2021 2293
5504 4 2 1 1 1494 1675 1921 2158
5505 4 2 1 1 1826 1829 1440 2175
5506 4 2 1 1 1529 1964 1710 2003
5507 4 2 1 1 1156 1934 1624 2108
5508 4 2 1 1 1680 1445 1924 2228
5509 4 2 1 1 440 1803 2131 2217
5510 4 2 1 1 1460 1590 1733 2221
5511 4 2 1 1 1566 1984 2308 2399
5512 4 2 1 1 696 1573 699 2272
5513 4 2 1 1 1312 1584 1986 2298
5514 4 2 1 1 1462 1732 1596 1768
5515 4 2 1 1 1478 1783 1752 1878
5516 4 2 1 1 509 1013 1893 1967
5517 4 2 1 1 1834 2043 620 2340
5518 4 2 1 1 1120 1146 1902 2071
5519 4 2 1 1 1432 1821 1689 2295
5520 4 2 1 1 504 423 422 1604
5521 4 2 1 1 1558 2256 2090 2462
5522 4 2 1 1 1513 1944 1694 2075
5523 4 2 1 1 1671 563 2233 2270
5524 4 2 1 1 1688 2030 1412 2031
5525 4 2 1 1 704 1845 697 1988
5526 4 2 1 1 1701 1799 1168 2304
5527 4 2 1 1 1464 1764 2026 2183
5528 4 2 1 1 1615 2085 1641 2419
5529 4 2 1 1 2024 2060 1468 2233
5530 4 2 1 1 1606 2150 1667 2177
5531 4 2 1 1 315 346 1798 2113
5532 4 2 1 1 1469 2000 1743 2200
5533 4 2 1 1 721 903 707 1835
5534 4 2 1 1 1583 1440 1773 2336
5535 4 2 1 1 807 825 900 1775
5536 4 2 1 1 1630 1687 1435 1830
5537 4 2 1 1 849 1554 1939 2048
5538 4 2 1 1 488 1588 487 2081
5539 4 2 1 1 1561 1518 1868 2329
5540 4 2 1 1 903 713 1611 2242
5541 4 2 1 1 1411 1702 1879 2000
5542 4 2 1 1 1463 1658 1602 2120
5543 4 2 1 1 1695 1986 1584 2298
5544 4 2 1 1 177 916 253 1684
5545 4 2 1 1 1572 2222 594 2335
5546 4 2 1 1 1777 2011 1628 2064
5547 4 2 1 1 1335 1727 1323 1869
5548 4 2 1 1 1104 1574 1266 2408
5549 4 2 1 1 1574 1739 2137 2184
5550 4 2 1 1 1514 1798 1653 2086
5551 4 2 1 1 1432 1742 1549 2109
5552 4 2 1 1 294 1726 344 1973
5553 4 2 1 1 1417 1858 2237 2388
5554 4 2 1 1 1723 2206 1571 2364
5555 4 2 1 1 752 1954 1543 2289
5556 4 2 1 1 428 1618 459 2354
5557 4 2 1 1 1442 1873 1555 2163
5558 4 2 1 1 1615 1437 1820 2419
5559 4 2 1 1 1422 1754 1645 2110
5560 4 2 1 1 1432 1718 1664 2240
5561 4 2 1 1 1266 1986 1123 2274
5562 4 2 1 1 1450 1865 1731 2033
5563 4 2 1 1 1458 2063 1742 2374
5564 4 2 1 1 1474 2104 1626 2110
5565 4 2 1 1 593 594 528 1888
5566 4 2 1 1 1673 1726 1461 2337
5567 4 2 1 1 992 834 1627 1767
5568 4 2 1 1 217 218 1827 2003
5569 4 2 1 1 1481 1847 1912 2087
5570 4 2 1 1 801 1591 2002 2309
5571 4 2 1 1 1625 2294 1941 2326
5572 4 2 1 1 1224 1940 1566 1989
5573 4 2 1 1 1585 2004 1178 2084
5574 4 2 1 1 389 2208 1776 2306
5575 4 2 1 1 1361 1567 1135 2285
5576 4 2 1 1 1815 1523 2118 2353
5577 4 2 1 1 1437 1591 2022 2309
5578 4 2 1 1 1660 2192 1487 2264
5579 4 2 1 1 337 385 1679 2367
5580 4 2 1 1 1036 291 366 1823
5581 4 2 1 1 761 740 919 2369
5582 4 2 1 1 1554 1952 602 2057
5583 4 2 1 1 1445 1924 1687 2454
5584 4 2 1 1 1455 1722 1899 1993
5585 4 2 1 1 667 1791 2028 2349
5586 4 2 1 1 1423 2241 1601 2252
5587 4 2 1 1 558 1627 620 2043
5588 4 2 1 1 207 1681 208 2327
5589 4 2 1 1 1315 1326 1158 1741
5590 4 2 1 1 791 792 793 1909
5591 4 2 1 1 1727 1788 1507 1869
5592 4 2 1 1 1517 1648 2095 2275
5593 4 2 1 1 1437 1641 1615 2022
5594 4 2 1 1 1436 1813 1649 2416
5595 4 2 1 1 266 1581 204 2248
5596 4 2 1 1 1234 1652 1217 1915
5597 4 2 1 1 1584 1695 1480 1986
5598 4 2 1 1 958 1816 1575 2083
5599 4 2 1 1 460 1967 495 1998
5600 4 2 1 1 595 574 615 1767
5601 4 2 1 1 1447 1891 1793 2237
5602 4 2 1 1 1239 1595 1233 2017
5603 4 2 1 1 1646 2050 1552 2152
5604 4 2 1 1 1559 1485 1949 2252
5605 4 2 1 1 1986 2184 1918 2274
5606 4 2 1 1 1672 1778 1501 2046
5607 4 2 1 1 321 382 323 2306
5608 4 2 1 1 1571 2047 1741 2437
5609 4 2 1 1 1730 2030 1818 2417
5610 4 2 1 1 459 1893 1618 1967
5611 4 2 1 1 1521 2038 1874 2362
5612 4 2 1 1 1436 1943 1623 1966
5613 4 2 1 1 1625 1863 1540 2301
5614 4 2 1 1 1425 1863 1625 2301
5615 4 2 1 1 1450 1802 1738 2338
5616 4 2 1 1 1361 1278 1567 2132
5617 4 2 1 1 1474 2110 1812 2287
5618 4 2 1 1 1453 1862 1725 1887
5619 4 2 1 1 1485 1678 2060 2161
5620 4 2 1 1 1266 2274 1330 2408
5621 4 2 1 1 617 1915 1652 2379
5622 4 2 1 1 1671 2233 1779 2270
5623 4 2 1 1 1424 2130 1644 2152
5624 4 2 1 1 1470 1777 1565 1854
5625 4 2 1 1 1947 2038 1874 2410
5626 4 2 1 1 903 1611 1835 2242
5627 4 2 1 1 953 1904 1797 2114
5628 4 2 1 1 1290 1229 1391 2446
5629 4 2 1 1 1670 1732 1419 2015
5630 4 2 1 1 242 1944 1694 2450
5631 4 2 1 1 1531 2030 2031 2428
5632 4 2 1 1 1651 1906 1468 2233
5633 4 2 1 1 1700 1754 1473 1882
5634 4 2 1 1 1517 2095 1781 2275
5635 4 2 1 1 1909 2062 1746 2116
5636 4 2 1 1 1683 1883 1720 2366
5637 4 2 1 1 1836 2303 1759 2339
5638 4 2 1 1 794 2082 1548 2412
5639 4 2 1 1 1479 1756 1982 2246
5640 4 2 1 1 1745 1471 2014 2198
5641 4 2 1 1 1606 2023 933 2212
5642 4 2 1 1 1604 1826 1273 2154
5643 4 2 1 1 1424 1552 1908 2050
5644 4 2 1 1 1358 1278 1826 1829
5645 4 2 1 1 1487 2192 2007 2264
5646 4 2 1 1 1427 1984 1661 2342
5647 4 2 1 1 224 2003 1677 2078
5648 4 2 1 1 1391 1229 1189 1850
5649 4 2 1 1 200 266 1862 2190
5650 4 2 1 1 1209 1211 1210 1592
5651 4 2 1 1 1575 1900 1881 2440
5652 4 2 1 1 1979 2155 1718 2244
5653 4 2 1 1 1446 1881 1684 1900
5654 4 2 1 1 602 1952 1554 2001
5655 4 2 1 1 1476 1869 1574 1902
5656 4 2 1 1 906 907 904 1650
5657 4 2 1 1 870 938 941 1614
5658 4 2 1 1 1437 1654 1968 2261
5659 4 2 1 1 888 1941 995 2431
5660 4 2 1 1 1811 2170 1301 2181
5661 4 2 1 1 591 1664 551 2240
5662 4 2 1 1 927 784 772 1646
5663 4 2 1 1 1686 1446 1805 1855
5664 4 2 1 1 413 505 516 1698
5665 4 2 1 1 440 2131 1620 2217
5666 4 2 1 1 1730 1818 1486 2417
5667 4 2 1 1 1704 1882 1427 2308
5668 4 2 1 1 443 2188 1836 2218
5669 4 2 1 1 916 177 634 1684
5670 4 2 1 1 1797 1904 1487 2114
5671 4 2 1 1 725 733 1903 1919
5672 4 2 1 1 1160 1159 1126 1957
5673 4 2 1 1 1858 2177 1666 2229
5674 4 2 1 1 840 1621 839 2103
5675 4 2 1 1 1567 2132 1522 2179
5676 4 2 1 1 1678 2135 1485 2169
5677 4 2 1 1 662 659 189 1939
5678 4 2 1 1 1019 1998 1587 2459
5679 4 2 1 1 240 237 176 2146
5680 4 2 1 1 1618 1893 459 2354
5681 4 2 1 1 576 1966 1649 2187
5682 4 2 1 1 1696 2112 859 2127
5683 4 2 1 1 1647 2089 2323 2426
5684 4 2 1 1 1645 1444 1857 2287
5685 4 2 1 1 1459 2172 1549 2199
5686 4 2 1 1 1334 1338 1864 2220
5687 4 2 1 1 1530 1880 1635 1885
5688 4 2 1 1 1105 1099 2051 2324
5689 4 2 1 1 1555 1801 1719 2470
5690 4 2 1 1 1365 1171 1374 1701
5691 4 2 1 1 1180 1222 2004 2117
5692 4 2 1 1 1654 2311 2038 2362
5693 4 2 1 1 1717 1858 1510 2269
5694 4 2 1 1 1104 1902 1574 2408
5695 4 2 1 1 706 933 1606 2023
5696 4 2 1 1 953 856 1797 1904
5697 4 2 1 1 1503 1658 1811 2006
5698 4 2 1 1 920 260 661 2189
5699 4 2 1 1 896 651 897 1888
5700 4 2 1 1 1559 1949 1920 2252
5701 4 2 1 1 859 2112 858 2127
5702 4 2 1 1 198 199 1725 1862
5703 4 2 1 1 1879 1896 1461 2255
5704 4 2 1 1 770 863 950 2144
5705 4 2 1 1 1001 1019 1587 2459
5706 4 2 1 1 1499 1919 1629 2012
5707 4 2 1 1 1103 1104 1691 2395
5708 4 2 1 1 1412 2095 1648 2275
5709 4 2 1 1 1413 1612 1962 2414
5710 4 2 1 1 461 415 239 1938
5711 4 2 1 1 1413 2334 1644 2382
5712 4 2 1 1 1530 2246 1674 2365
5713 4 2 1 1 1742 2063 1527 2374
5714 4 2 1 1 828 1778 878 2156
5715 4 2 1 1 1179 1585 1178 2084
5716 4 2 1 1 1903 1919 733 2209
5717 4 2 1 1 797 800 818 1843
5718 4 2 1 1 941 1614 938 2065
5719 4 2 1 1 1611 1492 2095 2345
5720 4 2 1 1 1436 2292 1683 2341
5721 4 2 1 1 1598 1739 1457 1946
5722 4 2 1 1 1522 1745 2148 2179
5723 4 2 1 1 1722 1919 1499 2201
5724 4 2 1 1 1536 1772 1683 2341
5725 4 2 1 1 1454 1747 1686 1855
5726 4 2 1 1 1076 1723 2047 2136
5727 4 2 1 1 1537 2125 1743 2200
5728 4 2 1 1 839 1621 840 2297
5729 4 2 1 1 377 1959 2164 2377
5730 4 2 1 1 1446 1684 1681 2327
5731 4 2 1 1 1447 2091 1937 2437
5732 4 2 1 1 257 1922 239 1938
5733 4 2 1 1 1422 1645 1812 2110
5734 4 2 1 1 1502 1721 1831 2336
5735 4 2 1 1 1669 1863 1425 2301
5736 4 2 1 1 1357 1945 1352 2045
5737 4 2 1 1 1446 1538 1881 2398
5738 4 2 1 1 1030 264 263 1677
5739 4 2 1 1 1432 1689 2155 2295
5740 4 2 1 1 591 1846 1557 2276
5741 4 2 1 1 1453 1785 1765 2204
5742 4 2 1 1 1444 1713 1857 2163
5743 4 2 1 1 1273 1826 1604 2175
5744 4 2 1 1 1851 2162 1510 2176
5745 4 2 1 1 233 255 1876 2145
5746 4 2 1 1 2092 2204 1595 2424
5747 4 2 1 1 1577 2366 2106 2402
5748 4 2 1 1 756 2100 1875 2112
5749 4 2 1 1 1496 1951 1613 2143
5750 4 2 1 1 975 908 990 1807
5751 4 2 1 1 1299 2162 1151 2176
5752 4 2 1 1 1494 1983 1639 2127
5753 4 2 1 1 1567 1910 1135 2285
5754 4 2 1 1 1157 1317 1323 2312
5755 4 2 1 1 1506 1770 1725 1887
5756 4 2 1 1 1224 1989 1566 2117
5757 4 2 1 1 1464 1752 1783 1878
5758 4 2 1 1 1632 1839 1509 2104
5759 4 2 1 1 1444 1857 1719 2163
5760 4 2 1 1 1811 1905 1602 2357
5761 4 2 1 1 1639 1983 1614 2127
5762 4 2 1 1 1100 2044 2202 2324
5763 4 2 1 1 1471 1838 1745 2014
5764 4 2 1 1 1412 1781 2095 2275
5765 4 2 1 1 1664 2244 2063 2335
5766 4 2 1 1 1586 1845 1465 1988
5767 4 2 1 1 1606 933 2099 2212
5768 4 2 1 1 1124 1809 2039 2333
5769 4 2 1 1 1236 1823 1974 2036
5770 4 2 1 1 1429 2290 2061 2415
5771 4 2 1 1 1731 2033 1865 2423
5772 4 2 1 1 1659 1711 1501 2224
5773 4 2 1 1 1733 1990 1536 2140
5774 4 2 1 1 1640 1461 1777 2328
5775 4 2 1 1 1742 2109 1748 2159
5776 4 2 1 1 1586 1465 1845 2330
5777 4 2 1 1 1729 1769 1593 2251
5778 4 2 1 1 1171 1173 1172 2036
5779 4 2 1 1 1452 1740 2166 2346
5780 4 2 1 1 748 914 729 2195
5781 4 2 1 1 1455 1714 1833 2279
5782 4 2 1 1 1478 1864 1783 2286
5783 4 2 1 1 1494 1614 1983 2127
5784 4 2 1 1 1850 1980 1477 2108
5785 4 2 1 1 1765 1785 1560 2204
5786 4 2 1 1 1798 2160 1514 2227
5787 4 2 1 1 1585 1473 2020 2396
5788 4 2 1 1 1071 1885 2206 2365
5789 4 2 1 1 1393 1557 1204 2276
5790 4 2 1 1 1874 1947 1467 2038
5791 4 2 1 1 1604 1721 1522 2154
5792 4 2 1 1 1413 2087 1612 2414
5793 4 2 1 1 1482 1932 2074 2124
5794 4 2 1 1 1582 2089 1647 2426
5795 4 2 1 1 1266 1986 2274 2408
5796 4 2 1 1 877 668 1791 2225
5797 4 2 1 1 1590 2010 1550 2221
5798 4 2 1 1 318 320 2011 2064
5799 4 2 1 1 1846 2043 1664 2109
5800 4 2 1 1 1818 1856 1730 2370
5801 4 2 1 1 1458 1742 2063 2109
5802 4 2 1 1 1433 1815 2118 2353
5803 4 2 1 1 1554 1971 602 2001
5804 4 2 1 1 1135 1278 1358 1829
5805 4 2 1 1 951 956 816 1733
5806 4 2 1 1 1459 1579 2021 2284
5807 4 2 1 1 666 877 668 1791
5808 4 2 1 1 1532 1825 1643 2054
5809 4 2 1 1 905 906 1650 2080
5810 4 2 1 1 1571 2091 1670 2364
5811 4 2 1 1 766 2048 1608 2135
5812 4 2 1 1 1326 1584 1312 2298
5813 4 2 1 1 1466 1956 1913 2152
5814 4 2 1 1 174 1581 266 2190
5815 4 2 1 1 1094 1756 1982 2181
5816 4 2 1 1 404 892 650 2188
5817 4 2 1 1 1624 1934 1156 2314
5818 4 2 1 1 1450 1802 1638 2257
5819 4 2 1 1 1162 1342 1143 2075
5820 4 2 1 1 1496 1613 1951 2378
5821 4 2 1 1 576 1966 539 2341
5822 4 2 1 1 777 776 1634 2121
5823 4 2 1 1 854 1845 855 2463
5824 4 2 1 1 2059 2253 546 2359
5825 4 2 1 1 1237 1823 1236 2036
5826 4 2 1 1 1271 1604 1922 2175
5827 4 2 1 1 1530 1723 1670 2364
5828 4 2 1 1 1552 1908 1644 2152
5829 4 2 1 1 794 793 792 1909
5830 4 2 1 1 1861 2105 1528 2178
5831 4 2 1 1 639 956 841 2140
5832 4 2 1 1 1437 1868 1736 2038
5833 4 2 1 1 1920 1949 1485 2252
5834 4 2 1 1 1720 1883 583 2366
5835 4 2 1 1 1127 1869 1902 2408
5836 4 2 1 1 1212 1198 1389 1749
5837 4 2 1 1 253 286 1684 2327
5838 4 2 1 1 1528 1861 1784 2105
5839 4 2 1 1 1535 1909 1959 2164
5840 4 2 1 1 1711 1921 1586 2330
5841 4 2 1 1 820 974 1776 1800
5842 4 2 1 1 384 364 974 1800
5843 4 2 1 1 1665 1975 881 2053
5844 4 2 1 1 1418 1769 1593 1958
5845 4 2 1 1 492 1029 2014 2216
5846 4 2 1 1 1220 1883 1720 2453
5847 4 2 1 1 327 1662 1776 2035
5848 4 2 1 1 1428 1708 2174 2326
5849 4 2 1 1 1539 1735 1630 2119
5850 4 2 1 1 1565 1798 1690 2113
5851 4 2 1 1 1602 1811 1463 1905
5852 4 2 1 1 1544 1703 1578 2361
5853 4 2 1 1 745 2099 767 2332
5854 4 2 1 1 1563 1775 1748 2374
5855 4 2 1 1 1473 1541 1890 2036
5856 4 2 1 1 1580 2195 1835 2334
5857 4 2 1 1 1080 1081 1695 2136
5858 4 2 1 1 1477 1705 1624 1980
5859 4 2 1 1 1453 1725 2042 2204
5860 4 2 1 1 1499 1729 1985 2251
5861 4 2 1 1 1578 1703 1544 2205
5862 4 2 1 1 1507 1795 1716 1991
5863 4 2 1 1 1461 1640 1726 2328
5864 4 2 1 1 1485 1559 1949 2394
5865 4 2 1 1 1525 2165 1901 2166
5866 4 2 1 1 1172 1174 1175 2020
5867 4 2 1 1 1508 1720 1683 1883
5868 4 2 1 1 905 982 906 2080
5869 4 2 1 1 1668 1750 1533 2199
5870 4 2 1 1 1615 1789 1437 2309
5871 4 2 1 1 1360 1655 1309 1994
5872 4 2 1 1 1444 1645 1839 2287
5873 4 2 1 1 1318 1120 1127 1902
5874 4 2 1 1 1573 2054 1724 2272
5875 4 2 1 1 1069 1192 1735 1885
5876 4 2 1 1 563 1671 564 2270
5877 4 2 1 1 1409 1705 1783 2264
5878 4 2 1 1 955 2135 868 2161
5879 4 2 1 1 1972 1982 1479 2181
5880 4 2 1 1 207 1790 1681 2327
5881 4 2 1 1 1713 1797 1511 1904
5882 4 2 1 1 1640 1798 1431 2138
5883 4 2 1 1 1062 1060 1061 1860
5884 4 2 1 1 273 243 1794 1944
5885 4 2 1 1 1590 1903 1550 2010
5886 4 2 1 1 1443 2307 1643 2445
5887 4 2 1 1 1432 1689 1821 2244
5888 4 2 1 1 1502 1831 1721 2354
5889 4 2 1 1 1507 2202 1869 2312
5890 4 2 1 1 1792 1843 1456 1909
5891 4 2 1 1 1654 1762 1568 2362
5892 4 2 1 1 1463 1811 1658 2006
5893 4 2 1 1 591 553 551 1664
5894 4 2 1 1 1424 2152 1646 2457
5895 4 2 1 1 1758 1931 1866 2460
5896 4 2 1 1 1762 1873 1487 2007
5897 4 2 1 1 1255 1782 1214 2004
5898 4 2 1 1 1584 1480 1695 1951
5899 4 2 1 1 1949 2135 1485 2161
5900 4 2 1 1 1509 2062 1548 2116
5901 4 2 1 1 770 779 769 1881
5902 4 2 1 1 1496 1695 1584 2298
5903 4 2 1 1 933 722 1606 2099
5904 4 2 1 1 1450 1638 1751 2257
5905 4 2 1 1 1056 1977 2111 2456
5906 4 2 1 1 1578 2205 1544 2361
5907 4 2 1 1 1556 2038 1947 2410
5908 4 2 1 1 1069 1192 1298 1735
5909 4 2 1 1 769 1817 1605 2332
5910 4 2 1 1 1627 1458 2191 2340
5911 4 2 1 1 1357 1211 1209 1865
5912 4 2 1 1 455 453 454 2085
5913 4 2 1 1 1544 2234 1851 2280
5914 4 2 1 1 424 421 1721 1923
5915 4 2 1 1 1660 1954 848 2289
5916 4 2 1 1 1105 1889 1616 2051
5917 4 2 1 1 1748 1841 1489 1933
5918 4 2 1 1 1209 1592 1210 2076
5919 4 2 1 1 1442 1744 1568 2362
5920 4 2 1 1 882 881 969 1665
5921 4 2 1 1 1465 1769 1593 1832
5922 4 2 1 1 725 1903 1629 1919
5923 4 2 1 1 1653 1798 1514 2227
5924 4 2 1 1 345 1715 308 1943
5925 4 2 1 1 1643 1878 1478 2404
5926 4 2 1 1 957 954 640 1816
5927 4 2 1 1 1258 1089 1062 2176
5928 4 2 1 1 1244 1691 1799 2315
5929 4 2 1 1 1901 2165 1591 2166
5930 4 2 1 1 1426 1971 2169 2266
5931 4 2 1 1 1443 1954 2027 2264
5932 4 2 1 1 870 1614 941 2127
5933 4 2 1 1 761 919 1941 2369
5934 4 2 1 1 1611 1492 1867 2095
5935 4 2 1 1 706 933 2023 2212
5936 4 2 1 1 301 1036 366 1989
5937 4 2 1 1 1809 2111 1578 2205
5938 4 2 1 1 1494 1586 1675 1958
5939 4 2 1 1 251 175 1706 2385
5940 4 2 1 1 1056 1977 1054 2111
5941 4 2 1 1 1188 1874 1228 2413
5942 4 2 1 1 1488 1642 2005 2133
5943 4 2 1 1 882 881 1665 1975
5944 4 2 1 1 1261 1948 1169 2433
5945 4 2 1 1 1474 1645 2110 2287
5946 4 2 1 1 1614 1899 941 2127
5947 4 2 1 1 204 1581 1929 2248
5948 4 2 1 1 1863 2317 2050 2384
5949 4 2 1 1 1798 2113 1565 2138
5950 4 2 1 1 1485 1651 2024 2060
5951 4 2 1 1 351 1577 306 2086
5952 4 2 1 1 1442 1968 1857 2009
5953 4 2 1 1 1567 2285 2066 2384
5954 4 2 1 1 1278 1826 1567 2132
5955 4 2 1 1 1302 1972 1674 2040
5956 4 2 1 1 1101 1972 1602 2181
5957 4 2 1 1 184 257 239 1938
5958 4 2 1 1 685 1586 1978 2100
5959 4 2 1 1 194 2042 1692 2262
5960 4 2 1 1 1838 2014 1029 2216
5961 4 2 1 1 682 1596 918 2100
5962 4 2 1 1 1628 2011 320 2064
5963 4 2 1 1 1446 2178 1605 2300
5964 4 2 1 1 762 751 1927 2289
5965 4 2 1 1 1642 2094 329 2133
5966 4 2 1 1 502 481 1782 1935
5967 4 2 1 1 917 1005 651 1834
5968 4 2 1 1 1006 411 1942 2074
5969 4 2 1 1 1434 1788 1619 1917
5970 4 2 1 1 1570 1852 830 2238
5971 4 2 1 1 275 227 256 1992
5972 4 2 1 1 1483 1672 1778 2241
5973 4 2 1 1 195 1692 194 2042
5974 4 2 1 1 1456 1792 1562 1843
5975 4 2 1 1 1704 1936 1882 2367
5976 4 2 1 1 1362 1145 1647 1950
5977 4 2 1 1 1670 1732 1462 1822
5978 4 2 1 1 1653 1715 311 2142
5979 4 2 1 1 1464 2031 1648 2275
5980 4 2 1 1 1599 1919 1722 2201
5981 4 2 1 1 351 1787 1577 2086
5982 4 2 1 1 1920 1949 1559 2238
5983 4 2 1 1 1162 1143 1612 2075
5984 4 2 1 1 1708 2174 2326 2459
5985 4 2 1 1 1349 173 1350 1694
5986 4 2 1 1 1589 2029 214 2235
5987 4 2 1 1 1119 1244 1103 1691
5988 4 2 1 1 706 1606 933 2400
5989 4 2 1 1 722 2019 1606 2099
5990 4 2 1 1 1543 2129 1705 2231
5991 4 2 1 1 1180 2004 1610 2117
5992 4 2 1 1 1567 1440 1826 1829
5993 4 2 1 1 482 638 1615 2074
5994 4 2 1 1 1417 2150 1667 2388
5995 4 2 1 1 1210 1592 1211 2186
5996 4 2 1 1 1433 2323 2089 2426
5997 4 2 1 1 200 1785 231 2190
5998 4 2 1 1 1577 1787 1514 2086
5999 4 2 1 1 1341 1750 2387 2461
6000 4 2 1 1 2022 2166 1740 2346
6001 4 2 1 1 1464 1648 2026 2275
6002 4 2 1 1 1439 1711 1709 2330
6003 4 2 1 1 905 1896 1650 2337
6004 4 2 1 1 1117 1811 1110 1910
6005 4 2 1 1 1533 1802 1738 2090
6006 4 2 1 1 1703 2205 1248 2280
6007 4 2 1 1 1076 1078 1075 1723
6008 4 2 1 1 1756 1503 2077 2181
6009 4 2 1 1 1299 1151 1265 2176
6010 4 2 1 1 1409 2129 1705 2264
6011 4 2 1 1 868 2135 1949 2161
6012 4 2 1 1 1074 1723 1075 2365
6013 4 2 1 1 1578 2205 1056 2456
6014 4 2 1 1 1737 2049 1420 2361
6015 4 2 1 1 640 179 1816 1886
6016 4 2 1 1 1550 2221 2010 2435
6017 4 2 1 1 970 882 1665 2348
6018 4 2 1 1 1532 1643 2307 2445
6019 4 2 1 1 449 1641 2085 2419
6020 4 2 1 1 574 1767 1627 2265
6021 4 2 1 1 1484 1865 1592 2186
6022 4 2 1 1 1469 2000 2200 2201
6023 4 2 1 1 1425 1625 1863 2371
6024 4 2 1 1 1315 1741 1316 2401
6025 4 2 1 1 1378 2316 1367 2373
6026 4 2 1 1 458 455 484 1984
6027 4 2 1 1 253 1684 916 1900
6028 4 2 1 1 1688 1878 1643 2404
6029 4 2 1 1 1774 1442 2009 2362
6030 4 2 1 1 1248 2205 1703 2456
6031 4 2 1 1 740 1708 1780 2393
6032 4 2 1 1 1439 1793 1558 2090
6033 4 2 1 1 438 1884 1587 2291
6034 4 2 1 1 818 1843 800 2297
6035 4 2 1 1 1332 1253 1138 1663
6036 4 2 1 1 1641 2403 1736 2419
6037 4 2 1 1 1487 2007 1873 2180
6038 4 2 1 1 1601 1931 1570 2241
6039 4 2 1 1 2008 2139 1738 2338
6040 4 2 1 1 502 484 454 1935
6041 4 2 1 1 1413 1753 1580 2215
6042 4 2 1 1 1580 1753 1495 2215
6043 4 2 1 1 1466 1594 1956 2152
6044 4 2 1 1 403 1040 1734 1749
6045 4 2 1 1 308 1653 310 2086
6046 4 2 1 1 1577 1787 351 2402
6047 4 2 1 1 1442 1857 1713 2163
6048 4 2 1 1 683 1667 889 2193
6049 4 2 1 1 249 212 228 1784
6050 4 2 1 1 1763 1981 1486 1999
6051 4 2 1 1 958 2083 1575 2211
6052 4 2 1 1 1285 1982 1635 2365
6053 4 2 1 1 1477 1734 1698 2108
6054 4 2 1 1 452 2074 1615 2085
6055 4 2 1 1 1353 1351 2107 2249
6056 4 2 1 1 403 1289 476 1734
6057 4 2 1 1 604 1971 572 2068
6058 4 2 1 1 1781 1492 2095 2371
6059 4 2 1 1 428 1618 2148 2271
6060 4 2 1 1 1290 1698 1229 2446
6061 4 2 1 1 1460 1733 1888 1990
6062 4 2 1 1 1228 1874 1850 2413
6063 4 2 1 1 182 250 1294 1794
6064 4 2 1 1 1473 1812 1585 2020
6065 4 2 1 1 1292 1603 1078 2136
6066 4 2 1 1 955 2048 766 2135
6067 4 2 1 1 1422 1812 1754 2110
6068 4 2 1 1 1764 1519 2120 2275
6069 4 2 1 1 706 2023 1606 2400
6070 4 2 1 1 1636 1870 891 2027
6071 4 2 1 1 421 423 1721 1938
6072 4 2 1 1 1319 1055 1149 1853
6073 4 2 1 1 1729 2010 1824 2012
6074 4 2 1 1 1438 1627 1767 2265
6075 4 2 1 1 1448 1928 1616 1953
6076 4 2 1 1 1447 1558 1793 2119
6077 4 2 1 1 1683 2292 1536 2341
6078 4 2 1 1 804 1789 808 2339
6079 4 2 1 1 201 1631 203 2185
6080 4 2 1 1 1453 1581 1977 2190
6081 4 2 1 1 945 842 1932 2124
6082 4 2 1 1 1457 1918 1761 1946
6083 4 2 1 1 1704 1936 370 2302
6084 4 2 1 1 1266 1574 1986 2408
6085 4 2 1 1 1669 1863 2050 2384
6086 4 2 1 1 1850 2108 1197 2413
6087 4 2 1 1 666 1791 664 1886
6088 4 2 1 1 1456 1562 1792 1936
6089 4 2 1 1 1463 2066 2285 2384
6090 4 2 1 1 1181 1178 2004 2084
6091 4 2 1 1 298 395 646 1715
6092 4 2 1 1 1324 1799 1930 2315
6093 4 2 1 1 1094 1972 1095 2181
6094 4 2 1 1 1689 1520 2155 2295
6095 4 2 1 1 1474 1645 2104 2110
6096 4 2 1 1 881 968 969 2053
6097 4 2 1 1 1660 1904 1487 2192
6098 4 2 1 1 1641 1935 2320 2322
6099 4 2 1 1 274 286 208 1684
6100 4 2 1 1 1436 1649 2292 2341
6101 4 2 1 1 1601 2241 1570 2252
6102 4 2 1 1 1487 1713 1573 2180
6103 4 2 1 1 1006 1942 655 2074
6104 4 2 1 1 1448 1928 1716 2044
6105 4 2 1 1 1717 2177 1858 2269
6106 4 2 1 1 1561 1518 2329 2339
6107 4 2 1 1 1499 1919 1722 2196
6108 4 2 1 1 361 2213 2011 2411
6109 4 2 1 1 1507 1619 1917 2465
6110 4 2 1 1 1781 1676 2066 2371
6111 4 2 1 1 1277 1360 1838 2132
6112 4 2 1 1 1907 2152 1827 2391
6113 4 2 1 1 1524 1896 1879 2255
6114 4 2 1 1 258 1773 257 1938
6115 4 2 1 1 1434 1613 1804 1983
6116 4 2 1 1 1518 2188 1836 2339
6117 4 2 1 1 313 355 310 1798
6118 4 2 1 1 1645 1754 1548 2110
6119 4 2 1 1 1771 1957 1491 2059
6120 4 2 1 1 1048 1223 1224 2070
6121 4 2 1 1 414 487 488 1588
6122 4 2 1 1 454 1935 1661 2085
6123 4 2 1 1 1921 1963 1793 2091
6124 4 2 1 1 1942 2074 500 2085
6125 4 2 1 1 382 1650 368 2208
6126 4 2 1 1 1430 1670 1825 2134
6127 4 2 1 1 1541 1911 1701 2281
6128 4 2 1 1 1353 2107 1677 2249
6129 4 2 1 1 1572 2335 613 2425
6130 4 2 1 1 1115 1635 1285 1982
6131 4 2 1 1 1603 1478 2220 2404
6132 4 2 1 1 1124 1059 1809 2333
6133 4 2 1 1 1156 1197 2108 2413
6134 4 2 1 1 1000 1615 831 2309
6135 4 2 1 1 1801 1987 1087 2101
6136 4 2 1 1 666 954 1791 1886
6137 4 2 1 1 1640 1526 2283 2328
6138 4 2 1 1 319 1777 318 2011
6139 4 2 1 1 767 745 744 2099
6140 4 2 1 1 889 2099 1667 2229
6141 4 2 1 1 1602 1972 1531 2428
6142 4 2 1 1 1450 1751 1638 2033
6143 4 2 1 1 1702 1777 1461 2328
6144 4 2 1 1 1761 1918 1457 1951
6145 4 2 1 1 1523 1833 1714 2118
6146 4 2 1 1 1574 2184 1986 2274
6147 4 2 1 1 920 252 260 2189
6148 4 2 1 1 1501 1672 2046 2139
6149 4 2 1 1 601 569 573 1971
6150 4 2 1 1 1555 2101 1801 2470
6151 4 2 1 1 373 371 350 1588
6152 4 2 1 1 859 947 1696 1899
6153 4 2 1 1 1713 1904 1511 2041
6154 4 2 1 1 1422 1551 1812 2287
6155 4 2 1 1 486 1898 1566 1940
6156 4 2 1 1 1199 1617 1212 1994
6157 4 2 1 1 1984 2081 1661 2342
6158 4 2 1 1 745 744 2099 2332
6159 4 2 1 1 1063 1638 1802 2052
6160 4 2 1 1 488 457 1984 2081
6161 4 2 1 1 1561 1904 1660 2192
6162 4 2 1 1 1610 2004 1600 2117
6163 4 2 1 1 207 1681 1790 2141
6164 4 2 1 1 1100 1616 2044 2324
6165 4 2 1 1 306 1577 1943 2086
6166 4 2 1 1 916 960 959 1684
6167 4 2 1 1 1083 1674 1302 1972
6168 4 2 1 1 1634 1689 1460 2244
6169 4 2 1 1 568 1651 569 2060
6170 4 2 1 1 1491 1957 1771 2155
6171 4 2 1 1 1713 1797 1444 2458
6172 4 2 1 1 713 1867 1611 2242
6173 4 2 1 1 1600 2004 1610 2122
6174 4 2 1 1 1615 2124 2074 2309
6175 4 2 1 1 1352 1297 1102 1945
6176 4 2 1 1 1776 1807 975 2260
6177 4 2 1 1 1359 1685 1216 1865
6178 4 2 1 1 2083 2225 1791 2438
6179 4 2 1 1 417 1604 422 1922
6180 4 2 1 1 1491 2059 1772 2253
6181 4 2 1 1 664 1886 2349 2469
6182 4 2 1 1 188 419 513 1707
6183 4 2 1 1 1581 1862 1631 2248
6184 4 2 1 1 229 2420 1886 2469
6185 4 2 1 1 1644 1908 1424 2152
6186 4 2 1 1 1126 2182 1889 2427
6187 4 2 1 1 1437 1654 1868 2038
6188 4 2 1 1 1555 1848 1695 2072
6189 4 2 1 1 1000 1615 638 2074
6190 4 2 1 1 1422 2214 2165 2458
6191 4 2 1 1 1487 1904 1713 2041
6192 4 2 1 1 1042 1343 1794 1929
6193 4 2 1 1 1551 1422 1812 2009
6194 4 2 1 1 1493 1703 1581 2432
6195 4 2 1 1 1674 2246 1982 2365
6196 4 2 1 1 495 1967 460 2271
6197 4 2 1 1 1030 1677 263 2249
6198 4 2 1 1 1424 2317 2006 2384
6199 4 2 1 1 811 1722 931 1833
6200 4 2 1 1 1619 1899 1455 2444
6201 4 2 1 1 546 1871 1772 2253
6202 4 2 1 1 1485 1678 1651 2060
6203 4 2 1 1 1540 1863 1625 2371
6204 4 2 1 1 1512 1866 1758 2228
6205 4 2 1 1 590 1382 1652 1915
6206 4 2 1 1 671 1866 1758 2397
6207 4 2 1 1 988 2073 1562 2297
6208 4 2 1 1 486 1566 1898 1984
6209 4 2 1 1 177 253 286 1684
6210 4 2 1 1 1843 1909 871 2082
6211 4 2 1 1 1430 1981 1670 2134
6212 4 2 1 1 2005 2035 1662 2133
6213 4 2 1 1 784 965 1728 1913
6214 4 2 1 1 1746 1909 1535 2062
6215 4 2 1 1 1127 1902 1104 2408
6216 4 2 1 1 662 189 280 1939
6217 4 2 1 1 1546 1704 1882 2367
6218 4 2 1 1 1407 1390 1652 1996
6219 4 2 1 1 1483 1931 1680 2241
6220 4 2 1 1 1511 1904 1797 2194
6221 4 2 1 1 459 509 1893 1967
6222 4 2 1 1 338 370 1704 1936
6223 4 2 1 1 1941 2294 1515 2326
6224 4 2 1 1 1624 1980 1850 2108
6225 4 2 1 1 1587 1884 1001 1927
6226 4 2 1 1 1061 1860 1060 2333
6227 4 2 1 1 427 1745 2148 2216
6228 4 2 1 1 1513 2087 1589 2414
6229 4 2 1 1 1074 2206 1723 2365
6230 4 2 1 1 1241 2039 1853 2226
6231 4 2 1 1 1454 1747 2234 2380
6232 4 2 1 1 1600 1452 2004 2122
6233 4 2 1 1 935 1590 775 1970
6234 4 2 1 1 1540 1625 2168 2371
6235 4 2 1 1 423 424 421 1721
6236 4 2 1 1 1453 1770 1725 2204
6237 4 2 1 1 1176 1178 1179 1585
6238 4 2 1 1 967 234 279 1876
6239 4 2 1 1 1568 1850 1624 2311
6240 4 2 1 1 1513 1612 2087 2414
6241 4 2 1 1 1773 1922 257 1938
6242 4 2 1 1 1556 2320 1782 2322
6243 4 2 1 1 1586 1472 1711 1978
6244 4 2 1 1 361 2011 1582 2411
6245 4 2 1 1 1508 2067 1656 2115
6246 4 2 1 1 1629 1729 1499 2012
6247 4 2 1 1 513 282 188 1707
6248 4 2 1 1 1422 1857 1551 2287
6249 4 2 1 1 1471 1749 1617 1994
6250 4 2 1 1 1486 1818 1730 2370
6251 4 2 1 1 921 918 682 1596
6252 4 2 1 1 346 1995 1798 2113
6253 4 2 1 1 1480 1918 1584 1986
6254 4 2 1 1 1647 2323 1433 2426
6255 4 2 1 1 590 1652 617 1915
6256 4 2 1 1 1803 2231 1587 2291
6257 4 2 1 1 1495 1580 2215 2332
6258 4 2 1 1 438 1587 515 2291
6259 4 2 1 1 572 603 604 2068
6260 4 2 1 1 1489 1846 1712 2379
6261 4 2 1 1 1605 2178 1528 2300
6262 4 2 1 1 1270 1706 2175 2319
6263 4 2 1 1 1300 2206 1070 2437
6264 4 2 1 1 1501 2008 1693 2139
6265 4 2 1 1 1489 1748 2109 2159
6266 4 2 1 1 1463 1781 1658 2120
6267 4 2 1 1 1432 1664 2063 2109
6268 4 2 1 1 1101 1602 1972 2357
6269 4 2 1 1 746 877 2083 2225
6270 4 2 1 1 1573 1926 699 2272
6271 4 2 1 1 1485 1682 1601 2252
6272 4 2 1 1 1497 1927 1587 2231
6273 4 2 1 1 995 1941 888 2459
6274 4 2 1 1 938 1614 870 2013
6275 4 2 1 1 1907 2107 1677 2207
6276 4 2 1 1 711 1593 1832 1988
6277 4 2 1 1 1054 1977 1765 2111
6278 4 2 1 1 1802 2090 1533 2462
6279 4 2 1 1 749 789 786 1673
6280 4 2 1 1 430 1967 459 2271
6281 4 2 1 1 1687 1553 2228 2429
6282 4 2 1 1 1635 1880 1530 2246
6283 4 2 1 1 1489 1841 1748 2159
6284 4 2 1 1 1586 1845 1711 2330
6285 4 2 1 1 1221 1720 1787 2278
6286 4 2 1 1 1999 1486 2212 2321
6287 4 2 1 1 749 1673 786 1997
6288 4 2 1 1 1911 2316 2094 2415
6289 4 2 1 1 1464 1878 1783 2031
6290 4 2 1 1 1452 2022 1740 2346
6291 4 2 1 1 738 865 913 1601
6292 4 2 1 1 916 1684 959 1900
6293 4 2 1 1 1442 1762 1744 1873
6294 4 2 1 1 1478 1744 1762 1873
6295 4 2 1 1 413 1022 1290 1698
6296 4 2 1 1 1608 2135 2048 2169
6297 4 2 1 1 1480 1918 1986 2184
6298 4 2 1 1 1476 1714 1815 2137
6299 4 2 1 1 1453 1862 1887 2049
6300 4 2 1 1 1273 1279 1271 1604
6301 4 2 1 1 891 702 1636 2027
6302 4 2 1 1 1497 1803 1884 2217
6303 4 2 1 1 1639 1875 923 2123
6304 4 2 1 1 1839 2037 1632 2232
6305 4 2 1 1 1911 1488 2316 2415
6306 4 2 1 1 1270 1706 1269 2175
6307 4 2 1 1 1333 1193 1194 1597
6308 4 2 1 1 1233 1595 1238 2230
6309 4 2 1 1 1458 1775 2056 2191
6310 4 2 1 1 1716 1928 1507 2202
6311 4 2 1 1 1069 1885 1735 1937
6312 4 2 1 1 846 1759 2303 2339
6313 4 2 1 1 1315 1252 2032 2401
6314 4 2 1 1 922 2099 889 2229
6315 4 2 1 1 1457 1739 1918 1946
6316 4 2 1 1 1722 1833 811 2167
6317 4 2 1 1 1711 2090 1738 2224
6318 4 2 1 1 1362 1145 1146 1647
6319 4 2 1 1 1241 1355 2039 2226
6320 4 2 1 1 812 930 741 1599
6321 4 2 1 1 1122 1137 1136 1948
6322 4 2 1 1 308 1943 1653 2086
6323 4 2 1 1 1911 2373 1488 2415
6324 4 2 1 1 1754 2082 1525 2214
6325 4 2 1 1 513 1018 282 1707
6326 4 2 1 1 214 2029 213 2235
6327 4 2 1 1 1417 1880 1858 2269
6328 4 2 1 1 913 669 738 2028
6329 4 2 1 1 1463 1905 1811 1910
6330 4 2 1 1 1493 1581 1703 2447
6331 4 2 1 1 1315 2032 1741 2401
6332 4 2 1 1 848 1954 752 2289
6333 4 2 1 1 1968 2009 1442 2362
6334 4 2 1 1 1519 1905 1655 1994
6335 4 2 1 1 1117 1110 1118 1910
6336 4 2 1 1 449 2085 452 2419
6337 4 2 1 1 1532 1981 1763 1999
6338 4 2 1 1 1448 1716 1795 2200
6339 4 2 1 1 737 1985 1696 2196
6340 4 2 1 1 918 1875 1596 2123
6341 4 2 1 1 1660 2129 1759 2192
6342 4 2 1 1 531 605 300 2203
6343 4 2 1 1 1559 1570 1892 2252
6344 4 2 1 1 1827 1907 1594 2152
6345 4 2 1 1 944 1639 923 2123
6346 4 2 1 1 1447 1735 1630 1880
6347 4 2 1 1 1510 1630 1735 1880
6348 4 2 1 1 1579 2051 1092 2324
6349 4 2 1 1 1501 1778 1672 2139
6350 4 2 1 1 1782 1872 1214 2004
6351 4 2 1 1 1481 2249 2107 2254
6352 4 2 1 1 1417 1858 1880 2237
6353 4 2 1 1 1548 2082 1754 2214
6354 4 2 1 1 493 1556 2322 2403
6355 4 2 1 1 758 1837 731 2069
6356 4 2 1 1 1649 2140 1536 2341
6357 4 2 1 1 1007 648 597 2057
6358 4 2 1 1 801 2002 802 2309
6359 4 2 1 1 211 1589 214 2235
6360 4 2 1 1 258 1938 184 2153
6361 4 2 1 1 1446 1686 1805 2300
6362 4 2 1 1 1448 1729 1928 1953
6363 4 2 1 1 1900 2327 1446 2440
6364 4 2 1 1 1660 1904 1561 2467
6365 4 2 1 1 1308 1124 1576 2333
6366 4 2 1 1 2011 2213 1582 2411
6367 4 2 1 1 1483 1751 1680 2228
6368 4 2 1 1 639 525 1990 2140
6369 4 2 1 1 1742 1821 1527 2063
6370 4 2 1 1 1422 1645 1754 2214
6371 4 2 1 1 1548 1754 1645 2214
6372 4 2 1 1 1517 1625 2326 2371
6373 4 2 1 1 731 716 715 1837
6374 4 2 1 1 336 1679 334 2164
6375 4 2 1 1 1830 1851 1544 2380
6376 4 2 1 1 1465 1709 1711 2330
6377 4 2 1 1 1491 1772 2059 2359
6378 4 2 1 1 1679 1882 1473 1890
6379 4 2 1 1 711 1593 712 2299
6380 4 2 1 1 1269 1270 1037 1706
6381 4 2 1 1 221 1710 223 1992
6382 4 2 1 1 876 1607 942 2412
6383 4 2 1 1 1756 1479 1982 2181
6384 4 2 1 1 664 1791 666 2349
6385 4 2 1 1 1468 1906 1779 2233
6386 4 2 1 1 1714 1833 1524 2118
6387 4 2 1 1 370 338 1704 2302
6388 4 2 1 1 1592 1731 1484 1933
6389 4 2 1 1 580 1949 579 2161
6390 4 2 1 1 2015 2123 1596 2158
6391 4 2 1 1 746 2083 1622 2225
6392 4 2 1 1 1261 1169 1849 2433
6393 4 2 1 1 586 583 1883 2366
6394 4 2 1 1 1464 1934 1764 2183
6395 4 2 1 1 460 641 1967 1998
6396 4 2 1 1 558 574 1627 2265
6397 4 2 1 1 1465 1711 1709 2008
6398 4 2 1 1 1435 1830 1687 1924
6399 4 2 1 1 719 2259 1780 2386
6400 4 2 1 1 1018 661 282 1707
6401 4 2 1 1 796 798 797 2082
6402 4 2 1 1 1329 1744 1090 1848
6403 4 2 1 1 1533 1750 1709 2199
6404 4 2 1 1 1437 1868 1654 2261
6405 4 2 1 1 838 1932 1621 2297
6406 4 2 1 1 1507 1917 1699 1928
6407 4 2 1 1 1735 1937 1447 2119
6408 4 2 1 1 1418 1769 1729 2251
6409 4 2 1 1 1430 2040 1674 2404
6410 4 2 1 1 1074 1075 1723 2206
6411 4 2 1 1 1833 2055 1455 2210
6412 4 2 1 1 1361 2132 1567 2285
6413 4 2 1 1 1124 1809 1057 2039
6414 4 2 1 1 470 435 1803 2291
6415 4 2 1 1 1420 2343 1622 2438
6416 4 2 1 1 1458 2063 1572 2425
6417 4 2 1 1 1561 2002 1904 2261
6418 4 2 1 1 1672 1778 1563 2139
6419 4 2 1 1 1448 2125 1716 2200
6420 4 2 1 1 1677 1827 1481 1907
6421 4 2 1 1 1761 1951 1457 2088
6422 4 2 1 1 796 1901 798 2082
6423 4 2 1 1 1954 2386 1780 2406
6424 4 2 1 1 1568 1624 2286 2311
6425 4 2 1 1 1555 2072 1695 2470
6426 4 2 1 1 1262 1849 1377 2448
6427 4 2 1 1 1519 2066 1905 2120
6428 4 2 1 1 787 791 978 1746
6429 4 2 1 1 1592 2076 1652 2186
6430 4 2 1 1 948 1627 834 2056
6431 4 2 1 1 1598 1523 2055 2232
6432 4 2 1 1 1626 1799 1701 2061
6433 4 2 1 1 1301 1245 1254 2170
6434 4 2 1 1 1056 1246 1977 2456
6435 4 2 1 1 1789 2002 1437 2309
6436 4 2 1 1 300 605 374 2203
6437 4 2 1 1 1591 2165 1740 2166
6438 4 2 1 1 1541 1760 1890 2415
6439 4 2 1 1 1650 1461 1896 2255
6440 4 2 1 1 1460 1979 1718 2244
6441 4 2 1 1 1437 2038 1641 2320
6442 4 2 1 1 1453 1725 1862 2042
6443 4 2 1 1 853 854 855 2463
6444 4 2 1 1 1069 1735 1298 1937
6445 4 2 1 1 947 737 859 1696
6446 4 2 1 1 1519 2026 1764 2183
6447 4 2 1 1 1592 1210 2076 2186
6448 4 2 1 1 1156 2108 1624 2413
6449 4 2 1 1 203 1631 201 2248
6450 4 2 1 1 1363 1950 1842 2373
6451 4 2 1 1 1552 1424 1908 2152
6452 4 2 1 1 724 718 725 1629
6453 4 2 1 1 1833 2210 759 2239
6454 4 2 1 1 1491 1925 1772 2359
6455 4 2 1 1 294 356 344 1726
6456 4 2 1 1 269 963 962 1784
6457 4 2 1 1 1409 1783 1705 2286
6458 4 2 1 1 1475 2069 1746 2290
6459 4 2 1 1 1428 2275 1648 2326
6460 4 2 1 1 342 1704 338 2302
6461 4 2 1 1 343 1776 1800 2035
6462 4 2 1 1 1789 2188 1518 2339
6463 4 2 1 1 1547 2236 1939 2469
6464 4 2 1 1 1414 1739 1598 1946
6465 4 2 1 1 1087 1801 1306 1987
6466 4 2 1 1 1558 2090 1802 2462
6467 4 2 1 1 1336 1785 1052 1977
6468 4 2 1 1 1665 1876 1490 2053
6469 4 2 1 1 600 2233 563 2270
6470 4 2 1 1 440 1620 441 2217
6471 4 2 1 1 1054 1056 1246 1977
6472 4 2 1 1 1722 1833 1455 2065
6473 4 2 1 1 1158 2047 1741 2298
6474 4 2 1 1 1054 1336 1052 1977
6475 4 2 1 1 1798 2142 1640 2227
6476 4 2 1 1 599 528 613 1834
6477 4 2 1 1 787 1746 978 2260
6478 4 2 1 1 1656 1965 1743 2435
6479 4 2 1 1 1181 1179 1178 2084
6480 4 2 1 1 1198 1617 1934 2108
6481 4 2 1 1 1435 1687 1630 2273
6482 4 2 1 1 689 1763 1999 2263
6483 4 2 1 1 689 1999 924 2263
6484 4 2 1 1 351 306 1577 2402
6485 4 2 1 1 1964 2003 1594 2145
6486 4 2 1 1 1598 1837 1523 2232
6487 4 2 1 1 1526 2142 1640 2283
6488 4 2 1 1 1607 1444 1877 2034
6489 4 2 1 1 468 2198 1749 2381
6490 4 2 1 1 992 1002 834 1767
6491 4 2 1 1 1102 1297 1063 1802
6492 4 2 1 1 211 214 213 2235
6493 4 2 1 1 1693 1410 2008 2374
6494 4 2 1 1 1422 1551 1857 2009
6495 4 2 1 1 1485 2060 1949 2161
6496 4 2 1 1 1251 1142 1699 2358
6497 4 2 1 1 1083 1077 1302 1674
6498 4 2 1 1 908 2080 1545 2208
6499 4 2 1 1 1485 2060 1671 2394
6500 4 2 1 1 1504 2039 1853 2111
6501 4 2 1 1 2107 2249 1351 2254
6502 4 2 1 1 1455 1833 1722 2279
6503 4 2 1 1 221 1710 1992 2145
6504 4 2 1 1 1411 1702 2000 2200
6505 4 2 1 1 1093 1579 1092 2324
6506 4 2 1 1 1509 2104 2062 2290
6507 4 2 1 1 1783 2007 1762 2192
6508 4 2 1 1 1469 2200 2012 2201
6509 4 2 1 1 1484 2347 1892 2423
6510 4 2 1 1 1146 1916 1647 2071
6511 4 2 1 1 1587 1927 1001 2459
6512 4 2 1 1 579 566 2060 2394
6513 4 2 1 1 930 812 987 1896
6514 4 2 1 1 1180 1222 1255 2004
6515 4 2 1 1 1718 1979 1491 2155
6516 4 2 1 1 1732 1891 1793 2441
6517 4 2 1 1 484 455 454 1661
6518 4 2 1 1 1651 1678 1485 2169
6519 4 2 1 1 1459 1709 1769 2021
6520 4 2 1 1 785 975 1807 2260
6521 4 2 1 1 1686 1717 1454 1962
6522 4 2 1 1 1369 1647 1146 1916
6523 4 2 1 1 1845 1988 704 2463
6524 4 2 1 1 1716 2044 1928 2202
6525 4 2 1 1 1471 1637 1810 2250
6526 4 2 1 1 1608 2028 766 2135
6527 4 2 1 1 348 1792 370 1936
6528 4 2 1 1 1744 1568 1864 2286
6529 4 2 1 1 1816 1886 1506 2083
6530 4 2 1 1 1419 1921 1732 2091
6531 4 2 1 1 1387 2410 1872 2464
6532 4 2 1 1 1250 1699 1142 2358
6533 4 2 1 1 1882 1936 1679 2367
6534 4 2 1 1 1101 1095 1972 2181
6535 4 2 1 1 1638 1445 1860 2333
6536 4 2 1 1 1489 1915 1652 2076
6537 4 2 1 1 1919 2012 1499 2201
6538 4 2 1 1 1842 2316 1378 2373
6539 4 2 1 1 1777 1854 1470 2011
6540 4 2 1 1 1593 1958 1465 1988
6541 4 2 1 1 1674 1730 1479 2246
6542 4 2 1 1 1200 1378 1367 2373
6543 4 2 1 1 1864 2286 1624 2314
6544 4 2 1 1 1694 2407 242 2450
6545 4 2 1 1 1699 1928 1917 2293
6546 4 2 1 1 1698 1980 1620 2131
6547 4 2 1 1 1458 1834 1572 1840
6548 4 2 1 1 1683 2067 1508 2115
6549 4 2 1 1 1503 1756 1912 2102
6550 4 2 1 1 191 2262 1564 2452
6551 4 2 1 1 2007 2192 1783 2264
6552 4 2 1 1 1608 1791 1547 2349
6553 4 2 1 1 1714 2055 1815 2137
6554 4 2 1 1 811 1833 931 2167
6555 4 2 1 1 1615 2074 831 2309
6556 4 2 1 1 1564 1971 1554 2001
6557 4 2 1 1 1444 1839 1657 1946
6558 4 2 1 1 1243 1779 610 1996
6559 4 2 1 1 1917 1928 1418 2293
6560 4 2 1 1 1591 2124 1932 2166
6561 4 2 1 1 1178 1585 1176 2396
6562 4 2 1 1 1341 2387 1206 2461
6563 4 2 1 1 235 184 420 2153
6564 4 2 1 1 891 1636 692 1960
6565 4 2 1 1 772 1646 783 2053
6566 4 2 1 1 390 1562 295 2073
6567 4 2 1 1 1149 1055 1053 1765
6568 4 2 1 1 1676 2174 2016 2326
6569 4 2 1 1 894 2018 676 2443
6570 4 2 1 1 468 1637 2198 2381
6571 4 2 1 1 1636 1487 2007 2027
6572 4 2 1 1 1664 1846 1557 2240
6573 4 2 1 1 568 1651 2060 2233
6574 4 2 1 1 1307 1774 1344 1987
6575 4 2 1 1 811 741 778 1722
6576 4 2 1 1 545 1772 546 1871
6577 4 2 1 1 1505 1897 1768 2229
6578 4 2 1 1 1867 2095 1492 2371
6579 4 2 1 1 913 1601 865 2135
6580 4 2 1 1 680 681 682 1768
6581 4 2 1 1 1836 2188 1518 2218
6582 4 2 1 1 1648 2275 1517 2326
6583 4 2 1 1 1420 1622 2267 2438
6584 4 2 1 1 209 208 207 1681
6585 4 2 1 1 1558 1439 2090 2256
6586 4 2 1 1 1369 1647 1916 2351
6587 4 2 1 1 1343 1294 1042 1794
6588 4 2 1 1 1456 1909 1843 2082
6589 4 2 1 1 1556 1872 1782 2320
6590 4 2 1 1 1578 2049 1737 2361
6591 4 2 1 1 557 1712 558 2043
6592 4 2 1 1 1469 1997 1903 2435
6593 4 2 1 1 722 1606 2019 2400
6594 4 2 1 1 473 655 1006 1942
6595 4 2 1 1 1465 1769 1832 2455
6596 4 2 1 1 367 647 972 2073
6597 4 2 1 1 1615 1482 2022 2085
6598 4 2 1 1 1462 1732 1670 2015
6599 4 2 1 1 1499 1619 1993 2465
6600 4 2 1 1 604 1564 603 2452
6601 4 2 1 1 1337 2172 1750 2461
6602 4 2 1 1 1738 1802 1533 2338
6603 4 2 1 1 1491 2059 1925 2359
6604 4 2 1 1 648 1678 526 2057
6605 4 2 1 1 333 377 2164 2377
6606 4 2 1 1 1584 1986 1918 2274
6607 4 2 1 1 1124 1059 1057 1809
6608 4 2 1 1 1753 1962 1717 2215
6609 4 2 1 1 1593 1832 1769 2455
6610 4 2 1 1 1507 1917 1928 2465
6611 4 2 1 1 1494 1875 1586 2112
6612 4 2 1 1 1484 1892 1731 2423
6613 4 2 1 1 1106 1100 1105 1616
6614 4 2 1 1 1193 1597 1333 2071
6615 4 2 1 1 928 1897 676 2018
6616 4 2 1 1 1529 1907 1677 2207
6617 4 2 1 1 1496 2143 1613 2378
6618 4 2 1 1 1233 1239 1238 1595
6619 4 2 1 1 488 1898 1588 1984
6620 4 2 1 1 1592 1450 1731 1841
6621 4 2 1 1 1567 1826 1522 2132
6622 4 2 1 1 1117 1811 1910 2170
6623 4 2 1 1 2074 2124 831 2309
6624 4 2 1 1 1781 2066 1863 2371
6625 4 2 1 1 488 487 457 2081
6626 4 2 1 1 278 1043 1304 1785
6627 4 2 1 1 776 1970 1634 2121
6628 4 2 1 1 1596 1732 1472 2441
6629 4 2 1 1 1986 2184 1574 2395
6630 4 2 1 1 1552 1835 2334 2345
6631 4 2 1 1 734 750 753 1903
6632 4 2 1 1 1640 1777 1461 2268
6633 4 2 1 1 358 2171 1842 2411
6634 4 2 1 1 492 2014 483 2216
6635 4 2 1 1 366 385 340 2367
6636 4 2 1 1 1694 1481 2249 2407
6637 4 2 1 1 357 1842 2133 2316
6638 4 2 1 1 579 580 566 2394
6639 4 2 1 1 1559 1920 1570 2252
6640 4 2 1 1 1151 1766 1325 1851
6641 4 2 1 1 1584 1918 1480 1951
6642 4 2 1 1 1429 1890 1760 2415
6643 4 2 1 1 1469 1629 1919 2012
6644 4 2 1 1 1609 2107 1907 2207
6645 4 2 1 1 1919 1985 726 2196
6646 4 2 1 1 361 383 2011 2213
6647 4 2 1 1 1275 2132 1838 2216
6648 4 2 1 1 440 1803 437 2131
6649 4 2 1 1 740 751 743 1780
6650 4 2 1 1 1635 1885 1880 2162
6651 4 2 1 1 1662 1776 1545 2306
6652 4 2 1 1 489 1940 486 2070
6653 4 2 1 1 1550 2010 1903 2435
6654 4 2 1 1 1481 1677 2107 2249
6655 4 2 1 1 1684 1446 1900 2327
6656 4 2 1 1 1589 214 2029 2407
6657 4 2 1 1 604 1971 1564 2001
6658 4 2 1 1 1450 1945 1802 2338
6659 4 2 1 1 929 2259 719 2386
6660 4 2 1 1 911 1001 653 1884
6661 4 2 1 1 1789 1820 1518 2188
6662 4 2 1 1 444 1736 472 1820
6663 4 2 1 1 1572 1460 2222 2244
6664 4 2 1 1 1430 1670 1723 2434
6665 4 2 1 1 1595 1853 1468 1906
6666 4 2 1 1 2217 2218 1518 2329
6667 4 2 1 1 324 389 1662 2306
6668 4 2 1 1 1106 1100 1616 2044
6669 4 2 1 1 1619 1788 1455 1993
6670 4 2 1 1 1657 1509 1877 2375
6671 4 2 1 1 1427 1610 1700 2122
6672 4 2 1 1 1892 2024 1671 2252
6673 4 2 1 1 1458 1572 1834 2425
6674 4 2 1 1 245 215 218 1827
6675 4 2 1 1 1352 1945 1102 2045
6676 4 2 1 1 1464 2026 1934 2183
6677 4 2 1 1 262 1728 285 1956
6678 4 2 1 1 1474 1812 1626 1930
6679 4 2 1 1 1738 2046 1501 2224
6680 4 2 1 1 1738 2046 1672 2139
6681 4 2 1 1 393 1381 1034 1995
6682 4 2 1 1 1153 1156 1934 2314
6683 4 2 1 1 1667 2150 1417 2177
6684 4 2 1 1 1462 1981 1822 2150
6685 4 2 1 1 1281 1386 1771 2059
6686 4 2 1 1 1638 1802 1450 2045
6687 4 2 1 1 1674 1982 1083 2365
6688 4 2 1 1 1911 2316 1488 2373
6689 4 2 1 1 1241 1319 1853 2039
6690 4 2 1 1 1379 379 1823 2281
6691 4 2 1 1 889 2193 1667 2212
6692 4 2 1 1 1372 1377 2383 2448
6693 4 2 1 1 1614 1983 1739 2444
6694 4 2 1 1 778 1919 726 2196
6695 4 2 1 1 1421 2046 1659 2429
6696 4 2 1 1 442 441 440 1620
6697 4 2 1 1 1458 1775 1840 2374
6698 4 2 1 1 1646 1913 1728 2152
6699 4 2 1 1 1494 1921 1875 2158
6700 4 2 1 1 1366 1995 1381 2113
6701 4 2 1 1 1426 1682 1608 2169
6702 4 2 1 1 1608 1682 1485 2169
6703 4 2 1 1 849 659 1939 1952
6704 4 2 1 1 1211 1592 1865 2186
6705 4 2 1 1 1108 1320 1801 2315
6706 4 2 1 1 2037 2061 1799 2104
6707 4 2 1 1 734 725 733 1903
6708 4 2 1 1 1655 1838 1471 1994
6709 4 2 1 1 1526 1715 1813 2421
6710 4 2 1 1 770 769 768 1817
6711 4 2 1 1 1080 1292 1078 2136
6712 4 2 1 1 1454 1894 1805 1962
6713 4 2 1 1 1779 1906 1468 2226
6714 4 2 1 1 990 908 981 2080
6715 4 2 1 1 1094 1982 1756 2197
6716 4 2 1 1 1417 1858 2177 2269
6717 4 2 1 1 766 665 667 2349
6718 4 2 1 1 207 2141 1790 2390
6719 4 2 1 1 1637 2174 1810 2250
6720 4 2 1 1 1463 1905 2066 2120
6721 4 2 1 1 328 1642 329 2133
6722 4 2 1 1 1682 1770 1451 2372
6723 4 2 1 1 1616 1928 1699 2284
6724 4 2 1 1 1736 1820 1437 2419
6725 4 2 1 1 1521 1654 2038 2362
6726 4 2 1 1 1153 1156 1155 1934
6727 4 2 1 1 1523 1837 1598 2210
6728 4 2 1 1 1667 1763 1462 2150
6729 4 2 1 1 1124 2039 1576 2333
6730 4 2 1 1 1530 2206 1723 2364
6731 4 2 1 1 1859 1948 1542 2160
6732 4 2 1 1 690 924 891 2263
6733 4 2 1 1 2016 2174 1676 2250
6734 4 2 1 1 1134 1133 1609 2170
6735 4 2 1 1 1132 1056 2205 2456
6736 4 2 1 1 838 819 1932 2297
6737 4 2 1 1 1090 1329 1338 1744
6738 4 2 1 1 713 707 1611 2259
6739 4 2 1 1 1308 1576 2045 2333
6740 4 2 1 1 667 1791 668 2028
6741 4 2 1 1 1624 1850 1568 2413
6742 4 2 1 1 1457 1951 1918 2088
6743 4 2 1 1 1664 1846 553 2043
6744 4 2 1 1 1438 1712 1627 2265
6745 4 2 1 1 977 1843 818 2297
6746 4 2 1 1 1678 1971 1554 2169
6747 4 2 1 1 1504 1853 1765 2111
6748 4 2 1 1 1505 1858 1666 2229
6749 4 2 1 1 452 1615 494 2419
6750 4 2 1 1 1503 1912 1756 2077
6751 4 2 1 1 1576 1865 2033 2423
6752 4 2 1 1 1456 1679 1760 1890
6753 4 2 1 1 1649 1813 1436 2292
6754 4 2 1 1 1562 370 1936 2302
6755 4 2 1 1 1650 1461 2268 2337
6756 4 2 1 1 1509 2069 1837 2232
6757 4 2 1 1 587 543 1871 1990
6758 4 2 1 1 1358 1826 1272 2175
6759 4 2 1 1 1480 2184 1986 2395
6760 4 2 1 1 1702 1411 1879 2318
6761 4 2 1 1 1120 1902 1318 2071
6762 4 2 1 1 1828 1879 1411 2318
6763 4 2 1 1 982 909 2080 2167
6764 4 2 1 1 411 473 1006 1942
6765 4 2 1 1 1514 1798 1690 2160
6766 4 2 1 1 1445 1576 1809 2333
6767 4 2 1 1 1527 1634 1840 2063
6768 4 2 1 1 1918 1946 1739 2184
6769 4 2 1 1 1730 1818 1479 1856
6770 4 2 1 1 1480 1801 2101 2470
6771 4 2 1 1 1564 2001 191 2452
6772 4 2 1 1 1367 1378 289 2316
6773 4 2 1 1 417 490 1279 1922
6774 4 2 1 1 1334 1864 1752 2220
6775 4 2 1 1 839 840 819 2297
6776 4 2 1 1 1684 1900 253 2327
6777 4 2 1 1 1423 1680 2025 2372
6778 4 2 1 1 1824 2012 2010 2247
6779 4 2 1 1 1259 1400 1408 2108
6780 4 2 1 1 1082 1083 1982 2365
6781 4 2 1 1 1285 1635 1311 2162
6782 4 2 1 1 945 842 838 1932
6783 4 2 1 1 1529 2003 1710 2385
6784 4 2 1 1 1748 1775 1458 2374
6785 4 2 1 1 1719 2093 1761 2470
6786 4 2 1 1 1506 1862 1725 2420
6787 4 2 1 1 1646 1961 1552 2050
6788 4 2 1 1 482 1615 452 2074
6789 4 2 1 1 1116 1094 1756 2197
6790 4 2 1 1 775 935 951 1590
6791 4 2 1 1 1435 1747 1830 1924
6792 4 2 1 1 1420 1887 2343 2438
6793 4 2 1 1 1353 2078 1677 2207
6794 4 2 1 1 1460 1572 2149 2244
6795 4 2 1 1 1521 2038 1740 2320
6796 4 2 1 1 1447 1793 1891 2119
6797 4 2 1 1 1426 1971 1651 2169
6798 4 2 1 1 1455 1993 1714 2279
6799 4 2 1 1 1472 1793 1711 2224
6800 4 2 1 1 1764 1519 2183 2357
6801 4 2 1 1 1606 2099 1667 2212
6802 4 2 1 1 1842 2171 1582 2411
6803 4 2 1 1 1597 1828 1476 1991
6804 4 2 1 1 1442 1762 1654 2362
6805 4 2 1 1 2010 2012 1743 2247
6806 4 2 1 1 1456 1760 1679 2164
6807 4 2 1 1 1419 2143 1670 2378
6808 4 2 1 1 1470 1582 1916 2426
6809 4 2 1 1 1500 1856 1753 2269
6810 4 2 1 1 1092 1085 1819 1976
6811 4 2 1 1 1611 2023 1835 2370
6812 4 2 1 1 1624 1477 1980 2108
6813 4 2 1 1 990 2080 981 2239
6814 4 2 1 1 1834 2191 1458 2340
6815 4 2 1 1 700 1926 709 2013
6816 4 2 1 1 1072 1076 1075 1723
6817 4 2 1 1 974 364 635 1776
6818 4 2 1 1 1438 1841 1748 1933
6819 4 2 1 1 604 2001 1564 2452
6820 4 2 1 1 519 1652 1390 1996
6821 4 2 1 1 820 986 974 1800
6822 4 2 1 1 1182 2084 1872 2410
6823 4 2 1 1 1462 1596 1732 2015
6824 4 2 1 1 1419 1732 1596 2015
6825 4 2 1 1 1686 1435 1747 2392
6826 4 2 1 1 1437 1740 2038 2320
6827 4 2 1 1 1123 1326 1330 2032
6828 4 2 1 1 918 1596 921 2123
6829 4 2 1 1 1794 1944 243 2141
6830 4 2 1 1 537 2366 1577 2402
6831 4 2 1 1 2215 2332 1580 2409
6832 4 2 1 1 493 2322 1556 2464
6833 4 2 1 1 1777 1879 1461 2064
6834 4 2 1 1 1216 1359 1355 1685
6835 4 2 1 1 197 1725 195 2042
6836 4 2 1 1 1738 2090 1802 2257
6837 4 2 1 1 1474 1719 1839 2287
6838 4 2 1 1 1214 1387 1872 2464
6839 4 2 1 1 898 2156 1778 2245
6840 4 2 1 1 1121 2125 1261 2243
6841 4 2 1 1 429 2148 1745 2271
6842 4 2 1 1 933 1606 722 2400
6843 4 2 1 1 876 1877 1607 2412
6844 4 2 1 1 772 783 757 2053
6845 4 2 1 1 428 2148 429 2271
6846 4 2 1 1 331 329 2094 2316
6847 4 2 1 1 525 1888 639 1990
6848 4 2 1 1 1532 2054 1960 2134
6849 4 2 1 1 1477 1980 1698 2131
6850 4 2 1 1 1745 2148 1618 2271
6851 4 2 1 1 668 2028 1791 2225
6852 4 2 1 1 783 815 968 2053
6853 4 2 1 1 1823 2281 369 2449
6854 4 2 1 1 934 893 1666 2018
6855 4 2 1 1 1506 2185 1862 2420
6856 4 2 1 1 732 759 1833 2210
6857 4 2 1 1 1493 1581 1929 2432
6858 4 2 1 1 1182 1184 1185 2376
6859 4 2 1 1 944 742 870 2352
6860 4 2 1 1 1366 1995 2113 2360
6861 4 2 1 1 370 348 295 1792
6862 4 2 1 1 1582 1647 2089 2351
6863 4 2 1 1 1663 1925 1491 1957
6864 4 2 1 1 1461 2064 1879 2255
6865 4 2 1 1 1108 1320 1306 1801
6866 4 2 1 1 1980 2286 1624 2311
6867 4 2 1 1 1453 1581 1862 2049
6868 4 2 1 1 1553 2018 1755 2443
6869 4 2 1 1 1044 1883 1220 2453
6870 4 2 1 1 1634 2121 1449 2455
6871 4 2 1 1 1570 1931 1483 2241
6872 4 2 1 1 1537 2200 1702 2318
6873 4 2 1 1 1685 1853 1468 2157
6874 4 2 1 1 1630 1735 1447 2119
6875 4 2 1 1 1365 1237 1173 2036
6876 4 2 1 1 538 1966 1623 2203
6877 4 2 1 1 1465 1769 1709 2021
6878 4 2 1 1 1199 1198 1212 1617
6879 4 2 1 1 1216 1865 1685 2305
6880 4 2 1 1 842 655 838 1942
6881 4 2 1 1 1599 1469 2000 2209
6882 4 2 1 1 931 811 852 1722
6883 4 2 1 1 828 843 878 1778
6884 4 2 1 1 1558 1447 1937 2119
6885 4 2 1 1 1482 1942 1661 2085
6886 4 2 1 1 1176 1585 1179 2296
6887 4 2 1 1 1660 1759 1561 2192
6888 4 2 1 1 1691 1574 2184 2395
6889 4 2 1 1 1573 2180 2054 2272
6890 4 2 1 1 1579 1819 1439 1976
6891 4 2 1 1 895 2083 958 2211
6892 4 2 1 1 1650 1461 2064 2268
6893 4 2 1 1 1577 2203 537 2402
6894 4 2 1 1 306 2203 1577 2402
6895 4 2 1 1 1659 1978 1711 2224
6896 4 2 1 1 1527 2121 1634 2455
6897 4 2 1 1 1421 1659 2046 2224
6898 4 2 1 1 1554 2169 1971 2266
6899 4 2 1 1 244 1350 173 1694
6900 4 2 1 1 371 1814 1588 2302
6901 4 2 1 1 901 843 1931 2460
6902 4 2 1 1 735 774 1625 2430
6903 4 2 1 1 1517 2326 1676 2371
6904 4 2 1 1 1766 2197 1129 2363
6905 4 2 1 1 244 271 242 1694
6906 4 2 1 1 1439 1711 1793 2090
6907 4 2 1 1 1289 403 1040 1734
6908 4 2 1 1 608 592 564 2394
6909 4 2 1 1 2165 2214 1607 2458
6910 4 2 1 1 1445 1680 1751 2228
6911 4 2 1 1 929 2321 2259 2386
6912 4 2 1 1 1433 2089 1662 2171
6913 4 2 1 1 1624 2108 1850 2413
6914 4 2 1 1 1102 1063 1061 1638
6915 4 2 1 1 179 1816 1886 2420
6916 4 2 1 1 1434 1918 1613 1983
6917 4 2 1 1 1193 1597 2071 2312
6918 4 2 1 1 1483 1931 1778 2460
6919 4 2 1 1 1531 2030 1688 2031
6920 4 2 1 1 1431 1798 1640 2227
6921 4 2 1 1 2080 2167 909 2239
6922 4 2 1 1 1623 1943 307 2203
6923 4 2 1 1 1654 1868 1561 2261
6924 4 2 1 1 1974 2020 1236 2036
6925 4 2 1 1 1782 1872 1452 2320
6926 4 2 1 1 1616 2202 2044 2324
6927 4 2 1 1 1410 2139 2008 2338
6928 4 2 1 1 1372 2383 1854 2448
6929 4 2 1 1 590 519 617 1652
6930 4 2 1 1 1675 1921 1804 1963
6931 4 2 1 1 711 1832 1593 2299
6932 4 2 1 1 1480 1986 1695 2101
6933 4 2 1 1 1850 1980 1624 2311
6934 4 2 1 1 1679 2164 1760 2449
6935 4 2 1 1 1452 2166 1700 2346
6936 4 2 1 1 444 1736 1820 2218
6937 4 2 1 1 1519 2066 2120 2275
6938 4 2 1 1 1636 2027 2007 2445
6939 4 2 1 1 1143 1150 1162 1612
6940 4 2 1 1 812 1599 741 2167
6941 4 2 1 1 1332 1253 1663 2427
6942 4 2 1 1 859 1899 1696 2127
6943 4 2 1 1 1518 2217 1836 2218
6944 4 2 1 1 1066 1067 1937 2256
6945 4 2 1 1 1662 2005 1475 2035
6946 4 2 1 1 345 311 308 1715
6947 4 2 1 1 1458 1840 1572 2063
6948 4 2 1 1 921 1596 1844 2123
6949 4 2 1 1 271 242 1694 2407
6950 4 2 1 1 925 1913 927 2195
6951 4 2 1 1 616 1906 571 2233
6952 4 2 1 1 1603 1292 2040 2220
6953 4 2 1 1 443 1836 2217 2218
6954 4 2 1 1 370 342 338 2302
6955 4 2 1 1 1603 2040 1723 2434
6956 4 2 1 1 2052 2119 1539 2257
6957 4 2 1 1 486 1566 506 2070
6958 4 2 1 1 846 1836 912 2188
6959 4 2 1 1 1443 1954 1870 2027
6960 4 2 1 1 1701 2373 1911 2415
6961 4 2 1 1 1436 1656 2067 2115
6962 4 2 1 1 1616 2284 1699 2324
6963 4 2 1 1 1250 1141 1976 2358
6964 4 2 1 1 1106 1616 1105 2182
6965 4 2 1 1 734 1903 733 2209
6966 4 2 1 1 1577 1514 2067 2086
6967 4 2 1 1 1615 2022 1641 2085
6968 4 2 1 1 1481 1694 2087 2407
6969 4 2 1 1 1623 2187 538 2405
6970 4 2 1 1 1272 1826 1273 2175
6971 4 2 1 1 1241 1355 1319 2039
6972 4 2 1 1 1518 1836 2217 2329
6973 4 2 1 1 791 793 989 1909
6974 4 2 1 1 1658 1781 1412 2120
6975 4 2 1 1 1139 1191 1152 1752
6976 4 2 1 1 736 2168 1961 2430
6977 4 2 1 1 688 1844 2263 2350
6978 4 2 1 1 1369 1362 1647 2351
6979 4 2 1 1 746 2225 2144 2397
6980 4 2 1 1 1585 1812 1422 2009
6981 4 2 1 1 1603 2404 2040 2434
6982 4 2 1 1 1708 2369 1517 2393
6983 4 2 1 1 1611 2321 2023 2417
6984 4 2 1 1 1459 1769 1709 1969
6985 4 2 1 1 1512 1758 1680 2228
6986 4 2 1 1 642 966 965 1728
6987 4 2 1 1 1536 2140 1990 2341
6988 4 2 1 1 815 784 965 1728
6989 4 2 1 1 1655 2066 1567 2285
6990 4 2 1 1 1313 1764 2183 2357
6991 4 2 1 1 327 324 389 1662
6992 4 2 1 1 966 967 815 1728
6993 4 2 1 1 1528 2096 1861 2300
6994 4 2 1 1 901 843 864 1931
6995 4 2 1 1 786 1673 789 2283
6996 4 2 1 1 224 254 2003 2078
6997 4 2 1 1 1649 1966 1623 2187
6998 4 2 1 1 1547 2349 1886 2469
6999 4 2 1 1 1458 1664 2063 2425
7000 4 2 1 1 182 268 250 1794
7001 4 2 1 1 1259 1408 1734 2108
7002 4 2 1 1 1143 1612 1894 2363
7003 4 2 1 1 1507 1727 1699 1917
7004 4 2 1 1 1435 1858 2380 2392
7005 4 2 1 1 1443 2027 1870 2445
7006 4 2 1 1 1455 1833 1714 2055
7007 4 2 1 1 1633 1793 1439 1963
7008 4 2 1 1 1236 2020 1174 2036
7009 4 2 1 1 240 1560 2042 2262
7010 4 2 1 1 2055 2065 1455 2210
7011 4 2 1 1 1369 1362 1146 1647
7012 4 2 1 1 737 943 1985 2196
7013 4 2 1 1 1611 1835 1441 2370
7014 4 2 1 1 2016 2174 1515 2326
7015 4 2 1 1 1457 1918 1739 1983
7016 4 2 1 1 227 258 256 1583
7017 4 2 1 1 686 2193 889 2212
7018 4 2 1 1 1571 2364 1885 2437
7019 4 2 1 1 1791 1886 1547 2349
7020 4 2 1 1 1552 2152 1644 2382
7021 4 2 1 1 1468 1853 1685 2226
7022 4 2 1 1 1466 1827 1594 2152
7023 4 2 1 1 1581 1493 2248 2447
7024 4 2 1 1 639 999 956 1888
7025 4 2 1 1 1437 2022 1615 2309
7026 4 2 1 1 2023 2321 1486 2417
7027 4 2 1 1 1340 1280 1339 1929
7028 4 2 1 1 506 1566 1984 2070
7029 4 2 1 1 1815 1476 2137 2451
7030 4 2 1 1 1100 2044 1310 2202
7031 4 2 1 1 1422 1968 1857 2165
7032 4 2 1 1 1574 1902 1869 2408
7033 4 2 1 1 1483 1778 1672 2046
7034 4 2 1 1 1647 2323 2089 2351
7035 4 2 1 1 1887 2049 1631 2267
7036 4 2 1 1 1506 1770 1887 2438
7037 4 2 1 1 1418 1593 1769 2251
7038 4 2 1 1 1599 2000 1673 2209
7039 4 2 1 1 1472 1732 1793 2441
7040 4 2 1 1 1709 1769 1465 1969
7041 4 2 1 1 1835 2370 2023 2400
7042 4 2 1 1 1437 1968 1740 2261
7043 4 2 1 1 769 926 932 1605
7044 4 2 1 1 1433 1628 2255 2426
7045 4 2 1 1 1302 1674 1077 2040
7046 4 2 1 1 1686 1454 1805 1962
7047 4 2 1 1 1521 1872 1556 2320
7048 4 2 1 1 582 2106 584 2366
7049 4 2 1 1 1439 1633 1963 1976
7050 4 2 1 1 1552 2334 1908 2345
7051 4 2 1 1 1152 1752 1334 2314
7052 4 2 1 1 1717 1962 1686 2215
7053 4 2 1 1 462 418 354 1898
7054 4 2 1 1 1598 2065 2055 2210
7055 4 2 1 1 1101 1972 1098 2357
7056 4 2 1 1 1581 2248 1631 2447
7057 4 2 1 1 1373 1236 1823 1974
7058 4 2 1 1 1674 1972 1083 1982
7059 4 2 1 1 1491 1718 1871 1979
7060 4 2 1 1 1535 2164 1959 2377
7061 4 2 1 1 222 219 2003 2145
7062 4 2 1 1 1677 2107 1353 2207
7063 4 2 1 1 1424 1646 2050 2457
7064 4 2 1 1 1589 2235 211 2450
7065 4 2 1 1 1168 1171 1701 2304
7066 4 2 1 1 190 185 530 2001
7067 4 2 1 1 941 1899 1614 2065
7068 4 2 1 1 1813 1997 844 2436
7069 4 2 1 1 1556 1872 1521 2410
7070 4 2 1 1 230 1939 189 2236
7071 4 2 1 1 1732 1822 1670 2364
7072 4 2 1 1 1763 1999 1486 2212
7073 4 2 1 1 1580 1495 2019 2332
7074 4 2 1 1 364 343 1776 1800
7075 4 2 1 1 1092 1086 1085 1976
7076 4 2 1 1 545 587 543 1871
7077 4 2 1 1 613 1572 594 2335
7078 4 2 1 1 1875 2100 1586 2112
7079 4 2 1 1 786 1997 1673 2283
7080 4 2 1 1 1411 1991 1828 2318
7081 4 2 1 1 1635 2246 1530 2365
7082 4 2 1 1 1586 1711 1845 1978
7083 4 2 1 1 982 2080 1896 2167
7084 4 2 1 1 1230 1152 1334 2314
7085 4 2 1 1 1487 1573 2114 2180
7086 4 2 1 1 898 878 1778 2156
7087 4 2 1 1 1615 2074 1482 2085
7088 4 2 1 1 1797 2034 1444 2458
7089 4 2 1 1 1670 1822 1530 2364
7090 4 2 1 1 595 558 574 1627
7091 4 2 1 1 242 244 1694 1944
7092 4 2 1 1 608 633 592 2258
7093 4 2 1 1 581 530 185 2001
7094 4 2 1 1 1500 1753 1717 2269
7095 4 2 1 1 1827 1907 1677 2003
7096 4 2 1 1 1889 2182 1520 2427
7097 4 2 1 1 197 195 198 2042
7098 4 2 1 1 735 1625 2168 2430
7099 4 2 1 1 1604 1826 1440 2175
7100 4 2 1 1 354 299 462 1898
7101 4 2 1 1 434 515 1998 2291
7102 4 2 1 1 1721 1831 1522 2148
7103 4 2 1 1 1274 1273 1826 2154
7104 4 2 1 1 1631 1862 1581 2049
7105 4 2 1 1 1516 1804 1675 1917
7106 4 2 1 1 295 390 370 1562
7107 4 2 1 1 562 1652 1996 2270
7108 4 2 1 1 1253 1957 1663 2427
7109 4 2 1 1 1434 1727 2032 2274
7110 4 2 1 1 547 1871 1718 2222
7111 4 2 1 1 1481 2087 1589 2407
7112 4 2 1 1 1416 1825 1643 2072
7113 4 2 1 1 1253 1663 1925 2288
7114 4 2 1 1 1448 2012 1824 2247
7115 4 2 1 1 1713 2163 1573 2180
7116 4 2 1 1 1622 2144 746 2225
7117 4 2 1 1 197 198 1725 2042
7118 4 2 1 1 898 1778 1955 2245
7119 4 2 1 1 178 262 285 1956
7120 4 2 1 1 1652 2270 562 2325
7121 4 2 1 1 1342 1894 2075 2277
7122 4 2 1 1 1550 2115 1656 2292
7123 4 2 1 1 1414 1598 2055 2232
7124 4 2 1 1 176 1043 278 1785
7125 4 2 1 1 977 818 988 2297
7126 4 2 1 1 1584 1741 2143 2298
7127 4 2 1 1 568 569 567 2060
7128 4 2 1 1 716 1837 731 2210
7129 4 2 1 1 1373 1368 1036 1823
7130 4 2 1 1 1597 1537 2243 2318
7131 4 2 1 1 1188 2376 1874 2413
7132 4 2 1 1 1043 276 1050 2146
7133 4 2 1 1 1717 2380 1858 2392
7134 4 2 1 1 1619 1696 1494 2356
7135 4 2 1 1 579 567 601 2060
7136 4 2 1 1 688 2263 1960 2350
7137 4 2 1 1 1421 1738 1751 2257
7138 4 2 1 1 360 2035 1800 2377
7139 4 2 1 1 1480 1691 2184 2395
7140 4 2 1 1 667 666 668 1791
7141 4 2 1 1 575 543 1990 2341
7142 4 2 1 1 1620 2218 2217 2329
7143 4 2 1 1 1469 1743 2012 2200
7144 4 2 1 1 269 962 249 1784
7145 4 2 1 1 1849 2243 1537 2318
7146 4 2 1 1 1648 1780 1517 2095
7147 4 2 1 1 1510 1766 1851 2380
7148 4 2 1 1 1476 1828 1597 2071
7149 4 2 1 1 1433 2171 1628 2426
7150 4 2 1 1 1589 2087 1694 2407
7151 4 2 1 1 763 1660 848 2289
7152 4 2 1 1 880 2321 929 2386
7153 4 2 1 1 1366 2113 1690 2360
7154 4 2 1 1 306 1943 1577 2203
7155 4 2 1 1 1584 1613 1918 1951
7156 4 2 1 1 569 1971 1651 2068
7157 4 2 1 1 2047 2143 1741 2298
7158 4 2 1 1 1692 2236 1554 2266
7159 4 2 1 1 2122 2166 1700 2342
7160 4 2 1 1 1420 2267 1887 2438
7161 4 2 1 1 1602 1905 1463 2120
7162 4 2 1 1 1347 1297 1945 2462
7163 4 2 1 1 362 1726 645 2337
7164 4 2 1 1 362 296 363 1650
7165 4 2 1 1 1835 2195 1552 2334
7166 4 2 1 1 1495 1753 1717 2215
7167 4 2 1 1 1901 2165 1525 2214
7168 4 2 1 1 720 1657 708 2034
7169 4 2 1 1 1018 513 971 1707
7170 4 2 1 1 1468 1906 1853 2226
7171 4 2 1 1 937 1870 924 1999
7172 4 2 1 1 1801 1930 1474 2315
7173 4 2 1 1 1163 1134 1609 2107
7174 4 2 1 1 1656 2115 1550 2221
7175 4 2 1 1 1557 1204 2276 2355
7176 4 2 1 1 1417 2237 1822 2388
7177 4 2 1 1 264 1677 1283 2078
7178 4 2 1 1 1573 696 2114 2272
7179 4 2 1 1 1252 2358 2032 2401
7180 4 2 1 1 1407 1390 1217 1652
7181 4 2 1 1 1469 1965 1997 2435
7182 4 2 1 1 1690 2113 1995 2360
7183 4 2 1 1 1523 1598 2055 2210
7184 4 2 1 1 1443 2386 1954 2406
7185 4 2 1 1 1584 1918 1434 2274
7186 4 2 1 1 1715 1973 311 2142
7187 4 2 1 1 1781 2120 2066 2275
7188 4 2 1 1 1614 2013 938 2065
7189 4 2 1 1 985 1792 349 1959
7190 4 2 1 1 1622 2083 746 2211
7191 4 2 1 1 1725 1770 1453 1887
7192 4 2 1 1 1775 1840 807 2191
7193 4 2 1 1 1462 1763 1667 2193
7194 4 2 1 1 980 645 362 1726
7195 4 2 1 1 230 1939 2236 2469
7196 4 2 1 1 364 292 635 1776
7197 4 2 1 1 485 498 438 1884
7198 4 2 1 1 518 494 404 1820
7199 4 2 1 1 1601 1920 865 2135
7200 4 2 1 1 1596 1875 918 2100
7201 4 2 1 1 1816 1900 1575 2097
7202 4 2 1 1 1496 1571 2047 2143
7203 4 2 1 1 713 1611 1867 2259
7204 4 2 1 1 1522 2148 1745 2216
7205 4 2 1 1 1731 1865 1484 2423
7206 4 2 1 1 345 1715 1943 2282
7207 4 2 1 1 1425 2016 2066 2179
7208 4 2 1 1 528 594 613 1572
7209 4 2 1 1 1419 1804 1921 1963
7210 4 2 1 1 1198 1934 1617 2183
7211 4 2 1 1 835 2098 1649 2140
7212 4 2 1 1 1846 2043 1712 2379
7213 4 2 1 1 1587 2174 1998 2291
7214 4 2 1 1 805 2002 946 2194
7215 4 2 1 1 1430 1674 1730 2030
7216 4 2 1 1 1472 1793 1891 2441
7217 4 2 1 1 211 214 1589 2450
7218 4 2 1 1 1729 1769 1418 2284
7219 4 2 1 1 366 291 385 1823
7220 4 2 1 1 1137 1148 1859 2288
7221 4 2 1 1 343 327 1776 2035
7222 4 2 1 1 273 243 182 1794
7223 4 2 1 1 1072 1300 2047 2206
7224 4 2 1 1 478 413 1290 1698
7225 4 2 1 1 951 1590 935 2331
7226 4 2 1 1 492 406 1029 2216
7227 4 2 1 1 1193 1194 1597 2243
7228 4 2 1 1 1699 2284 1928 2293
7229 4 2 1 1 1461 1650 2064 2255
7230 4 2 1 1 1464 1752 1878 2031
7231 4 2 1 1 1676 2250 2174 2326
7232 4 2 1 1 1465 1969 1693 2008
7233 4 2 1 1 1190 1329 1344 1744
7234 4 2 1 1 1613 1457 1918 2088
7235 4 2 1 1 1577 2106 1787 2402
7236 4 2 1 1 1895 1964 1669 2457
7237 4 2 1 1 1632 2037 1839 2104
7238 4 2 1 1 486 506 1566 1984
7239 4 2 1 1 1597 2243 1849 2318
7240 4 2 1 1 524 1002 615 1767
7241 4 2 1 1 1657 1837 1509 2375
7242 4 2 1 1 1923 1938 1721 2336
7243 4 2 1 1 1402 1243 1240 1779
7244 4 2 1 1 497 1749 1734 2381
7245 4 2 1 1 1786 1893 885 1967
7246 4 2 1 1 504 1604 417 2154
7247 4 2 1 1 1712 1808 1438 1933
7248 4 2 1 1 1094 1083 1972 1982
7249 4 2 1 1 258 256 1583 2153
7250 4 2 1 1 1200 1842 1378 2373
7251 4 2 1 1 1803 2291 436 2381
7252 4 2 1 1 1441 1908 1658 2077
7253 4 2 1 1 1641 1935 1452 2320
7254 4 2 1 1 1604 2175 1440 2336
7255 4 2 1 1 1229 1698 1400 1850
7256 4 2 1 1 1454 1851 1766 2380
7257 4 2 1 1 595 558 1627 2340
7258 4 2 1 1 1503 1912 1847 2102
7259 4 2 1 1 1976 2358 1141 2401
7260 4 2 1 1 1523 1714 1833 2055
7261 4 2 1 1 1529 1609 1907 2207
7262 4 2 1 1 1952 2001 192 2236
7263 4 2 1 1 750 1903 734 1997
7264 4 2 1 1 527 591 614 2276
7265 4 2 1 1 1194 1263 1333 1916
7266 4 2 1 1 1165 1950 1363 2373
7267 4 2 1 1 864 833 1920 2238
7268 4 2 1 1 1490 1964 1895 2457
7269 4 2 1 1 1410 1668 2159 2338
7270 4 2 1 1 580 1014 1949 2161
7271 4 2 1 1 1990 2140 575 2341
7272 4 2 1 1 1460 1871 1718 1979
7273 4 2 1 1 371 1588 373 2302
7274 4 2 1 1 705 858 737 2112
7275 4 2 1 1 1550 2221 2115 2292
7276 4 2 1 1 1717 1753 1500 1962
7277 4 2 1 1 1474 1839 1719 2093
7278 4 2 1 1 1716 2125 1537 2200
7279 4 2 1 1 1315 1326 1741 2032
7280 4 2 1 1 1630 1880 1858 2237
7281 4 2 1 1 1693 1832 1465 2463
7282 4 2 1 1 1134 1133 1163 1609
7283 4 2 1 1 1201 2344 1180 2396
7284 4 2 1 1 480 502 481 1782
7285 4 2 1 1 930 1673 789 2209
7286 4 2 1 1 1608 2048 766 2349
7287 4 2 1 1 1967 1998 1515 2271
7288 4 2 1 1 855 697 704 1845
7289 4 2 1 1 1366 1034 1381 1995
7290 4 2 1 1 537 1966 1577 2366
7291 4 2 1 1 648 526 597 2057
7292 4 2 1 1 698 1988 1586 2112
7293 4 2 1 1 1635 1982 2246 2365
7294 4 2 1 1 1472 1897 1659 1978
7295 4 2 1 1 1495 2215 1817 2332
7296 4 2 1 1 1077 1674 1083 2365
7297 4 2 1 1 1476 1647 1828 2071
7298 4 2 1 1 1474 2037 1799 2104
7299 4 2 1 1 698 704 697 1988
7300 4 2 1 1 1642 1760 1535 2377
7301 4 2 1 1 1564 1971 2068 2424
7302 4 2 1 1 1422 1645 1857 2287
7303 4 2 1 1 936 891 1870 2027
7304 4 2 1 1 1701 1488 2373 2415
7305 4 2 1 1 1472 1921 1596 2100
7306 4 2 1 1 1598 1455 2055 2065
7307 4 2 1 1 1526 1715 1653 2142
7308 4 2 1 1 1531 1878 1752 2031
7309 4 2 1 1 1134 1117 1133 2170
7310 4 2 1 1 534 259 1952 2001
7311 4 2 1 1 326 357 325 2133
7312 4 2 1 1 1623 2405 2282 2416
7313 4 2 1 1 929 710 2259 2321
7314 4 2 1 1 1526 1640 2227 2328
7315 4 2 1 1 1429 2062 1890 2110
7316 4 2 1 1 1437 2002 1789 2261
7317 4 2 1 1 743 1780 1954 2386
7318 4 2 1 1 1724 2350 1639 2352
7319 4 2 1 1 1511 1904 2002 2261
7320 4 2 1 1 537 1577 1966 2203
7321 4 2 1 1 794 871 1909 2082
7322 4 2 1 1 444 1820 451 2218
7323 4 2 1 1 561 564 1808 2270
7324 4 2 1 1 1239 1906 1240 2226
7325 4 2 1 1 1810 2174 2016 2250
7326 4 2 1 1 1817 2215 1605 2332
7327 4 2 1 1 1455 1788 1739 2055
7328 4 2 1 1 1740 1968 1422 2165
7329 4 2 1 1 1516 1963 1741 2401
7330 4 2 1 1 998 866 1920 1949
7331 4 2 1 1 1122 1136 1121 2125
7332 4 2 1 1 1664 2043 553 2425
7333 4 2 1 1 1699 1928 1616 2202
7334 4 2 1 1 1717 1766 1510 2380
7335 4 2 1 1 432 1810 1745 2198
7336 4 2 1 1 898 1778 714 1955
7337 4 2 1 1 1484 1671 1808 1892
7338 4 2 1 1 1626 1799 1474 1930
7339 4 2 1 1 1920 1949 866 2135
7340 4 2 1 1 620 1627 558 2340
7341 4 2 1 1 1415 2247 1663 2442
7342 4 2 1 1 1413 1644 1912 2087
7343 4 2 1 1 778 741 726 1919
7344 4 2 1 1 1640 1726 356 2268
7345 4 2 1 1 1940 1989 376 2126
7346 4 2 1 1 1411 1702 2200 2318
7347 4 2 1 1 1300 1072 1070 2206
7348 4 2 1 1 1429 2061 1701 2415
7349 4 2 1 1 1429 2104 2062 2110
7350 4 2 1 1 1201 1974 2344 2396
7351 4 2 1 1 1150 1164 1162 2254
7352 4 2 1 1 1802 1945 1297 2462
7353 4 2 1 1 1189 1850 1228 1874
7354 4 2 1 1 1216 1211 1865 2186
7355 4 2 1 1 1455 1739 1598 2055
7356 4 2 1 1 1598 1739 1414 2055
7357 4 2 1 1 1020 2238 1767 2258
7358 4 2 1 1 1448 1824 1729 1953
7359 4 2 1 1 1913 2152 1552 2382
7360 4 2 1 1 744 2019 722 2099
7361 4 2 1 1 1658 2120 1412 2428
7362 4 2 1 1 1273 1604 1271 2175
7363 4 2 1 1 428 2148 1618 2354
7364 4 2 1 1 1449 1970 1629 2299
7365 4 2 1 1 1732 2237 1891 2441
7366 4 2 1 1 1191 1752 2040 2220
7367 4 2 1 1 962 249 1784 2105
7368 4 2 1 1 1610 1180 2344 2396
7369 4 2 1 1 1466 1861 1784 2096
7370 4 2 1 1 360 343 1800 2035
7371 4 2 1 1 934 767 922 1666
7372 4 2 1 1 1587 2231 2174 2291
7373 4 2 1 1 1457 2013 1926 2352
7374 4 2 1 1 1697 2172 1549 2295
7375 4 2 1 1 1744 1848 1555 1873
7376 4 2 1 1 1350 1694 244 1944
7377 4 2 1 1 1960 2263 1844 2350
7378 4 2 1 1 1685 2039 1355 2226
7379 4 2 1 1 190 2001 530 2452
7380 4 2 1 1 1168 1167 1171 2304
7381 4 2 1 1 1262 1377 1849 2433
7382 4 2 1 1 1510 1766 1717 2269
7383 4 2 1 1 1455 1722 1993 2279
7384 4 2 1 1 1655 1905 1519 2066
7385 4 2 1 1 1602 2120 1658 2428
7386 4 2 1 1 1661 1984 455 2081
7387 4 2 1 1 1411 1599 2000 2279
7388 4 2 1 1 1461 1879 1702 2000
7389 4 2 1 1 1423 2025 2157 2372
7390 4 2 1 1 733 1919 930 2209
7391 4 2 1 1 1671 1808 1559 2394
7392 4 2 1 1 1428 2174 1587 2231
7393 4 2 1 1 1719 1857 1444 2287
7394 4 2 1 1 1216 2186 1865 2305
7395 4 2 1 1 1671 1559 1808 1892
7396 4 2 1 1 1188 1189 1228 1874
7397 4 2 1 1 1373 1236 1237 1823
7398 4 2 1 1 1500 1912 1756 2102
7399 4 2 1 1 1649 2098 835 2416
7400 4 2 1 1 1293 2387 1819 2462
7401 4 2 1 1 1425 2016 1618 2294
7402 4 2 1 1 1706 2078 1529 2385
7403 4 2 1 1 985 647 394 1792
7404 4 2 1 1 224 1677 216 2249
7405 4 2 1 1 394 349 985 1792
7406 4 2 1 1 774 735 1625 2369
7407 4 2 1 1 1432 2063 1742 2109
7408 4 2 1 1 1959 2377 377 2389
7409 4 2 1 1 529 1649 656 2187
7410 4 2 1 1 1445 1809 1576 2025
7411 4 2 1 1 1747 1830 1544 2380
7412 4 2 1 1 1407 1996 1652 2186
7413 4 2 1 1 1451 1791 1608 2028
7414 4 2 1 1 1490 1895 1665 2053
7415 4 2 1 1 703 953 1797 2114
7416 4 2 1 1 1876 1992 1490 2145
7417 4 2 1 1 617 588 1915 2379
7418 4 2 1 1 1652 1484 2270 2325
7419 4 2 1 1 934 1666 922 2229
7420 4 2 1 1 1099 1092 2051 2324
7421 4 2 1 1 1715 2282 983 2416
7422 4 2 1 1 208 1684 286 2327
7423 4 2 1 1 930 733 741 1919
7424 4 2 1 1 1477 1620 1980 2131
7425 4 2 1 1 1572 2063 2244 2335
7426 4 2 1 1 1414 2037 1839 2232
7427 4 2 1 1 1214 1872 1782 2464
7428 4 2 1 1 820 1800 1776 2260
7429 4 2 1 1 1490 1665 1895 1992
7430 4 2 1 1 1335 1323 1317 1869
7431 4 2 1 1 1737 1451 1887 2128
7432 4 2 1 1 752 751 762 2289
7433 4 2 1 1 1234 1915 1914 2076
7434 4 2 1 1 1444 1657 1877 2034
7435 4 2 1 1 497 403 1734 1749
7436 4 2 1 1 1543 1705 2129 2264
7437 4 2 1 1 393 1381 1995 2113
7438 4 2 1 1 1315 1300 1741 2047
7439 4 2 1 1 1656 2221 1550 2435
7440 4 2 1 1 983 1715 2416 2436
7441 4 2 1 1 295 647 367 2073
7442 4 2 1 1 1465 1586 1988 2330
7443 4 2 1 1 1439 1633 1976 2256
7444 4 2 1 1 1523 2055 1833 2210
7445 4 2 1 1 2166 2342 2122 2346
7446 4 2 1 1 570 1779 600 2270
7447 4 2 1 1 1490 1876 1665 1992
7448 4 2 1 1 1605 1817 1686 2215
7449 4 2 1 1 1423 2157 1682 2372
7450 4 2 1 1 184 1938 415 2153
7451 4 2 1 1 1410 2159 1668 2199
7452 4 2 1 1 2089 2323 1950 2351
7453 4 2 1 1 176 276 1043 2146
7454 4 2 1 1 1607 1444 2034 2458
7455 4 2 1 1 1058 1132 1056 2205
7456 4 2 1 1 435 436 1803 2291
7457 4 2 1 1 1102 1638 1061 2333
7458 4 2 1 1 1418 1928 1917 2465
7459 4 2 1 1 1659 1955 1553 2429
7460 4 2 1 1 1476 2071 1991 2312
7461 4 2 1 1 1502 1618 1786 2301
7462 4 2 1 1 1770 1887 1451 2128
7463 4 2 1 1 1526 1640 2142 2227
7464 4 2 1 1 793 794 871 1909
7465 4 2 1 1 405 1600 1045 2070
7466 4 2 1 1 700 1926 2013 2352
7467 4 2 1 1 1674 1479 1982 2246
7468 4 2 1 1 1872 2004 1585 2084
7469 4 2 1 1 1000 638 831 2074
7470 4 2 1 1 1236 1974 1177 2020
7471 4 2 1 1 1419 1596 1921 2158
7472 4 2 1 1 1212 1388 1213 1994
7473 4 2 1 1 1634 2149 1572 2244
7474 4 2 1 1 1509 1632 2104 2290
7475 4 2 1 1 1416 1643 1825 2054
7476 4 2 1 1 1311 1285 1115 1635
7477 4 2 1 1 1806 2017 1231 2230
7478 4 2 1 1 1642 2035 328 2377
7479 4 2 1 1 219 1594 218 2003
7480 4 2 1 1 1430 1674 2030 2404
7481 4 2 1 1 1435 2380 1747 2392
7482 4 2 1 1 545 1871 546 2253
7483 4 2 1 1 311 310 308 1653
7484 4 2 1 1 913 766 2028 2135
7485 4 2 1 1 1615 2022 1482 2124
7486 4 2 1 1 1289 1022 476 1734
7487 4 2 1 1 648 1678 955 2161
7488 4 2 1 1 1167 1701 1171 2304
7489 4 2 1 1 922 933 889 2099
7490 4 2 1 1 933 744 722 2099
7491 4 2 1 1 1686 1747 2380 2392
7492 4 2 1 1 868 867 1949 2135
7493 4 2 1 1 556 557 2043 2379
7494 4 2 1 1 1673 2283 1526 2328
7495 4 2 1 1 414 488 462 1898
7496 4 2 1 1 203 1631 2097 2185
7497 4 2 1 1 1614 1494 1983 2444
7498 4 2 1 1 855 1845 704 2463
7499 4 2 1 1 1484 1652 1933 2325
7500 4 2 1 1 1164 1847 1235 2254
7501 4 2 1 1 1623 1966 538 2187
7502 4 2 1 1 1626 2104 1429 2110
7503 4 2 1 1 534 581 259 2001
7504 4 2 1 1 1708 1941 1517 2369
7505 4 2 1 1 677 1955 1659 2245
7506 4 2 1 1 1691 2093 1480 2184
7507 4 2 1 1 379 369 1823 2281
7508 4 2 1 1 1521 1872 2084 2410
7509 4 2 1 1 266 204 201 2248
7510 4 2 1 1 693 699 1926 2272
7511 4 2 1 1 1847 2107 1235 2254
7512 4 2 1 1 299 373 350 1898
7513 4 2 1 1 1423 1892 2347 2423
7514 4 2 1 1 1409 1762 1654 2192
7515 4 2 1 1 610 1779 570 1996
7516 4 2 1 1 1644 2087 1413 2391
7517 4 2 1 1 1719 1801 1555 1987
7518 4 2 1 1 1685 1484 1865 2423
7519 4 2 1 1 1593 1769 1449 2455
7520 4 2 1 1 1827 2152 1466 2391
7521 4 2 1 1 1601 1920 1570 1931
7522 4 2 1 1 1528 2235 2096 2414
7523 4 2 1 1 1448 1616 2044 2182
7524 4 2 1 1 1761 2093 1480 2470
7525 4 2 1 1 1589 2096 2235 2414
7526 4 2 1 1 666 664 954 1886
7527 4 2 1 1 500 2074 452 2085
7528 4 2 1 1 1869 1902 1476 2071
7529 4 2 1 1 1431 2160 1798 2227
7530 4 2 1 1 549 2240 1718 2253
7531 4 2 1 1 1596 1768 1732 2441
7532 4 2 1 1 1515 2326 2174 2459
7533 4 2 1 1 1479 1756 2077 2181
7534 4 2 1 1 1736 1868 1467 2038
7535 4 2 1 1 1102 2045 1638 2333
7536 4 2 1 1 1382 1217 1390 1652
7537 4 2 1 1 1533 1819 1750 2387
7538 4 2 1 1 307 2282 1623 2405
7539 4 2 1 1 1082 1077 1083 2365
7540 4 2 1 1 1960 2054 1498 2134
7541 4 2 1 1 702 692 891 1636
7542 4 2 1 1 1674 1479 1730 2030
7543 4 2 1 1 922 1666 767 2099
7544 4 2 1 1 1421 1751 1738 2046
7545 4 2 1 1 1820 2188 451 2218
7546 4 2 1 1 240 2042 194 2262
7547 4 2 1 1 902 699 703 2034
7548 4 2 1 1 1471 1810 2016 2250
7549 4 2 1 1 1532 1825 2054 2134
7550 4 2 1 1 1531 2030 1674 2404
7551 4 2 1 1 1146 1333 1916 2071
7552 4 2 1 1 1497 1884 1587 1927
7553 4 2 1 1 1561 2329 1759 2339
7554 4 2 1 1 314 2138 1640 2268
7555 4 2 1 1 220 1594 219 2145
7556 4 2 1 1 417 422 490 1922
7557 4 2 1 1 1780 2095 1648 2406
7558 4 2 1 1 1658 1908 1503 2077
7559 4 2 1 1 1030 1353 1283 1677
7560 4 2 1 1 388 1378 1024 1842
7561 4 2 1 1 765 1786 1975 2348
7562 4 2 1 1 1739 2055 1788 2137
7563 4 2 1 1 1742 1748 1458 2374
7564 4 2 1 1 309 308 310 2086
7565 4 2 1 1 1448 1743 2012 2247
7566 4 2 1 1 672 1866 671 2397
7567 4 2 1 1 1659 1501 2046 2224
7568 4 2 1 1 1476 1991 1869 2312
7569 4 2 1 1 880 1999 2321 2386
7570 4 2 1 1 1174 1236 1177 2020
7571 4 2 1 1 2259 2321 1569 2386
7572 4 2 1 1 1772 1979 1536 2313
7573 4 2 1 1 955 1678 851 2048
7574 4 2 1 1 1495 1686 1817 2215
7575 4 2 1 1 1288 2351 2213 2411
7576 4 2 1 1 1150 1847 1612 2102
7577 4 2 1 1 1195 1351 1694 2254
7578 4 2 1 1 1637 2174 2231 2291
7579 4 2 1 1 1131 1766 1129 2363
7580 4 2 1 1 1517 1625 1941 2326
7581 4 2 1 1 1343 2277 1794 2432
7582 4 2 1 1 1137 1138 1148 2288
7583 4 2 1 1 1600 1782 1452 1935
7584 4 2 1 1 1532 2054 1643 2445
7585 4 2 1 1 1509 2069 1746 2375
7586 4 2 1 1 470 438 435 2291
7587 4 2 1 1 1496 1723 1670 2434
7588 4 2 1 1 394 647 295 1792
7589 4 2 1 1 1457 1926 1724 2352
7590 4 2 1 1 382 296 368 1650
7591 4 2 1 1 693 1926 1724 2272
7592 4 2 1 1 1772 1871 1536 1979
7593 4 2 1 1 1446 1805 1681 2300
7594 4 2 1 1 1512 1680 1758 2343
7595 4 2 1 1 701 2144 1755 2397
7596 4 2 1 1 1610 1974 1473 2396
7597 4 2 1 1 428 459 467 2354
7598 4 2 1 1 1709 1750 1459 2199
7599 4 2 1 1 1725 1862 199 2420
7600 4 2 1 1 1699 1727 1507 2202
7601 4 2 1 1 577 1772 586 1883
7602 4 2 1 1 1889 1953 1520 2182
7603 4 2 1 1 1521 1556 2038 2320
7604 4 2 1 1 1576 2039 1809 2333
7605 4 2 1 1 910 848 847 1660
7606 4 2 1 1 1426 1651 2092 2169
7607 4 2 1 1 1711 1845 1465 2330
7608 4 2 1 1 319 318 320 2011
7609 4 2 1 1 1641 2320 2038 2403
7610 4 2 1 1 717 718 724 2299
7611 4 2 1 1 1578 1737 2049 2128
7612 4 2 1 1 1829 1910 1567 2147
7613 4 2 1 1 1423 2025 1680 2033
7614 4 2 1 1 1527 1840 1775 2374
7615 4 2 1 1 1431 1690 1798 2160
7616 4 2 1 1 1463 2066 1905 2285
7617 4 2 1 1 1631 1493 2248 2440
7618 4 2 1 1 1763 2150 1667 2212
7619 4 2 1 1 1545 2080 1650 2208
7620 4 2 1 1 1699 2284 1579 2324
7621 4 2 1 1 1472 1586 1921 2100
7622 4 2 1 1 1132 2205 1248 2456
7623 4 2 1 1 1544 1830 1747 1924
7624 4 2 1 1 329 1642 330 2094
7625 4 2 1 1 1722 1455 1899 2065
7626 4 2 1 1 1857 2165 1968 2458
7627 4 2 1 1 1554 1971 1678 2057
7628 4 2 1 1 1243 610 1032 1996
7629 4 2 1 1 1447 2119 1891 2237
7630 4 2 1 1 435 436 437 1803
7631 4 2 1 1 1733 2098 841 2140
7632 4 2 1 1 1409 1624 1980 2286
7633 4 2 1 1 1590 1903 935 2331
7634 4 2 1 1 1686 1962 1805 2215
7635 4 2 1 1 656 1009 626 2187
7636 4 2 1 1 1249 1703 1248 2280
7637 4 2 1 1 307 1943 1623 2282
7638 4 2 1 1 716 2065 1598 2210
7639 4 2 1 1 1415 1663 2313 2442
7640 4 2 1 1 361 297 2213 2411
7641 4 2 1 1 1277 1276 1360 2132
7642 4 2 1 1 1466 2152 1913 2382
7643 4 2 1 1 1790 2248 1493 2440
7644 4 2 1 1 1553 1866 2228 2429
7645 4 2 1 1 737 1696 947 2196
7646 4 2 1 1 1476 1869 2071 2312
7647 4 2 1 1 328 2035 1642 2133
7648 4 2 1 1 240 195 194 2042
7649 4 2 1 1 1572 2244 2222 2335
7650 4 2 1 1 1351 1195 1694 2249
7651 4 2 1 1 1601 1758 1451 2028
7652 4 2 1 1 1470 1702 1777 1879
7653 4 2 1 1 1461 1777 1702 1879
7654 4 2 1 1 1658 1781 1463 2317
7655 4 2 1 1 709 716 938 2013
7656 4 2 1 1 422 1922 1604 1938
7657 4 2 1 1 230 2236 196 2469
7658 4 2 1 1 292 635 1776 2208
7659 4 2 1 1 1073 1633 1068 2256
7660 4 2 1 1 473 655 1942 2103
7661 4 2 1 1 558 1712 557 2265
7662 4 2 1 1 1809 1860 1445 2333
7663 4 2 1 1 1424 2050 1646 2152
7664 4 2 1 1 1582 1916 1647 2351
7665 4 2 1 1 1244 1103 1691 2315
7666 4 2 1 1 1482 1932 1621 1942
7667 4 2 1 1 1427 2122 1700 2342
7668 4 2 1 1 1442 1713 1857 1968
7669 4 2 1 1 1729 1953 1769 2284
7670 4 2 1 1 189 1952 192 2236
7671 4 2 1 1 1653 2142 1798 2227
7672 4 2 1 1 1841 2159 1668 2338
7673 4 2 1 1 258 257 184 1938
7674 4 2 1 1 846 912 1003 2188
7675 4 2 1 1 1672 1731 1450 1841
7676 4 2 1 1 274 212 2105 2235
7677 4 2 1 1 1282 1281 1386 1771
7678 4 2 1 1 1060 1860 1809 2333
7679 4 2 1 1 617 519 562 1652
7680 4 2 1 1 1612 1894 1513 2075
7681 4 2 1 1 1554 1952 1939 2236
7682 4 2 1 1 1811 1910 1609 2006
7683 4 2 1 1 1699 2202 1616 2324
7684 4 2 1 1 1765 1785 1453 1977
7685 4 2 1 1 1579 2284 1699 2293
7686 4 2 1 1 1609 1907 1424 2147
7687 4 2 1 1 1661 1942 1482 2342
7688 4 2 1 1 1353 1354 2078 2207
7689 4 2 1 1 1782 2322 412 2464
7690 4 2 1 1 1126 1161 1697 1889
7691 4 2 1 1 1582 1647 1916 2426
7692 4 2 1 1 218 219 220 1594
7693 4 2 1 1 1106 2044 1616 2182
7694 4 2 1 1 1182 1185 1345 1774
7695 4 2 1 1 1681 2235 1528 2414
7696 4 2 1 1 908 906 2080 2208
7697 4 2 1 1 1484 1933 1808 2325
7698 4 2 1 1 1562 2073 390 2302
7699 4 2 1 1 1344 1307 1345 1774
7700 4 2 1 1 693 700 1724 1926
7701 4 2 1 1 1315 1741 1158 2047
7702 4 2 1 1 1253 1138 1663 2288
7703 4 2 1 1 1446 1681 1790 2327
7704 4 2 1 1 1613 1918 1951 2088
7705 4 2 1 1 1903 1997 1550 2435
7706 4 2 1 1 1481 2087 1644 2391
7707 4 2 1 1 1559 1570 1920 2238
7708 4 2 1 1 1802 1945 1533 2338
7709 4 2 1 1 940 2144 701 2397
7710 4 2 1 1 1407 1652 1217 2186
7711 4 2 1 1 1522 1826 1604 2154
7712 4 2 1 1 582 2106 2366 2402
7713 4 2 1 1 1025 1794 1295 1944
7714 4 2 1 1 1593 1985 712 2299
7715 4 2 1 1 922 1666 2099 2229
7716 4 2 1 1 1582 1470 2011 2426
7717 4 2 1 1 932 1605 926 2409
7718 4 2 1 1 1613 1419 1804 2158
7719 4 2 1 1 1560 2042 1692 2204
7720 4 2 1 1 1499 2251 1619 2465
7721 4 2 1 1 1145 1119 1120 1902
7722 4 2 1 1 1077 1074 1075 2365
7723 4 2 1 1 1679 334 2164 2449
7724 4 2 1 1 1633 1937 1068 2256
7725 4 2 1 1 1440 1669 1831 1895
7726 4 2 1 1 867 866 1949 2135
7727 4 2 1 1 449 1641 450 2085
7728 4 2 1 1 558 557 559 2265
7729 4 2 1 1 776 739 1970 2121
7730 4 2 1 1 1528 1784 1861 2096
7731 4 2 1 1 562 1652 519 1996
7732 4 2 1 1 1486 2150 1763 2212
7733 4 2 1 1 1004 618 639 2140
7734 4 2 1 1 1262 1261 1169 1849
7735 4 2 1 1 1350 1195 1694 1944
7736 4 2 1 1 679 1978 952 2245
7737 4 2 1 1 1620 2131 1803 2217
7738 4 2 1 1 851 1678 648 2057
7739 4 2 1 1 1445 1751 1638 2454
7740 4 2 1 1 1233 2017 1595 2230
7741 4 2 1 1 1250 1141 1086 1976
7742 4 2 1 1 1500 2246 1856 2269
7743 4 2 1 1 1835 1441 2334 2345
7744 4 2 1 1 1333 1597 1916 2071
7745 4 2 1 1 325 324 326 1662
7746 4 2 1 1 723 1832 900 2463
7747 4 2 1 1 193 1692 196 2236
7748 4 2 1 1 885 1786 883 1893
7749 4 2 1 1 1597 1193 2243 2312
7750 4 2 1 1 1264 2256 1065 2462
7751 4 2 1 1 1469 2012 1919 2201
7752 4 2 1 1 1440 2175 1773 2336
7753 4 2 1 1 526 1678 648 2161
7754 4 2 1 1 1554 2001 1952 2236
7755 4 2 1 1 1182 1774 1345 2084
7756 4 2 1 1 1622 2225 2083 2438
7757 4 2 1 1 1647 1950 2323 2351
7758 4 2 1 1 1637 1749 1471 2198
7759 4 2 1 1 320 1628 322 2171
7760 4 2 1 1 1537 1948 1849 2310
7761 4 2 1 1 947 1696 1899 2196
7762 4 2 1 1 1604 1440 1826 2336
7763 4 2 1 1 634 1684 177 2105
7764 4 2 1 1 320 2011 1628 2171
7765 4 2 1 1 707 1611 2259 2321
7766 4 2 1 1 1809 1860 1060 2205
7767 4 2 1 1 1712 1438 1808 2265
7768 4 2 1 1 1875 1921 1586 2100
7769 4 2 1 1 1519 1676 2066 2275
7770 4 2 1 1 1540 1863 1669 2301
7771 4 2 1 1 1164 1245 1235 1847
7772 4 2 1 1 1416 1643 2054 2180
7773 4 2 1 1 1934 2108 1617 2422
7774 4 2 1 1 1249 1703 2280 2432
7775 4 2 1 1 185 259 581 2001
7776 4 2 1 1 1419 1921 1804 2158
7777 4 2 1 1 1693 2008 1969 2374
7778 4 2 1 1 848 1660 910 2027
7779 4 2 1 1 993 2405 2187 2416
7780 4 2 1 1 1334 1090 1338 2220
7781 4 2 1 1 1478 1783 1878 2007
7782 4 2 1 1 1339 1977 1581 2190
7783 4 2 1 1 475 1947 1257 2464
7784 4 2 1 1 1742 2159 1748 2374
7785 4 2 1 1 1582 2213 2351 2411
7786 4 2 1 1 1114 1716 1157 2202
7787 4 2 1 1 1873 2163 1713 2180
7788 4 2 1 1 1688 1412 2030 2417
7789 4 2 1 1 1105 1616 1100 2324
7790 4 2 1 1 1357 1308 1865 2045
7791 4 2 1 1 361 297 383 2213
7792 4 2 1 1 1410 2159 1841 2338
7793 4 2 1 1 370 1562 390 2302
7794 4 2 1 1 735 2168 1625 2369
7795 4 2 1 1 1260 1756 1094 2181
7796 4 2 1 1 418 354 1898 1940
7797 4 2 1 1 1020 998 2238 2258
7798 4 2 1 1 1887 2049 1737 2128
7799 4 2 1 1 1476 1902 1574 2137
7800 4 2 1 1 228 1956 1784 2029
7801 4 2 1 1 867 865 1920 2135
7802 4 2 1 1 2187 2405 1623 2416
7803 4 2 1 1 1417 1880 1822 2237
7804 4 2 1 1 769 1605 932 2332
7805 4 2 1 1 325 324 1662 2171
7806 4 2 1 1 463 1707 1923 2058
7807 4 2 1 1 1419 2158 1613 2378
7808 4 2 1 1 1737 1887 1420 2049
7809 4 2 1 1 641 888 1967 1998
7810 4 2 1 1 1539 1860 1638 2454
7811 4 2 1 1 682 918 680 2100
7812 4 2 1 1 1638 1860 1445 2454
7813 4 2 1 1 1479 1602 1972 2181
7814 4 2 1 1 621 1678 1971 2057
7815 4 2 1 1 1555 1987 1801 2101
7816 4 2 1 1 2241 2252 1892 2468
7817 4 2 1 1 615 633 524 1767
7818 4 2 1 1 1556 1521 2038 2410
7819 4 2 1 1 632 1834 620 2340
7820 4 2 1 1 469 483 2014 2198
7821 4 2 1 1 1369 1146 1333 1916
7822 4 2 1 1 231 200 198 2042
7823 4 2 1 1 433 468 1637 2198
7824 4 2 1 1 1605 2332 2215 2409
7825 4 2 1 1 1054 1052 1053 1765
7826 4 2 1 1 605 531 538 2203
7827 4 2 1 1 300 374 307 2203
7828 4 2 1 1 1416 2054 1825 2088
7829 4 2 1 1 738 1758 671 1931
7830 4 2 1 1 648 851 955 1678
7831 4 2 1 1 1742 1969 1821 2199
7832 4 2 1 1 1784 2029 1528 2235
7833 4 2 1 1 1546 1882 1679 2367
7834 4 2 1 1 891 936 702 2027
7835 4 2 1 1 1422 1812 1645 2287
7836 4 2 1 1 1359 1357 1308 1865
7837 4 2 1 1 1608 2028 1791 2349
7838 4 2 1 1 389 401 2208 2306
7839 4 2 1 1 2282 2405 984 2416
7840 4 2 1 1 1496 1670 2143 2378
7841 4 2 1 1 655 1942 842 2074
7842 4 2 1 1 1712 1748 1489 1933
7843 4 2 1 1 1438 1748 1712 1933
7844 4 2 1 1 1442 1654 1762 2041
7845 4 2 1 1 1570 2252 2241 2468
7846 4 2 1 1 188 419 1707 2153
7847 4 2 1 1 1496 1584 2143 2298
7848 4 2 1 1 1165 1363 1200 2373
7849 4 2 1 1 275 1707 260 2189
7850 4 2 1 1 1652 2325 617 2379
7851 4 2 1 1 1382 1217 1652 1915
7852 4 2 1 1 1685 1865 1484 2305
7853 4 2 1 1 857 900 1832 2121
7854 4 2 1 1 1529 1907 1609 2147
7855 4 2 1 1 1449 1769 1729 1953
7856 4 2 1 1 2010 2247 1743 2435
7857 4 2 1 1 895 746 2083 2211
7858 4 2 1 1 289 1378 359 2316
7859 4 2 1 1 1527 1840 1634 2121
7860 4 2 1 1 1363 1842 1200 2373
7861 4 2 1 1 1753 1912 1500 1962
7862 4 2 1 1 1194 1849 1262 2448
7863 4 2 1 1 313 1798 314 2138
7864 4 2 1 1 1545 2080 1807 2239
7865 4 2 1 1 1718 1771 1491 2253
7866 4 2 1 1 1694 1351 2249 2254
7867 4 2 1 1 868 955 867 2135
7868 4 2 1 1 862 983 646 1715
7869 4 2 1 1 1478 1878 1643 2007
7870 4 2 1 1 1505 2237 1858 2388
7871 4 2 1 1 1557 2276 1914 2355
7872 4 2 1 1 1895 1975 1665 2053
7873 4 2 1 1 1481 1694 2249 2254
7874 4 2 1 1 1441 2370 1835 2400
7875 4 2 1 1 918 923 1875 2123
7876 4 2 1 1 174 204 266 1929
7877 4 2 1 1 1454 1766 1717 2380
7878 4 2 1 1 484 1600 405 2070
7879 4 2 1 1 1237 1379 1823 2281
7880 4 2 1 1 1441 1856 1753 2077
7881 4 2 1 1 1701 1911 1541 2415
7882 4 2 1 1 1268 2078 1354 2207
7883 4 2 1 1 1671 2060 2024 2233
7884 4 2 1 1 1502 1786 1618 1893
7885 4 2 1 1 484 502 405 1600
7886 4 2 1 1 1208 1668 1207 2461
7887 4 2 1 1 1136 1169 1261 1948
7888 4 2 1 1 1478 1848 1744 1873
7889 4 2 1 1 1802 1945 1450 2045
7890 4 2 1 1 1419 2015 2158 2378
7891 4 2 1 1 1454 1717 1766 1962
7892 4 2 1 1 1809 2025 1504 2039
7893 4 2 1 1 504 422 417 1604
7894 4 2 1 1 420 184 415 2153
7895 4 2 1 1 476 1022 413 1734
7896 4 2 1 1 1501 1955 1659 2046
7897 4 2 1 1 1690 2160 1859 2360
7898 4 2 1 1 1439 1709 2021 2330
7899 4 2 1 1 617 1652 562 2325
7900 4 2 1 1 1450 1731 1672 2033
7901 4 2 1 1 1469 1599 1919 2209
7902 4 2 1 1 1691 1480 2093 2395
7903 4 2 1 1 286 274 177 1684
7904 4 2 1 1 356 314 1640 2268
7905 4 2 1 1 1583 1938 1923 2336
7906 4 2 1 1 1685 2039 1853 2157
7907 4 2 1 1 612 2059 1771 2253
7908 4 2 1 1 1606 2370 1441 2400
7909 4 2 1 1 1718 1871 547 2253
7910 4 2 1 1 468 436 1637 2381
7911 4 2 1 1 433 1637 1810 2198
7912 4 2 1 1 520 1281 1038 1771
7913 4 2 1 1 1706 1773 1440 2175
7914 4 2 1 1 1459 2021 1769 2284
7915 4 2 1 1 1629 1919 1499 1985
7916 4 2 1 1 1115 1311 1635 2197
7917 4 2 1 1 1412 2031 2120 2275
7918 4 2 1 1 1532 2134 1960 2263
7919 4 2 1 1 393 1034 290 1995
7920 4 2 1 1 1453 1977 1785 2190
7921 4 2 1 1 1876 1992 255 2189
7922 4 2 1 1 1484 1592 1933 2186
7923 4 2 1 1 1609 1910 1811 2170
7924 4 2 1 1 311 1715 298 1973
7925 4 2 1 1 1325 1851 1766 2368
7926 4 2 1 1 1513 2414 1589 2450
7927 4 2 1 1 711 1988 1832 2463
7928 4 2 1 1 1578 2111 1977 2456
7929 4 2 1 1 1481 1589 2391 2407
7930 4 2 1 1 798 945 1932 2124
7931 4 2 1 1 1035 598 1906 2017
7932 4 2 1 1 1469 1965 1673 1997
7933 4 2 1 1 195 196 193 1692
7934 4 2 1 1 1564 2068 1595 2424
7935 4 2 1 1 472 1820 1736 2419
7936 4 2 1 1 224 1677 264 2078
7937 4 2 1 1 1499 1985 1919 2196
7938 4 2 1 1 763 1660 2289 2467
7939 4 2 1 1 508 1884 517 2217
7940 4 2 1 1 1040 1389 1734 1749
7941 4 2 1 1 700 1724 1926 2352
7942 4 2 1 1 312 356 314 1640
7943 4 2 1 1 1842 2089 1582 2171
7944 4 2 1 1 1505 2018 1897 2229
7945 4 2 1 1 484 506 458 1984
7946 4 2 1 1 1496 2143 2047 2298
7947 4 2 1 1 1150 1847 1164 2254
7948 4 2 1 1 1329 1090 1084 1848
7949 4 2 1 1 1643 1603 2072 2434
7950 4 2 1 1 1828 1991 1597 2318
7951 4 2 1 1 416 1010 655 2103
7952 4 2 1 1 1070 2206 1885 2437
7953 4 2 1 1 1214 1255 1226 1782
7954 4 2 1 1 874 1877 875 2375
7955 4 2 1 1 1693 1775 1563 2374
7956 4 2 1 1 1178 2004 1585 2396
7957 4 2 1 1 1526 2227 1653 2421
7958 4 2 1 1 1717 1766 1500 2269
7959 4 2 1 1 1465 1832 1593 1988
7960 4 2 1 1 1412 1648 2095 2406
7961 4 2 1 1 426 425 1721 2148
7962 4 2 1 1 1673 1469 1997 2209
7963 4 2 1 1 1500 1766 1717 1962
7964 4 2 1 1 1517 1941 1625 2369
7965 4 2 1 1 1745 1618 2016 2271
7966 4 2 1 1 1134 1609 2107 2170
7967 4 2 1 1 975 1776 635 2208
7968 4 2 1 1 925 927 748 2195
7969 4 2 1 1 1616 1953 1889 2182
7970 4 2 1 1 198 200 199 1862
7971 4 2 1 1 890 1001 1927 2459
7972 4 2 1 1 2054 2180 1636 2272
7973 4 2 1 1 969 970 1665 2189
7974 4 2 1 1 708 709 700 1926
7975 4 2 1 1 1694 1944 1195 2075
7976 4 2 1 1 1674 1723 1530 2365
7977 4 2 1 1 1914 2276 1204 2355
7978 4 2 1 1 376 1384 1380 1989
7979 4 2 1 1 1207 1209 1210 2076
7980 4 2 1 1 1265 1851 1089 2176
7981 4 2 1 1 1575 1816 2185 2267
7982 4 2 1 1 1515 1587 1998 2459
7983 4 2 1 1 957 1816 958 2083
7984 4 2 1 1 376 1940 1384 1989
7985 4 2 1 1 1511 1713 1968 2458
7986 4 2 1 1 1689 2155 1979 2244
7987 4 2 1 1 1612 2075 1513 2087
7988 4 2 1 1 663 2048 1939 2349
7989 4 2 1 1 854 1845 2156 2245
7990 4 2 1 1 1131 1151 1129 1766
7991 4 2 1 1 465 971 513 1707
7992 4 2 1 1 1419 1963 1921 2091
7993 4 2 1 1 1613 2088 1951 2378
7994 4 2 1 1 298 1715 646 1973
7995 4 2 1 1 2030 2417 1412 2428
7996 4 2 1 1 257 1922 1773 2319
7997 4 2 1 1 1570 1892 2252 2468
7998 4 2 1 1 1140 1934 1154 2183
7999 4 2 1 1 1702 1849 1565 2310
8000 4 2 1 1 1813 2416 1715 2436
8001 4 2 1 1 253 267 286 2327
8002 4 2 1 1 191 236 2262 2452
8003 4 2 1 1 1508 1683 1720 2067
8004 4 2 1 1 540 1683 539 1966
8005 4 2 1 1 1457 1613 1918 1983
8006 4 2 1 1 1532 1636 1960 2054
8007 4 2 1 1 1554 2048 1678 2169
8008 4 2 1 1 1811 2006 1609 2170
8009 4 2 1 1 1179 2084 1345 2296
8010 4 2 1 1 983 2416 1813 2436
8011 4 2 1 1 746 2144 1622 2211
8012 4 2 1 1 829 1852 828 2056
8013 4 2 1 1 1774 2009 1551 2084
8014 4 2 1 1 1515 2174 1587 2459
8015 4 2 1 1 885 1893 1013 1967
8016 4 2 1 1 1757 2044 1113 2182
8017 4 2 1 1 930 789 749 2209
8018 4 2 1 1 198 199 197 1725
8019 4 2 1 1 565 1671 563 2233
8020 4 2 1 1 1346 2075 1944 2277
8021 4 2 1 1 1712 2043 557 2379
8022 4 2 1 1 1586 1472 1978 2100
8023 4 2 1 1 1476 1902 1647 2071
8024 4 2 1 1 1192 1735 1885 2162
8025 4 2 1 1 1643 2054 2180 2445
8026 4 2 1 1 1729 1928 1953 2284
8027 4 2 1 1 804 808 809 2339
8028 4 2 1 1 1180 2117 1610 2344
8029 4 2 1 1 1511 1968 1713 2041
8030 4 2 1 1 333 2164 1760 2377
8031 4 2 1 1 1550 1903 1590 2331
8032 4 2 1 1 1581 1493 1929 2248
8033 4 2 1 1 1575 2083 1816 2267
8034 4 2 1 1 1038 596 520 1771
8035 4 2 1 1 253 916 654 1900
8036 4 2 1 1 1793 2090 1711 2224
8037 4 2 1 1 287 1784 228 1956
8038 4 2 1 1 215 1827 245 2029
8039 4 2 1 1 1473 1754 1812 2110
8040 4 2 1 1 407 479 637 1836
8041 4 2 1 1 1614 1455 1899 2444
8042 4 2 1 1 1462 1732 1768 2388
8043 4 2 1 1 1690 1798 1514 1995
8044 4 2 1 1 1376 1383 353 1787
8045 4 2 1 1 1295 1944 1794 2277
8046 4 2 1 1 1640 1431 2227 2328
8047 4 2 1 1 662 1939 280 2469
8048 4 2 1 1 1045 1600 1222 2070
8049 4 2 1 1 703 953 856 1797
8050 4 2 1 1 902 703 949 1797
8051 4 2 1 1 1506 1816 2083 2267
8052 4 2 1 1 1556 2173 2038 2403
8053 4 2 1 1 2115 2221 1656 2435
8054 4 2 1 1 334 336 337 1679
8055 4 2 1 1 1582 2171 361 2411
8056 4 2 1 1 464 1893 2058 2354
8057 4 2 1 1 1596 1921 1875 2100
8058 4 2 1 1 316 1777 2138 2268
8059 4 2 1 1 1420 1631 2049 2267
8060 4 2 1 1 1693 1969 1527 2374
8061 4 2 1 1 767 934 893 1666
8062 4 2 1 1 1256 1947 2410 2464
8063 4 2 1 1 1163 1609 1133 2207
8064 4 2 1 1 614 550 1771 2240
8065 4 2 1 1 902 703 1797 2034
8066 4 2 1 1 902 1797 949 2034
8067 4 2 1 1 391 1376 353 1787
8068 4 2 1 1 1420 1887 1737 2343
8069 4 2 1 1 1995 2086 1514 2466
8070 4 2 1 1 1687 2273 1553 2429
8071 4 2 1 1 1631 1575 2097 2185
8072 4 2 1 1 1057 2039 1809 2111
8073 4 2 1 1 1070 1885 1069 2437
8074 4 2 1 1 277 225 1706 1773
8075 4 2 1 1 2040 2220 1752 2404
8076 4 2 1 1 1587 1515 1998 2174
8077 4 2 1 1 1516 1917 1675 2293
8078 4 2 1 1 973 985 349 1959
8079 4 2 1 1 1180 1610 2004 2396
8080 4 2 1 1 1534 1815 1632 2037
8081 4 2 1 1 572 1971 569 2068
8082 4 2 1 1 1451 1758 1680 2343
8083 4 2 1 1 1134 1235 1245 2170
8084 4 2 1 1 664 666 665 2349
8085 4 2 1 1 1837 2069 1509 2375
8086 4 2 1 1 1656 2115 1436 2292
8087 4 2 1 1 751 1708 890 1927
8088 4 2 1 1 1035 598 1402 1906
8089 4 2 1 1 1050 1051 1043 2146
8090 4 2 1 1 621 1678 601 1971
8091 4 2 1 1 1243 1385 1779 1996
8092 4 2 1 1 1057 1809 1058 2111
8093 4 2 1 1 1543 2129 1927 2289
8094 4 2 1 1 1225 1925 1883 2453
8095 4 2 1 1 1472 1891 1659 1897
8096 4 2 1 1 1513 1944 2141 2450
8097 4 2 1 1 1575 2185 1631 2267
8098 4 2 1 1 1199 1617 1994 2183
8099 4 2 1 1 1789 2002 1561 2261
8100 4 2 1 1 1419 1613 1804 2143
8101 4 2 1 1 1578 2111 1504 2128
8102 4 2 1 1 1415 2247 2010 2435
8103 4 2 1 1 867 1920 866 2135
8104 4 2 1 1 1879 2255 1628 2426
8105 4 2 1 1 1134 2107 1235 2170
8106 4 2 1 1 1589 2407 1694 2450
8107 4 2 1 1 1636 2007 1487 2180
8108 4 2 1 1 1530 2206 1885 2365
8109 4 2 1 1 1485 2024 1671 2060
8110 4 2 1 1 611 1888 1990 2222
8111 4 2 1 1 1038 1771 1282 2223
8112 4 2 1 1 1475 1776 1662 2035
8113 4 2 1 1 1349 1694 1195 2249
8114 4 2 1 1 657 662 280 2469
8115 4 2 1 1 524 644 1002 1767
8116 4 2 1 1 251 270 175 2385
8117 4 2 1 1 1343 1794 1929 2432
8118 4 2 1 1 1140 1313 1764 2183
8119 4 2 1 1 1862 2185 199 2420
8120 4 2 1 1 1685 2226 1355 2305
8121 4 2 1 1 1560 2146 2230 2424
8122 4 2 1 1 1424 1907 1594 1964
8123 4 2 1 1 228 245 1956 2029
8124 4 2 1 1 878 714 898 1778
8125 4 2 1 1 1473 1812 1626 2110
8126 4 2 1 1 221 1992 255 2145
8127 4 2 1 1 823 1840 1834 2191
8128 4 2 1 1 972 647 988 2073
8129 4 2 1 1 1330 2274 1727 2408
8130 4 2 1 1 1760 2164 334 2449
8131 4 2 1 1 1506 2083 1791 2438
8132 4 2 1 1 287 228 245 1956
8133 4 2 1 1 471 505 1698 2131
8134 4 2 1 1 1229 1400 1197 1850
8135 4 2 1 1 1028 1280 174 2190
8136 4 2 1 1 437 1803 436 2381
8137 4 2 1 1 580 1949 2258 2394
8138 4 2 1 1 483 432 1745 2198
8139 4 2 1 1 321 1628 320 2064
8140 4 2 1 1 1466 1956 1827 2029
8141 4 2 1 1 1423 1892 2241 2252
8142 4 2 1 1 301 376 1380 1989
8143 4 2 1 1 1723 2047 1571 2206
8144 4 2 1 1 822 1001 1884 1927
8145 4 2 1 1 874 720 875 1877
8146 4 2 1 1 586 577 544 1772
8147 4 2 1 1 1429 1632 2061 2290
8148 4 2 1 1 1713 1968 1442 2041
8149 4 2 1 1 1343 1348 2277 2432
8150 4 2 1 1 883 1893 1786 2348
8151 4 2 1 1 1905 2066 1655 2285
8152 4 2 1 1 743 752 771 1954
8153 4 2 1 1 553 1846 556 2043
8154 4 2 1 1 1540 2168 1625 2430
8155 4 2 1 1 1702 1849 1537 2318
8156 4 2 1 1 1760 2164 1535 2377
8157 4 2 1 1 1858 2177 1717 2392
8158 4 2 1 1 1413 1912 1753 1962
8159 4 2 1 1 1572 1840 1634 2063
8160 4 2 1 1 1114 2044 1716 2202
8161 4 2 1 1 1496 2047 1723 2136
8162 4 2 1 1 1592 1841 1731 1933
8163 4 2 1 1 1549 1750 1668 2199
8164 4 2 1 1 1737 1451 2128 2372
8165 4 2 1 1 1833 2118 1523 2239
8166 4 2 1 1 1842 1950 1363 2351
8167 4 2 1 1 1395 532 1035 2017
8168 4 2 1 1 1461 1726 1640 2268
8169 4 2 1 1 1125 1110 1905 2285
8170 4 2 1 1 329 328 330 1642
8171 4 2 1 1 970 882 969 1665
8172 4 2 1 1 789 1673 749 2209
8173 4 2 1 1 708 1657 1926 2034
8174 4 2 1 1 1439 1976 1819 2256
8175 4 2 1 1 2079 2166 1932 2342
8176 4 2 1 1 1874 2376 1568 2413
8177 4 2 1 1 1594 1964 1907 2003
8178 4 2 1 1 1533 1750 1668 2387
8179 4 2 1 1 1150 1612 1143 2363
8180 4 2 1 1 1058 1809 1060 2205
8181 4 2 1 1 765 883 1786 2348
8182 4 2 1 1 902 720 708 2034
8183 4 2 1 1 849 1939 663 2048
8184 4 2 1 1 1748 2159 1410 2374
8185 4 2 1 1 364 343 327 1776
8186 4 2 1 1 633 524 1767 2258
8187 4 2 1 1 695 2212 2023 2321
8188 4 2 1 1 1462 1670 1981 2134
8189 4 2 1 1 671 1866 673 2460
8190 4 2 1 1 1586 1958 1494 2112
8191 4 2 1 1 1433 1828 1647 2426
8192 4 2 1 1 1222 2070 1600 2117
8193 4 2 1 1 1698 1850 1467 1980
8194 4 2 1 1 824 1775 807 2191
8195 4 2 1 1 2019 2099 744 2332
8196 4 2 1 1 1480 1918 1761 1951
8197 4 2 1 1 743 1954 771 2386
8198 4 2 1 1 1444 1719 1761 2163
8199 4 2 1 1 1056 2111 1578 2456
8200 4 2 1 1 1541 2281 1823 2449
8201 4 2 1 1 1095 1094 1083 1972
8202 4 2 1 1 1101 1095 1098 1972
8203 4 2 1 1 679 952 677 2245
8204 4 2 1 1 1794 1513 2151 2277
8205 4 2 1 1 1486 1981 1763 2150
8206 4 2 1 1 443 479 1836 2188
8207 4 2 1 1 1170 2288 1925 2453
8208 4 2 1 1 1259 1734 1389 2108
8209 4 2 1 1 1411 2000 1599 2201
8210 4 2 1 1 1781 2066 1676 2275
8211 4 2 1 1 1556 2410 1947 2464
8212 4 2 1 1 836 2098 1813 2416
8213 4 2 1 1 1425 1676 2016 2294
8214 4 2 1 1 1275 1838 1029 2216
8215 4 2 1 1 1727 1330 2032 2274
8216 4 2 1 1 470 435 437 1803
8217 4 2 1 1 1071 2206 1074 2365
8218 4 2 1 1 1607 2034 1797 2458
8219 4 2 1 1 1401 1029 406 2216
8220 4 2 1 1 1424 1907 1609 2130
8221 4 2 1 1 1626 1812 1473 2020
8222 4 2 1 1 849 663 873 2048
8223 4 2 1 1 268 2248 1929 2390
8224 4 2 1 1 1264 1067 1065 2256
8225 4 2 1 1 1668 1750 1549 2461
8226 4 2 1 1 1647 1916 1828 2071
8227 4 2 1 1 693 700 899 1724
8228 4 2 1 1 475 447 409 1947
8229 4 2 1 1 2089 2133 1842 2316
8230 4 2 1 1 2090 2119 1558 2257
8231 4 2 1 1 1423 2025 2033 2423
8232 4 2 1 1 847 848 763 1660
8233 4 2 1 1 872 989 1909 1959
8234 4 2 1 1 1879 2064 1628 2255
8235 4 2 1 1 1417 1822 1730 2150
8236 4 2 1 1 1833 1455 2065 2210
8237 4 2 1 1 1675 1917 1804 2356
8238 4 2 1 1 1253 1925 1170 2288
8239 4 2 1 1 1417 2246 1880 2269
8240 4 2 1 1 1431 1948 1690 2160
8241 4 2 1 1 1421 2119 2090 2257
8242 4 2 1 1 1644 1413 2096 2391
8243 4 2 1 1 1356 1829 1268 2207
8244 4 2 1 1 361 1582 2011 2171
8245 4 2 1 1 1479 1818 1730 2030
8246 4 2 1 1 1324 1172 1175 1930
8247 4 2 1 1 720 1877 1657 2034
8248 4 2 1 1 1875 1921 1596 2158
8249 4 2 1 1 616 571 568 2233
8250 4 2 1 1 1880 2246 1635 2269
8251 4 2 1 1 1350 1195 1349 1694
8252 4 2 1 1 1596 1419 2015 2158
8253 4 2 1 1 1560 2262 2146 2424
8254 4 2 1 1 1449 1634 1970 2121
8255 4 2 1 1 1442 1713 1873 2163
8256 4 2 1 1 1668 2387 1750 2461
8257 4 2 1 1 639 618 525 2140
8258 4 2 1 1 1755 701 2397 2443
8259 4 2 1 1 1671 2270 1779 2347
8260 4 2 1 1 704 1988 711 2463
8261 4 2 1 1 494 452 482 1615
8262 4 2 1 1 1468 1853 1595 2092
8263 4 2 1 1 700 899 1724 2352
8264 4 2 1 1 1088 1312 1123 1986
8265 4 2 1 1 1704 2126 1546 2308
8266 4 2 1 1 1474 1930 1799 2315
8267 4 2 1 1 210 1681 207 2141
8268 4 2 1 1 1351 1349 1195 2249
8269 4 2 1 1 859 941 1899 2127
8270 4 2 1 1 1849 2310 1948 2433
8271 4 2 1 1 882 1975 1665 2348
8272 4 2 1 1 829 948 834 2056
8273 4 2 1 1 1367 2316 1911 2373
8274 4 2 1 1 1495 1717 2177 2392
8275 4 2 1 1 1802 2090 1558 2257
8276 4 2 1 1 1757 1520 2427 2442
8277 4 2 1 1 1450 1672 1841 2338
8278 4 2 1 1 1639 1613 1983 2158
8279 4 2 1 1 621 1971 602 2057
8280 4 2 1 1 1716 1157 2202 2312
8281 4 2 1 1 264 224 263 1677
8282 4 2 1 1 548 1871 547 2222
8283 4 2 1 1 1674 1972 1531 2040
8284 4 2 1 1 524 644 1767 2258
8285 4 2 1 1 429 1745 1810 2271
8286 4 2 1 1 1652 1484 1996 2270
8287 4 2 1 1 1376 1787 391 2466
8288 4 2 1 1 1420 1631 2398 2447
8289 4 2 1 1 1500 1912 1612 1962
8290 4 2 1 1 1907 1964 1529 2003
8291 4 2 1 1 1491 1871 1772 1979
8292 4 2 1 1 1759 2303 1836 2329
8293 4 2 1 1 1528 2300 1681 2414
8294 4 2 1 1 1426 2092 1682 2169
8295 4 2 1 1 1754 1882 1456 1890
8296 4 2 1 1 747 2195 1580 2409
8297 4 2 1 1 1787 1514 2086 2466
8298 4 2 1 1 1604 1922 1773 1938
8299 4 2 1 1 1515 1941 2326 2459
8300 4 2 1 1 812 1896 1599 2167
8301 4 2 1 1 1526 1973 2142 2283
8302 4 2 1 1 1125 1118 1110 2285
8303 4 2 1 1 1911 2094 1541 2415
8304 4 2 1 1 1659 2046 1955 2429
8305 4 2 1 1 1531 1674 2040 2404
8306 4 2 1 1 929 880 710 2321
8307 4 2 1 1 1859 2278 2067 2453
8308 4 2 1 1 705 1988 698 2112
8309 4 2 1 1 580 625 1014 2161
8310 4 2 1 1 1632 1534 2061 2323
8311 4 2 1 1 1729 1418 1928 2284
8312 4 2 1 1 1711 1978 1472 2224
8313 4 2 1 1 771 936 1870 1954
8314 4 2 1 1 356 1640 312 2142
8315 4 2 1 1 322 1628 321 2306
8316 4 2 1 1 1170 1925 1225 2453
8317 4 2 1 1 1639 1875 1494 2127
8318 4 2 1 1 1617 1994 1519 2250
8319 4 2 1 1 981 2080 909 2239
8320 4 2 1 1 1662 2171 324 2306
8321 4 2 1 1 1506 2185 1816 2267
8322 4 2 1 1 1454 1717 1686 2380
8323 4 2 1 1 1072 1723 1075 2206
8324 4 2 1 1 1686 1605 2215 2300
8325 4 2 1 1 1079 1695 1081 2136
8326 4 2 1 1 861 1000 803 2309
8327 4 2 1 1 1525 1932 1843 2079
8328 4 2 1 1 1593 1449 2299 2455
8329 4 2 1 1 1622 2144 2225 2397
8330 4 2 1 1 1663 1757 2427 2442
8331 4 2 1 1 763 847 1660 2467
8332 4 2 1 1 1198 1154 1934 2183
8333 4 2 1 1 535 538 2187 2405
8334 4 2 1 1 1544 2205 1703 2280
8335 4 2 1 1 1989 2117 1224 2344
8336 4 2 1 1 1220 1720 1221 2278
8337 4 2 1 1 829 828 826 2056
8338 4 2 1 1 1378 1842 359 2316
8339 4 2 1 1 1659 1472 1978 2224
8340 4 2 1 1 1462 1844 1596 2015
8341 4 2 1 1 1420 2219 1622 2343
8342 4 2 1 1 202 201 203 2185
8343 4 2 1 1 1312 1695 1081 2298
8344 4 2 1 1 1601 913 2028 2135
8345 4 2 1 1 1073 1633 2401 2437
8346 4 2 1 1 758 1807 990 2239
8347 4 2 1 1 1198 1617 1199 2183
8348 4 2 1 1 1982 2197 1635 2246
8349 4 2 1 1 1528 2029 1784 2096
8350 4 2 1 1 1798 1995 1690 2113
8351 4 2 1 1 1757 2247 1520 2442
8352 4 2 1 1 1809 2039 1504 2111
8353 4 2 1 1 1699 1917 1727 2358
8354 4 2 1 1 449 452 494 2419
8355 4 2 1 1 460 408 641 1998
8356 4 2 1 1 1239 1241 1853 2226
8357 4 2 1 1 233 221 255 2145
8358 4 2 1 1 457 455 1984 2081
8359 4 2 1 1 783 772 784 1646
8360 4 2 1 1 867 865 866 1920
8361 4 2 1 1 1073 1068 1633 2437
8362 4 2 1 1 1081 1695 1079 2298
8363 4 2 1 1 1318 2071 1869 2312
8364 4 2 1 1 467 459 1893 2354
8365 4 2 1 1 810 808 1904 2467
8366 4 2 1 1 1655 2132 1567 2179
8367 4 2 1 1 1409 1783 1762 2192
8368 4 2 1 1 1467 1868 1620 1980
8369 4 2 1 1 1272 1274 1273 1826
8370 4 2 1 1 646 1973 1715 2436
8371 4 2 1 1 347 2113 381 2383
8372 4 2 1 1 689 694 695 2212
8373 4 2 1 1 1442 1774 1744 2362
8374 4 2 1 1 732 759 931 1833
8375 4 2 1 1 1991 2071 1597 2312
8376 4 2 1 1 1140 1153 1934 2314
8377 4 2 1 1 1736 1868 1518 2218
8378 4 2 1 1 751 740 761 1708
8379 4 2 1 1 687 1763 689 2263
8380 4 2 1 1 646 1715 983 2436
8381 4 2 1 1 1274 1826 1278 2132
8382 4 2 1 1 522 1402 598 1906
8383 4 2 1 1 960 916 634 1684
8384 4 2 1 1 1611 2370 1818 2417
8385 4 2 1 1 1808 1933 1712 2325
8386 4 2 1 1 641 408 996 1998
8387 4 2 1 1 1493 1855 2151 2440
8388 4 2 1 1 327 326 1662 2035
8389 4 2 1 1 687 689 924 2263
8390 4 2 1 1 1482 2074 1615 2124
8391 4 2 1 1 1654 2041 1561 2192
8392 4 2 1 1 1629 1903 1469 1919
8393 4 2 1 1 851 2048 1678 2057
8394 4 2 1 1 1111 1293 1341 1750
8395 4 2 1 1 561 563 564 2270
8396 4 2 1 1 1932 2079 1525 2166
8397 4 2 1 1 1675 1804 1516 1963
8398 4 2 1 1 937 891 924 1870
8399 4 2 1 1 1179 1345 1327 2296
8400 4 2 1 1 1503 1908 1658 2006
8401 4 2 1 1 1259 1389 1198 2108
8402 4 2 1 1 1892 2024 1423 2347
8403 4 2 1 1 444 472 451 1820
8404 4 2 1 1 248 2097 1816 2185
8405 4 2 1 1 1652 1489 1933 2379
8406 4 2 1 1 1631 2440 2398 2447
8407 4 2 1 1 1493 2151 1790 2440
8408 4 2 1 1 1517 1781 1676 2275
8409 4 2 1 1 1489 1914 1846 1915
8410 4 2 1 1 1787 2106 351 2402
8411 4 2 1 1 1655 2132 1360 2285
8412 4 2 1 1 1063 1802 1065 2052
8413 4 2 1 1 1695 2136 1079 2298
8414 4 2 1 1 1057 1319 2039 2111
8415 4 2 1 1 1415 2010 1590 2221
8416 4 2 1 1 662 849 659 1939
8417 4 2 1 1 1866 1931 1483 2460
8418 4 2 1 1 1632 1815 1534 2323
8419 4 2 1 1 1449 1821 1769 1953
8420 4 2 1 1 1469 1919 1599 2201
8421 4 2 1 1 1459 1889 1616 1953
8422 4 2 1 1 1610 2344 1974 2396
8423 4 2 1 1 1742 1410 2159 2374
8424 4 2 1 1 1687 1830 1539 2454
8425 4 2 1 1 681 813 683 1768
8426 4 2 1 1 2032 2358 1516 2401
8427 4 2 1 1 1109 1811 1301 2181
8428 4 2 1 1 1446 1681 1805 2151
8429 4 2 1 1 873 2048 663 2349
8430 4 2 1 1 1765 1504 2128 2204
8431 4 2 1 1 1418 1958 1593 2251
8432 4 2 1 1 1453 1977 1581 2049
8433 4 2 1 1 1424 1964 1594 2152
8434 4 2 1 1 259 192 1952 2001
8435 4 2 1 1 1541 1890 1760 2449
8436 4 2 1 1 1434 1619 1788 2444
8437 4 2 1 1 1418 1928 2284 2293
8438 4 2 1 1 1659 1955 1501 2245
8439 4 2 1 1 993 984 2405 2416
8440 4 2 1 1 545 544 546 1772
8441 4 2 1 1 1745 1810 1471 2198
8442 4 2 1 1 970 2058 884 2348
8443 4 2 1 1 539 1966 1683 2341
8444 4 2 1 1 1872 2410 1556 2464
8445 4 2 1 1 221 223 255 1992
8446 4 2 1 1 347 315 381 2113
8447 4 2 1 1 1558 2119 2052 2257
8448 4 2 1 1 234 966 285 1728
8449 4 2 1 1 1346 1944 1295 2277
8450 4 2 1 1 820 1776 975 2260
8451 4 2 1 1 595 620 558 2340
8452 4 2 1 1 1455 1788 1619 2444
8453 4 2 1 1 1269 1358 1272 2175
8454 4 2 1 1 610 609 1032 1996
8455 4 2 1 1 1847 1912 1503 2130
8456 4 2 1 1 1477 1617 2108 2422
8457 4 2 1 1 541 539 540 1683
8458 4 2 1 1 1430 1643 1825 2434
8459 4 2 1 1 1663 2247 1757 2442
8460 4 2 1 1 1721 1938 1604 2336
8461 4 2 1 1 1248 1249 1247 1703
8462 4 2 1 1 749 1673 1997 2209
8463 4 2 1 1 539 1683 541 2341
8464 4 2 1 1 1420 1631 2267 2398
8465 4 2 1 1 1298 1735 1192 2162
8466 4 2 1 1 795 2116 1877 2412
8467 4 2 1 1 836 835 2098 2416
8468 4 2 1 1 555 557 558 2043
8469 4 2 1 1 1927 2129 1497 2289
8470 4 2 1 1 1411 1795 1991 2200
8471 4 2 1 1 1181 1214 1872 2004
8472 4 2 1 1 1202 1224 2117 2344
8473 4 2 1 1 1541 1679 1890 2449
8474 4 2 1 1 1446 1805 1855 2151
8475 4 2 1 1 876 902 949 2034
8476 4 2 1 1 1828 1916 1597 2071
8477 4 2 1 1 1700 2166 2122 2346
8478 4 2 1 1 1106 1310 1100 2044
8479 4 2 1 1 1605 2178 926 2409
8480 4 2 1 1 592 561 564 1808
8481 4 2 1 1 1516 1976 1963 2401
8482 4 2 1 1 214 2407 1589 2450
8483 4 2 1 1 1803 2231 1637 2422
8484 4 2 1 1 875 1877 795 2116
8485 4 2 1 1 1425 2016 1676 2066
8486 4 2 1 1 1550 2292 1656 2421
8487 4 2 1 1 1770 2128 1451 2372
8488 4 2 1 1 1853 2039 1685 2226
8489 4 2 1 1 734 1997 1903 2209
8490 4 2 1 1 468 436 433 1637
8491 4 2 1 1 265 1816 179 2420
8492 4 2 1 1 1496 1951 1695 2072
8493 4 2 1 1 1432 1821 1742 2063
8494 4 2 1 1 1614 1899 1455 2065
8495 4 2 1 1 1209 1208 1352 1945
8496 4 2 1 1 1579 1459 2051 2284
8497 4 2 1 1 1857 1968 1713 2458
8498 4 2 1 1 1741 2032 1516 2401
8499 4 2 1 1 1484 1808 1671 2270
8500 4 2 1 1 864 830 833 2238
8501 4 2 1 1 1714 1524 1833 2279
8502 4 2 1 1 1478 1762 1783 2007
8503 4 2 1 1 1637 2231 1803 2291
8504 4 2 1 1 529 656 1649 2140
8505 4 2 1 1 1690 1948 1431 2310
8506 4 2 1 1 432 429 1745 1810
8507 4 2 1 1 407 1836 637 1884
8508 4 2 1 1 1067 1068 1937 2256
8509 4 2 1 1 235 258 184 2153
8510 4 2 1 1 542 2140 1649 2341
8511 4 2 1 1 807 1840 823 2191
8512 4 2 1 1 1520 1824 1689 2442
8513 4 2 1 1 1673 2000 1469 2209
8514 4 2 1 1 876 1877 720 2034
8515 4 2 1 1 1424 1594 1907 2152
8516 4 2 1 1 265 248 1816 2185
8517 4 2 1 1 1630 1447 1880 2237
8518 4 2 1 1 1961 2168 1540 2430
8519 4 2 1 1 1740 2022 1591 2166
8520 4 2 1 1 387 294 344 1973
8521 4 2 1 1 1632 2061 2005 2323
8522 4 2 1 1 652 509 1013 1893
8523 4 2 1 1 1594 1490 1964 2145
8524 4 2 1 1 1507 1869 1788 1991
8525 4 2 1 1 1424 1908 1644 2130
8526 4 2 1 1 1476 1788 1869 1991
8527 4 2 1 1 2022 2124 1615 2309
8528 4 2 1 1 763 848 752 2289
8529 4 2 1 1 1263 1194 1262 2448
8530 4 2 1 1 801 2124 1591 2309
8531 4 2 1 1 1409 1783 2192 2264
8532 4 2 1 1 656 835 1649 2140
8533 4 2 1 1 1548 2062 1909 2116
8534 4 2 1 1 1441 1835 1611 2345
8535 4 2 1 1 1507 1716 2202 2312
8536 4 2 1 1 1833 1524 2118 2239
8537 4 2 1 1 1493 2440 1631 2447
8538 4 2 1 1 1353 1283 1677 2078
8539 4 2 1 1 1339 1280 1028 2190
8540 4 2 1 1 590 617 588 1915
8541 4 2 1 1 1466 1644 2152 2382
8542 4 2 1 1 1073 2401 1316 2437
8543 4 2 1 1 823 806 1005 1840
8544 4 2 1 1 637 911 485 1884
8545 4 2 1 1 203 2097 1631 2248
8546 4 2 1 1 1834 2043 1458 2425
8547 4 2 1 1 962 1784 814 2105
8548 4 2 1 1 671 738 669 1758
8549 4 2 1 1 1469 1903 1997 2209
8550 4 2 1 1 1425 2294 1618 2301
8551 4 2 1 1 1576 2033 2025 2423
8552 4 2 1 1 2023 2212 1486 2321
8553 4 2 1 1 756 1875 860 2112
8554 4 2 1 1 355 1798 313 1995
8555 4 2 1 1 190 191 2001 2452
8556 4 2 1 1 1466 1784 2029 2096
8557 4 2 1 1 1836 1884 508 2217
8558 4 2 1 1 1597 1716 1991 2312
8559 4 2 1 1 1413 1962 1753 2215
8560 4 2 1 1 1071 1074 1285 2365
8561 4 2 1 1 1412 1648 2031 2275
8562 4 2 1 1 1151 1325 1265 1851
8563 4 2 1 1 876 720 902 2034
8564 4 2 1 1 1937 2091 1633 2437
8565 4 2 1 1 1293 1341 1750 2387
8566 4 2 1 1 1660 2027 1954 2264
8567 4 2 1 1 732 731 758 2210
8568 4 2 1 1 1868 2038 1654 2311
8569 4 2 1 1 230 280 189 1939
8570 4 2 1 1 426 425 423 1721
8571 4 2 1 1 1448 1729 1824 2012
8572 4 2 1 1 863 1755 701 2144
8573 4 2 1 1 589 1846 591 2276
8574 4 2 1 1 336 1936 338 2367
8575 4 2 1 1 1600 1935 1452 2122
8576 4 2 1 1 345 1943 307 2282
8577 4 2 1 1 1501 1778 1955 2046
8578 4 2 1 1 1644 1908 1503 2130
8579 4 2 1 1 677 898 1955 2245
8580 4 2 1 1 1409 1980 1705 2439
8581 4 2 1 1 1181 2004 1872 2084
8582 4 2 1 1 765 757 1975 2430
8583 4 2 1 1 1963 1976 1633 2401
8584 4 2 1 1 335 333 377 2164
8585 4 2 1 1 1666 2177 2099 2229
8586 4 2 1 1 1428 1637 2174 2231
8587 4 2 1 1 560 559 557 2325
8588 4 2 1 1 1362 1950 1647 2351
8589 4 2 1 1 1772 1536 2115 2313
8590 4 2 1 1 928 678 676 1897
8591 4 2 1 1 339 1911 2094 2281
8592 4 2 1 1 412 1026 1782 2464
8593 4 2 1 1 1550 1590 2221 2331
8594 4 2 1 1 388 359 1378 1842
8595 4 2 1 1 1363 1378 1200 1842
8596 4 2 1 1 621 601 573 1971
8597 4 2 1 1 1885 1937 1069 2437
8598 4 2 1 1 1392 624 1883 2359
8599 4 2 1 1 311 310 1653 2142
8600 4 2 1 1 1413 1612 1912 1962
8601 4 2 1 1 494 1615 1820 2419
8602 4 2 1 1 1071 1885 1070 2206
8603 4 2 1 1 1637 2250 1617 2422
8604 4 2 1 1 463 465 1707 2058
8605 4 2 1 1 1433 2089 2171 2426
8606 4 2 1 1 414 462 57 350
8607 4 2 1 1 462 299 57 350
8608 4 2 1 1 1310 1114 1157 2202
8609 4 2 1 1 197 1725 199 2420
8610 4 2 1 1 937 1870 1999 2386
8611 4 2 1 1 1142 1100 2202 2324
8612 4 2 1 1 1179 1585 2084 2296
8613 4 2 1 1 1476 1597 1991 2071
8614 4 2 1 1 1459 1821 1969 2199
8615 4 2 1 1 1176 1585 2296 2396
8616 4 2 1 1 1612 1500 1962 2363
8617 4 2 1 1 1429 2061 1632 2104
8618 4 2 1 1 1737 1887 1451 2438
8619 4 2 1 1 1422 1968 1740 2009
8620 4 2 1 1 260 282 661 1707
8621 4 2 1 1 692 1636 702 2272
8622 4 2 1 1 1631 1420 2049 2447
8623 4 2 1 1 1664 1458 2043 2425
8624 4 2 1 1 1509 1839 1645 2104
8625 4 2 1 1 294 980 362 1726
8626 4 2 1 1 1479 1972 1602 2428
8627 4 2 1 1 1161 1697 1889 2172
8628 4 2 1 1 1035 532 598 2017
8629 4 2 1 1 1498 1960 1844 2350
8630 4 2 1 1 1667 2099 2177 2229
8631 4 2 1 1 1572 1664 2063 2335
8632 4 2 1 1 707 2023 1611 2321
8633 4 2 1 1 433 1810 1637 2291
8634 4 2 1 1 327 326 324 1662
8635 4 2 1 1 1603 1478 1848 2220
8636 4 2 1 1 1141 2358 1252 2401
8637 4 2 1 1 1297 1065 1063 1802
8638 4 2 1 1 860 2112 1875 2127
8639 4 2 1 1 808 805 810 1904
8640 4 2 1 1 1113 2044 1757 2125
8641 4 2 1 1 998 1920 833 2238
8642 4 2 1 1 1772 1871 1491 2253
8643 4 2 1 1 675 673 1866 1955
8644 4 2 1 1 677 898 675 1955
8645 4 2 1 1 1561 1759 1660 2467
8646 4 2 1 1 1808 2270 1484 2325
8647 4 2 1 1 1412 2406 2095 2417
8648 4 2 1 1 554 553 2043 2425
8649 4 2 1 1 1679 1823 1546 2367
8650 4 2 1 1 1542 1757 1663 2247
8651 4 2 1 1 1392 624 1044 1883
8652 4 2 1 1 872 1792 985 1959
8653 4 2 1 1 1687 1924 1445 2228
8654 4 2 1 1 1828 1916 1647 2426
8655 4 2 1 1 473 416 655 2103
8656 4 2 1 1 1099 1093 1092 2324
8657 4 2 1 1 724 935 775 1970
8658 4 2 1 1 992 595 1627 2340
8659 4 2 1 1 1423 2157 2025 2423
8660 4 2 1 1 1375 2213 1916 2448
8661 4 2 1 1 1854 2011 2213 2448
8662 4 2 1 1 1265 1305 1089 1851
8663 4 2 1 1 11 420 235 184
8664 4 2 1 1 1744 2362 1774 2376
8665 4 2 1 1 1328 1889 1105 2051
8666 4 2 1 1 1737 1451 2343 2438
8667 4 2 1 1 717 712 1985 2299
8668 4 2 1 1 1413 1644 2096 2382
8669 4 2 1 1 1224 1384 1940 1989
8670 4 2 1 1 1226 1222 1045 1600
8671 4 2 1 1 589 1915 1846 2276
8672 4 2 1 1 905 906 904 1650
8673 4 2 1 1 1616 1889 1105 2182
8674 4 2 1 1 793 872 989 1909
8675 4 2 1 1 1551 2084 2009 2296
8676 4 2 1 1 697 1845 952 1978
8677 4 2 1 1 1772 2115 1508 2313
8678 4 2 1 1 1616 2051 1459 2284
8679 4 2 1 1 1526 1813 1715 2436
8680 4 2 1 1 1181 1255 1214 2004
8681 4 2 1 1 1298 1735 1299 2176
8682 4 2 1 1 507 652 1008 2058
8683 4 2 1 1 402 360 1800 2377
8684 4 2 1 1 234 262 220 1728
8685 4 2 1 1 1111 2051 1750 2172
8686 4 2 1 1 1843 2079 1932 2297
8687 4 2 1 1 1729 1795 1448 1928
8688 4 2 1 1 540 1683 1966 2366
8689 4 2 1 1 1649 1813 2098 2416
8690 4 2 1 1 1806 2146 236 2262
8691 4 2 1 1 1207 1668 2076 2461
8692 4 2 1 1 330 1642 328 2377
8693 4 2 1 1 663 664 2349 2469
8694 4 2 1 1 556 2043 1846 2379
8695 4 2 1 1 1465 1845 1711 2008
8696 4 2 1 1 1708 1927 1587 2459
8697 4 2 1 1 1854 1470 2011 2448
8698 4 2 1 1 1665 1992 1876 2189
8699 4 2 1 1 1144 1894 1796 2368
8700 4 2 1 1 1176 2296 2020 2396
8701 4 2 1 1 1576 2025 1809 2039
8702 4 2 1 1 1643 2404 1603 2434
8703 4 2 1 1 1501 1711 1845 2008
8704 4 2 1 1 460 1967 430 2271
8705 4 2 1 1 190 185 34 530
8706 4 2 1 1 1610 2117 1600 2122
8707 4 2 1 1 1191 2040 1292 2220
8708 4 2 1 1 534 1952 602 2001
8709 4 2 1 1 2048 2169 1554 2266
8710 4 2 1 1 1044 1218 1883 2453
8711 4 2 1 1 1128 1716 1114 2125
8712 4 2 1 1 1441 1658 1818 2077
8713 4 2 1 1 1865 2186 1484 2305
8714 4 2 1 1 1452 1872 1782 2004
8715 4 2 1 1 395 1715 345 2282
8716 4 2 1 1 1436 1653 2227 2421
8717 4 2 1 1 581 34 185 530
8718 4 2 1 1 940 863 701 2144
8719 4 2 1 1 1474 1839 1645 2287
8720 4 2 1 1 1116 1094 1260 1756
8721 4 2 1 1 1242 1355 2226 2305
8722 4 2 1 1 2062 2104 1429 2290
8723 4 2 1 1 1816 2097 1575 2185
8724 4 2 1 1 1616 1889 1459 2051
8725 4 2 1 1 2117 2122 1610 2308
8726 4 2 1 1 982 909 981 2080
8727 4 2 1 1 1335 1251 1323 1727
8728 4 2 1 1 1034 1995 1366 2360
8729 4 2 1 1 529 656 626 2187
8730 4 2 1 1 430 460 459 1967
8731 4 2 1 1 1672 2139 1841 2338
8732 4 2 1 1 1623 1943 1715 2282
8733 4 2 1 1 1531 2040 1752 2404
8734 4 2 1 1 848 1954 1660 2027
8735 4 2 1 1 701 1755 893 2443
8736 4 2 1 1 604 530 2001 2452
8737 4 2 1 1 942 1607 2194 2412
8738 4 2 1 1 1422 1857 1968 2009
8739 4 2 1 1 1044 1220 1218 2453
8740 4 2 1 1 1445 1680 1737 2025
8741 4 2 1 1 673 674 675 1866
8742 4 2 1 1 462 58 354 418
8743 4 2 1 1 320 321 322 1628
8744 4 2 1 1 1488 2133 2089 2316
8745 4 2 1 1 1411 2200 2000 2201
8746 4 2 1 1 402 360 343 1800
8747 4 2 1 1 1188 1227 2376 2413
8748 4 2 1 1 1420 1924 1737 2361
8749 4 2 1 1 1444 1857 1713 2458
8750 4 2 1 1 1082 1115 1285 1982
8751 4 2 1 1 2020 2296 1585 2396
8752 4 2 1 1 1082 1982 1285 2365
8753 4 2 1 1 576 538 1966 2187
8754 4 2 1 1 56 414 303 466
8755 4 2 1 1 984 983 2282 2416
8756 4 2 1 1 1512 1622 2343 2397
8757 4 2 1 1 1520 1953 1889 2295
8758 4 2 1 1 1318 1869 1317 2312
8759 4 2 1 1 1445 1809 2025 2361
8760 4 2 1 1 1782 1872 1556 2464
8761 4 2 1 1 1763 1844 1462 2134
8762 4 2 1 1 1572 2063 1664 2425
8763 4 2 1 1 1637 1471 1810 2198
8764 4 2 1 1 1579 2051 1616 2284
8765 4 2 1 1 819 800 1932 2297
8766 4 2 1 1 610 570 609 1996
8767 4 2 1 1 1421 2046 1738 2224
8768 4 2 1 1 1760 1890 1679 2449
8769 4 2 1 1 1746 2069 787 2375
8770 4 2 1 1 768 1817 769 2332
8771 4 2 1 1 717 1985 718 2299
8772 4 2 1 1 1243 1779 1242 2226
8773 4 2 1 1 1796 2277 1348 2432
8774 4 2 1 1 1459 1821 1769 1969
8775 4 2 1 1 2398 2440 1855 2447
8776 4 2 1 1 1691 1902 1534 2451
8777 4 2 1 1 909 1833 759 2239
8778 4 2 1 1 1113 2044 1106 2182
8779 4 2 1 1 712 737 943 1985
8780 4 2 1 1 1014 869 580 1949
8781 4 2 1 1 462 58 299 354
8782 4 2 1 1 419 463 1707 2153
8783 4 2 1 1 207 210 209 1681
8784 4 2 1 1 1414 1946 2093 2184
8785 4 2 1 1 1768 2229 1667 2388
8786 4 2 1 1 1519 2026 1617 2250
8787 4 2 1 1 672 673 671 1866
8788 4 2 1 1 267 253 1900 2327
8789 4 2 1 1 1693 1845 1501 2156
8790 4 2 1 1 717 712 718 1985
8791 4 2 1 1 1353 1677 1030 2249
8792 4 2 1 1 1428 2250 1637 2422
8793 4 2 1 1 1477 1705 1980 2439
8794 4 2 1 1 1628 1470 1879 2426
8795 4 2 1 1 1631 2049 1581 2447
8796 4 2 1 1 1243 1240 1779 2226
8797 4 2 1 1 219 1594 2003 2145
8798 4 2 1 1 1472 1659 1891 2224
8799 4 2 1 1 550 596 614 1771
8800 4 2 1 1 861 803 1789 2309
8801 4 2 1 1 1122 1113 1757 2125
8802 4 2 1 1 1346 1195 1944 2075
8803 4 2 1 1 1484 1933 1652 2186
8804 4 2 1 1 795 794 792 2412
8805 4 2 1 1 1500 1612 1912 2102
8806 4 2 1 1 407 637 485 1884
8807 4 2 1 1 1541 2094 1760 2415
8808 4 2 1 1 577 546 1772 2359
8809 4 2 1 1 1282 1957 1160 2223
8810 4 2 1 1 687 1844 2193 2263
8811 4 2 1 1 410 1893 652 2058
8812 4 2 1 1 1048 1940 489 2070
8813 4 2 1 1 56 414 350 303
8814 4 2 1 1 1688 2030 1531 2404
8815 4 2 1 1 1604 1773 2175 2336
8816 4 2 1 1 1656 2292 1436 2421
8817 4 2 1 1 817 846 1759 2303
8818 4 2 1 1 1484 1671 1892 2347
8819 4 2 1 1 611 1990 587 2222
8820 4 2 1 1 475 409 1257 1947
8821 4 2 1 1 2038 2173 1736 2403
8822 4 2 1 1 2076 2159 1914 2461
8823 4 2 1 1 1572 2063 1634 2244
8824 4 2 1 1 1421 1630 1891 2119
8825 4 2 1 1 1655 1471 1838 2179
8826 4 2 1 1 1486 2321 1999 2417
8827 4 2 1 1 649 969 1876 2189
8828 4 2 1 1 760 787 2069 2375
8829 4 2 1 1 1661 2081 1942 2342
8830 4 2 1 1 1485 1949 1920 2135
8831 4 2 1 1 1428 2026 1648 2275
8832 4 2 1 1 313 315 346 1798
8833 4 2 1 1 1206 1208 1207 2461
8834 4 2 1 1 243 2141 1944 2450
8835 4 2 1 1 1513 2075 1894 2277
8836 4 2 1 1 1540 1625 2301 2430
8837 4 2 1 1 497 468 1749 2381
8838 4 2 1 1 1716 1507 1991 2312
8839 4 2 1 1 685 1978 680 2100
8840 4 2 1 1 1779 2233 1671 2347
8841 4 2 1 1 1612 1912 1847 2087
8842 4 2 1 1 735 754 774 2430
8843 4 2 1 1 247 879 640 1816
8844 4 2 1 1 422 461 1922 1938
8845 4 2 1 1 852 1899 1722 2196
8846 4 2 1 1 1489 1914 2076 2159
8847 4 2 1 1 1524 2167 2080 2239
8848 4 2 1 1 1893 1502 2058 2354
8849 4 2 1 1 470 517 1884 2217
8850 4 2 1 1 1256 2410 1387 2464
8851 4 2 1 1 1251 1727 1330 2032
8852 4 2 1 1 887 1967 888 2431
8853 4 2 1 1 1448 2044 1757 2182
8854 4 2 1 1 1420 1737 1924 2219
8855 4 2 1 1 776 775 816 2149
8856 4 2 1 1 1727 1869 1335 2408
8857 4 2 1 1 1618 1893 1786 1967
8858 4 2 1 1 1430 2030 1688 2404
8859 4 2 1 1 1514 1859 2067 2160
8860 4 2 1 1 1737 2343 1887 2438
8861 4 2 1 1 1736 2038 1467 2173
8862 4 2 1 1 1676 1781 1517 2371
8863 4 2 1 1 680 685 679 1978
8864 4 2 1 1 1446 2398 1881 2440
8865 4 2 1 1 1491 1979 1772 2313
8866 4 2 1 1 1419 1670 2015 2378
8867 4 2 1 1 758 785 1807 2069
8868 4 2 1 1 1423 2241 1892 2468
8869 4 2 1 1 1505 2229 1768 2388
8870 4 2 1 1 1230 1156 2314 2413
8871 4 2 1 1 1425 1625 2294 2301
8872 4 2 1 1 2222 2244 1718 2335
8873 4 2 1 1 1414 1946 1839 2093
8874 4 2 1 1 1552 1913 1646 2152
8875 4 2 1 1 1428 2174 2250 2326
8876 4 2 1 1 1118 1135 1910 2285
8877 4 2 1 1 1548 2214 1607 2412
8878 4 2 1 1 805 802 946 2002
8879 4 2 1 1 1107 1764 1313 2357
8880 4 2 1 1 1535 2377 1959 2389
8881 4 2 1 1 1569 2321 1611 2417
8882 4 2 1 1 1960 2134 1498 2263
8883 4 2 1 1 999 816 956 2149
8884 4 2 1 1 1456 1679 1882 1936
8885 4 2 1 1 1680 1737 1451 2343
8886 4 2 1 1 1599 2000 1469 2201
8887 4 2 1 1 1698 1734 1477 2131
8888 4 2 1 1 1569 2321 1999 2386
8889 4 2 1 1 1643 2072 1825 2434
8890 4 2 1 1 1501 1845 1693 2008
8891 4 2 1 1 1451 1770 1791 2438
8892 4 2 1 1 637 479 912 1836
8893 4 2 1 1 1729 1795 1499 2012
8894 4 2 1 1 478 1698 1290 2446
8895 4 2 1 1 2225 2343 1622 2397
8896 4 2 1 1 1156 1624 2314 2413
8897 4 2 1 1 1501 1955 1778 2245
8898 4 2 1 1 1629 1469 2010 2012
8899 4 2 1 1 1616 2051 1579 2324
8900 4 2 1 1 182 1794 243 2141
8901 4 2 1 1 1599 1411 2201 2279
8902 4 2 1 1 1298 1299 1735 2162
8903 4 2 1 1 873 766 2048 2349
8904 4 2 1 1 952 1978 1845 2245
8905 4 2 1 1 759 909 931 1833
8906 4 2 1 1 1073 1976 1633 2256
8907 4 2 1 1 687 2193 1763 2263
8908 4 2 1 1 835 841 2098 2140
8909 4 2 1 1 1465 2021 1709 2330
8910 4 2 1 1 1485 1949 2060 2394
8911 4 2 1 1 265 2185 1816 2420
8912 4 2 1 1 2067 2278 1720 2453
8913 4 2 1 1 1470 1849 1916 2448
8914 4 2 1 1 804 809 1789 2339
8915 4 2 1 1 1481 1589 2087 2391
8916 4 2 1 1 689 1763 686 2212
8917 4 2 1 1 771 936 937 1870
8918 4 2 1 1 1021 1884 1836 2303
8919 4 2 1 1 572 573 569 1971
8920 4 2 1 1 1521 1968 1654 2362
8921 4 2 1 1 314 317 2138 2268
8922 4 2 1 1 1562 1936 1704 2302
8923 4 2 1 1 1409 2286 1980 2311
8924 4 2 1 1 758 731 760 2069
8925 4 2 1 1 1622 1512 2144 2397
8926 4 2 1 1 1328 1105 1099 2051
8927 4 2 1 1 905 1650 904 2337
8928 4 2 1 1 348 1792 1936 2164
8929 4 2 1 1 968 815 967 1876
8930 4 2 1 1 546 2059 612 2253
8931 4 2 1 1 2025 2039 1576 2157
8932 4 2 1 1 1627 2191 948 2340
8933 4 2 1 1 771 1954 1870 2386
8934 4 2 1 1 1159 1957 1253 2427
8935 4 2 1 1 1478 1873 1762 2007
8936 4 2 1 1 1414 1739 1946 2184
8937 4 2 1 1 1846 1915 1914 2276
8938 4 2 1 1 1716 2125 1128 2243
8939 4 2 1 1 1398 489 474 2070
8940 4 2 1 1 1541 1823 1679 2449
8941 4 2 1 1 1470 1828 1916 2318
8942 4 2 1 1 1424 2147 1669 2384
8943 4 2 1 1 793 871 872 1909
8944 4 2 1 1 1056 1057 1058 2111
8945 4 2 1 1 1513 1681 2414 2450
8946 4 2 1 1 1534 1799 1691 2037
8947 4 2 1 1 1420 2049 1887 2267
8948 4 2 1 1 1432 2155 1697 2295
8949 4 2 1 1 624 521 1044 1883
8950 4 2 1 1 1479 1972 1674 1982
8951 4 2 1 1 1297 1065 1802 2462
8952 4 2 1 1 1651 1971 1678 2169
8953 4 2 1 1 1430 1825 1670 2434
8954 4 2 1 1 1482 1621 1932 2342
8955 4 2 1 1 968 649 969 1876
8956 4 2 1 1 1569 2095 1780 2406
8957 4 2 1 1 1060 1809 1059 2333
8958 4 2 1 1 1597 1916 1828 2318
8959 4 2 1 1 1057 1055 1319 2111
8960 4 2 1 1 330 1760 2094 2377
8961 4 2 1 1 1443 1643 1878 2007
8962 4 2 1 1 1796 1454 2234 2368
8963 4 2 1 1 861 1003 650 2188
8964 4 2 1 1 1474 1799 1691 2315
8965 4 2 1 1 1652 1933 2325 2379
8966 4 2 1 1 542 529 1649 2140
8967 4 2 1 1 537 582 2366 2402
8968 4 2 1 1 1980 1409 2329 2439
8969 4 2 1 1 358 361 2171 2411
8970 4 2 1 1 346 313 1798 1995
8971 4 2 1 1 1275 1029 1401 2216
8972 4 2 1 1 1473 1882 1754 1890
8973 4 2 1 1 1509 2062 1746 2290
8974 4 2 1 1 1680 1451 1737 2372
8975 4 2 1 1 1245 1847 1150 2102
8976 4 2 1 1 1691 1799 1474 2037
8977 4 2 1 1 587 1990 1871 2222
8978 4 2 1 1 1806 2262 236 2452
8979 4 2 1 1 1021 637 1836 1884
8980 4 2 1 1 1192 1071 1285 1885
8981 4 2 1 1 271 1694 2249 2407
8982 4 2 1 1 1328 2051 1111 2172
8983 4 2 1 1 1423 2033 1680 2241
8984 4 2 1 1 1877 2116 1548 2412
8985 4 2 1 1 1161 1160 1126 1697
8986 4 2 1 1 942 2194 1901 2412
8987 4 2 1 1 203 1790 2097 2248
8988 4 2 1 1 443 451 2188 2218
8989 4 2 1 1 841 1733 790 2098
8990 4 2 1 1 445 2173 1736 2218
8991 4 2 1 1 1347 1945 2387 2462
8992 4 2 1 1 1649 2098 1813 2292
8993 4 2 1 1 1643 2180 2007 2445
8994 4 2 1 1 932 2332 1605 2409
8995 4 2 1 1 349 1959 1792 2164
8996 4 2 1 1 1644 1503 1912 2130
8997 4 2 1 1 481 412 1782 2322
8998 4 2 1 1 516 476 413 1734
8999 4 2 1 1 1198 1934 1155 2108
9000 4 2 1 1 1819 2387 1533 2462
9001 4 2 1 1 742 938 870 2013
9002 4 2 1 1 1782 1935 481 2322
9003 4 2 1 1 1353 2107 1163 2207
9004 4 2 1 1 1454 1766 1851 2368
9005 4 2 1 1 447 409 1947 2173
9006 4 2 1 1 1374 1031 1365 1911
9007 4 2 1 1 1743 1965 1469 2435
9008 4 2 1 1 1285 1311 1192 2162
9009 4 2 1 1 421 1938 1923 2153
9010 4 2 1 1 757 881 1975 2053
9011 4 2 1 1 1414 2037 1815 2451
9012 4 2 1 1 1517 1780 1708 2393
9013 4 2 1 1 1140 1107 1139 1764
9014 4 2 1 1 586 1683 540 2366
9015 4 2 1 1 1868 1980 1409 2329
9016 4 2 1 1 177 1684 274 2105
9017 4 2 1 1 1523 2210 1833 2239
9018 4 2 1 1 2087 2096 1413 2391
9019 4 2 1 1 1304 278 1785 2190
9020 4 2 1 1 1262 1849 1169 2433
9021 4 2 1 1 788 791 1746 2116
9022 4 2 1 1 1870 1954 936 2027
9023 4 2 1 1 1454 1747 1855 2234
9024 4 2 1 1 1230 2314 1864 2413
9025 4 2 1 1 656 1649 837 2187
9026 4 2 1 1 1538 1747 2219 2398
9027 4 2 1 1 1569 1611 2095 2417
9028 4 2 1 1 2126 2308 1704 2399
9029 4 2 1 1 1768 2388 1732 2441
9030 4 2 1 1 862 983 1715 2282
9031 4 2 1 1 1627 2056 948 2191
9032 4 2 1 1 1812 1930 1474 2287
9033 4 2 1 1 1006 655 842 2074
9034 4 2 1 1 1257 409 1041 1947
9035 4 2 1 1 708 1926 902 2034
9036 4 2 1 1 1150 2102 1612 2363
9037 4 2 1 1 1844 1960 1498 2263
9038 4 2 1 1 1773 1922 1604 2319
9039 4 2 1 1 1585 2004 1610 2396
9040 4 2 1 1 723 704 711 2463
9041 4 2 1 1 811 812 741 2167
9042 4 2 1 1 338 1936 1704 2367
9043 4 2 1 1 1718 2155 1432 2244
9044 4 2 1 1 1907 1964 1424 2147
9045 4 2 1 1 1534 1815 2037 2451
9046 4 2 1 1 1902 2137 1476 2451
9047 4 2 1 1 1561 2041 1654 2261
9048 4 2 1 1 1492 1611 1867 2242
9049 4 2 1 1 331 2094 1911 2316
9050 4 2 1 1 1424 2006 1609 2147
9051 4 2 1 1 826 1775 824 2056
9052 4 2 1 1 1463 2066 1781 2120
9053 4 2 1 1 1447 1732 1793 2091
9054 4 2 1 1 1140 1313 1107 1764
9055 4 2 1 1 1282 1038 1281 1771
9056 4 2 1 1 349 1792 348 2164
9057 4 2 1 1 450 1935 1641 2322
9058 4 2 1 1 1521 2009 1968 2362
9059 4 2 1 1 1885 2206 1571 2437
9060 4 2 1 1 1443 1878 1783 2007
9061 4 2 1 1 768 769 745 2332
9062 4 2 1 1 1365 1911 1031 2281
9063 4 2 1 1 1621 1482 1942 2342
9064 4 2 1 1 509 460 1013 1967
9065 4 2 1 1 1105 1100 1099 2324
9066 4 2 1 1 1570 1920 1601 2252
9067 4 2 1 1 1752 1864 1478 2220
9068 4 2 1 1 1859 2067 1508 2453
9069 4 2 1 1 804 2002 1789 2309
9070 4 2 1 1 1213 1360 1309 1994
9071 4 2 1 1 1068 1937 1633 2437
9072 4 2 1 1 215 1827 2029 2407
9073 4 2 1 1 1342 2075 1346 2277
9074 4 2 1 1 1452 1740 2022 2320
9075 4 2 1 1 1766 1962 1500 2363
9076 4 2 1 1 731 1837 760 2069
9077 4 2 1 1 371 2073 1814 2302
9078 4 2 1 1 1576 2025 2157 2423
9079 4 2 1 1 570 1996 1779 2270
9080 4 2 1 1 1581 1703 2049 2456
9081 4 2 1 1 360 328 2035 2377
9082 4 2 1 1 1096 1306 1087 1801
9083 4 2 1 1 1629 1903 1590 2010
9084 4 2 1 1 1488 2089 1842 2316
9085 4 2 1 1 1591 2022 2124 2166
9086 4 2 1 1 1796 2234 2280 2368
9087 4 2 1 1 549 550 2240 2253
9088 4 2 1 1 1482 2124 2022 2166
9089 4 2 1 1 1831 1895 1669 2301
9090 4 2 1 1 1630 1858 1435 2273
9091 4 2 1 1 1793 1963 1633 2091
9092 4 2 1 1 1547 2236 1692 2266
9093 4 2 1 1 988 840 2073 2297
9094 4 2 1 1 2095 2406 1569 2417
9095 4 2 1 1 782 2178 1861 2409
9096 4 2 1 1 1449 1729 1824 1953
9097 4 2 1 1 634 960 1684 2105
9098 4 2 1 1 592 1767 633 2265
9099 4 2 1 1 983 836 1813 2416
9100 4 2 1 1 1423 2347 2157 2423
9101 4 2 1 1 1160 1957 1697 2223
9102 4 2 1 1 1618 1502 1893 2354
9103 4 2 1 1 1494 1675 1804 2356
9104 4 2 1 1 258 226 257 1773
9105 4 2 1 1 1070 1071 1069 1885
9106 4 2 1 1 1436 2227 1656 2421
9107 4 2 1 1 1545 1807 2118 2239
9108 4 2 1 1 937 1999 880 2386
9109 4 2 1 1 1289 1408 1022 1734
9110 4 2 1 1 854 952 1845 2245
9111 4 2 1 1 1611 2345 1818 2370
9112 4 2 1 1 1547 2266 1608 2349
9113 4 2 1 1 1532 1636 2054 2445
9114 4 2 1 1 446 472 444 1736
9115 4 2 1 1 1766 1500 2197 2363
9116 4 2 1 1 941 852 1899 2065
9117 4 2 1 1 1230 1334 1338 1864
9118 4 2 1 1 1881 2398 1575 2440
9119 4 2 1 1 1422 2165 1857 2458
9120 4 2 1 1 246 1794 2141 2390
9121 4 2 1 1 513 419 465 1707
9122 4 2 1 1 1446 1790 1681 2151
9123 4 2 1 1 445 1736 444 2218
9124 4 2 1 1 1087 1096 1801 2101
9125 4 2 1 1 1703 2205 1578 2456
9126 4 2 1 1 1806 1231 2146 2230
9127 4 2 1 1 723 711 1832 2463
9128 4 2 1 1 1454 1686 1747 2380
9129 4 2 1 1 1561 2041 1904 2192
9130 4 2 1 1 667 913 766 2028
9131 4 2 1 1 1908 2334 1441 2345
9132 4 2 1 1 1262 1377 1372 2448
9133 4 2 1 1 623 1906 2017 2068
9134 4 2 1 1 542 1649 576 2341
9135 4 2 1 1 1495 2019 2099 2177
9136 4 2 1 1 1232 1231 1806 2017
9137 4 2 1 1 520 1771 612 2059
9138 4 2 1 1 859 870 941 2127
9139 4 2 1 1 870 860 944 2127
9140 4 2 1 1 1540 1669 1895 2301
9141 4 2 1 1 1972 2030 1531 2428
9142 4 2 1 1 1606 2099 2019 2177
9143 4 2 1 1 1443 2307 2386 2406
9144 4 2 1 1 837 1649 835 2416
9145 4 2 1 1 1475 1800 1776 2035
9146 4 2 1 1 1428 1637 2231 2422
9147 4 2 1 1 466 303 397 1814
9148 4 2 1 1 1641 1935 450 2085
9149 4 2 1 1 1430 2404 1643 2434
9150 4 2 1 1 886 765 883 1786
9151 4 2 1 1 173 1694 1349 2249
9152 4 2 1 1 1268 1269 1037 1706
9153 4 2 1 1 1896 2080 1524 2167
9154 4 2 1 1 1495 2215 1717 2392
9155 4 2 1 1 1413 1912 1612 2087
9156 4 2 1 1 1626 2020 1473 2036
9157 4 2 1 1 652 410 509 1893
9158 4 2 1 1 1491 1871 1718 2253
9159 4 2 1 1 1421 2090 1738 2257
9160 4 2 1 1 1481 2391 1827 2407
9161 4 2 1 1 1523 1815 1714 2055
9162 4 2 1 1 826 825 824 1775
9163 4 2 1 1 1717 2215 1686 2392
9164 4 2 1 1 507 410 652 2058
9165 4 2 1 1 1695 2072 1848 2136
9166 4 2 1 1 1979 2115 1536 2313
9167 4 2 1 1 277 1773 1706 2319
9168 4 2 1 1 1686 2215 1805 2300
9169 4 2 1 1 843 714 1778 2460
9170 4 2 1 1 1763 1981 1462 2150
9171 4 2 1 1 1644 1466 2152 2391
9172 4 2 1 1 250 1280 1042 1929
9173 4 2 1 1 425 424 1721 2354
9174 4 2 1 1 1854 2011 383 2213
9175 4 2 1 1 1838 2132 1522 2216
9176 4 2 1 1 1208 1945 1668 2387
9177 4 2 1 1 1485 2135 1920 2252
9178 4 2 1 1 215 2029 214 2407
9179 4 2 1 1 800 838 819 1932
9180 4 2 1 1 1637 436 2291 2381
9181 4 2 1 1 1471 1994 1617 2250
9182 4 2 1 1 1025 1294 1295 1794
9183 4 2 1 1 1111 1750 1337 2172
9184 4 2 1 1 1969 2008 1410 2374
9185 4 2 1 1 316 2138 317 2268
9186 4 2 1 1 1103 2315 1108 2395
9187 4 2 1 1 998 866 833 1920
9188 4 2 1 1 1420 1737 2219 2343
9189 4 2 1 1 2129 2192 1660 2264
9190 4 2 1 1 1762 2041 1654 2192
9191 4 2 1 1 1729 1448 1795 2012
9192 4 2 1 1 1247 1703 1249 2432
9193 4 2 1 1 1418 1958 1675 2021
9194 4 2 1 1 776 739 775 1970
9195 4 2 1 1 1833 909 2167 2239
9196 4 2 1 1 489 486 506 2070
9197 4 2 1 1 1291 1292 1191 2040
9198 4 2 1 1 1413 1962 1805 2414
9199 4 2 1 1 1142 1100 1310 2202
9200 4 2 1 1 1141 1252 1315 2401
9201 4 2 1 1 1203 1690 1366 2113
9202 4 2 1 1 902 1926 699 2034
9203 4 2 1 1 464 467 1893 2354
9204 4 2 1 1 1511 1968 2165 2458
9205 4 2 1 1 351 306 309 2086
9206 4 2 1 1 1601 2028 1608 2135
9207 4 2 1 1 326 1662 2035 2133
9208 4 2 1 1 1456 1882 1679 1890
9209 4 2 1 1 1693 1845 1465 2008
9210 4 2 1 1 293 986 643 2389
9211 4 2 1 1 1744 1568 2362 2376
9212 4 2 1 1 1780 2259 719 2393
9213 4 2 1 1 1769 1821 1459 1953
9214 4 2 1 1 1552 2195 1913 2382
9215 4 2 1 1 1216 1685 1355 2305
9216 4 2 1 1 673 1866 1955 2460
9217 4 2 1 1 564 1671 565 2394
9218 4 2 1 1 1745 1838 1471 2179
9219 4 2 1 1 1115 1982 1094 2197
9220 4 2 1 1 1144 1131 2363 2368
9221 4 2 1 1 1787 1371 2278 2466
9222 4 2 1 1 2107 2130 1847 2170
9223 4 2 1 1 1553 1955 1866 2429
9224 4 2 1 1 680 678 681 1897
9225 4 2 1 1 1478 1783 1762 2286
9226 4 2 1 1 364 384 343 1800
9227 4 2 1 1 1850 1874 1568 2413
9228 4 2 1 1 1518 2188 1820 2218
9229 4 2 1 1 1253 1331 1170 1925
9230 4 2 1 1 425 424 423 1721
9231 4 2 1 1 1636 692 1960 2272
9232 4 2 1 1 243 1944 242 2450
9233 4 2 1 1 1531 1878 1688 2404
9234 4 2 1 1 1348 1321 1144 1796
9235 4 2 1 1 19 264 1030 1283
9236 4 2 1 1 564 563 565 1671
9237 4 2 1 1 1663 1957 1491 2442
9238 4 2 1 1 1546 2126 1989 2308
9239 4 2 1 1 1617 2026 1934 2422
9240 4 2 1 1 1069 1298 1066 1937
9241 4 2 1 1 1758 1866 1512 2397
9242 4 2 1 1 1506 1886 1816 2420
9243 4 2 1 1 1350 1346 1195 1944
9244 4 2 1 1 1441 1658 1908 2345
9245 4 2 1 1 1844 2015 1498 2123
9246 4 2 1 1 953 810 856 1904
9247 4 2 1 1 1114 1310 2044 2202
9248 4 2 1 1 356 1726 380 2268
9249 4 2 1 1 1519 1764 2120 2357
9250 4 2 1 1 459 460 509 1967
9251 4 2 1 1 492 483 406 2216
9252 4 2 1 1 1073 1085 1976 2256
9253 4 2 1 1 498 653 996 1998
9254 4 2 1 1 886 883 885 1786
9255 4 2 1 1 1873 2163 1416 2470
9256 4 2 1 1 181 253 654 1900
9257 4 2 1 1 652 2058 1893 2348
9258 4 2 1 1 412 480 481 1782
9259 4 2 1 1 1741 2047 1571 2143
9260 4 2 1 1 731 715 874 1837
9261 4 2 1 1 771 1870 937 2386
9262 4 2 1 1 1626 1930 1812 2020
9263 4 2 1 1 1499 1795 1729 2465
9264 4 2 1 1 529 576 1649 2187
9265 4 2 1 1 1928 2044 1616 2202
9266 4 2 1 1 1448 1616 1928 2044
9267 4 2 1 1 215 213 214 2029
9268 4 2 1 1 1812 2110 1645 2287
9269 4 2 1 1 952 855 854 1845
9270 4 2 1 1 1434 1739 1918 1983
9271 4 2 1 1 283 1403 1047 1806
9272 4 2 1 1 1163 2107 1609 2207
9273 4 2 1 1 1512 2144 1755 2219
9274 4 2 1 1 734 749 1997 2209
9275 4 2 1 1 1387 1183 1872 2410
9276 4 2 1 1 224 264 254 2078
9277 4 2 1 1 2097 2327 1900 2440
9278 4 2 1 1 1540 1975 1895 2053
9279 4 2 1 1 994 1016 397 1814
9280 4 2 1 1 1410 1969 1709 2008
9281 4 2 1 1 187 585 283 1806
9282 4 2 1 1 335 377 1959 2164
9283 4 2 1 1 306 1943 309 2086
9284 4 2 1 1 1421 2090 2119 2224
9285 4 2 1 1 1383 1787 1221 2106
9286 4 2 1 1 402 2377 1800 2389
9287 4 2 1 1 1358 1278 1272 1826
9288 4 2 1 1 1540 1961 1646 2050
9289 4 2 1 1 1637 2291 1803 2381
9290 4 2 1 1 1361 1360 2132 2285
9291 4 2 1 1 1776 1800 1475 2260
9292 4 2 1 1 1622 2211 1538 2398
9293 4 2 1 1 1173 1174 1172 2036
9294 4 2 1 1 556 557 555 2043
9295 4 2 1 1 1385 1242 1779 2305
9296 4 2 1 1 1247 1248 1703 2456
9297 4 2 1 1 1298 1192 1299 2162
9298 4 2 1 1 1144 1796 1321 2368
9299 4 2 1 1 1793 2119 2090 2224
9300 4 2 1 1 970 1707 971 2058
9301 4 2 1 1 586 541 540 1683
9302 4 2 1 1 1567 2147 1910 2384
9303 4 2 1 1 1493 1855 2440 2447
9304 4 2 1 1 356 317 314 2268
9305 4 2 1 1 694 689 686 2212
9306 4 2 1 1 708 720 715 1657
9307 4 2 1 1 732 1833 931 2210
9308 4 2 1 1 774 1941 2369 2431
9309 4 2 1 1 1526 1965 1673 2328
9310 4 2 1 1 687 1844 684 2193
9311 4 2 1 1 1543 1954 1660 2289
9312 4 2 1 1 1738 2008 1501 2139
9313 4 2 1 1 786 1997 2283 2436
9314 4 2 1 1 1428 2174 1637 2250
9315 4 2 1 1 806 807 777 1840
9316 4 2 1 1 1471 1810 1745 2016
9317 4 2 1 1 1905 1910 1463 2285
9318 4 2 1 1 1441 1818 1658 2345
9319 4 2 1 1 1254 1245 1150 2102
9320 4 2 1 1 1488 2005 2061 2323
9321 4 2 1 1 975 635 908 2208
9322 4 2 1 1 1428 1676 2275 2326
9323 4 2 1 1 686 1763 2193 2212
9324 4 2 1 1 918 921 923 2123
9325 4 2 1 1 1003 861 809 2339
9326 4 2 1 1 1671 2024 1468 2233
9327 4 2 1 1 551 2240 1664 2335
9328 4 2 1 1 1414 2184 2093 2451
9329 4 2 1 1 846 845 817 1759
9330 4 2 1 1 1730 1856 1479 2246
9331 4 2 1 1 1494 1639 1983 2158
9332 4 2 1 1 1804 1983 1613 2158
9333 4 2 1 1 1281 1771 520 2059
9334 4 2 1 1 1466 1913 2195 2382
9335 4 2 1 1 397 514 466 1814
9336 4 2 1 1 1684 2105 960 2178
9337 4 2 1 1 1750 2172 1549 2461
9338 4 2 1 1 1409 2192 2129 2264
9339 4 2 1 1 570 600 563 2270
9340 4 2 1 1 1068 1066 1067 1937
9341 4 2 1 1 457 455 458 1984
9342 4 2 1 1 908 907 906 2208
9343 4 2 1 1 1616 1579 2284 2324
9344 4 2 1 1 891 692 690 1960
9345 4 2 1 1 1410 1709 1969 2199
9346 4 2 1 1 688 2123 1844 2350
9347 4 2 1 1 1424 2006 2147 2384
9348 4 2 1 1 333 1760 330 2377
9349 4 2 1 1 1191 1334 1152 1752
9350 4 2 1 1 1445 2228 1751 2454
9351 4 2 1 1 424 1923 1721 2354
9352 4 2 1 1 1645 1839 1474 2104
9353 4 2 1 1 1510 1880 1635 2269
9354 4 2 1 1 1466 2195 1913 2418
9355 4 2 1 1 1451 1887 1770 2438
9356 4 2 1 1 1024 388 1842 2411
9357 4 2 1 1 2024 2157 1423 2347
9358 4 2 1 1 1467 1874 2038 2311
9359 4 2 1 1 263 1677 224 2249
9360 4 2 1 1 1347 1297 1352 1945
9361 4 2 1 1 1249 2280 1796 2432
9362 4 2 1 1 449 448 1641 2419
9363 4 2 1 1 1880 1885 1530 2364
9364 4 2 1 1 1560 2204 1692 2424
9365 4 2 1 1 1426 1692 2204 2424
9366 4 2 1 1 848 936 1954 2027
9367 4 2 1 1 1033 288 1286 1854
9368 4 2 1 1 1543 1660 2129 2289
9369 4 2 1 1 1517 1781 2095 2371
9370 4 2 1 1 1318 1127 1317 1869
9371 4 2 1 1 1581 2049 1977 2456
9372 4 2 1 1 1426 2204 2092 2424
9373 4 2 1 1 1055 1054 1765 2111
9374 4 2 1 1 1091 1087 1306 1987
9375 4 2 1 1 1495 2177 1666 2392
9376 4 2 1 1 1617 1519 1994 2183
9377 4 2 1 1 252 275 260 2189
9378 4 2 1 1 1477 2231 1803 2422
9379 4 2 1 1 1367 289 1911 2316
9380 4 2 1 1 1621 2079 1562 2297
9381 4 2 1 1 611 1888 525 1990
9382 4 2 1 1 1060 1058 1059 1809
9383 4 2 1 1 1116 1115 1094 2197
9384 4 2 1 1 1115 1129 1311 2197
9385 4 2 1 1 774 1941 919 2369
9386 4 2 1 1 1633 1976 1073 2401
9387 4 2 1 1 1489 1914 1915 2076
9388 4 2 1 1 1144 2363 1894 2368
9389 4 2 1 1 656 835 837 1649
9390 4 2 1 1 795 792 2116 2412
9391 4 2 1 1 268 1794 182 2390
9392 4 2 1 1 585 629 283 1806
9393 4 2 1 1 557 2325 1712 2379
9394 4 2 1 1 1790 2141 1681 2151
9395 4 2 1 1 1414 2093 2037 2451
9396 4 2 1 1 1526 1973 1715 2142
9397 4 2 1 1 1904 2041 1487 2192
9398 4 2 1 1 1151 1131 1325 1766
9399 4 2 1 1 1243 1032 1385 1996
9400 4 2 1 1 1697 2155 1520 2295
9401 4 2 1 1 291 379 369 1823
9402 4 2 1 1 1433 2005 1815 2353
9403 4 2 1 1 1904 2041 1561 2261
9404 4 2 1 1 1076 2047 1079 2136
9405 4 2 1 1 890 1927 1708 2459
9406 4 2 1 1 443 2217 441 2218
9407 4 2 1 1 1482 2074 1942 2085
9408 4 2 1 1 1574 1902 1691 2451
9409 4 2 1 1 1758 2343 2225 2397
9410 4 2 1 1 1465 1969 1769 2455
9411 4 2 1 1 750 734 749 1997
9412 4 2 1 1 1652 1933 1592 2186
9413 4 2 1 1 1527 1821 1742 1969
9414 4 2 1 1 1191 1334 1752 2220
9415 4 2 1 1 1466 2382 2195 2418
9416 4 2 1 1 900 723 857 1832
9417 4 2 1 1 1187 2172 1337 2461
9418 4 2 1 1 1483 1866 1955 2429
9419 4 2 1 1 1417 1856 1730 2246
9420 4 2 1 1 1672 2033 1731 2241
9421 4 2 1 1 217 218 215 1827
9422 4 2 1 1 822 1927 1884 2303
9423 4 2 1 1 1538 2219 1622 2398
9424 4 2 1 1 1623 1649 2187 2416
9425 4 2 1 1 348 1936 336 2164
9426 4 2 1 1 1142 2202 1699 2324
9427 4 2 1 1 1527 1775 1693 2374
9428 4 2 1 1 1896 2080 1650 2255
9429 4 2 1 1 1248 2205 1314 2280
9430 4 2 1 1 1500 1612 2102 2363
9431 4 2 1 1 788 1746 787 2375
9432 4 2 1 1 1182 1872 1183 2410
9433 4 2 1 1 1171 1167 1374 1701
9434 4 2 1 1 309 1943 308 2086
9435 4 2 1 1 1612 2087 1847 2254
9436 4 2 1 1 1467 2038 1868 2311
9437 4 2 1 1 1696 2196 1985 2251
9438 4 2 1 1 1731 1841 1672 2468
9439 4 2 1 1 979 645 980 1726
9440 4 2 1 1 802 946 2002 2194
9441 4 2 1 1 1271 2175 1922 2319
9442 4 2 1 1 890 751 761 1708
9443 4 2 1 1 1514 2067 1859 2278
9444 4 2 1 1 1517 2275 1676 2326
9445 4 2 1 1 1600 1661 1935 2122
9446 4 2 1 1 336 338 337 2367
9447 4 2 1 1 1537 1849 1702 2310
9448 4 2 1 1 352 1787 351 2086
9449 4 2 1 1 1495 2099 2019 2332
9450 4 2 1 1 1489 2109 1914 2159
9451 4 2 1 1 1545 2118 2080 2239
9452 4 2 1 1 992 834 948 1627
9453 4 2 1 1 1759 1497 2129 2289
9454 4 2 1 1 1103 1691 2315 2395
9455 4 2 1 1 1502 1665 1895 1975
9456 4 2 1 1 1368 1237 1379 1823
9457 4 2 1 1 765 1975 1786 2430
9458 4 2 1 1 876 795 1877 2412
9459 4 2 1 1 1575 2097 1900 2440
9460 4 2 1 1 1540 2053 1895 2457
9461 4 2 1 1 1445 1687 2228 2454
9462 4 2 1 1 1488 2061 1950 2323
9463 4 2 1 1 1251 1727 2032 2358
9464 4 2 1 1 1235 2107 1351 2254
9465 4 2 1 1 1546 1974 1610 2344
9466 4 2 1 1 1630 2237 1858 2273
9467 4 2 1 1 1307 1306 1320 1987
9468 4 2 1 1 1505 1858 2237 2273
9469 4 2 1 1 1465 1988 1958 2330
9470 4 2 1 1 1908 1424 2050 2317
9471 4 2 1 1 410 464 1893 2058
9472 4 2 1 1 1424 1609 2006 2130
9473 4 2 1 1 772 915 927 1961
9474 4 2 1 1 976 387 646 1973
9475 4 2 1 1 1624 1568 2286 2413
9476 4 2 1 1 601 1678 526 2161
9477 4 2 1 1 1745 2016 1810 2271
9478 4 2 1 1 1020 1002 644 1767
9479 4 2 1 1 1923 1938 1583 2153
9480 4 2 1 1 1108 2315 1801 2395
9481 4 2 1 1 366 392 301 1989
9482 4 2 1 1 1531 1752 1878 2404
9483 4 2 1 1 292 1776 389 2208
9484 4 2 1 1 1441 1818 1856 2077
9485 4 2 1 1 1697 1957 1520 2155
9486 4 2 1 1 1594 1907 1827 2003
9487 4 2 1 1 1470 1849 1702 2318
9488 4 2 1 1 1735 2162 1299 2176
9489 4 2 1 1 708 699 902 1926
9490 4 2 1 1 276 1047 1050 2146
9491 4 2 1 1 1529 1964 1907 2147
9492 4 2 1 1 1925 2059 1331 2359
9493 4 2 1 1 774 2369 1625 2431
9494 4 2 1 1 1127 1120 1104 1902
9495 4 2 1 1 1121 1128 2125 2243
9496 4 2 1 1 1846 1915 589 2379
9497 4 2 1 1 1511 1797 1713 2458
9498 4 2 1 1 1616 1953 1928 2284
9499 4 2 1 1 1667 2193 1763 2212
9500 4 2 1 1 846 1012 1836 2303
9501 4 2 1 1 1598 2013 1614 2065
9502 4 2 1 1 1475 1807 1776 2260
9503 4 2 1 1 1079 2136 2047 2298
9504 4 2 1 1 363 1650 382 2064
9505 4 2 1 1 1483 1955 1778 2046
9506 4 2 1 1 1836 2303 1497 2329
9507 4 2 1 1 726 1985 943 2196
9508 4 2 1 1 670 2225 746 2397
9509 4 2 1 1 463 1923 1707 2153
9510 4 2 1 1 1704 2126 341 2367
9511 4 2 1 1 1923 2058 1502 2354
9512 4 2 1 1 1636 1532 1870 2445
9513 4 2 1 1 1512 1755 2397 2443
9514 4 2 1 1 878 827 828 2156
9515 4 2 1 1 1409 1705 2129 2439
9516 4 2 1 1 1140 1153 1154 1934
9517 4 2 1 1 2002 2165 1591 2194
9518 4 2 1 1 496 1040 403 1749
9519 4 2 1 1 1529 2147 1609 2207
9520 4 2 1 1 472 1736 446 2419
9521 4 2 1 1 1636 2114 702 2272
9522 4 2 1 1 1773 1604 2175 2319
9523 4 2 1 1 1499 1985 2196 2251
9524 4 2 1 1 345 395 298 1715
9525 4 2 1 1 1489 1652 1915 2379
9526 4 2 1 1 549 1718 547 2253
9527 4 2 1 1 701 893 894 2443
9528 4 2 1 1 1696 1619 2251 2356
9529 4 2 1 1 1521 1774 2009 2362
9530 4 2 1 1 1666 1858 1505 2273
9531 4 2 1 1 1435 1858 1666 2273
9532 4 2 1 1 1772 1883 577 2359
9533 4 2 1 1 1712 1933 1489 2379
9534 4 2 1 1 663 2349 1939 2469
9535 4 2 1 1 1751 2429 1421 2454
9536 4 2 1 1 1669 2147 1567 2384
9537 4 2 1 1 755 732 931 2210
9538 4 2 1 1 1385 1779 1996 2305
9539 4 2 1 1 1669 1863 1540 2050
9540 4 2 1 1 254 2003 2078 2385
9541 4 2 1 1 866 868 867 1949
9542 4 2 1 1 661 1018 971 1707
9543 4 2 1 1 1566 1600 2070 2117
9544 4 2 1 1 763 2289 1759 2467
9545 4 2 1 1 1112 1757 1113 2182
9546 4 2 1 1 772 757 736 1961
9547 4 2 1 1 1170 1225 1218 2453
9548 4 2 1 1 1764 1602 2120 2357
9549 4 2 1 1 1819 1976 1085 2256
9550 4 2 1 1 1485 1601 2135 2252
9551 4 2 1 1 1504 2111 1765 2128
9552 4 2 1 1 605 300 79 531
9553 4 2 1 1 273 1025 1350 1944
9554 4 2 1 1 1538 1755 2144 2219
9555 4 2 1 1 806 776 897 2149
9556 4 2 1 1 353 1787 1383 2106
9557 4 2 1 1 463 465 419 1707
9558 4 2 1 1 761 890 1708 2459
9559 4 2 1 1 1055 1054 1053 1765
9560 4 2 1 1 2016 2271 1618 2294
9561 4 2 1 1 1504 2039 2025 2157
9562 4 2 1 1 1766 1894 1454 1962
9563 4 2 1 1 1550 1997 1965 2435
9564 4 2 1 1 1485 2024 1682 2252
9565 4 2 1 1 645 1726 979 2337
9566 4 2 1 1 1844 1498 2134 2263
9567 4 2 1 1 1495 1666 1817 2392
9568 4 2 1 1 1428 1676 2250 2275
9569 4 2 1 1 1499 2196 1696 2251
9570 4 2 1 1 392 376 1989 2126
9571 4 2 1 1 1460 1689 1979 2244
9572 4 2 1 1 1047 1806 1231 2146
9573 4 2 1 1 1234 1914 1205 2076
9574 4 2 1 1 668 877 746 2225
9575 4 2 1 1 1388 1212 1284 2014
9576 4 2 1 1 633 1767 574 2265
9577 4 2 1 1 972 994 367 2073
9578 4 2 1 1 179 247 640 1816
9579 4 2 1 1 1415 2010 2221 2435
9580 4 2 1 1 534 33 259 581
9581 4 2 1 1 1479 1674 1972 2030
9582 4 2 1 1 1511 2165 2002 2194
9583 4 2 1 1 1469 1673 1965 2000
9584 4 2 1 1 1228 1850 1197 2413
9585 4 2 1 1 193 194 195 1692
9586 4 2 1 1 1638 2045 1576 2333
9587 4 2 1 1 477 1039 1401 2216
9588 4 2 1 1 1427 1610 2122 2308
9589 4 2 1 1 420 419 10 2153
9590 4 2 1 1 1441 2345 1611 2370
9591 4 2 1 1 1519 1617 2026 2183
9592 4 2 1 1 637 407 110 479
9593 4 2 1 1 433 1637 436 2291
9594 4 2 1 1 1914 2109 1549 2159
9595 4 2 1 1 180 1876 255 2189
9596 4 2 1 1 1020 832 1767 2238
9597 4 2 1 1 1874 2038 1521 2410
9598 4 2 1 1 658 984 2282 2405
9599 4 2 1 1 1459 1750 2172 2199
9600 4 2 1 1 2038 2320 1556 2403
9601 4 2 1 1 1463 2006 1658 2317
9602 4 2 1 1 1461 1650 1896 2337
9603 4 2 1 1 248 267 1900 2097
9604 4 2 1 1 1546 1610 2308 2344
9605 4 2 1 1 1499 1993 1795 2465
9606 4 2 1 1 774 1625 2430 2431
9607 4 2 1 1 1421 1738 2090 2224
9608 4 2 1 1 1190 1338 1329 1744
9609 4 2 1 1 1463 1863 1781 2066
9610 4 2 1 1 1575 2211 1622 2398
9611 4 2 1 1 1129 2197 1130 2363
9612 4 2 1 1 1546 2126 1704 2367
9613 4 2 1 1 1569 1999 2321 2417
9614 4 2 1 1 1688 1878 1531 2031
9615 4 2 1 1 1745 1471 2016 2179
9616 4 2 1 1 765 1786 886 2430
9617 4 2 1 1 1846 1914 1557 2276
9618 4 2 1 1 1944 2075 1513 2277
9619 4 2 1 1 1275 1274 1276 2132
9620 4 2 1 1 1489 1846 1914 2109
9621 4 2 1 1 1519 2120 1905 2357
9622 4 2 1 1 283 629 1403 1806
9623 4 2 1 1 693 1724 899 2350
9624 4 2 1 1 1813 1997 1526 2421
9625 4 2 1 1 1666 2177 1858 2392
9626 4 2 1 1 1020 832 834 1767
9627 4 2 1 1 760 788 787 2375
9628 4 2 1 1 420 10 235 2153
9629 4 2 1 1 778 852 1722 2196
9630 4 2 1 1 300 605 79 374
9631 4 2 1 1 1175 1930 2020 2296
9632 4 2 1 1 216 1827 215 2407
9633 4 2 1 1 1974 2020 1473 2396
9634 4 2 1 1 1735 1885 1447 1937
9635 4 2 1 1 1166 1366 1203 1690
9636 4 2 1 1 185 259 33 581
9637 4 2 1 1 853 723 900 2463
9638 4 2 1 1 1825 2134 1670 2378
9639 4 2 1 1 1513 2141 1681 2450
9640 4 2 1 1 320 361 2011 2171
9641 4 2 1 1 1893 2058 1502 2348
9642 4 2 1 1 1463 2285 1910 2384
9643 4 2 1 1 262 234 285 1728
9644 4 2 1 1 1759 1497 2289 2303
9645 4 2 1 1 1689 2155 1520 2442
9646 4 2 1 1 545 547 1871 2253
9647 4 2 1 1 555 553 556 2043
9648 4 2 1 1 1496 1825 1670 2378
9649 4 2 1 1 1474 1719 1801 2093
9650 4 2 1 1 1492 1611 2242 2345
9651 4 2 1 1 352 1787 2086 2466
9652 4 2 1 1 1763 1462 1844 2193
9653 4 2 1 1 1511 2041 1904 2261
9654 4 2 1 1 1737 2128 2025 2372
9655 4 2 1 1 1822 1880 1530 2364
9656 4 2 1 1 785 990 758 1807
9657 4 2 1 1 539 542 576 2341
9658 4 2 1 1 351 1787 353 2106
9659 4 2 1 1 1116 1756 1254 2102
9660 4 2 1 1 201 202 1862 2185
9661 4 2 1 1 307 304 2282 2405
9662 4 2 1 1 222 1710 221 2145
9663 4 2 1 1 1280 25 250 1042
9664 4 2 1 1 293 384 986 2389
9665 4 2 1 1 1687 1421 2429 2454
9666 4 2 1 1 754 736 757 2430
9667 4 2 1 1 1924 2219 1737 2343
9668 4 2 1 1 1913 1956 1466 2418
9669 4 2 1 1 1670 2134 2015 2378
9670 4 2 1 1 846 845 1759 2339
9671 4 2 1 1 1512 1924 1687 2228
9672 4 2 1 1 869 580 1949 2258
9673 4 2 1 1 1112 1332 1113 1757
9674 4 2 1 1 443 441 442 2218
9675 4 2 1 1 1482 1932 2124 2166
9676 4 2 1 1 313 315 1798 2138
9677 4 2 1 1 360 328 343 2035
9678 4 2 1 1 1524 2080 1896 2255
9679 4 2 1 1 583 582 584 2366
9680 4 2 1 1 965 1913 925 2418
9681 4 2 1 1 1459 1953 1616 2284
9682 4 2 1 1 1577 2067 1720 2366
9683 4 2 1 1 1256 1257 1947 2464
9684 4 2 1 1 260 275 256 1707
9685 4 2 1 1 438 470 517 1884
9686 4 2 1 1 1412 1818 1658 2428
9687 4 2 1 1 1526 1997 1813 2436
9688 4 2 1 1 1035 1402 1240 1906
9689 4 2 1 1 851 849 2048 2057
9690 4 2 1 1 693 699 700 1926
9691 4 2 1 1 1416 1951 1761 2088
9692 4 2 1 1 1880 1885 1735 2162
9693 4 2 1 1 1041 1391 1947 2446
9694 4 2 1 1 204 1929 268 2248
9695 4 2 1 1 1221 1787 1371 2278
9696 4 2 1 1 1664 1557 1846 2109
9697 4 2 1 1 330 1760 332 2094
9698 4 2 1 1 1499 1993 1722 2201
9699 4 2 1 1 1020 998 832 2238
9700 4 2 1 1 542 529 576 1649
9701 4 2 1 1 1121 1128 1114 2125
9702 4 2 1 1 1555 2163 1873 2470
9703 4 2 1 1 1167 1374 1701 2373
9704 4 2 1 1 1021 1836 1012 2303
9705 4 2 1 1 316 318 319 1777
9706 4 2 1 1 551 1664 552 2335
9707 4 2 1 1 760 1837 731 2375
9708 4 2 1 1 1493 2234 1703 2432
9709 4 2 1 1 2141 2151 1790 2390
9710 4 2 1 1 505 471 1698 2446
9711 4 2 1 1 339 2281 2094 2449
9712 4 2 1 1 657 280 183 2469
9713 4 2 1 1 1420 2219 1747 2398
9714 4 2 1 1 1493 1796 2234 2432
9715 4 2 1 1 1453 1765 2128 2204
9716 4 2 1 1 817 845 763 1759
9717 4 2 1 1 434 1810 433 2291
9718 4 2 1 1 278 231 1785 2190
9719 4 2 1 1 1636 2027 702 2114
9720 4 2 1 1 1908 2006 1503 2130
9721 4 2 1 1 495 460 430 2271
9722 4 2 1 1 1445 2025 1737 2361
9723 4 2 1 1 1423 1731 2241 2468
9724 4 2 1 1 602 1971 604 2001
9725 4 2 1 1 706 694 933 2212
9726 4 2 1 1 93 368 904 907
9727 4 2 1 1 654 47 916 253
9728 4 2 1 1 1371 1787 1221 2466
9729 4 2 1 1 694 2023 695 2212
9730 4 2 1 1 983 1813 836 2436
9731 4 2 1 1 553 552 551 1664
9732 4 2 1 1 1469 1903 1629 2010
9733 4 2 1 1 222 223 221 1710
9734 4 2 1 1 1759 2289 1660 2467
9735 4 2 1 1 925 784 927 1913
9736 4 2 1 1 975 974 635 1776
9737 4 2 1 1 861 1789 809 2339
9738 4 2 1 1 182 246 1794 2141
9739 4 2 1 1 1830 1851 1510 2176
9740 4 2 1 1 1526 2227 1965 2328
9741 4 2 1 1 1722 1599 2201 2279
9742 4 2 1 1 797 1843 871 2082
9743 4 2 1 1 64 1368 1379 379
9744 4 2 1 1 1575 1622 2267 2398
9745 4 2 1 1 1420 1747 1855 2398
9746 4 2 1 1 958 957 879 1816
9747 4 2 1 1 1608 1485 2135 2169
9748 4 2 1 1 500 1942 411 2074
9749 4 2 1 1 1439 2021 1675 2330
9750 4 2 1 1 779 960 926 2178
9751 4 2 1 1 1685 1576 2039 2157
9752 4 2 1 1 1818 2417 2030 2428
9753 4 2 1 1 1618 2271 1967 2294
9754 4 2 1 1 1967 2271 1515 2294
9755 4 2 1 1 1073 1316 1068 2437
9756 4 2 1 1 1426 2169 1608 2266
9757 4 2 1 1 886 774 2430 2431
9758 4 2 1 1 397 1016 514 1814
9759 4 2 1 1 790 1733 951 2331
9760 4 2 1 1 1190 1188 1227 2376
9761 4 2 1 1 1510 1635 1880 2162
9762 4 2 1 1 1681 2300 1805 2414
9763 4 2 1 1 1114 2044 1113 2125
9764 4 2 1 1 1494 1875 1639 2158
9765 4 2 1 1 729 722 2019 2400
9766 4 2 1 1 1464 1934 1624 2314
9767 4 2 1 1 496 2014 1749 2198
9768 4 2 1 1 1112 2182 1126 2427
9769 4 2 1 1 1212 1749 1284 2014
9770 4 2 1 1 721 707 706 2023
9771 4 2 1 1 188 1707 256 2153
9772 4 2 1 1 785 975 990 1807
9773 4 2 1 1 1540 1669 2050 2457
9774 4 2 1 1 1074 1072 1075 2206
9775 4 2 1 1 1635 1982 1115 2197
9776 4 2 1 1 814 962 963 1784
9777 4 2 1 1 975 820 974 1776
9778 4 2 1 1 683 682 1768 2193
9779 4 2 1 1 1745 1838 1522 2216
9780 4 2 1 1 192 2001 191 2236
9781 4 2 1 1 1611 1569 2259 2321
9782 4 2 1 1 1547 1939 2236 2266
9783 4 2 1 1 586 583 521 1883
9784 4 2 1 1 1488 1950 1842 2089
9785 4 2 1 1 1780 2259 1569 2386
9786 4 2 1 1 1566 1989 1940 2126
9787 4 2 1 1 1177 2020 1974 2396
9788 4 2 1 1 592 633 574 2265
9789 4 2 1 1 934 894 893 2018
9790 4 2 1 1 1512 2343 1758 2397
9791 4 2 1 1 1284 1040 496 1749
9792 4 2 1 1 1509 1746 2062 2116
9793 4 2 1 1 1569 2095 1611 2259
9794 4 2 1 1 1423 1892 1731 2468
9795 4 2 1 1 760 2069 1837 2375
9796 4 2 1 1 1961 2168 728 2242
9797 4 2 1 1 955 873 766 2048
9798 4 2 1 1 757 881 765 1975
9799 4 2 1 1 1576 2157 1685 2423
9800 4 2 1 1 1456 1679 1936 2164
9801 4 2 1 1 540 1966 537 2366
9802 4 2 1 1 185 190 191 2001
9803 4 2 1 1 850 1952 849 2057
9804 4 2 1 1 578 2059 546 2359
9805 4 2 1 1 331 386 329 2316
9806 4 2 1 1 1922 2175 1604 2319
9807 4 2 1 1 1328 1111 1337 2172
9808 4 2 1 1 1639 1498 2123 2350
9809 4 2 1 1 1517 1941 1708 2326
9810 4 2 1 1 1022 128 413 1290
9811 4 2 1 1 774 995 919 1941
9812 4 2 1 1 1080 1079 1081 2136
9813 4 2 1 1 1131 1766 2363 2368
9814 4 2 1 1 1759 2129 1660 2289
9815 4 2 1 1 1712 2325 1933 2379
9816 4 2 1 1 1557 1914 1846 2109
9817 4 2 1 1 1420 1855 1747 2234
9818 4 2 1 1 1606 1667 2099 2177
9819 4 2 1 1 820 975 785 2260
9820 4 2 1 1 1905 2120 1602 2357
9821 4 2 1 1 203 1790 206 2097
9822 4 2 1 1 215 216 217 1827
9823 4 2 1 1 1495 2099 1666 2177
9824 4 2 1 1 782 926 2178 2409
9825 4 2 1 1 660 1814 840 2103
9826 4 2 1 1 937 924 880 1999
9827 4 2 1 1 740 1780 743 2393
9828 4 2 1 1 1665 1975 1502 2348
9829 4 2 1 1 1308 2045 1102 2333
9830 4 2 1 1 372 1940 376 2126
9831 4 2 1 1 460 495 408 1998
9832 4 2 1 1 1447 1735 1880 1885
9833 4 2 1 1 1501 2156 1845 2245
9834 4 2 1 1 780 895 958 2211
9835 4 2 1 1 2022 2320 1641 2346
9836 4 2 1 1 1452 2320 2022 2346
9837 4 2 1 1 1447 1822 1732 2364
9838 4 2 1 1 687 686 1763 2193
9839 4 2 1 1 1038 1282 1393 2223
9840 4 2 1 1 824 825 807 1775
9841 4 2 1 1 1638 2052 1539 2257
9842 4 2 1 1 623 571 1906 2068
9843 4 2 1 1 244 173 271 1694
9844 4 2 1 1 1150 1245 1164 1847
9845 4 2 1 1 1243 1242 1240 2226
9846 4 2 1 1 1446 2151 1855 2440
9847 4 2 1 1 1844 2134 1763 2263
9848 4 2 1 1 1364 1036 1380 1989
9849 4 2 1 1 1622 2144 1512 2219
9850 4 2 1 1 437 470 1803 2217
9851 4 2 1 1 1187 2355 2172 2461
9852 4 2 1 1 1473 1890 1754 2110
9853 4 2 1 1 1463 1781 1863 2317
9854 4 2 1 1 1920 2135 1601 2252
9855 4 2 1 1 1510 1851 1830 2380
9856 4 2 1 1 1837 2069 1523 2232
9857 4 2 1 1 1531 1972 1674 2030
9858 4 2 1 1 1947 2173 409 2446
9859 4 2 1 1 1382 1234 1217 1915
9860 4 2 1 1 1065 1066 1064 2052
9861 4 2 1 1 1699 1516 1917 2358
9862 4 2 1 1 1462 2015 1670 2134
9863 4 2 1 1 762 751 890 1927
9864 4 2 1 1 1794 1929 1493 2390
9865 4 2 1 1 1214 1387 1183 1872
9866 4 2 1 1 1695 2072 1951 2470
9867 4 2 1 1 1794 1493 1929 2432
9868 4 2 1 1 1275 1039 2154 2216
9869 4 2 1 1 1497 2217 1836 2329
9870 4 2 1 1 747 1861 2195 2409
9871 4 2 1 1 947 1899 852 2196
9872 4 2 1 1 753 935 1903 2331
9873 4 2 1 1 604 530 581 2001
9874 4 2 1 1 230 189 192 2236
9875 4 2 1 1 251 277 1706 2319
9876 4 2 1 1 1566 1989 2126 2308
9877 4 2 1 1 836 764 1813 2098
9878 4 2 1 1 1420 2398 1855 2447
9879 4 2 1 1 858 756 860 2112
9880 4 2 1 1 1723 2206 1530 2365
9881 4 2 1 1 1332 1757 1112 2427
9882 4 2 1 1 822 1001 1021 1884
9883 4 2 1 1 727 1867 728 2168
9884 4 2 1 1 1225 1883 1218 2453
9885 4 2 1 1 1740 1968 1521 2009
9886 4 2 1 1 11 420 184 415
9887 4 2 1 1 1743 1469 2010 2435
9888 4 2 1 1 1159 1196 1253 1957
9889 4 2 1 1 264 263 19 1030
9890 4 2 1 1 1186 1697 1161 2355
9891 4 2 1 1 1528 2096 2300 2414
9892 4 2 1 1 1481 2130 1907 2391
9893 4 2 1 1 1825 2088 1498 2378
9894 4 2 1 1 1794 1944 1513 2277
9895 4 2 1 1 1423 1731 1892 2423
9896 4 2 1 1 1743 2010 1469 2012
9897 4 2 1 1 486 1898 488 1984
9898 4 2 1 1 1469 1919 1903 2209
9899 4 2 1 1 1035 1240 1239 1906
9900 4 2 1 1 1477 1980 1620 2439
9901 4 2 1 1 1445 1860 1809 2361
9902 4 2 1 1 508 443 1836 2217
9903 4 2 1 1 1463 1863 2066 2384
9904 4 2 1 1 1784 1861 1466 2418
9905 4 2 1 1 251 1706 225 2385
9906 4 2 1 1 1501 1778 2156 2245
9907 4 2 1 1 1692 2042 1560 2262
9908 4 2 1 1 763 1759 845 2467
9909 4 2 1 1 798 801 945 2124
9910 4 2 1 1 1260 1254 1116 1756
9911 4 2 1 1 1112 1113 1106 2182
9912 4 2 1 1 688 1960 691 2350
9913 4 2 1 1 1482 1932 2166 2342
9914 4 2 1 1 1569 2307 1999 2417
9915 4 2 1 1 1441 1818 2345 2370
9916 4 2 1 1 1177 1974 1201 2396
9917 4 2 1 1 814 1861 1784 2418
9918 4 2 1 1 1818 2077 1658 2428
9919 4 2 1 1 886 2430 1786 2431
9920 4 2 1 1 1412 2031 1648 2406
9921 4 2 1 1 729 747 748 2195
9922 4 2 1 1 1514 1787 2278 2466
9923 4 2 1 1 1419 1613 2143 2378
9924 4 2 1 1 1166 1948 1690 2433
9925 4 2 1 1 1463 1910 1811 2006
9926 4 2 1 1 1803 2131 1620 2439
9927 4 2 1 1 1477 1620 2131 2439
9928 4 2 1 1 1596 2123 1875 2158
9929 4 2 1 1 1443 1870 1954 2386
9930 4 2 1 1 909 931 1833 2167
9931 4 2 1 1 276 30 1050 1047
9932 4 2 1 1 1374 1911 1701 2373
9933 4 2 1 1 1613 1498 2088 2378
9934 4 2 1 1 1398 1048 489 2070
9935 4 2 1 1 1549 1914 2159 2461
9936 4 2 1 1 238 283 1047 1806
9937 4 2 1 1 824 807 823 2191
9938 4 2 1 1 1853 2092 1468 2157
9939 4 2 1 1 311 1973 344 2142
9940 4 2 1 1 184 239 12 415
9941 4 2 1 1 944 773 899 2352
9942 4 2 1 1 1577 1683 2067 2366
9943 4 2 1 1 746 950 2144 2211
9944 4 2 1 1 1571 2206 1885 2364
9945 4 2 1 1 1673 1965 1526 1997
9946 4 2 1 1 1268 1356 1358 1829
9947 4 2 1 1 875 876 795 1877
9948 4 2 1 1 803 804 1789 2309
9949 4 2 1 1 1496 1670 1825 2434
9950 4 2 1 1 1460 2149 1634 2244
9951 4 2 1 1 905 904 645 2337
9952 4 2 1 1 1022 1400 1290 1698
9953 4 2 1 1 675 673 1955 2460
9954 4 2 1 1 1660 1543 2129 2264
9955 4 2 1 1 225 223 222 1710
9956 4 2 1 1 339 1911 331 2094
9957 4 2 1 1 1420 1622 2219 2267
9958 4 2 1 1 773 944 923 2123
9959 4 2 1 1 1113 1332 1122 1757
9960 4 2 1 1 1251 1335 1330 1727
9961 4 2 1 1 1632 2005 1815 2323
9962 4 2 1 1 1801 2093 1480 2395
9963 4 2 1 1 236 1806 238 2146
9964 4 2 1 1 1827 2391 1589 2407
9965 4 2 1 1 1667 2193 1768 2388
9966 4 2 1 1 785 1807 2069 2260
9967 4 2 1 1 1842 1950 1488 2373
9968 4 2 1 1 1262 1849 1194 2243
9969 4 2 1 1 71 1286 1033 288
9970 4 2 1 1 1618 2294 1786 2301
9971 4 2 1 1 1297 1264 1065 2462
9972 4 2 1 1 1411 1991 1795 1993
9973 4 2 1 1 2093 2184 1691 2451
9974 4 2 1 1 1739 1983 1434 2444
9975 4 2 1 1 1339 1977 1246 2456
9976 4 2 1 1 971 1707 465 2058
9977 4 2 1 1 817 1759 763 2289
9978 4 2 1 1 1211 1359 1216 1865
9979 4 2 1 1 669 670 1758 2225
9980 4 2 1 1 1156 1197 1155 2108
9981 4 2 1 1 1437 1641 2022 2320
9982 4 2 1 1 1415 2221 2115 2435
9983 4 2 1 1 330 333 332 1760
9984 4 2 1 1 1709 1459 1969 2199
9985 4 2 1 1 1523 2232 2069 2353
9986 4 2 1 1 246 182 1794 2390
9987 4 2 1 1 1780 2386 1569 2406
9988 4 2 1 1 1649 1536 2292 2341
9989 4 2 1 1 1757 2044 1448 2125
9990 4 2 1 1 637 1012 1021 1836
9991 4 2 1 1 1622 2083 1575 2267
9992 4 2 1 1 1703 2234 1796 2432
9993 4 2 1 1 43 178 642 963
9994 4 2 1 1 840 1814 994 2073
9995 4 2 1 1 872 985 973 1959
9996 4 2 1 1 591 551 614 2240
9997 4 2 1 1 773 2350 899 2352
9998 4 2 1 1 1477 2131 1803 2439
9999 4 2 1 1 1514 2278 2360 2466
10000 4 2 1 1 941 755 852 2065
10001 4 2 1 1 1620 1980 1868 2329
10002 4 2 1 1 1724 2054 1960 2272
10003 4 2 1 1 1609 2006 2130 2170
10004 4 2 1 1 1503 2130 2006 2170
10005 4 2 1 1 1564 2262 1806 2452
10006 4 2 1 1 1304 1043 1052 1785
10007 4 2 1 1 743 1780 719 2393
10008 4 2 1 1 956 951 790 1733
10009 4 2 1 1 448 2403 1641 2419
10010 4 2 1 1 1168 1324 1244 1799
10011 4 2 1 1 1834 1840 1458 2191
10012 4 2 1 1 1534 1950 2061 2323
10013 4 2 1 1 1449 1769 1821 2455
10014 4 2 1 1 1898 1940 372 2126
10015 4 2 1 1 1622 2144 1538 2211
10016 4 2 1 1 403 476 497 1734
10017 4 2 1 1 1415 1689 1824 2442
10018 4 2 1 1 863 893 701 1755
10019 4 2 1 1 1490 1992 1710 2145
10020 4 2 1 1 1315 1252 1326 2032
10021 4 2 1 1 301 392 376 1989
10022 4 2 1 1 1443 1878 1688 2406
10023 4 2 1 1 1498 1960 1724 2054
10024 4 2 1 1 17 175 1267 1037
10025 4 2 1 1 623 2017 603 2068
10026 4 2 1 1 437 2131 1803 2381
10027 4 2 1 1 1641 1556 2320 2403
10028 4 2 1 1 894 676 674 2443
10029 4 2 1 1 1322 1859 1219 2278
10030 4 2 1 1 1632 1475 2005 2290
10031 4 2 1 1 1496 2136 1723 2434
10032 4 2 1 1 1636 2180 2054 2445
10033 4 2 1 1 1550 1997 1813 2421
10034 4 2 1 1 309 310 355 2086
10035 4 2 1 1 1618 1967 1786 2294
10036 4 2 1 1 1927 2289 1497 2303
10037 4 2 1 1 384 1800 986 2389
10038 4 2 1 1 1677 2078 1529 2207
10039 4 2 1 1 1549 1668 2159 2199
10040 4 2 1 1 780 1881 770 2211
10041 4 2 1 1 478 505 413 1698
10042 4 2 1 1 1842 2089 1950 2351
10043 4 2 1 1 558 620 555 2043
10044 4 2 1 1 1517 2095 1867 2371
10045 4 2 1 1 94 296 645 904
10046 4 2 1 1 879 48 654 181
10047 4 2 1 1 1484 1685 2347 2423
10048 4 2 1 1 241 199 2185 2420
10049 4 2 1 1 1908 2006 1424 2317
10050 4 2 1 1 1779 2270 1484 2347
10051 4 2 1 1 434 431 433 1810
10052 4 2 1 1 1462 2193 1667 2388
10053 4 2 1 1 717 711 712 2299
10054 4 2 1 1 1675 2021 1958 2330
10055 4 2 1 1 744 730 2019 2332
10056 4 2 1 1 1603 2220 2040 2404
10057 4 2 1 1 1271 1922 1049 2319
10058 4 2 1 1 786 844 1997 2436
10059 4 2 1 1 1901 2194 1607 2412
10060 4 2 1 1 369 2281 339 2449
10061 4 2 1 1 1412 1688 2406 2417
10062 4 2 1 1 1723 2136 1603 2434
10063 4 2 1 1 948 992 1627 2340
10064 4 2 1 1 1609 2130 2107 2170
10065 4 2 1 1 1304 1785 1336 2190
10066 4 2 1 1 1877 2116 875 2375
10067 4 2 1 1 1290 1400 1229 1698
10068 4 2 1 1 728 1961 736 2168
10069 4 2 1 1 735 727 728 2168
10070 4 2 1 1 1867 2168 727 2369
10071 4 2 1 1 1518 1820 1736 2218
10072 4 2 1 1 1495 1817 1686 2392
10073 4 2 1 1 1786 2294 1625 2301
10074 4 2 1 1 1103 1097 1104 2395
10075 4 2 1 1 228 269 249 1784
10076 4 2 1 1 334 1760 333 2164
10077 4 2 1 1 1481 2087 1694 2254
10078 4 2 1 1 1550 1965 1997 2421
10079 4 2 1 1 1294 1025 23 273
10080 4 2 1 1 2113 2383 1377 2433
10081 4 2 1 1 1508 1883 1772 1925
10082 4 2 1 1 1746 2062 1535 2290
10083 4 2 1 1 354 372 1898 1940
10084 4 2 1 1 1416 1951 2072 2470
10085 4 2 1 1 1632 2061 2037 2104
10086 4 2 1 1 338 1704 341 2367
10087 4 2 1 1 1506 2083 1622 2267
10088 4 2 1 1 1443 2307 1870 2386
10089 4 2 1 1 203 205 1790 2248
10090 4 2 1 1 1244 1799 1324 2315
10091 4 2 1 1 744 745 730 2332
10092 4 2 1 1 1505 2237 1891 2273
10093 4 2 1 1 1891 2237 1630 2273
10094 4 2 1 1 1120 1318 1146 2071
10095 4 2 1 1 1067 1073 1068 2256
10096 4 2 1 1 1720 2278 1220 2453
10097 4 2 1 1 1541 2094 1911 2281
10098 4 2 1 1 706 721 2023 2400
10099 4 2 1 1 1351 1353 1030 2249
10100 4 2 1 1 1666 1858 1435 2392
10101 4 2 1 1 1609 2006 1910 2384
10102 4 2 1 1 1289 1040 1389 1734
10103 4 2 1 1 1529 2078 2003 2385
10104 4 2 1 1 2129 2329 1409 2439
10105 4 2 1 1 1498 1825 2054 2088
10106 4 2 1 1 1409 1868 1654 2311
10107 4 2 1 1 1208 1206 1341 2387
10108 4 2 1 1 1455 1739 1788 2444
10109 4 2 1 1 1504 2025 2128 2372
10110 4 2 1 1 1096 1108 1801 2395
10111 4 2 1 1 1420 1924 1747 2219
10112 4 2 1 1 1424 2050 1669 2457
10113 4 2 1 1 1479 1856 1818 2077
10114 4 2 1 1 1261 1849 1262 2243
10115 4 2 1 1 1447 1885 1880 2364
10116 4 2 1 1 1558 1937 1633 2256
10117 4 2 1 1 1452 1641 2320 2346
10118 4 2 1 1 1505 2018 1666 2273
10119 4 2 1 1 1481 1847 2087 2254
10120 4 2 1 1 1606 2023 2212 2370
10121 4 2 1 1 688 690 1960 2263
10122 4 2 1 1 438 515 434 2291
10123 4 2 1 1 1724 1926 1573 2272
10124 4 2 1 1 542 575 2140 2341
10125 4 2 1 1 797 818 871 1843
10126 4 2 1 1 885 1967 887 2431
10127 4 2 1 1 1869 1991 1507 2312
10128 4 2 1 1 209 1681 210 2450
10129 4 2 1 1 84 367 972 994
10130 4 2 1 1 486 418 1898 1940
10131 4 2 1 1 878 843 714 1778
10132 4 2 1 1 1434 1788 1739 2444
10133 4 2 1 1 1786 2301 1625 2430
10134 4 2 1 1 1128 1157 1716 2312
10135 4 2 1 1 753 935 734 1903
10136 4 2 1 1 1428 2250 2026 2275
10137 4 2 1 1 1452 1935 1641 2346
10138 4 2 1 1 594 1888 611 2222
10139 4 2 1 1 1568 1874 1850 2311
10140 4 2 1 1 63 291 1036 1368
10141 4 2 1 1 1490 1895 2053 2457
10142 4 2 1 1 516 1734 2131 2381
10143 4 2 1 1 89 986 643 293
10144 4 2 1 1 1574 1691 2184 2451
10145 4 2 1 1 1853 2039 1504 2157
10146 4 2 1 1 1646 2053 1540 2457
10147 4 2 1 1 1166 1690 1203 2433
10148 4 2 1 1 1538 2144 1622 2219
10149 4 2 1 1 1330 1727 1335 2408
10150 4 2 1 1 1644 1908 1552 2334
10151 4 2 1 1 1596 2015 1844 2123
10152 4 2 1 1 935 725 734 1903
10153 4 2 1 1 1716 2044 1114 2125
10154 4 2 1 1 477 1401 406 2216
10155 4 2 1 1 1907 2107 1609 2130
10156 4 2 1 1 1424 2006 1908 2130
10157 4 2 1 1 464 2058 1923 2354
10158 4 2 1 1 1682 2024 1423 2252
10159 4 2 1 1 1189 1256 1391 1947
10160 4 2 1 1 1237 1365 1379 2281
10161 4 2 1 1 1177 1201 1180 2396
10162 4 2 1 1 1980 2329 1620 2439
10163 4 2 1 1 985 977 647 1792
10164 4 2 1 1 1137 1166 1136 1948
10165 4 2 1 1 1732 1822 1447 2237
10166 4 2 1 1 1894 1962 1766 2363
10167 4 2 1 1 1492 1908 2050 2317
10168 4 2 1 1 1459 1889 1953 2295
10169 4 2 1 1 449 450 452 2085
10170 4 2 1 1 1566 1989 2308 2344
10171 4 2 1 1 706 695 694 2023
10172 4 2 1 1 1631 2248 1493 2447
10173 4 2 1 1 1532 1763 1981 2134
10174 4 2 1 1 537 2203 536 2402
10175 4 2 1 1 1452 1700 2122 2346
10176 4 2 1 1 885 887 886 2431
10177 4 2 1 1 305 2203 306 2402
10178 4 2 1 1 1385 1242 1243 1779
10179 4 2 1 1 369 385 291 1823
10180 4 2 1 1 803 2002 804 2309
10181 4 2 1 1 1410 1969 1742 2199
10182 4 2 1 1 1957 2155 1491 2442
10183 4 2 1 1 1487 2027 1636 2114
10184 4 2 1 1 2009 2084 1585 2296
10185 4 2 1 1 1716 1448 2044 2125
10186 4 2 1 1 1111 1341 1337 1750
10187 4 2 1 1 346 355 313 1995
10188 4 2 1 1 1366 1690 1166 2360
10189 4 2 1 1 338 342 341 1704
10190 4 2 1 1 229 179 1886 2420
10191 4 2 1 1 1399 1914 1234 1915
10192 4 2 1 1 565 563 600 2233
10193 4 2 1 1 1416 2163 1873 2180
10194 4 2 1 1 1742 2159 1410 2199
10195 4 2 1 1 759 758 990 2239
10196 4 2 1 1 1575 2083 1622 2211
10197 4 2 1 1 1336 1785 1977 2190
10198 4 2 1 1 1031 1367 378 1911
10199 4 2 1 1 580 2258 608 2394
10200 4 2 1 1 410 464 467 1893
10201 4 2 1 1 1429 1642 2290 2415
10202 4 2 1 1 747 1861 781 2195
10203 4 2 1 1 1486 2212 2023 2370
10204 4 2 1 1 1654 1442 1968 2041
10205 4 2 1 1 995 1941 774 2431
10206 4 2 1 1 579 601 526 2161
10207 4 2 1 1 1797 2194 1607 2458
10208 4 2 1 1 1481 1677 1907 2107
10209 4 2 1 1 1465 1709 1969 2008
10210 4 2 1 1 600 610 522 1779
10211 4 2 1 1 298 646 387 1973
10212 4 2 1 1 1640 2138 1777 2268
10213 4 2 1 1 545 546 547 2253
10214 4 2 1 1 497 468 403 1749
10215 4 2 1 1 306 308 309 1943
10216 4 2 1 1 559 561 2265 2325
10217 4 2 1 1 1566 2117 1989 2344
10218 4 2 1 1 871 818 977 1843
10219 4 2 1 1 1414 1839 2037 2093
10220 4 2 1 1 1712 2265 1808 2325
10221 4 2 1 1 225 1710 222 2385
10222 4 2 1 1 378 1911 339 2281
10223 4 2 1 1 378 1031 66 1367
10224 4 2 1 1 1675 1586 1921 2330
10225 4 2 1 1 706 933 722 2400
10226 4 2 1 1 239 461 12 415
10227 4 2 1 1 1756 2102 1116 2197
10228 4 2 1 1 1293 1819 1085 2462
10229 4 2 1 1 330 2094 1642 2377
10230 4 2 1 1 1185 1344 1774 2376
10231 4 2 1 1 1089 1314 1060 1860
10232 4 2 1 1 1566 2308 2117 2344
10233 4 2 1 1 1120 1119 1104 1902
10234 4 2 1 1 1874 2311 1568 2362
10235 4 2 1 1 1595 2017 1906 2068
10236 4 2 1 1 1128 1716 2243 2312
10237 4 2 1 1 1163 1235 1134 2107
10238 4 2 1 1 320 322 361 2171
10239 4 2 1 1 1325 1766 1131 2368
10240 4 2 1 1 1662 2089 2005 2133
10241 4 2 1 1 2005 2089 1488 2133
10242 4 2 1 1 1282 1196 1160 1957
10243 4 2 1 1 1417 1822 2150 2388
10244 4 2 1 1 479 912 1836 2188
10245 4 2 1 1 1377 1203 2113 2433
10246 4 2 1 1 1242 1216 1355 2305
10247 4 2 1 1 1118 1361 1135 2285
10248 4 2 1 1 1515 2271 2016 2294
10249 4 2 1 1 318 2064 1777 2268
10250 4 2 1 1 201 200 266 1862
10251 4 2 1 1 1219 1322 1148 1859
10252 4 2 1 1 1516 2358 1976 2401
10253 4 2 1 1 851 648 1007 2057
10254 4 2 1 1 365 1854 383 2213
10255 4 2 1 1 1591 2124 2022 2309
10256 4 2 1 1 322 321 323 2306
10257 4 2 1 1 1796 2280 1703 2432
10258 4 2 1 1 641 1013 460 1967
10259 4 2 1 1 238 1806 1047 2146
10260 4 2 1 1 1522 1838 1745 2179
10261 4 2 1 1 273 1350 244 1944
10262 4 2 1 1 1808 2265 561 2325
10263 4 2 1 1 1557 1914 2109 2355
10264 4 2 1 1 854 2156 898 2245
10265 4 2 1 1 1089 1060 1062 1860
10266 4 2 1 1 1609 2147 2006 2384
10267 4 2 1 1 232 1028 174 2190
10268 4 2 1 1 901 1931 671 2460
10269 4 2 1 1 1358 1356 1135 1829
10270 4 2 1 1 1671 1484 2270 2347
10271 4 2 1 1 554 555 620 2043
10272 4 2 1 1 203 2097 202 2185
10273 4 2 1 1 519 1390 609 1996
10274 4 2 1 1 444 445 446 1736
10275 4 2 1 1 1622 1506 2267 2438
10276 4 2 1 1 1696 1958 1494 2356
10277 4 2 1 1 1708 1941 761 2459
10278 4 2 1 1 1410 1748 1841 2159
10279 4 2 1 1 403 126 476 1289
10280 4 2 1 1 1623 1966 1943 2203
10281 4 2 1 1 897 999 1888 2149
10282 4 2 1 1 789 979 821 2283
10283 4 2 1 1 1696 1985 1593 2251
10284 4 2 1 1 1632 2005 1475 2353
10285 4 2 1 1 429 1810 431 2271
10286 4 2 1 1 260 188 282 1707
10287 4 2 1 1 1534 2037 1632 2061
10288 4 2 1 1 393 1995 346 2113
10289 4 2 1 1 728 915 1961 2242
10290 4 2 1 1 1512 2397 1866 2443
10291 4 2 1 1 869 631 580 2258
10292 4 2 1 1 735 727 2168 2369
10293 4 2 1 1 1720 1508 2067 2453
10294 4 2 1 1 550 612 1771 2253
10295 4 2 1 1 912 637 110 479
10296 4 2 1 1 561 1808 592 2265
10297 4 2 1 1 1023 1915 619 2276
10298 4 2 1 1 448 2322 1641 2403
10299 4 2 1 1 730 729 722 2019
10300 4 2 1 1 1556 1641 2320 2322
10301 4 2 1 1 554 553 555 2043
10302 4 2 1 1 587 1871 548 2222
10303 4 2 1 1 1687 2429 1751 2454
10304 4 2 1 1 1589 2235 1681 2414
10305 4 2 1 1 272 1886 939 2469
10306 4 2 1 1 1237 1236 1173 2036
10307 4 2 1 1 1757 2182 1112 2427
10308 4 2 1 1 1296 1393 1204 2276
10309 4 2 1 1 1231 2017 1233 2230
10310 4 2 1 1 1506 1622 2083 2438
10311 4 2 1 1 1566 1940 1898 2126
10312 4 2 1 1 1507 1928 1699 2202
10313 4 2 1 1 1778 714 1955 2460
10314 4 2 1 1 1722 2201 1993 2279
10315 4 2 1 1 1409 1762 1783 2286
10316 4 2 1 1 598 623 1906 2017
10317 4 2 1 1 1625 1517 2369 2371
10318 4 2 1 1 1934 2026 1617 2183
10319 4 2 1 1 1848 2072 1603 2136
10320 4 2 1 1 1891 2119 1793 2224
10321 4 2 1 1 1718 1871 1460 2222
10322 4 2 1 1 603 607 1806 2017
10323 4 2 1 1 1005 917 823 1834
10324 4 2 1 1 978 986 1800 2389
10325 4 2 1 1 575 1990 525 2140
10326 4 2 1 1 1208 1347 1352 1945
10327 4 2 1 1 1449 2121 2299 2455
10328 4 2 1 1 889 694 686 2212
10329 4 2 1 1 1181 1872 1182 2084
10330 4 2 1 1 1720 1883 1508 2453
10331 4 2 1 1 2219 2267 1622 2398
10332 4 2 1 1 199 1862 202 2185
10333 4 2 1 1 222 2003 254 2385
10334 4 2 1 1 1424 1669 1964 2457
10335 4 2 1 1 1526 2142 1653 2227
10336 4 2 1 1 1468 2233 1779 2347
10337 4 2 1 1 1827 2029 1589 2391
10338 4 2 1 1 1260 1109 1301 2181
10339 4 2 1 1 1274 1275 1039 2154
10340 4 2 1 1 1775 824 2056 2191
10341 4 2 1 1 552 1664 553 2425
10342 4 2 1 1 560 2325 557 2379
10343 4 2 1 1 1512 1622 2219 2343
10344 4 2 1 1 1470 1916 1828 2426
10345 4 2 1 1 1540 1895 1669 2457
10346 4 2 1 1 1161 1889 1328 2172
10347 4 2 1 1 1801 2093 1691 2315
10348 4 2 1 1 1632 1429 2104 2290
10349 4 2 1 1 1668 1533 1945 2338
10350 4 2 1 1 1361 1360 1276 2132
10351 4 2 1 1 1301 1811 1117 2170
10352 4 2 1 1 852 811 778 1722
10353 4 2 1 1 1761 2163 1719 2470
10354 4 2 1 1 1675 1494 1958 2356
10355 4 2 1 1 1208 1347 1945 2387
10356 4 2 1 1 1479 2077 1818 2428
10357 4 2 1 1 550 549 547 2253
10358 4 2 1 1 1780 2095 1569 2259
10359 4 2 1 1 510 2081 487 2103
10360 4 2 1 1 1415 2115 1656 2435
10361 4 2 1 1 1693 1465 1845 2463
10362 4 2 1 1 1479 2030 1972 2428
10363 4 2 1 1 939 50 640 272
10364 4 2 1 1 1685 2226 1779 2347
10365 4 2 1 1 771 848 936 1954
10366 4 2 1 1 1762 2007 1487 2192
10367 4 2 1 1 1161 1697 2172 2355
10368 4 2 1 1 2007 2180 1636 2445
10369 4 2 1 1 969 920 970 2189
10370 4 2 1 1 721 729 1835 2400
10371 4 2 1 1 1308 1102 1061 2333
10372 4 2 1 1 1346 1025 1295 1944
10373 4 2 1 1 1034 1995 2360 2466
10374 4 2 1 1 271 1694 173 2249
10375 4 2 1 1 1158 1079 2047 2298
10376 4 2 1 1 267 1900 2097 2327
10377 4 2 1 1 1449 2121 1970 2299
10378 4 2 1 1 976 387 97 646
10379 4 2 1 1 207 246 2141 2390
10380 4 2 1 1 1032 609 1390 1996
10381 4 2 1 1 213 228 212 2029
10382 4 2 1 1 916 46 177 253
10383 4 2 1 1 1076 1158 1079 2047
10384 4 2 1 1 1376 1221 1383 1787
10385 4 2 1 1 1677 1907 1529 2003
10386 4 2 1 1 1301 1109 1117 1811
10387 4 2 1 1 1704 2308 1427 2399
10388 4 2 1 1 546 578 612 2059
10389 4 2 1 1 345 298 311 1715
10390 4 2 1 1 496 1284 1749 2014
10391 4 2 1 1 1552 1644 2334 2382
10392 4 2 1 1 334 1679 337 2449
10393 4 2 1 1 1372 1854 1286 2213
10394 4 2 1 1 279 234 233 1876
10395 4 2 1 1 536 80 305 2203
10396 4 2 1 1 1459 1750 2051 2172
10397 4 2 1 1 982 1896 812 2167
10398 4 2 1 1 1286 288 365 1854
10399 4 2 1 1 1501 2046 1738 2139
10400 4 2 1 1 2037 2093 1691 2451
10401 4 2 1 1 1474 2093 1801 2315
10402 4 2 1 1 1148 1322 1137 1859
10403 4 2 1 1 1675 2293 1917 2356
10404 4 2 1 1 1350 22 1025 273
10405 4 2 1 1 736 728 915 1961
10406 4 2 1 1 287 269 228 1784
10407 4 2 1 1 1168 1244 1147 1799
10408 4 2 1 1 942 799 1901 2194
10409 4 2 1 1 1534 1647 1950 2323
10410 4 2 1 1 1446 1790 2151 2440
10411 4 2 1 1 1461 1673 2000 2328
10412 4 2 1 1 641 996 888 1998
10413 4 2 1 1 1298 1299 1258 2176
10414 4 2 1 1 1525 2082 1901 2214
10415 4 2 1 1 262 245 218 1956
10416 4 2 1 1 1293 1092 1085 1819
10417 4 2 1 1 1720 2067 1683 2366
10418 4 2 1 1 755 2065 716 2210
10419 4 2 1 1 1549 2159 1742 2199
10420 4 2 1 1 954 939 640 1886
10421 4 2 1 1 1763 1462 1981 2134
10422 4 2 1 1 249 274 212 2105
10423 4 2 1 1 1609 1910 2147 2384
10424 4 2 1 1 1576 1685 1865 2423
10425 4 2 1 1 1643 2007 1443 2445
10426 4 2 1 1 1127 1335 1317 1869
10427 4 2 1 1 427 1745 429 2148
10428 4 2 1 1 276 238 1047 2146
10429 4 2 1 1 916 46 634 177
10430 4 2 1 1 1372 1033 1854 2383
10431 4 2 1 1 961 960 2105 2178
10432 4 2 1 1 1724 1498 2054 2088
10433 4 2 1 1 251 225 270 2385
10434 4 2 1 1 1161 1186 1160 1697
10435 4 2 1 1 1072 1300 1076 2047
10436 4 2 1 1 1462 1768 2193 2388
10437 4 2 1 1 1412 2120 1781 2275
10438 4 2 1 1 1465 1988 1845 2463
10439 4 2 1 1 1795 1928 1729 2465
10440 4 2 1 1 1474 1691 2093 2315
10441 4 2 1 1 787 2069 1746 2260
10442 4 2 1 1 1503 2006 1811 2170
10443 4 2 1 1 1878 2031 1688 2406
10444 4 2 1 1 1494 1958 1696 2112
10445 4 2 1 1 231 176 278 1785
10446 4 2 1 1 1413 1805 1962 2215
10447 4 2 1 1 945 800 798 1932
10448 4 2 1 1 1697 1520 1889 2295
10449 4 2 1 1 1343 1295 1794 2277
10450 4 2 1 1 394 295 348 1792
10451 4 2 1 1 1424 1964 1669 2147
10452 4 2 1 1 279 649 967 1876
10453 4 2 1 1 1335 1869 1127 2408
10454 4 2 1 1 1672 2241 1731 2468
10455 4 2 1 1 1779 2226 1685 2305
10456 4 2 1 1 364 389 292 1776
10457 4 2 1 1 1128 1157 1114 1716
10458 4 2 1 1 1462 1822 1732 2388
10459 4 2 1 1 1235 1353 1351 2107
10460 4 2 1 1 1695 2101 1555 2470
10461 4 2 1 1 1631 2267 2398 2440
10462 4 2 1 1 1767 2238 1559 2258
10463 4 2 1 1 857 1832 711 2299
10464 4 2 1 1 1372 1854 2213 2448
10465 4 2 1 1 1677 2003 1529 2078
10466 4 2 1 1 21 173 1350 1349
10467 4 2 1 1 1521 2009 1774 2084
10468 4 2 1 1 1447 1880 1822 2364
10469 4 2 1 1 1412 1688 2031 2406
10470 4 2 1 1 450 449 448 1641
10471 4 2 1 1 1818 1412 2417 2428
10472 4 2 1 1 679 697 952 1978
10473 4 2 1 1 1470 1702 1879 2318
10474 4 2 1 1 267 181 248 1900
10475 4 2 1 1 1219 1859 1148 2453
10476 4 2 1 1 1763 2193 1844 2263
10477 4 2 1 1 820 978 1800 2260
10478 4 2 1 1 499 409 2173 2446
10479 4 2 1 1 1420 2267 2219 2398
10480 4 2 1 1 1539 1638 2257 2454
10481 4 2 1 1 755 938 716 2065
10482 4 2 1 1 1779 2305 1685 2347
10483 4 2 1 1 1481 1907 1827 2391
10484 4 2 1 1 687 688 684 1844
10485 4 2 1 1 277 226 225 1773
10486 4 2 1 1 691 688 690 1960
10487 4 2 1 1 471 440 505 2131
10488 4 2 1 1 2029 2096 1528 2235
10489 4 2 1 1 1249 1321 1796 2280
10490 4 2 1 1 477 2154 1039 2216
10491 4 2 1 1 1378 68 388 1024
10492 4 2 1 1 575 525 618 2140
10493 4 2 1 1 787 788 791 1746
10494 4 2 1 1 888 1998 1019 2459
10495 4 2 1 1 271 2249 216 2407
10496 4 2 1 1 344 311 298 1973
10497 4 2 1 1 1029 1275 1277 1838
10498 4 2 1 1 178 43 269 963
10499 4 2 1 1 1117 1118 1133 1910
10500 4 2 1 1 1290 128 413 478
10501 4 2 1 1 729 914 721 1835
10502 4 2 1 1 1441 1856 1818 2370
10503 4 2 1 1 687 686 689 1763
10504 4 2 1 1 1241 1319 1149 1853
10505 4 2 1 1 898 854 878 2156
10506 4 2 1 1 694 889 933 2212
10507 4 2 1 1 1461 2000 1702 2328
10508 4 2 1 1 407 485 517 1884
10509 4 2 1 1 483 432 429 1745
10510 4 2 1 1 1314 1060 1860 2205
10511 4 2 1 1 872 977 985 1792
10512 4 2 1 1 670 671 1758 2397
10513 4 2 1 1 696 953 703 2114
10514 4 2 1 1 426 2154 477 2216
10515 4 2 1 1 788 792 791 2116
10516 4 2 1 1 591 556 553 1846
10517 4 2 1 1 1041 1290 1391 2446
10518 4 2 1 1 735 2168 754 2430
10519 4 2 1 1 1052 1336 1304 1785
10520 4 2 1 1 1073 1085 1086 1976
10521 4 2 1 1 2102 2197 1500 2363
10522 4 2 1 1 1473 2020 1974 2036
10523 4 2 1 1 445 446 1736 2173
10524 4 2 1 1 174 1280 250 1929
10525 4 2 1 1 837 2187 1649 2416
10526 4 2 1 1 202 2097 248 2185
10527 4 2 1 1 1472 1891 1793 2224
10528 4 2 1 1 1819 2256 1085 2462
10529 4 2 1 1 844 836 1813 2436
10530 4 2 1 1 1736 2173 446 2403
10531 4 2 1 1 1198 1154 1155 1934
10532 4 2 1 1 589 556 1846 2379
10533 4 2 1 1 1514 1859 2160 2360
10534 4 2 1 1 728 1867 713 2242
10535 4 2 1 1 910 702 2027 2114
10536 4 2 1 1 486 458 506 1984
10537 4 2 1 1 1423 1731 2033 2241
10538 4 2 1 1 382 363 296 1650
10539 4 2 1 1 1045 480 133 1394
10540 4 2 1 1 1847 2107 1481 2130
10541 4 2 1 1 1977 2049 1578 2456
10542 4 2 1 1 1336 1977 1339 2190
10543 4 2 1 1 1042 24 250 1294
10544 4 2 1 1 832 830 829 1852
10545 4 2 1 1 691 693 899 2350
10546 4 2 1 1 596 1296 165 527
10547 4 2 1 1 971 970 661 1707
10548 4 2 1 1 1045 1398 474 2070
10549 4 2 1 1 670 671 669 1758
10550 4 2 1 1 1860 2205 1809 2361
10551 4 2 1 1 1185 1190 1344 2376
10552 4 2 1 1 750 786 844 1997
10553 4 2 1 1 705 698 858 2112
10554 4 2 1 1 540 539 537 1966
10555 4 2 1 1 934 2018 1666 2229
10556 4 2 1 1 860 858 2112 2127
10557 4 2 1 1 921 1844 688 2123
10558 4 2 1 1 90 974 986 384
10559 4 2 1 1 1289 127 476 1022
10560 4 2 1 1 1532 1999 1763 2263
10561 4 2 1 1 1593 2299 1832 2455
10562 4 2 1 1 1681 2151 1513 2414
10563 4 2 1 1 730 2019 2332 2409
10564 4 2 1 1 251 277 225 1706
10565 4 2 1 1 577 546 544 1772
10566 4 2 1 1 1197 1400 1259 2108
10567 4 2 1 1 1482 2085 1661 2346
10568 4 2 1 1 1220 2278 1219 2453
10569 4 2 1 1 963 44 269 962
10570 4 2 1 1 322 2171 1628 2306
10571 4 2 1 1 611 525 587 1990
10572 4 2 1 1 89 986 293 384
10573 4 2 1 1 1460 1990 1888 2222
10574 4 2 1 1 972 367 85 647
10575 4 2 1 1 1488 1701 2061 2415
10576 4 2 1 1 1447 1630 2119 2237
10577 4 2 1 1 1262 1169 1377 2433
10578 4 2 1 1 1468 2024 1671 2347
10579 4 2 1 1 247 265 248 1816
10580 4 2 1 1 1628 2011 1470 2426
10581 4 2 1 1 658 993 984 2405
10582 4 2 1 1 1751 2228 1687 2454
10583 4 2 1 1 498 996 408 1998
10584 4 2 1 1 1453 2049 1887 2128
10585 4 2 1 1 1160 1697 1186 2223
10586 4 2 1 1 1447 1732 2091 2364
10587 4 2 1 1 206 203 205 1790
10588 4 2 1 1 319 383 1854 2011
10589 4 2 1 1 1193 2071 1318 2312
10590 4 2 1 1 1466 1861 2096 2382
10591 4 2 1 1 940 746 2144 2397
10592 4 2 1 1 1396 1039 121 2154
10593 4 2 1 1 1571 1633 2091 2437
10594 4 2 1 1 706 2023 694 2212
10595 4 2 1 1 605 538 535 2405
10596 4 2 1 1 307 374 304 2405
10597 4 2 1 1 1536 2115 1979 2221
10598 4 2 1 1 1195 1694 2075 2254
10599 4 2 1 1 1368 64 291 379
10600 4 2 1 1 1130 2197 2102 2363
10601 4 2 1 1 493 412 2322 2464
10602 4 2 1 1 707 2259 710 2321
10603 4 2 1 1 691 1960 692 2272
10604 4 2 1 1 1403 629 607 1806
10605 4 2 1 1 1020 1767 644 2258
10606 4 2 1 1 1775 1458 1840 2191
10607 4 2 1 1 349 335 377 1959
10608 4 2 1 1 450 1641 448 2322
10609 4 2 1 1 1681 1805 2151 2414
10610 4 2 1 1 1620 2329 2217 2439
10611 4 2 1 1 669 1758 2028 2225
10612 4 2 1 1 1418 1917 2356 2465
10613 4 2 1 1 1511 2194 1797 2458
10614 4 2 1 1 1293 1085 1264 2462
10615 4 2 1 1 1718 2222 1460 2244
10616 4 2 1 1 986 820 978 1800
10617 4 2 1 1 1502 1786 1975 2301
10618 4 2 1 1 1216 1215 1211 2186
10619 4 2 1 1 646 991 1973 2436
10620 4 2 1 1 832 830 1852 2238
10621 4 2 1 1 1676 1519 2250 2275
10622 4 2 1 1 1664 2240 1718 2335
10623 4 2 1 1 294 380 356 1726
10624 4 2 1 1 801 802 803 2309
10625 4 2 1 1 288 381 1854 2383
10626 4 2 1 1 1135 1133 1118 1910
10627 4 2 1 1 1180 1202 2117 2344
10628 4 2 1 1 1024 1842 1363 2411
10629 4 2 1 1 1483 1955 2046 2429
10630 4 2 1 1 1252 1251 1330 2032
10631 4 2 1 1 219 218 217 2003
10632 4 2 1 1 1322 1859 2278 2360
10633 4 2 1 1 368 296 93 904
10634 4 2 1 1 253 654 47 181
10635 4 2 1 1 918 1875 756 2100
10636 4 2 1 1 588 617 2325 2379
10637 4 2 1 1 1001 997 1019 2459
10638 4 2 1 1 1705 2026 1428 2422
10639 4 2 1 1 1046 1383 1221 2106
10640 4 2 1 1 1373 1201 1974 2344
10641 4 2 1 1 1242 2226 1779 2305
10642 4 2 1 1 784 925 965 1913
10643 4 2 1 1 1842 2351 1363 2411
10644 4 2 1 1 2217 2329 1497 2439
10645 4 2 1 1 1219 2278 1859 2453
10646 4 2 1 1 1850 1874 1467 2311
10647 4 2 1 1 516 2131 439 2381
10648 4 2 1 1 1149 1239 1241 1853
10649 4 2 1 1 844 983 836 2436
10650 4 2 1 1 1494 1983 1804 2158
10651 4 2 1 1 687 688 1844 2263
10652 4 2 1 1 970 884 882 2348
10653 4 2 1 1 855 952 697 1845
10654 4 2 1 1 1274 1272 1278 1826
10655 4 2 1 1 1549 2109 1914 2355
10656 4 2 1 1 1296 165 1038 596
10657 4 2 1 1 814 963 964 1784
10658 4 2 1 1 1671 2060 565 2394
10659 4 2 1 1 754 2168 736 2430
10660 4 2 1 1 526 1678 621 2057
10661 4 2 1 1 965 925 964 2418
10662 4 2 1 1 67 289 1367 1378
10663 4 2 1 1 1652 1996 1484 2186
10664 4 2 1 1 1504 2092 1853 2157
10665 4 2 1 1 1631 2097 1575 2440
10666 4 2 1 1 209 2235 1681 2450
10667 4 2 1 1 1147 1168 1799 2304
10668 4 2 1 1 1510 1880 1735 2162
10669 4 2 1 1 1696 2251 1958 2356
10670 4 2 1 1 874 731 1837 2375
10671 4 2 1 1 1466 1644 2382 2391
10672 4 2 1 1 345 308 307 1943
10673 4 2 1 1 1491 1925 1663 2313
10674 4 2 1 1 1694 2087 2075 2254
10675 4 2 1 1 496 469 2014 2198
10676 4 2 1 1 1526 2283 1997 2436
10677 4 2 1 1 307 1943 306 2203
10678 4 2 1 1 1494 2112 1696 2127
10679 4 2 1 1 1612 2075 2087 2254
10680 4 2 1 1 326 2035 328 2133
10681 4 2 1 1 1410 1742 1969 2374
10682 4 2 1 1 272 229 179 1886
10683 4 2 1 1 1328 1889 2051 2172
10684 4 2 1 1 1654 1968 1442 2362
10685 4 2 1 1 1641 2085 2022 2346
10686 4 2 1 1 1580 2332 2019 2409
10687 4 2 1 1 1389 1259 1408 1734
10688 4 2 1 1 925 1913 2195 2418
10689 4 2 1 1 795 876 942 2412
10690 4 2 1 1 377 2377 402 2389
10691 4 2 1 1 206 1790 207 2327
10692 4 2 1 1 1491 2313 1663 2442
10693 4 2 1 1 1502 1975 1895 2301
10694 4 2 1 1 1128 2243 1193 2312
10695 4 2 1 1 1166 1169 1948 2433
10696 4 2 1 1 1126 1328 1161 1889
10697 4 2 1 1 652 884 2058 2348
10698 4 2 1 1 1224 1380 1384 1989
10699 4 2 1 1 234 967 41 966
10700 4 2 1 1 1186 2223 1697 2355
10701 4 2 1 1 700 2013 742 2352
10702 4 2 1 1 259 185 192 2001
10703 4 2 1 1 1096 1103 1108 2395
10704 4 2 1 1 1623 2282 1715 2416
10705 4 2 1 1 1264 1085 2256 2462
10706 4 2 1 1 1256 1387 1257 2464
10707 4 2 1 1 565 2060 1671 2233
10708 4 2 1 1 1498 2054 1825 2134
10709 4 2 1 1 1755 2144 1512 2397
10710 4 2 1 1 1828 1879 1470 2426
10711 4 2 1 1 1459 2172 1889 2295
10712 4 2 1 1 978 643 986 2389
10713 4 2 1 1 1707 1923 1583 2153
10714 4 2 1 1 1156 1228 1197 2413
10715 4 2 1 1 1497 1884 1836 2217
10716 4 2 1 1 862 646 98 395
10717 4 2 1 1 1730 1981 1486 2150
10718 4 2 1 1 1459 2051 1889 2172
10719 4 2 1 1 187 1806 236 2452
10720 4 2 1 1 717 724 1970 2299
10721 4 2 1 1 1305 1851 1325 2368
10722 4 2 1 1 536 531 80 2203
10723 4 2 1 1 300 305 80 2203
10724 4 2 1 1 1760 2094 1642 2415
10725 4 2 1 1 1435 1830 1747 2380
10726 4 2 1 1 1513 1944 1794 2141
10727 4 2 1 1 1498 1844 2123 2350
10728 4 2 1 1 1221 1787 1376 2466
10729 4 2 1 1 1353 1354 1283 2078
10730 4 2 1 1 1480 1695 1951 2470
10731 4 2 1 1 1532 1763 2134 2263
10732 4 2 1 1 639 525 149 1888
10733 4 2 1 1 1726 2268 1461 2337
10734 4 2 1 1 1112 1126 1159 2427
10735 4 2 1 1 1141 1073 1976 2401
10736 4 2 1 1 1941 1515 2294 2431
10737 4 2 1 1 1701 1488 2061 2373
10738 4 2 1 1 841 956 790 1733
10739 4 2 1 1 1251 2032 1252 2358
10740 4 2 1 1 1166 1169 1136 1948
10741 4 2 1 1 1372 1377 1033 2383
10742 4 2 1 1 1223 1202 1224 2117
10743 4 2 1 1 1141 1073 1086 1976
10744 4 2 1 1 1581 2049 1703 2447
10745 4 2 1 1 1460 1871 1990 2222
10746 4 2 1 1 691 692 693 2272
10747 4 2 1 1 18 1283 1267 2078
10748 4 2 1 1 17 175 1037 251
10749 4 2 1 1 662 280 52 657
10750 4 2 1 1 939 657 51 2469
10751 4 2 1 1 1433 2005 1662 2089
10752 4 2 1 1 561 2270 1808 2325
10753 4 2 1 1 1577 1966 1683 2366
10754 4 2 1 1 1487 2114 1636 2180
10755 4 2 1 1 997 995 888 2459
10756 4 2 1 1 1586 1675 1958 2330
10757 4 2 1 1 1418 1675 1958 2356
10758 4 2 1 1 1943 1966 1577 2203
10759 4 2 1 1 505 1698 478 2446
10760 4 2 1 1 1663 2427 1957 2442
10761 4 2 1 1 265 179 241 2420
10762 4 2 1 1 349 335 1959 2164
10763 4 2 1 1 594 593 611 1888
10764 4 2 1 1 1815 2005 1632 2353
10765 4 2 1 1 1091 1307 1344 1987
10766 4 2 1 1 1324 1930 1320 2315
10767 4 2 1 1 1304 232 278 2190
10768 4 2 1 1 1551 1857 1719 2287
10769 4 2 1 1 1187 1337 1206 2461
10770 4 2 1 1 949 946 942 2194
10771 4 2 1 1 373 1898 372 2126
10772 4 2 1 1 1551 1930 1812 2287
10773 4 2 1 1 23 182 1294 273
10774 4 2 1 1 1847 1912 1612 2102
10775 4 2 1 1 1957 2427 1520 2442
10776 4 2 1 1 1703 2234 1493 2447
10777 4 2 1 1 362 94 296 645
10778 4 2 1 1 48 879 247 181
10779 4 2 1 1 439 2131 437 2381
10780 4 2 1 1 1625 1941 2294 2431
10781 4 2 1 1 867 913 865 2135
10782 4 2 1 1 238 30 276 1047
10783 4 2 1 1 966 815 965 1728
10784 4 2 1 1 887 888 995 2431
10785 4 2 1 1 1514 2160 1690 2360
10786 4 2 1 1 1481 2107 1907 2130
10787 4 2 1 1 452 500 411 2074
10788 4 2 1 1 1371 1221 1376 2466
10789 4 2 1 1 1710 1964 1490 2145
10790 4 2 1 1 1126 1105 1889 2182
10791 4 2 1 1 1117 1109 1110 1811
10792 4 2 1 1 640 49 879 247
10793 4 2 1 1 1248 1132 1314 2205
10794 4 2 1 1 2094 2281 1541 2449
10795 4 2 1 1 1164 1235 1351 2254
10796 4 2 1 1 1540 2050 1646 2457
10797 4 2 1 1 496 1749 468 2198
10798 4 2 1 1 1480 2101 1695 2470
10799 4 2 1 1 939 51 272 2469
10800 4 2 1 1 1815 2055 1523 2232
10801 4 2 1 1 534 602 581 2001
10802 4 2 1 1 1028 232 1304 2190
10803 4 2 1 1 491 487 1814 2103
10804 4 2 1 1 1315 1158 1300 2047
10805 4 2 1 1 1483 2228 1866 2429
10806 4 2 1 1 294 362 380 1726
10807 4 2 1 1 1305 2280 1851 2368
10808 4 2 1 1 844 836 764 1813
10809 4 2 1 1 672 2397 701 2443
10810 4 2 1 1 1437 2022 1740 2320
10811 4 2 1 1 63 291 366 1036
10812 4 2 1 1 508 443 479 1836
10813 4 2 1 1 895 957 958 2083
10814 4 2 1 1 954 957 877 2083
10815 4 2 1 1 1566 2308 2126 2399
10816 4 2 1 1 593 149 525 1888
10817 4 2 1 1 1678 2048 1554 2057
10818 4 2 1 1 1489 1915 1846 2379
10819 4 2 1 1 1701 2061 2304 2373
10820 4 2 1 1 1050 1043 29 276
10821 4 2 1 1 1488 2304 2061 2373
10822 4 2 1 1 1006 473 115 655
10823 4 2 1 1 1431 1965 1656 2227
10824 4 2 1 1 1047 1232 1231 1806
10825 4 2 1 1 1488 1950 2089 2323
10826 4 2 1 1 454 450 1935 2085
10827 4 2 1 1 1035 598 158 1402
10828 4 2 1 1 1642 2094 1760 2377
10829 4 2 1 1 896 639 149 1888
10830 4 2 1 1 1363 1950 1165 2351
10831 4 2 1 1 482 411 638 2074
10832 4 2 1 1 822 1884 1021 2303
10833 4 2 1 1 1668 1945 1533 2387
10834 4 2 1 1 1490 2053 1646 2457
10835 4 2 1 1 1950 2061 1488 2304
10836 4 2 1 1 1475 2290 1632 2353
10837 4 2 1 1 864 833 865 1920
10838 4 2 1 1 1040 1212 1389 1749
10839 4 2 1 1 1759 1497 2303 2329
10840 4 2 1 1 491 514 1016 1814
10841 4 2 1 1 2022 2085 1482 2346
10842 4 2 1 1 413 476 127 1022
10843 4 2 1 1 1382 619 1023 1915
10844 4 2 1 1 349 973 87 985
10845 4 2 1 1 1483 2046 1751 2429
10846 4 2 1 1 1418 1729 1928 2465
10847 4 2 1 1 652 1013 885 1893
10848 4 2 1 1 1786 2294 1967 2431
10849 4 2 1 1 766 867 955 2135
10850 4 2 1 1 1680 1737 2025 2372
10851 4 2 1 1 1569 2386 2307 2406
10852 4 2 1 1 903 728 713 2242
10853 4 2 1 1 942 1901 796 2412
10854 4 2 1 1 602 1952 606 2057
10855 4 2 1 1 1883 1925 1508 2453
10856 4 2 1 1 1534 1799 2037 2061
10857 4 2 1 1 1958 1988 1586 2330
10858 4 2 1 1 162 519 590 1390
10859 4 2 1 1 1443 2007 1783 2264
10860 4 2 1 1 1090 1080 1084 1848
10861 4 2 1 1 914 903 1835 2242
10862 4 2 1 1 550 612 520 1771
10863 4 2 1 1 1589 2096 2029 2235
10864 4 2 1 1 894 928 676 2018
10865 4 2 1 1 1263 1375 1916 2448
10866 4 2 1 1 1523 2069 1807 2353
10867 4 2 1 1 1780 2095 2259 2393
10868 4 2 1 1 1771 2240 550 2253
10869 4 2 1 1 582 533 2106 2402
10870 4 2 1 1 1215 1996 2186 2305
10871 4 2 1 1 1290 1041 129 2446
10872 4 2 1 1 451 1820 518 2188
10873 4 2 1 1 621 573 602 1971
10874 4 2 1 1 351 2106 302 2402
10875 4 2 1 1 1540 2301 1975 2430
10876 4 2 1 1 1786 1975 2301 2430
10877 4 2 1 1 507 1008 465 2058
10878 4 2 1 1 503 426 477 2216
10879 4 2 1 1 846 1012 912 1836
10880 4 2 1 1 901 738 671 1931
10881 4 2 1 1 1421 2119 1891 2224
10882 4 2 1 1 463 1923 464 2058
10883 4 2 1 1 1378 1363 1024 1842
10884 4 2 1 1 604 573 572 1971
10885 4 2 1 1 250 174 25 1280
10886 4 2 1 1 1721 1923 1502 2354
10887 4 2 1 1 862 984 983 2282
10888 4 2 1 1 589 619 1915 2276
10889 4 2 1 1 288 71 1286 365
10890 4 2 1 1 349 348 335 2164
10891 4 2 1 1 737 947 943 2196
10892 4 2 1 1 779 780 959 1881
10893 4 2 1 1 1423 2024 1682 2157
10894 4 2 1 1 187 585 1806 2452
10895 4 2 1 1 2251 2356 1619 2465
10896 4 2 1 1 1227 1230 1338 1864
10897 4 2 1 1 1367 1911 1374 2373
10898 4 2 1 1 1660 1954 1543 2264
10899 4 2 1 1 1526 1997 1965 2421
10900 4 2 1 1 1673 1997 1526 2283
10901 4 2 1 1 180 649 279 1876
10902 4 2 1 1 1815 2005 1433 2323
10903 4 2 1 1 212 213 2029 2235
10904 4 2 1 1 411 1006 638 2074
10905 4 2 1 1 1780 1517 2095 2393
10906 4 2 1 1 1965 2000 1673 2328
10907 4 2 1 1 688 773 2123 2350
10908 4 2 1 1 1041 409 129 2446
10909 4 2 1 1 1779 1996 1484 2270
10910 4 2 1 1 1131 1129 1130 2363
10911 4 2 1 1 273 1350 22 244
10912 4 2 1 1 233 255 180 1876
10913 4 2 1 1 403 126 1289 1040
10914 4 2 1 1 786 2283 991 2436
10915 4 2 1 1 249 269 44 962
10916 4 2 1 1 656 837 1009 2187
10917 4 2 1 1 781 1861 814 2418
10918 4 2 1 1 683 682 681 1768
10919 4 2 1 1 90 974 384 364
10920 4 2 1 1 1354 1353 1163 2207
10921 4 2 1 1 895 746 877 2083
10922 4 2 1 1 1786 1893 1502 2348
10923 4 2 1 1 1495 1686 2215 2392
10924 4 2 1 1 349 400 973 1959
10925 4 2 1 1 576 538 539 1966
10926 4 2 1 1 1475 2069 1807 2260
10927 4 2 1 1 1362 1165 1145 1950
10928 4 2 1 1 646 983 991 2436
10929 4 2 1 1 579 566 567 2060
10930 4 2 1 1 669 2028 668 2225
10931 4 2 1 1 1690 2310 1565 2433
10932 4 2 1 1 1612 1962 1894 2363
10933 4 2 1 1 1520 2247 1824 2442
10934 4 2 1 1 396 1404 1384 1940
10935 4 2 1 1 1034 290 1995 2466
10936 4 2 1 1 602 573 604 1971
10937 4 2 1 1 936 891 937 1870
10938 4 2 1 1 1215 1385 1996 2305
10939 4 2 1 1 1032 1390 1407 1996
10940 4 2 1 1 1567 1910 2285 2384
10941 4 2 1 1 375 1814 371 2073
10942 4 2 1 1 1760 2094 1541 2449
10943 4 2 1 1 1268 1267 1354 2078
10944 4 2 1 1 1471 1749 2014 2198
10945 4 2 1 1 1521 1774 2362 2376
10946 4 2 1 1 597 139 648 1007
10947 4 2 1 1 726 733 725 1919
10948 4 2 1 1 1415 1824 2010 2247
10949 4 2 1 1 502 454 481 1935
10950 4 2 1 1 994 397 375 1814
10951 4 2 1 1 1556 1641 2322 2403
10952 4 2 1 1 1356 1268 1354 2207
10953 4 2 1 1 1468 1685 2157 2347
10954 4 2 1 1 242 2407 214 2450
10955 4 2 1 1 925 2195 781 2418
10956 4 2 1 1 1143 1342 1144 1894
10957 4 2 1 1 896 897 999 1888
10958 4 2 1 1 1815 2055 1414 2137
10959 4 2 1 1 1818 2370 1486 2417
10960 4 2 1 1 1407 1217 1215 2186
10961 4 2 1 1 778 947 852 2196
10962 4 2 1 1 1348 1249 1796 2432
10963 4 2 1 1 799 796 942 1901
10964 4 2 1 1 1833 2167 1722 2279
10965 4 2 1 1 1549 2172 1750 2199
10966 4 2 1 1 1104 1266 1127 2408
10967 4 2 1 1 1499 1729 2251 2465
10968 4 2 1 1 814 1784 964 2418
10969 4 2 1 1 1536 2221 1733 2292
10970 4 2 1 1 928 681 678 1897
10971 4 2 1 1 1567 2132 1655 2285
10972 4 2 1 1 810 805 856 1904
10973 4 2 1 1 747 782 781 1861
10974 4 2 1 1 1514 2360 1995 2466
10975 4 2 1 1 298 97 387 646
10976 4 2 1 1 434 515 495 1998
10977 4 2 1 1 928 2018 934 2229
10978 4 2 1 1 1260 1094 1095 2181
10979 4 2 1 1 1377 2113 1370 2383
10980 4 2 1 1 1110 1303 1905 2357
10981 4 2 1 1 670 1758 2225 2397
10982 4 2 1 1 2029 2096 1589 2391
10983 4 2 1 1 210 1681 2141 2450
10984 4 2 1 1 1377 1203 1370 2113
10985 4 2 1 1 1769 1969 1821 2455
10986 4 2 1 1 1550 2221 2098 2331
10987 4 2 1 1 2098 2221 1733 2331
10988 4 2 1 1 1428 2250 1676 2326
10989 4 2 1 1 1230 1864 1227 2413
10990 4 2 1 1 1287 1288 2213 2411
10991 4 2 1 1 1847 2130 1503 2170
10992 4 2 1 1 1597 2243 1716 2312
10993 4 2 1 1 1304 278 28 1043
10994 4 2 1 1 1650 2080 1545 2255
10995 4 2 1 1 1228 1189 1229 1850
10996 4 2 1 1 1875 2123 1639 2158
10997 4 2 1 1 1463 2317 1863 2384
10998 4 2 1 1 1372 2213 1375 2448
10999 4 2 1 1 482 452 411 2074
11000 4 2 1 1 422 415 461 1938
11001 4 2 1 1 1063 1064 1062 2052
11002 4 2 1 1 910 953 702 2114
11003 4 2 1 1 980 95 362 645
11004 4 2 1 1 1705 1477 2422 2439
11005 4 2 1 1 1942 2081 510 2103
11006 4 2 1 1 1474 1691 2037 2093
11007 4 2 1 1 1619 2356 1917 2465
11008 4 2 1 1 437 441 470 2217
11009 4 2 1 1 1589 2029 1827 2407
11010 4 2 1 1 388 359 68 1378
11011 4 2 1 1 500 473 411 1942
11012 4 2 1 1 1453 2128 1770 2204
11013 4 2 1 1 593 896 149 1888
11014 4 2 1 1 1392 1883 1225 2359
11015 4 2 1 1 518 451 472 1820
11016 4 2 1 1 1369 1263 1375 1916
11017 4 2 1 1 428 425 2148 2354
11018 4 2 1 1 394 348 349 1792
11019 4 2 1 1 1459 1953 1821 2295
11020 4 2 1 1 1549 2109 1742 2159
11021 4 2 1 1 746 895 950 2211
11022 4 2 1 1 869 1949 998 2258
11023 4 2 1 1 1777 2064 1461 2268
11024 4 2 1 1 1468 1671 2233 2347
11025 4 2 1 1 1691 2093 1801 2395
11026 4 2 1 1 857 777 900 2121
11027 4 2 1 1 1527 1969 1742 2374
11028 4 2 1 1 359 1842 357 2316
11029 4 2 1 1 1466 1784 1956 2029
11030 4 2 1 1 1384 1048 1224 1940
11031 4 2 1 1 1122 1121 1113 2125
11032 4 2 1 1 1513 2141 1794 2151
11033 4 2 1 1 1004 639 841 2140
11034 4 2 1 1 874 760 731 2375
11035 4 2 1 1 1195 2075 1162 2254
11036 4 2 1 1 281 511 461 1922
11037 4 2 1 1 289 378 1367 1911
11038 4 2 1 1 836 835 764 2098
11039 4 2 1 1 1468 2092 2024 2157
11040 4 2 1 1 1165 2304 1950 2373
11041 4 2 1 1 624 169 1392 1044
11042 4 2 1 1 1421 2257 1751 2454
11043 4 2 1 1 1699 1917 1516 2293
11044 4 2 1 1 1274 1278 1276 2132
11045 4 2 1 1 486 488 458 1984
11046 4 2 1 1 232 1304 27 1028
11047 4 2 1 1 377 360 402 2377
11048 4 2 1 1 683 684 682 2193
11049 4 2 1 1 1631 1575 2267 2440
11050 4 2 1 1 405 480 133 1045
11051 4 2 1 1 656 1009 152 626
11052 4 2 1 1 1350 173 21 244
11053 4 2 1 1 973 1959 400 2389
11054 4 2 1 1 1175 2020 1176 2296
11055 4 2 1 1 652 1893 883 2348
11056 4 2 1 1 1140 1152 1153 2314
11057 4 2 1 1 1628 2171 2011 2426
11058 4 2 1 1 2011 2171 1582 2426
11059 4 2 1 1 1538 2211 1881 2398
11060 4 2 1 1 289 378 66 1367
11061 4 2 1 1 1186 1393 2223 2355
11062 4 2 1 1 575 542 543 2341
11063 4 2 1 1 1772 1925 1883 2359
11064 4 2 1 1 109 485 637 911
11065 4 2 1 1 1499 2012 1795 2201
11066 4 2 1 1 1125 1303 1309 1905
11067 4 2 1 1 1504 2157 2025 2372
11068 4 2 1 1 1483 1751 2228 2429
11069 4 2 1 1 1914 2355 1205 2461
11070 4 2 1 1 391 1787 352 2466
11071 4 2 1 1 548 587 545 1871
11072 4 2 1 1 529 626 576 2187
11073 4 2 1 1 1451 1791 2028 2225
11074 4 2 1 1 1453 1887 1770 2128
11075 4 2 1 1 1302 1077 1291 2040
11076 4 2 1 1 1515 2016 1810 2174
11077 4 2 1 1 1891 1897 1472 2441
11078 4 2 1 1 873 665 766 2349
11079 4 2 1 1 1929 2248 1493 2390
11080 4 2 1 1 1593 1958 1696 2251
11081 4 2 1 1 1451 2225 1758 2343
11082 4 2 1 1 1193 1333 1318 2071
11083 4 2 1 1 481 1935 450 2322
11084 4 2 1 1 1415 1979 1689 2442
11085 4 2 1 1 1743 1448 2012 2200
11086 4 2 1 1 803 804 861 1789
11087 4 2 1 1 1094 1082 1083 1982
11088 4 2 1 1 1039 1401 122 477
11089 4 2 1 1 1304 27 278 232
11090 4 2 1 1 2048 2266 1939 2349
11091 4 2 1 1 1173 1236 1174 2036
11092 4 2 1 1 672 1866 2397 2443
11093 4 2 1 1 1140 1154 1313 2183
11094 4 2 1 1 637 1021 911 1884
11095 4 2 1 1 272 229 1886 2469
11096 4 2 1 1 1027 1331 2059 2359
11097 4 2 1 1 369 379 339 2281
11098 4 2 1 1 1705 2422 2231 2439
11099 4 2 1 1 888 1019 997 2459
11100 4 2 1 1 1867 728 2168 2242
11101 4 2 1 1 1481 1644 2130 2391
11102 4 2 1 1 686 683 889 2193
11103 4 2 1 1 582 537 536 2402
11104 4 2 1 1 351 305 306 2402
11105 4 2 1 1 348 336 335 2164
11106 4 2 1 1 782 1861 747 2409
11107 4 2 1 1 603 1806 585 2452
11108 4 2 1 1 943 726 718 1985
11109 4 2 1 1 1037 1270 16 186
11110 4 2 1 1 1822 1880 1447 2237
11111 4 2 1 1 207 1790 205 2390
11112 4 2 1 1 1960 2054 1636 2272
11113 4 2 1 1 372 299 354 1898
11114 4 2 1 1 1883 1925 1225 2359
11115 4 2 1 1 364 327 389 1776
11116 4 2 1 1 1721 2148 425 2354
11117 4 2 1 1 1347 2387 1293 2462
11118 4 2 1 1 802 799 946 2194
11119 4 2 1 1 241 199 202 2185
11120 4 2 1 1 1505 1666 2018 2229
11121 4 2 1 1 1044 624 169 521
11122 4 2 1 1 1454 1894 1766 2368
11123 4 2 1 1 187 238 236 1806
11124 4 2 1 1 182 250 24 1294
11125 4 2 1 1 522 158 598 1402
11126 4 2 1 1 1130 1116 2102 2197
11127 4 2 1 1 300 80 531 2203
11128 4 2 1 1 1189 1874 1184 2410
11129 4 2 1 1 762 2289 1927 2303
11130 4 2 1 1 1144 1894 1342 2277
11131 4 2 1 1 483 469 432 2198
11132 4 2 1 1 1534 2061 1950 2304
11133 4 2 1 1 432 431 429 1810
11134 4 2 1 1 756 918 923 1875
11135 4 2 1 1 1533 1945 1802 2462
11136 4 2 1 1 693 696 699 2272
11137 4 2 1 1 995 761 1941 2459
11138 4 2 1 1 401 389 323 2306
11139 4 2 1 1 1901 2214 2082 2412
11140 4 2 1 1 411 473 115 1006
11141 4 2 1 1 1041 1947 409 2446
11142 4 2 1 1 859 941 947 1899
11143 4 2 1 1 782 932 926 2409
11144 4 2 1 1 402 1800 384 2389
11145 4 2 1 1 447 499 409 2173
11146 4 2 1 1 1812 2020 1930 2296
11147 4 2 1 1 1229 1197 1228 1850
11148 4 2 1 1 634 961 960 2105
11149 4 2 1 1 961 962 814 2105
11150 4 2 1 1 1718 2240 1771 2253
11151 4 2 1 1 281 1049 1406 1922
11152 4 2 1 1 339 378 331 1911
11153 4 2 1 1 713 710 707 2259
11154 4 2 1 1 469 483 492 2014
11155 4 2 1 1 840 660 994 1814
11156 4 2 1 1 1187 1205 2355 2461
11157 4 2 1 1 367 295 85 647
11158 4 2 1 1 462 486 418 1898
11159 4 2 1 1 903 721 914 1835
11160 4 2 1 1 1239 1240 1241 2226
11161 4 2 1 1 2024 2092 1682 2157
11162 4 2 1 1 1247 1339 1246 2456
11163 4 2 1 1 1247 1132 1248 2456
11164 4 2 1 1 1203 1690 2113 2433
11165 4 2 1 1 1183 1182 1181 1872
11166 4 2 1 1 182 243 246 2141
11167 4 2 1 1 1690 1995 1514 2360
11168 4 2 1 1 1372 1033 1286 1854
11169 4 2 1 1 1059 1058 1057 1809
11170 4 2 1 1 1215 2186 1216 2305
11171 4 2 1 1 752 848 771 1954
11172 4 2 1 1 428 427 429 2148
11173 4 2 1 1 242 243 244 1944
11174 4 2 1 1 589 591 527 2276
11175 4 2 1 1 1779 2226 1468 2347
11176 4 2 1 1 623 571 598 1906
11177 4 2 1 1 18 264 1283 2078
11178 4 2 1 1 1275 1401 1039 2216
11179 4 2 1 1 1881 2211 1575 2398
11180 4 2 1 1 684 688 921 1844
11181 4 2 1 1 1403 607 1232 1806
11182 4 2 1 1 510 473 1942 2103
11183 4 2 1 1 1773 1938 1583 2336
11184 4 2 1 1 1786 1502 1975 2348
11185 4 2 1 1 1719 2163 1555 2470
11186 4 2 1 1 1312 1081 1079 2298
11187 4 2 1 1 696 702 2114 2272
11188 4 2 1 1 1043 176 29 276
11189 4 2 1 1 1028 26 174 1280
11190 4 2 1 1 1668 2159 2076 2461
11191 4 2 1 1 1864 2314 1624 2413
11192 4 2 1 1 1884 1927 1497 2303
11193 4 2 1 1 1523 1815 2232 2353
11194 4 2 1 1 899 2350 1724 2352
11195 4 2 1 1 669 667 668 2028
11196 4 2 1 1 1537 2125 1716 2243
11197 4 2 1 1 268 204 250 1929
11198 4 2 1 1 1621 2081 1942 2103
11199 4 2 1 1 2096 2382 1644 2391
11200 4 2 1 1 1371 2360 2278 2466
11201 4 2 1 1 1381 1203 1366 2113
11202 4 2 1 1 1381 1034 74 393
11203 4 2 1 1 1492 1863 1781 2317
11204 4 2 1 1 1123 1266 1097 1986
11205 4 2 1 1 739 717 724 1970
11206 4 2 1 1 1582 2171 2089 2426
11207 4 2 1 1 1558 2090 1793 2119
11208 4 2 1 1 134 1045 1398 474
11209 4 2 1 1 770 780 779 1881
11210 4 2 1 1 1733 2221 2098 2292
11211 4 2 1 1 1475 1807 2069 2353
11212 4 2 1 1 765 1975 882 2348
11213 4 2 1 1 179 640 50 272
11214 4 2 1 1 1526 1715 1973 2436
11215 4 2 1 1 1053 1051 1238 2230
11216 4 2 1 1 813 928 934 2229
11217 4 2 1 1 1295 1294 1343 1794
11218 4 2 1 1 289 67 359 1378
11219 4 2 1 1 1507 1928 1795 2465
11220 4 2 1 1 785 2069 787 2260
11221 4 2 1 1 1521 2362 1874 2376
11222 4 2 1 1 1418 2021 1675 2293
11223 4 2 1 1 1773 2175 1706 2319
11224 4 2 1 1 2231 2422 1477 2439
11225 4 2 1 1 391 353 352 1787
11226 4 2 1 1 1492 1781 1863 2371
11227 4 2 1 1 1199 1994 1309 2183
11228 4 2 1 1 879 957 640 1816
11229 4 2 1 1 711 704 705 1988
11230 4 2 1 1 782 814 781 1861
11231 4 2 1 1 498 408 515 1998
11232 4 2 1 1 1801 1480 2101 2395
11233 4 2 1 1 348 370 336 1936
11234 4 2 1 1 1372 1286 1375 2213
11235 4 2 1 1 738 901 864 1931
11236 4 2 1 1 599 613 632 1834
11237 4 2 1 1 331 1911 386 2316
11238 4 2 1 1 1621 1942 2081 2342
11239 4 2 1 1 1703 1578 2049 2456
11240 4 2 1 1 1604 1938 1773 2336
11241 4 2 1 1 1407 1215 1996 2186
11242 4 2 1 1 396 354 418 1940
11243 4 2 1 1 1554 1939 2048 2266
11244 4 2 1 1 742 700 709 2013
11245 4 2 1 1 822 890 1001 1927
11246 4 2 1 1 463 421 1923 2153
11247 4 2 1 1 351 352 353 1787
11248 4 2 1 1 1161 2172 1187 2355
11249 4 2 1 1 1361 1276 1278 2132
11250 4 2 1 1 652 885 883 1893
11251 4 2 1 1 1661 2122 1427 2342
11252 4 2 1 1 1513 2151 1805 2414
11253 4 2 1 1 886 774 754 2430
11254 4 2 1 1 537 1966 538 2203
11255 4 2 1 1 717 1970 739 2299
11256 4 2 1 1 1325 1305 1265 1851
11257 4 2 1 1 652 1008 103 507
11258 4 2 1 1 1875 2112 1494 2127
11259 4 2 1 1 1894 2363 1766 2368
11260 4 2 1 1 713 1867 727 2393
11261 4 2 1 1 1397 170 622 1044
11262 4 2 1 1 260 256 188 1707
11263 4 2 1 1 106 996 641 408
11264 4 2 1 1 994 1814 375 2073
11265 4 2 1 1 973 989 1959 2389
11266 4 2 1 1 1701 2061 1799 2304
11267 4 2 1 1 1477 1803 2131 2381
11268 4 2 1 1 713 2259 1867 2393
11269 4 2 1 1 911 108 485 498
11270 4 2 1 1 1098 1083 1302 1972
11271 4 2 1 1 1398 1223 1048 2070
11272 4 2 1 1 796 799 798 1901
11273 4 2 1 1 596 550 520 1771
11274 4 2 1 1 1636 1870 2027 2445
11275 4 2 1 1 849 850 659 1952
11276 4 2 1 1 760 787 785 2069
11277 4 2 1 1 2026 2250 1519 2275
11278 4 2 1 1 817 2289 762 2303
11279 4 2 1 1 1193 1318 1317 2312
11280 4 2 1 1 109 485 407 637
11281 4 2 1 1 1414 1815 2137 2451
11282 4 2 1 1 1362 1165 1950 2351
11283 4 2 1 1 1180 2004 1178 2396
11284 4 2 1 1 664 939 1886 2469
11285 4 2 1 1 1249 1321 1348 1796
11286 4 2 1 1 1513 1681 2141 2151
11287 4 2 1 1 570 610 600 1779
11288 4 2 1 1 1493 2151 1794 2390
11289 4 2 1 1 1524 1833 2167 2239
11290 4 2 1 1 458 488 457 1984
11291 4 2 1 1 1121 1261 1128 2243
11292 4 2 1 1 828 829 830 1852
11293 4 2 1 1 704 698 705 1988
11294 4 2 1 1 1508 1925 1772 2313
11295 4 2 1 1 1891 2119 1630 2237
11296 4 2 1 1 1835 2242 1611 2345
11297 4 2 1 1 1554 2236 1939 2266
11298 4 2 1 1 1795 2012 1448 2200
11299 4 2 1 1 501 404 112 650
11300 4 2 1 1 2098 2221 1550 2292
11301 4 2 1 1 549 2222 1718 2335
11302 4 2 1 1 1308 1059 1124 2333
11303 4 2 1 1 657 280 52 183
11304 4 2 1 1 1420 1855 2234 2447
11305 4 2 1 1 1772 1925 1491 2313
11306 4 2 1 1 1186 1204 1393 2355
11307 4 2 1 1 1465 1832 1988 2463
11308 4 2 1 1 241 2185 265 2420
11309 4 2 1 1 982 905 987 1896
11310 4 2 1 1 1044 1218 1225 1883
11311 4 2 1 1 1533 2387 1945 2462
11312 4 2 1 1 802 2002 803 2309
11313 4 2 1 1 278 176 28 1043
11314 4 2 1 1 1261 1262 1194 2243
11315 4 2 1 1 1272 1273 1271 2175
11316 4 2 1 1 1096 1108 1306 1801
11317 4 2 1 1 73 1381 393 2113
11318 4 2 1 1 1205 2076 1914 2461
11319 4 2 1 1 1574 2137 1902 2451
11320 4 2 1 1 909 811 931 2167
11321 4 2 1 1 18 1267 175 2078
11322 4 2 1 1 526 621 597 2057
11323 4 2 1 1 1205 1914 1204 2355
11324 4 2 1 1 996 653 1019 1998
11325 4 2 1 1 298 98 646 395
11326 4 2 1 1 1515 1810 2016 2271
11327 4 2 1 1 1144 1143 1894 2363
11328 4 2 1 1 62 301 1380 1036
11329 4 2 1 1 1452 2122 1935 2346
11330 4 2 1 1 279 967 41 234
11331 4 2 1 1 548 545 547 1871
11332 4 2 1 1 1466 1861 2382 2418
11333 4 2 1 1 1935 2122 1661 2346
11334 4 2 1 1 588 589 1915 2379
11335 4 2 1 1 1480 1951 1761 2470
11336 4 2 1 1 1014 868 1949 2161
11337 4 2 1 1 405 1045 474 2070
11338 4 2 1 1 1483 1778 1955 2460
11339 4 2 1 1 559 560 561 2325
11340 4 2 1 1 461 239 281 1922
11341 4 2 1 1 817 1759 2289 2303
11342 4 2 1 1 898 714 675 1955
11343 4 2 1 1 1492 1867 2168 2242
11344 4 2 1 1 1167 1701 2304 2373
11345 4 2 1 1 1784 1466 1956 2418
11346 4 2 1 1 857 739 2121 2299
11347 4 2 1 1 982 812 909 2167
11348 4 2 1 1 1718 2240 549 2335
11349 4 2 1 1 1656 2160 1431 2227
11350 4 2 1 1 512 396 418 1940
11351 4 2 1 1 562 2270 561 2325
11352 4 2 1 1 367 994 375 2073
11353 4 2 1 1 1346 1342 1162 2075
11354 4 2 1 1 1051 2146 1231 2230
11355 4 2 1 1 213 215 245 2029
11356 4 2 1 1 331 329 330 2094
11357 4 2 1 1 108 911 653 498
11358 4 2 1 1 672 674 673 1866
11359 4 2 1 1 1344 1345 1185 1774
11360 4 2 1 1 332 1760 334 2449
11361 4 2 1 1 1534 2037 1691 2451
11362 4 2 1 1 1836 1884 1497 2303
11363 4 2 1 1 970 971 884 2058
11364 4 2 1 1 463 464 465 2058
11365 4 2 1 1 756 923 860 1875
11366 4 2 1 1 1692 2262 1560 2424
11367 4 2 1 1 1564 2262 1692 2424
11368 4 2 1 1 1392 1044 1225 1883
11369 4 2 1 1 1724 1960 1498 2350
11370 4 2 1 1 1825 1498 2134 2378
11371 4 2 1 1 213 245 228 2029
11372 4 2 1 1 429 430 428 2271
11373 4 2 1 1 1367 1374 1200 2373
11374 4 2 1 1 455 457 456 2081
11375 4 2 1 1 1656 1550 2421 2435
11376 4 2 1 1 1088 2101 1986 2395
11377 4 2 1 1 796 1901 2082 2412
11378 4 2 1 1 104 652 509 1013
11379 4 2 1 1 232 174 266 2190
11380 4 2 1 1 1761 1951 1416 2470
11381 4 2 1 1 1965 2421 1550 2435
11382 4 2 1 1 201 202 199 1862
11383 4 2 1 1 401 382 368 2208
11384 4 2 1 1 1407 1215 1385 1996
11385 4 2 1 1 148 896 593 651
11386 4 2 1 1 1574 2274 1986 2408
11387 4 2 1 1 1195 1162 1164 2254
11388 4 2 1 1 365 1286 1854 2213
11389 4 2 1 1 197 199 241 2420
11390 4 2 1 1 335 334 333 2164
11391 4 2 1 1 421 422 423 1938
11392 4 2 1 1 619 1382 590 1915
11393 4 2 1 1 247 640 49 179
11394 4 2 1 1 1042 1340 1343 1929
11395 4 2 1 1 491 1016 660 1814
11396 4 2 1 1 562 1996 570 2270
11397 4 2 1 1 222 221 219 2145
11398 4 2 1 1 1445 1737 1924 2361
11399 4 2 1 1 1658 2006 1908 2317
11400 4 2 1 1 490 511 1406 1922
11401 4 2 1 1 1454 1796 1894 2368
11402 4 2 1 1 888 887 641 1967
11403 4 2 1 1 1002 1020 834 1767
11404 4 2 1 1 831 2124 801 2309
11405 4 2 1 1 1695 1496 2136 2298
11406 4 2 1 1 1459 1769 1953 2284
11407 4 2 1 1 528 148 593 651
11408 4 2 1 1 1446 1855 2398 2440
11409 4 2 1 1 1178 1180 1255 2004
11410 4 2 1 1 1222 1223 2070 2117
11411 4 2 1 1 1654 1568 2311 2362
11412 4 2 1 1 875 795 792 2116
11413 4 2 1 1 1340 1343 1929 2432
11414 4 2 1 1 443 451 479 2188
11415 4 2 1 1 723 711 857 1832
11416 4 2 1 1 352 351 309 2086
11417 4 2 1 1 494 1820 472 2419
11418 4 2 1 1 1589 2414 1681 2450
11419 4 2 1 1 987 1896 905 2337
11420 4 2 1 1 1705 2231 2129 2439
11421 4 2 1 1 1279 1049 1271 1922
11422 4 2 1 1 360 330 328 2377
11423 4 2 1 1 1051 1050 1231 2146
11424 4 2 1 1 402 384 293 2389
11425 4 2 1 1 1009 153 626 2187
11426 4 2 1 1 1348 1343 1249 2432
11427 4 2 1 1 1499 1795 1993 2201
11428 4 2 1 1 839 655 1010 2103
11429 4 2 1 1 1492 1908 2317 2345
11430 4 2 1 1 1625 2369 1941 2431
11431 4 2 1 1 498 653 107 996
11432 4 2 1 1 1324 1320 1108 2315
11433 4 2 1 1 1484 1996 1779 2305
11434 4 2 1 1 577 1883 624 2359
11435 4 2 1 1 807 806 823 1840
11436 4 2 1 1 615 574 633 1767
11437 4 2 1 1 822 762 1927 2303
11438 4 2 1 1 1505 1768 1897 2441
11439 4 2 1 1 1270 1049 15 2319
11440 4 2 1 1 1939 2349 1547 2469
11441 4 2 1 1 922 889 813 2229
11442 4 2 1 1 482 113 404 892
11443 4 2 1 1 2082 2214 1548 2412
11444 4 2 1 1 1462 1667 2150 2388
11445 4 2 1 1 1589 2096 2087 2391
11446 4 2 1 1 1500 2102 1756 2197
11447 4 2 1 1 958 654 959 1900
11448 4 2 1 1 674 1866 672 2443
11449 4 2 1 1 1689 1432 2155 2244
11450 4 2 1 1 756 858 698 2112
11451 4 2 1 1 695 2023 707 2321
11452 4 2 1 1 1803 2231 1477 2439
11453 4 2 1 1 1559 2258 1949 2394
11454 4 2 1 1 1397 622 171 584
11455 4 2 1 1 1502 1895 1831 2301
11456 4 2 1 1 857 711 717 2299
11457 4 2 1 1 332 333 334 1760
11458 4 2 1 1 1232 1233 1231 2017
11459 4 2 1 1 146 599 523 636
11460 4 2 1 1 477 1401 122 406
11461 4 2 1 1 1414 2055 1815 2232
11462 4 2 1 1 230 196 183 2469
11463 4 2 1 1 1671 2024 1892 2347
11464 4 2 1 1 1496 2072 1695 2136
11465 4 2 1 1 313 314 315 2138
11466 4 2 1 1 925 748 781 2195
11467 4 2 1 1 388 358 1842 2411
11468 4 2 1 1 560 588 617 2325
11469 4 2 1 1 2015 2134 1498 2378
11470 4 2 1 1 1703 2234 1544 2280
11471 4 2 1 1 289 386 1911 2316
11472 4 2 1 1 556 591 589 1846
11473 4 2 1 1 1039 477 121 2154
11474 4 2 1 1 424 464 1923 2354
11475 4 2 1 1 1362 1363 1165 2351
11476 4 2 1 1 1154 1198 1199 2183
11477 4 2 1 1 1523 1807 2118 2353
11478 4 2 1 1 607 1232 1806 2017
11479 4 2 1 1 1467 1980 1850 2311
11480 4 2 1 1 1496 2072 2136 2434
11481 4 2 1 1 16 1037 186 251
11482 4 2 1 1 1456 1936 1792 2164
11483 4 2 1 1 1492 2168 1961 2242
11484 4 2 1 1 571 572 569 2068
11485 4 2 1 1 1746 2069 1475 2260
11486 4 2 1 1 1418 2293 1675 2356
11487 4 2 1 1 259 192 189 1952
11488 4 2 1 1 338 336 370 1936
11489 4 2 1 1 1491 2155 1979 2442
11490 4 2 1 1 1114 1106 1113 2044
11491 4 2 1 1 394 349 87 985
11492 4 2 1 1 835 841 790 2098
11493 4 2 1 1 1901 1591 2165 2194
11494 4 2 1 1 1370 1381 73 2113
11495 4 2 1 1 1364 1989 1224 2344
11496 4 2 1 1 460 106 641 408
11497 4 2 1 1 919 995 761 1941
11498 4 2 1 1 393 1034 74 290
11499 4 2 1 1 1903 2010 1469 2435
11500 4 2 1 1 1211 1357 1359 1865
11501 4 2 1 1 1509 2116 1877 2375
11502 4 2 1 1 1686 2380 1717 2392
11503 4 2 1 1 1895 1975 1540 2301
11504 4 2 1 1 1603 2136 2072 2434
11505 4 2 1 1 1395 607 532 2017
11506 4 2 1 1 499 2173 471 2446
11507 4 2 1 1 278 232 231 2190
11508 4 2 1 1 796 2082 794 2412
11509 4 2 1 1 302 351 353 2106
11510 4 2 1 1 584 582 533 2106
11511 4 2 1 1 1035 1395 157 532
11512 4 2 1 1 509 410 459 1893
11513 4 2 1 1 1812 1930 1551 2296
11514 4 2 1 1 1586 1988 1958 2112
11515 4 2 1 1 1130 2102 1150 2363
11516 4 2 1 1 311 312 310 2142
11517 4 2 1 1 1547 1939 2266 2349
11518 4 2 1 1 1417 1856 2246 2269
11519 4 2 1 1 1395 1035 1233 2017
11520 4 2 1 1 857 717 739 2299
11521 4 2 1 1 1466 2029 1827 2391
11522 4 2 1 1 993 2187 837 2416
11523 4 2 1 1 518 472 494 1820
11524 4 2 1 1 655 416 116 1010
11525 4 2 1 1 1290 129 478 2446
11526 4 2 1 1 552 2335 1664 2425
11527 4 2 1 1 232 200 231 2190
11528 4 2 1 1 324 2171 322 2306
11529 4 2 1 1 536 2203 305 2402
11530 4 2 1 1 203 248 202 2097
11531 4 2 1 1 648 139 597 526
11532 4 2 1 1 1126 1112 1105 2182
11533 4 2 1 1 1418 2356 2251 2465
11534 4 2 1 1 1403 1232 1047 1806
11535 4 2 1 1 730 2332 932 2409
11536 4 2 1 1 1599 1722 2167 2279
11537 4 2 1 1 1802 2052 1638 2257
11538 4 2 1 1 1414 2055 1739 2137
11539 4 2 1 1 481 454 450 1935
11540 4 2 1 1 95 362 294 980
11541 4 2 1 1 409 1257 130 475
11542 4 2 1 1 1735 1510 2162 2176
11543 4 2 1 1 359 358 357 1842
11544 4 2 1 1 1205 1234 1399 1914
11545 4 2 1 1 1488 1950 2304 2373
11546 4 2 1 1 1870 2307 1999 2386
11547 4 2 1 1 609 562 519 1996
11548 4 2 1 1 246 210 207 2141
11549 4 2 1 1 318 321 320 2064
11550 4 2 1 1 509 652 104 410
11551 4 2 1 1 325 322 324 2171
11552 4 2 1 1 1451 2028 1758 2225
11553 4 2 1 1 1111 1099 1092 2051
11554 4 2 1 1 236 191 190 2452
11555 4 2 1 1 2172 2355 1549 2461
11556 4 2 1 1 997 1001 890 2459
11557 4 2 1 1 186 1270 15 2319
11558 4 2 1 1 1580 2195 1861 2409
11559 4 2 1 1 1368 1373 1237 1823
11560 4 2 1 1 288 381 319 1854
11561 4 2 1 1 1505 1897 1891 2441
11562 4 2 1 1 1807 1523 2118 2239
11563 4 2 1 1 643 973 400 2389
11564 4 2 1 1 1418 1958 2251 2356
11565 4 2 1 1 1069 1071 1192 1885
11566 4 2 1 1 937 880 929 2386
11567 4 2 1 1 470 508 517 2217
11568 4 2 1 1 1097 1088 1986 2395
11569 4 2 1 1 1491 1979 2313 2442
11570 4 2 1 1 1979 2115 1415 2221
11571 4 2 1 1 689 880 924 1999
11572 4 2 1 1 1751 2046 1421 2429
11573 4 2 1 1 1822 2237 1732 2388
11574 4 2 1 1 1582 2089 1842 2351
11575 4 2 1 1 857 2121 1832 2299
11576 4 2 1 1 971 465 1008 2058
11577 4 2 1 1 575 543 587 1990
11578 4 2 1 1 383 365 319 1854
11579 4 2 1 1 1041 1257 130 409
11580 4 2 1 1 1446 2327 1790 2440
11581 4 2 1 1 1470 1879 1828 2318
11582 4 2 1 1 1565 2113 1690 2433
11583 4 2 1 1 45 962 634 2105
11584 4 2 1 1 45 634 177 2105
11585 4 2 1 1 468 496 403 1749
11586 4 2 1 1 1068 1069 1937 2437
11587 4 2 1 1 1481 2107 1847 2254
11588 4 2 1 1 1265 1089 1258 2176
11589 4 2 1 1 1487 2041 1762 2192
11590 4 2 1 1 1217 1210 1215 2186
11591 4 2 1 1 327 328 326 2035
11592 4 2 1 1 1095 1101 1109 2181
11593 4 2 1 1 911 1021 1001 1884
11594 4 2 1 1 1418 1769 2021 2284
11595 4 2 1 1 856 949 703 1797
11596 4 2 1 1 1821 1969 1527 2455
11597 4 2 1 1 1810 2174 1637 2291
11598 4 2 1 1 1244 1108 1103 2315
11599 4 2 1 1 790 2098 1733 2331
11600 4 2 1 1 1524 2167 1833 2279
11601 4 2 1 1 474 489 506 2070
11602 4 2 1 1 206 207 208 2327
11603 4 2 1 1 1685 1468 2226 2347
11604 4 2 1 1 1187 1205 1204 2355
11605 4 2 1 1 1668 1549 2159 2461
11606 4 2 1 1 281 1406 511 1922
11607 4 2 1 1 516 497 1734 2381
11608 4 2 1 1 991 2283 1973 2436
11609 4 2 1 1 147 599 917 651
11610 4 2 1 1 103 652 507 410
11611 4 2 1 1 1462 1844 2015 2134
11612 4 2 1 1 1482 1661 2342 2346
11613 4 2 1 1 507 1008 102 465
11614 4 2 1 1 1303 1107 1313 2357
11615 4 2 1 1 480 412 132 1394
11616 4 2 1 1 1415 2115 1979 2313
11617 4 2 1 1 1771 2059 1491 2253
11618 4 2 1 1 1451 1791 2225 2438
11619 4 2 1 1 1230 1227 1156 2413
11620 4 2 1 1 237 276 176 2146
11621 4 2 1 1 765 754 757 2430
11622 4 2 1 1 251 186 277 2319
11623 4 2 1 1 332 2094 1760 2449
11624 4 2 1 1 940 670 746 2397
11625 4 2 1 1 940 701 672 2397
11626 4 2 1 1 438 517 485 1884
11627 4 2 1 1 1202 1364 1224 2344
11628 4 2 1 1 1572 1664 2335 2425
11629 4 2 1 1 316 314 317 2138
11630 4 2 1 1 219 254 222 2003
11631 4 2 1 1 656 841 835 2140
11632 4 2 1 1 2195 2382 1861 2418
11633 4 2 1 1 1225 1925 1331 2359
11634 4 2 1 1 632 1834 613 2425
11635 4 2 1 1 355 1995 290 2466
11636 4 2 1 1 1967 2294 1515 2431
11637 4 2 1 1 1165 1167 2304 2373
11638 4 2 1 1 1314 1058 1060 2205
11639 4 2 1 1 1532 1999 1870 2307
11640 4 2 1 1 1687 2228 1751 2429
11641 4 2 1 1 687 684 686 2193
11642 4 2 1 1 713 719 2259 2393
11643 4 2 1 1 1535 1800 2377 2389
11644 4 2 1 1 1474 2037 1839 2093
11645 4 2 1 1 1620 2217 1803 2439
11646 4 2 1 1 428 467 425 2354
11647 4 2 1 1 347 346 315 2113
11648 4 2 1 1 1343 1348 1295 2277
11649 4 2 1 1 1342 1346 1295 2277
11650 4 2 1 1 352 309 355 2086
11651 4 2 1 1 506 484 405 2070
11652 4 2 1 1 1382 162 590 1390
11653 4 2 1 1 1235 1163 1353 2107
11654 4 2 1 1 1549 2172 1697 2355
11655 4 2 1 1 1296 1023 164 2276
11656 4 2 1 1 1141 1250 1252 2358
11657 4 2 1 1 1910 2006 1463 2384
11658 4 2 1 1 1868 1980 1467 2311
11659 4 2 1 1 1925 2288 1508 2453
11660 4 2 1 1 400 1959 377 2389
11661 4 2 1 1 636 146 599 917
11662 4 2 1 1 1558 2052 1802 2257
11663 4 2 1 1 624 577 521 1883
11664 4 2 1 1 851 849 873 2048
11665 4 2 1 1 568 2060 565 2233
11666 4 2 1 1 697 679 685 1978
11667 4 2 1 1 1044 170 622 521
11668 4 2 1 1 1818 2030 1479 2428
11669 4 2 1 1 1477 2131 1734 2381
11670 4 2 1 1 265 202 248 2185
11671 4 2 1 1 1128 1193 1157 2312
11672 4 2 1 1 340 338 341 2367
11673 4 2 1 1 388 358 359 1842
11674 4 2 1 1 301 62 366 1036
11675 4 2 1 1 713 727 719 2393
11676 4 2 1 1 706 707 695 2023
11677 4 2 1 1 1411 1993 1795 2201
11678 4 2 1 1 1148 2288 1170 2453
11679 4 2 1 1 1484 2305 1779 2347
11680 4 2 1 1 1402 522 159 610
11681 4 2 1 1 1014 580 141 625
11682 4 2 1 1 1733 2221 1590 2331
11683 4 2 1 1 1794 2151 2141 2390
11684 4 2 1 1 988 819 840 2297
11685 4 2 1 1 1506 1816 2185 2420
11686 4 2 1 1 1965 2227 1431 2328
11687 4 2 1 1 1685 2157 2347 2423
11688 4 2 1 1 392 372 376 2126
11689 4 2 1 1 568 567 565 2060
11690 4 2 1 1 1803 2217 1497 2439
11691 4 2 1 1 1842 1488 2316 2373
11692 4 2 1 1 505 478 471 2446
11693 4 2 1 1 1287 1288 1375 2213
11694 4 2 1 1 822 817 762 2303
11695 4 2 1 1 1281 520 167 2059
11696 4 2 1 1 264 18 175 2078
11697 4 2 1 1 1045 1222 1223 2070
11698 4 2 1 1 1076 1079 1078 2136
11699 4 2 1 1 1550 1813 2098 2292
11700 4 2 1 1 367 84 375 994
11701 4 2 1 1 560 557 588 2379
11702 4 2 1 1 1271 1270 2175 2319
11703 4 2 1 1 1305 1248 1314 2280
11704 4 2 1 1 453 500 452 2085
11705 4 2 1 1 1249 1248 1321 2280
11706 4 2 1 1 1801 2315 1691 2395
11707 4 2 1 1 777 739 776 2121
11708 4 2 1 1 861 804 809 1789
11709 4 2 1 1 780 770 950 2211
11710 4 2 1 1 962 45 249 2105
11711 4 2 1 1 1672 1570 2241 2468
11712 4 2 1 1 1466 2096 2029 2391
11713 4 2 1 1 892 112 404 650
11714 4 2 1 1 1366 1166 1322 2360
11715 4 2 1 1 1970 2121 739 2299
11716 4 2 1 1 601 621 526 1678
11717 4 2 1 1 429 427 483 1745
11718 4 2 1 1 232 26 174 1028
11719 4 2 1 1 663 657 664 2469
11720 4 2 1 1 588 589 590 1915
11721 4 2 1 1 1121 1114 1113 2125
11722 4 2 1 1 669 668 670 2225
11723 4 2 1 1 439 440 437 2131
11724 4 2 1 1 1498 2015 1844 2134
11725 4 2 1 1 496 468 469 2198
11726 4 2 1 1 1703 1796 2234 2280
11727 4 2 1 1 1213 1199 1212 1994
11728 4 2 1 1 1174 1176 1175 2020
11729 4 2 1 1 1348 1144 1342 2277
11730 4 2 1 1 853 827 854 2156
11731 4 2 1 1 205 207 206 1790
11732 4 2 1 1 1545 2080 2118 2255
11733 4 2 1 1 1281 167 1027 2059
11734 4 2 1 1 1198 1155 1259 2108
11735 4 2 1 1 403 496 125 1040
11736 4 2 1 1 1482 2342 2166 2346
11737 4 2 1 1 659 1015 284 1952
11738 4 2 1 1 778 726 943 2196
11739 4 2 1 1 1243 1402 159 610
11740 4 2 1 1 1855 1493 2234 2447
11741 4 2 1 1 1815 1632 2232 2353
11742 4 2 1 1 947 941 852 1899
11743 4 2 1 1 1889 2172 1697 2295
11744 4 2 1 1 916 959 654 1900
11745 4 2 1 1 1101 1098 1107 2357
11746 4 2 1 1 259 284 534 1952
11747 4 2 1 1 1050 1047 1231 2146
11748 4 2 1 1 660 840 839 2103
11749 4 2 1 1 1589 1681 2235 2450
11750 4 2 1 1 1336 1339 1028 2190
11751 4 2 1 1 973 643 989 2389
11752 4 2 1 1 735 736 754 2168
11753 4 2 1 1 866 998 869 1949
11754 4 2 1 1 1184 1182 1183 2410
11755 4 2 1 1 481 493 412 2322
11756 4 2 1 1 1414 2137 1739 2184
11757 4 2 1 1 941 938 755 2065
11758 4 2 1 1 656 152 529 626
11759 4 2 1 1 921 688 773 2123
11760 4 2 1 1 255 1992 275 2189
11761 4 2 1 1 478 129 409 2446
11762 4 2 1 1 732 716 731 2210
11763 4 2 1 1 426 504 477 2154
11764 4 2 1 1 1488 2089 2005 2323
11765 4 2 1 1 1394 1026 1226 1782
11766 4 2 1 1 611 587 548 2222
11767 4 2 1 1 1497 2129 2231 2439
11768 4 2 1 1 988 840 972 2073
11769 4 2 1 1 788 2116 1746 2375
11770 4 2 1 1 206 2097 1790 2327
11771 4 2 1 1 599 147 528 651
11772 4 2 1 1 994 660 1016 1814
11773 4 2 1 1 537 538 531 2203
11774 4 2 1 1 300 307 306 2203
11775 4 2 1 1 628 534 284 1952
11776 4 2 1 1 1914 1915 1399 2276
11777 4 2 1 1 663 664 665 2349
11778 4 2 1 1 1035 157 598 532
11779 4 2 1 1 758 760 785 2069
11780 4 2 1 1 238 187 283 1806
11781 4 2 1 1 1528 2105 1684 2178
11782 4 2 1 1 1809 2205 1578 2361
11783 4 2 1 1 406 1401 123 1029
11784 4 2 1 1 1371 1322 2278 2360
11785 4 2 1 1 560 588 2325 2379
11786 4 2 1 1 809 2339 808 2467
11787 4 2 1 1 1193 1128 1194 2243
11788 4 2 1 1 1423 2033 1731 2423
11789 4 2 1 1 1529 1829 2147 2207
11790 4 2 1 1 1271 1049 1270 2319
11791 4 2 1 1 1207 2076 1205 2461
11792 4 2 1 1 1825 2072 1496 2434
11793 4 2 1 1 562 609 570 1996
11794 4 2 1 1 1163 1133 1356 2207
11795 4 2 1 1 993 153 1009 2187
11796 4 2 1 1 1418 2251 1729 2465
11797 4 2 1 1 1520 2155 1957 2442
11798 4 2 1 1 321 363 382 2064
11799 4 2 1 1 551 549 2240 2335
11800 4 2 1 1 1534 1799 2061 2304
11801 4 2 1 1 1246 1339 1336 1977
11802 4 2 1 1 740 743 719 2393
11803 4 2 1 1 1253 1170 1138 2288
11804 4 2 1 1 1413 2096 2087 2414
11805 4 2 1 1 578 1027 167 2059
11806 4 2 1 1 1214 1782 1026 2464
11807 4 2 1 1 1279 1396 120 417
11808 4 2 1 1 765 882 883 2348
11809 4 2 1 1 1236 1373 1201 1974
11810 4 2 1 1 675 1955 714 2460
11811 4 2 1 1 412 1026 132 1394
11812 4 2 1 1 407 508 479 1836
11813 4 2 1 1 372 373 299 1898
11814 4 2 1 1 1264 1085 1067 2256
11815 4 2 1 1 113 482 638 892
11816 4 2 1 1 1000 831 803 2309
11817 4 2 1 1 410 507 464 2058
11818 4 2 1 1 1251 1250 1142 2358
11819 4 2 1 1 1508 2288 1925 2313
11820 4 2 1 1 192 185 191 2001
11821 4 2 1 1 45 177 249 2105
11822 4 2 1 1 936 848 910 2027
11823 4 2 1 1 242 271 214 2407
11824 4 2 1 1 1045 134 405 474
11825 4 2 1 1 1550 1813 2292 2421
11826 4 2 1 1 1413 1805 2215 2300
11827 4 2 1 1 2087 2096 1589 2414
11828 4 2 1 1 1839 2037 1474 2104
11829 4 2 1 1 1786 2430 1625 2431
11830 4 2 1 1 1284 1212 1040 1749
11831 4 2 1 1 982 987 812 1896
11832 4 2 1 1 1751 2257 1638 2454
11833 4 2 1 1 2047 2136 1496 2298
11834 4 2 1 1 607 585 603 1806
11835 4 2 1 1 1189 1184 1256 2410
11836 4 2 1 1 288 1854 1033 2383
11837 4 2 1 1 192 191 193 2236
11838 4 2 1 1 1112 1106 1105 2182
11839 4 2 1 1 1322 1219 1371 2278
11840 4 2 1 1 1220 1221 1219 2278
11841 4 2 1 1 914 915 903 2242
11842 4 2 1 1 580 608 566 2394
11843 4 2 1 1 578 167 520 2059
11844 4 2 1 1 1130 1150 1143 2363
11845 4 2 1 1 520 166 1038 1281
11846 4 2 1 1 189 659 284 1952
11847 4 2 1 1 1410 1841 2139 2338
11848 4 2 1 1 1310 1157 1323 2202
11849 4 2 1 1 236 2146 237 2262
11850 4 2 1 1 1303 1125 1110 1905
11851 4 2 1 1 1096 1801 2101 2395
11852 4 2 1 1 1409 1980 1868 2311
11853 4 2 1 1 178 287 262 1956
11854 4 2 1 1 1411 1795 2200 2201
11855 4 2 1 1 978 989 643 2389
11856 4 2 1 1 523 595 145 2340
11857 4 2 1 1 1932 2079 1621 2297
11858 4 2 1 1 272 51 183 2469
11859 4 2 1 1 1010 416 491 2103
11860 4 2 1 1 462 488 486 1898
11861 4 2 1 1 181 267 253 1900
11862 4 2 1 1 1512 2219 1924 2343
11863 4 2 1 1 179 265 247 1816
11864 4 2 1 1 845 1759 2339 2467
11865 4 2 1 1 810 847 808 2467
11866 4 2 1 1 1484 1685 2305 2347
11867 4 2 1 1 530 604 603 2452
11868 4 2 1 1 1068 1070 1069 2437
11869 4 2 1 1 246 268 182 2390
11870 4 2 1 1 1357 1352 1102 2045
11871 4 2 1 1 652 884 1008 2058
11872 4 2 1 1 993 837 984 2416
11873 4 2 1 1 1492 2168 1867 2371
11874 4 2 1 1 1732 2388 2237 2441
11875 4 2 1 1 1546 2308 1989 2344
11876 4 2 1 1 1866 1483 1955 2460
11877 4 2 1 1 649 967 40 279
11878 4 2 1 1 443 444 451 2218
11879 4 2 1 1 1761 1416 2163 2470
11880 4 2 1 1 1524 2118 2080 2255
11881 4 2 1 1 649 1876 180 2189
11882 4 2 1 1 227 255 223 1992
11883 4 2 1 1 1046 1397 171 584
11884 4 2 1 1 774 919 735 2369
11885 4 2 1 1 411 114 638 1006
11886 4 2 1 1 1034 2360 1371 2466
11887 4 2 1 1 491 487 466 1814
11888 4 2 1 1 232 266 200 2190
11889 4 2 1 1 1325 1131 1144 2368
11890 4 2 1 1 336 334 335 2164
11891 4 2 1 1 416 116 473 655
11892 4 2 1 1 913 867 766 2135
11893 4 2 1 1 512 1404 396 1940
11894 4 2 1 1 1999 2307 1569 2386
11895 4 2 1 1 1028 1304 1336 2190
11896 4 2 1 1 1812 1585 2020 2296
11897 4 2 1 1 596 166 1038 520
11898 4 2 1 1 1861 781 2195 2418
11899 4 2 1 1 1071 1070 1072 2206
11900 4 2 1 1 1705 1428 2231 2422
11901 4 2 1 1 786 821 991 2283
11902 4 2 1 1 70 297 1287 2213
11903 4 2 1 1 939 954 664 1886
11904 4 2 1 1 819 818 800 2297
11905 4 2 1 1 143 1002 615 524
11906 4 2 1 1 1621 2079 1932 2342
11907 4 2 1 1 522 598 616 1906
11908 4 2 1 1 542 575 529 2140
11909 4 2 1 1 331 289 386 1911
11910 4 2 1 1 523 145 636 2340
11911 4 2 1 1 1040 496 125 1284
11912 4 2 1 1 929 743 771 2386
11913 4 2 1 1 1468 2157 2024 2347
11914 4 2 1 1 1178 1255 1181 2004
11915 4 2 1 1 609 161 1032 1390
11916 4 2 1 1 1165 1200 1167 2373
11917 4 2 1 1 1144 1131 1143 2363
11918 4 2 1 1 1688 2307 1569 2417
11919 4 2 1 1 1130 1116 1254 2102
11920 4 2 1 1 422 461 490 1922
11921 4 2 1 1 1658 2317 1908 2345
11922 4 2 1 1 670 668 746 2225
11923 4 2 1 1 747 781 748 2195
11924 4 2 1 1 271 173 216 2249
11925 4 2 1 1 433 1810 432 2198
11926 4 2 1 1 800 945 838 1932
11927 4 2 1 1 1436 2292 1813 2421
11928 4 2 1 1 1046 627 1405 2106
11929 4 2 1 1 1398 489 135 474
11930 4 2 1 1 803 802 804 2002
11931 4 2 1 1 1187 1161 1337 2172
11932 4 2 1 1 70 1287 1286 2213
11933 4 2 1 1 1509 1746 2116 2375
11934 4 2 1 1 872 973 989 1959
11935 4 2 1 1 1155 1154 1153 1934
11936 4 2 1 1 535 626 153 2187
11937 4 2 1 1 637 912 1012 1836
11938 4 2 1 1 454 453 450 2085
11939 4 2 1 1 1279 490 1406 1922
11940 4 2 1 1 263 224 216 2249
11941 4 2 1 1 1176 2020 1177 2396
11942 4 2 1 1 349 377 400 1959
11943 4 2 1 1 882 765 881 1975
11944 4 2 1 1 1230 1156 1153 2314
11945 4 2 1 1 416 491 117 1010
11946 4 2 1 1 303 371 375 1814
11947 4 2 1 1 722 744 730 2019
11948 4 2 1 1 901 671 673 2460
11949 4 2 1 1 1415 2313 1979 2442
11950 4 2 1 1 843 901 714 2460
11951 4 2 1 1 209 211 2235 2450
11952 4 2 1 1 929 710 719 2259
11953 4 2 1 1 523 632 620 2340
11954 4 2 1 1 1786 1625 2294 2431
11955 4 2 1 1 1423 2024 1892 2252
11956 4 2 1 1 981 909 759 2239
11957 4 2 1 1 512 489 1404 1940
11958 4 2 1 1 750 749 786 1997
11959 4 2 1 1 1443 1688 2307 2406
11960 4 2 1 1 657 183 51 2469
11961 4 2 1 1 840 994 972 2073
11962 4 2 1 1 1569 2307 1688 2406
11963 4 2 1 1 194 191 236 2262
11964 4 2 1 1 1373 1364 1201 2344
11965 4 2 1 1 396 1384 376 1940
11966 4 2 1 1 371 373 342 2302
11967 4 2 1 1 1663 1925 2288 2313
11968 4 2 1 1 1032 1243 160 610
11969 4 2 1 1 1323 1142 1310 2202
11970 4 2 1 1 1520 2182 1757 2427
11971 4 2 1 1 755 716 732 2210
11972 4 2 1 1 926 961 782 2178
11973 4 2 1 1 492 406 123 1029
11974 4 2 1 1 206 267 2097 2327
11975 4 2 1 1 1148 1170 1218 2453
11976 4 2 1 1 491 1814 660 2103
11977 4 2 1 1 160 1032 610 609
11978 4 2 1 1 398 1383 1405 2106
11979 4 2 1 1 1565 2383 2113 2433
11980 4 2 1 1 1180 1201 1202 2344
11981 4 2 1 1 1114 1310 1106 2044
11982 4 2 1 1 558 559 574 2265
11983 4 2 1 1 875 720 876 1877
11984 4 2 1 1 741 733 726 1919
11985 4 2 1 1 1395 1232 607 2017
11986 4 2 1 1 446 2173 447 2403
11987 4 2 1 1 1110 1101 1303 2357
11988 4 2 1 1 597 606 1007 2057
11989 4 2 1 1 625 580 579 2161
11990 4 2 1 1 1874 2362 1568 2376
11991 4 2 1 1 1641 1935 2085 2346
11992 4 2 1 1 1979 2155 1689 2442
11993 4 2 1 1 1088 1123 1097 1986
11994 4 2 1 1 499 445 471 2173
11995 4 2 1 1 2122 2342 1661 2346
11996 4 2 1 1 995 997 761 2459
11997 4 2 1 1 1569 2406 1688 2417
11998 4 2 1 1 1708 2326 1941 2459
11999 4 2 1 1 1210 1211 1215 2186
12000 4 2 1 1 1607 2194 2165 2458
12001 4 2 1 1 955 851 873 2048
12002 4 2 1 1 638 482 114 411
12003 4 2 1 1 1007 597 138 606
12004 4 2 1 1 111 912 479 2188
12005 4 2 1 1 467 459 410 1893
12006 4 2 1 1 257 261 1922 2319
12007 4 2 1 1 1369 1333 1263 1916
12008 4 2 1 1 948 2056 824 2191
12009 4 2 1 1 1191 1302 1291 2040
12010 4 2 1 1 647 394 86 985
12011 4 2 1 1 1340 1042 1280 1929
12012 4 2 1 1 2080 2118 1524 2239
12013 4 2 1 1 685 918 756 2100
12014 4 2 1 1 1054 1246 1336 1977
12015 4 2 1 1 1347 1264 1297 2462
12016 4 2 1 1 1328 1126 1105 1889
12017 4 2 1 1 1661 2085 1935 2346
12018 4 2 1 1 1319 1124 1057 2039
12019 4 2 1 1 1544 2205 1860 2361
12020 4 2 1 1 1418 1917 2293 2356
12021 4 2 1 1 1349 1030 20 2249
12022 4 2 1 1 875 2116 788 2375
12023 4 2 1 1 1838 2132 1655 2179
12024 4 2 1 1 1055 1056 1054 2111
12025 4 2 1 1 358 361 325 2171
12026 4 2 1 1 400 293 643 2389
12027 4 2 1 1 906 981 908 2080
12028 4 2 1 1 1493 1790 2151 2390
12029 4 2 1 1 696 692 702 2272
12030 4 2 1 1 1188 1184 1874 2376
12031 4 2 1 1 869 580 141 1014
12032 4 2 1 1 1011 823 1834 2191
12033 4 2 1 1 510 416 473 2103
12034 4 2 1 1 831 801 803 2309
12035 4 2 1 1 802 805 804 2002
12036 4 2 1 1 1355 1124 1319 2039
12037 4 2 1 1 1624 2286 1864 2413
12038 4 2 1 1 2165 2194 1511 2458
12039 4 2 1 1 1014 868 869 1949
12040 4 2 1 1 1656 2421 1965 2435
12041 4 2 1 1 1296 164 527 2276
12042 4 2 1 1 606 602 534 1952
12043 4 2 1 1 1174 1177 1176 2020
12044 4 2 1 1 1148 1859 2288 2453
12045 4 2 1 1 577 586 521 1883
12046 4 2 1 1 765 886 754 2430
12047 4 2 1 1 510 1942 456 2081
12048 4 2 1 1 1736 2403 446 2419
12049 4 2 1 1 1611 2095 1867 2259
12050 4 2 1 1 1199 1309 1313 2183
12051 4 2 1 1 993 535 2187 2405
12052 4 2 1 1 1326 1312 1158 2298
12053 4 2 1 1 161 609 519 1390
12054 4 2 1 1 490 1279 120 417
12055 4 2 1 1 586 540 583 2366
12056 4 2 1 1 1467 2173 1947 2446
12057 4 2 1 1 860 859 858 2127
12058 4 2 1 1 1399 1915 1023 2276
12059 4 2 1 1 1517 1867 2369 2371
12060 4 2 1 1 950 940 746 2144
12061 4 2 1 1 344 356 312 2142
12062 4 2 1 1 1556 2322 1782 2464
12063 4 2 1 1 1386 1027 1331 2059
12064 4 2 1 1 378 1031 1911 2281
12065 4 2 1 1 619 590 589 1915
12066 4 2 1 1 664 657 939 2469
12067 4 2 1 1 1574 2184 2137 2451
12068 4 2 1 1 613 2335 552 2425
12069 4 2 1 1 1566 2126 1898 2399
12070 4 2 1 1 831 2074 842 2124
12071 4 2 1 1 1986 2101 1480 2395
12072 4 2 1 1 492 1029 124 2014
12073 4 2 1 1 73 393 347 2113
12074 4 2 1 1 1214 1226 1026 1782
12075 4 2 1 1 1008 971 102 465
12076 4 2 1 1 1049 281 261 1922
12077 4 2 1 1 229 241 179 2420
12078 4 2 1 1 1522 2132 1838 2179
12079 4 2 1 1 476 516 497 1734
12080 4 2 1 1 769 932 745 2332
12081 4 2 1 1 398 353 1383 2106
12082 4 2 1 1 1617 2250 2026 2422
12083 4 2 1 1 1415 1824 2247 2442
12084 4 2 1 1 627 533 302 2106
12085 4 2 1 1 237 236 238 2146
12086 4 2 1 1 496 492 124 2014
12087 4 2 1 1 239 257 261 1922
12088 4 2 1 1 837 835 836 2416
12089 4 2 1 1 2026 2250 1428 2422
12090 4 2 1 1 727 713 728 1867
12091 4 2 1 1 1271 1270 1269 2175
12092 4 2 1 1 1004 618 150 639
12093 4 2 1 1 107 498 996 408
12094 4 2 1 1 1492 2050 1863 2317
12095 4 2 1 1 445 444 442 2218
12096 4 2 1 1 1177 1236 1201 1974
12097 4 2 1 1 1832 2299 2121 2455
12098 4 2 1 1 326 328 329 2133
12099 4 2 1 1 426 427 425 2148
12100 4 2 1 1 607 629 585 1806
12101 4 2 1 1 1864 2286 1568 2413
12102 4 2 1 1 1527 1832 2121 2455
12103 4 2 1 1 817 1012 846 2303
12104 4 2 1 1 1790 1493 2248 2390
12105 4 2 1 1 535 538 576 2187
12106 4 2 1 1 1300 1070 1316 2437
12107 4 2 1 1 347 1370 73 2113
12108 4 2 1 1 560 562 561 2325
12109 4 2 1 1 355 290 352 2466
12110 4 2 1 1 220 221 233 2145
12111 4 2 1 1 2012 2200 1795 2201
12112 4 2 1 1 700 699 708 1926
12113 4 2 1 1 559 561 592 2265
12114 4 2 1 1 1374 1367 1031 1911
12115 4 2 1 1 279 40 649 180
12116 4 2 1 1 1162 1195 1346 2075
12117 4 2 1 1 794 797 871 2082
12118 4 2 1 1 1222 1180 1202 2117
12119 4 2 1 1 581 602 604 2001
12120 4 2 1 1 1207 1210 1234 2076
12121 4 2 1 1 1561 2339 1759 2467
12122 4 2 1 1 584 627 1046 2106
12123 4 2 1 1 1413 2300 2096 2414
12124 4 2 1 1 1061 1060 1059 2333
12125 4 2 1 1 795 796 794 2412
12126 4 2 1 1 968 967 649 1876
12127 4 2 1 1 204 174 250 1929
12128 4 2 1 1 566 565 2060 2394
12129 4 2 1 1 1552 2334 2195 2382
12130 4 2 1 1 393 290 346 1995
12131 4 2 1 1 1382 619 163 1023
12132 4 2 1 1 35 585 187 2452
12133 4 2 1 1 285 234 41 966
12134 4 2 1 1 1867 2095 1517 2393
12135 4 2 1 1 667 669 913 2028
12136 4 2 1 1 1347 1293 1264 2462
12137 4 2 1 1 341 373 372 2126
12138 4 2 1 1 1514 2278 1859 2360
12139 4 2 1 1 1159 1160 1196 1957
12140 4 2 1 1 845 2339 809 2467
12141 4 2 1 1 1207 1234 1205 2076
12142 4 2 1 1 1324 1175 1320 1930
12143 4 2 1 1 496 124 1284 2014
12144 4 2 1 1 1081 1088 1087 2101
12145 4 2 1 1 998 1020 644 2258
12146 4 2 1 1 308 306 307 1943
12147 4 2 1 1 1096 2101 1088 2395
12148 4 2 1 1 1395 607 156 532
12149 4 2 1 1 1654 2041 1968 2261
12150 4 2 1 1 1511 1968 2041 2261
12151 4 2 1 1 1331 1225 1170 1925
12152 4 2 1 1 589 588 556 2379
12153 4 2 1 1 656 151 1004 2140
12154 4 2 1 1 625 526 140 2161
12155 4 2 1 1 1588 1984 1898 2399
12156 4 2 1 1 881 783 968 2053
12157 4 2 1 1 1608 2169 2048 2266
12158 4 2 1 1 623 603 572 2068
12159 4 2 1 1 851 850 849 2057
12160 4 2 1 1 1176 1179 1327 2296
12161 4 2 1 1 1898 1984 1566 2399
12162 4 2 1 1 757 783 881 2053
12163 4 2 1 1 587 525 575 1990
12164 4 2 1 1 1284 124 1029 2014
12165 4 2 1 1 205 1790 2248 2390
12166 4 2 1 1 1497 1759 2129 2329
12167 4 2 1 1 598 532 623 2017
12168 4 2 1 1 993 535 153 2187
12169 4 2 1 1 468 497 436 2381
12170 4 2 1 1 1151 1299 1311 2162
12171 4 2 1 1 419 420 463 2153
12172 4 2 1 1 1389 1408 1289 1734
12173 4 2 1 1 786 789 821 2283
12174 4 2 1 1 1073 1067 1085 2256
12175 4 2 1 1 302 398 627 2106
12176 4 2 1 1 143 1002 524 644
12177 4 2 1 1 1195 1164 1351 2254
12178 4 2 1 1 70 1286 365 2213
12179 4 2 1 1 656 529 151 2140
12180 4 2 1 1 727 1867 2369 2393
12181 4 2 1 1 648 955 868 2161
12182 4 2 1 1 951 935 753 2331
12183 4 2 1 1 1010 491 660 2103
12184 4 2 1 1 670 672 671 2397
12185 4 2 1 1 1948 2310 1690 2433
12186 4 2 1 1 1562 2079 1843 2297
12187 4 2 1 1 2005 2089 1433 2323
12188 4 2 1 1 433 436 435 2291
12189 4 2 1 1 463 421 424 1923
12190 4 2 1 1 675 714 673 2460
12191 4 2 1 1 1188 1228 1227 2413
12192 4 2 1 1 359 357 386 2316
12193 4 2 1 1 210 2141 243 2450
12194 4 2 1 1 942 946 799 2194
12195 4 2 1 1 618 1004 151 2140
12196 4 2 1 1 571 616 598 1906
12197 4 2 1 1 1247 1249 1340 2432
12198 4 2 1 1 730 932 747 2409
12199 4 2 1 1 390 295 367 2073
12200 4 2 1 1 354 376 372 1940
12201 4 2 1 1 1463 2006 2317 2384
12202 4 2 1 1 1063 1065 1064 2052
12203 4 2 1 1 1011 1834 917 2340
12204 4 2 1 1 845 809 808 2467
12205 4 2 1 1 1404 489 1048 1940
12206 4 2 1 1 400 973 87 349
12207 4 2 1 1 1369 1288 1362 2351
12208 4 2 1 1 491 466 514 1814
12209 4 2 1 1 1252 1330 1326 2032
12210 4 2 1 1 516 439 497 2381
12211 4 2 1 1 445 447 446 2173
12212 4 2 1 1 86 295 394 647
12213 4 2 1 1 1013 509 105 460
12214 4 2 1 1 865 833 866 1920
12215 4 2 1 1 258 235 256 2153
12216 4 2 1 1 1099 1111 1328 2051
12217 4 2 1 1 625 140 1014 2161
12218 4 2 1 1 65 1379 1031 2281
12219 4 2 1 1 1287 2213 297 2411
12220 4 2 1 1 603 623 607 2017
12221 4 2 1 1 1321 1796 2280 2368
12222 4 2 1 1 884 652 883 2348
12223 4 2 1 1 1371 1034 1366 2360
12224 4 2 1 1 618 151 529 2140
12225 4 2 1 1 1189 1188 1184 1874
12226 4 2 1 1 390 2073 371 2302
12227 4 2 1 1 589 527 619 2276
12228 4 2 1 1 641 885 1013 1967
12229 4 2 1 1 932 730 745 2332
12230 4 2 1 1 1218 1220 1219 2453
12231 4 2 1 1 249 177 274 2105
12232 4 2 1 1 1387 1214 1026 2464
12233 4 2 1 1 1010 491 117 660
12234 4 2 1 1 971 1018 101 513
12235 4 2 1 1 560 617 562 2325
12236 4 2 1 1 1017 630 154 2405
12237 4 2 1 1 1606 2023 2370 2400
12238 4 2 1 1 70 365 297 2213
12239 4 2 1 1 1098 1095 1083 1972
12240 4 2 1 1 486 489 418 1940
12241 4 2 1 1 606 628 1015 1952
12242 4 2 1 1 384 402 343 1800
12243 4 2 1 1 493 2322 448 2403
12244 4 2 1 1 981 906 982 2080
12245 4 2 1 1 537 531 536 2203
12246 4 2 1 1 306 305 300 2203
12247 4 2 1 1 922 767 744 2099
12248 4 2 1 1 1349 20 173 2249
12249 4 2 1 1 194 237 240 2262
12250 4 2 1 1 763 845 847 2467
12251 4 2 1 1 397 303 375 1814
12252 4 2 1 1 248 206 267 2097
12253 4 2 1 1 976 646 991 1973
12254 4 2 1 1 953 696 702 2114
12255 4 2 1 1 111 479 501 2188
12256 4 2 1 1 205 2248 268 2390
12257 4 2 1 1 1505 2388 1768 2441
12258 4 2 1 1 1048 489 135 1398
12259 4 2 1 1 1130 1129 1116 2197
12260 4 2 1 1 794 796 797 2082
12261 4 2 1 1 639 618 150 525
12262 4 2 1 1 552 613 594 2335
12263 4 2 1 1 639 896 999 1888
12264 4 2 1 1 650 912 111 2188
12265 4 2 1 1 826 824 948 2056
12266 4 2 1 1 201 199 200 1862
12267 4 2 1 1 1357 1102 1308 2045
12268 4 2 1 1 1333 1146 1318 2071
12269 4 2 1 1 2225 2343 1451 2438
12270 4 2 1 1 1179 1181 1182 2084
12271 4 2 1 1 209 210 211 2450
12272 4 2 1 1 332 339 2094 2449
12273 4 2 1 1 742 709 938 2013
12274 4 2 1 1 642 285 42 966
12275 4 2 1 1 175 254 264 2078
12276 4 2 1 1 399 1017 658 2405
12277 4 2 1 1 1575 2398 2267 2440
12278 4 2 1 1 823 917 1011 1834
12279 4 2 1 1 1580 2195 2334 2382
12280 4 2 1 1 619 163 590 1382
12281 4 2 1 1 434 435 438 2291
12282 4 2 1 1 154 630 535 2405
12283 4 2 1 1 863 940 950 2144
12284 4 2 1 1 2168 2369 1867 2371
12285 4 2 1 1 520 612 578 2059
12286 4 2 1 1 302 627 82 533
12287 4 2 1 1 663 849 662 1939
12288 4 2 1 1 1071 1072 1074 2206
12289 4 2 1 1 1017 154 993 2405
12290 4 2 1 1 387 344 298 1973
12291 4 2 1 1 207 205 246 2390
12292 4 2 1 1 874 875 788 2375
12293 4 2 1 1 1068 1069 1066 1937
12294 4 2 1 1 383 320 361 2011
12295 4 2 1 1 304 399 658 2405
12296 4 2 1 1 244 243 273 1944
12297 4 2 1 1 1885 2206 1530 2364
12298 4 2 1 1 1887 2267 1506 2438
12299 4 2 1 1 1462 2150 1822 2388
12300 4 2 1 1 433 431 432 1810
12301 4 2 1 1 263 20 1030 2249
12302 4 2 1 1 1039 1273 1274 2154
12303 4 2 1 1 317 356 380 2268
12304 4 2 1 1 188 256 235 2153
12305 4 2 1 1 230 193 196 2236
12306 4 2 1 1 378 65 1031 2281
12307 4 2 1 1 605 399 374 2405
12308 4 2 1 1 319 320 383 2011
12309 4 2 1 1 1607 2165 1901 2214
12310 4 2 1 1 1134 1301 1117 2170
12311 4 2 1 1 99 658 862 2282
12312 4 2 1 1 910 702 936 2027
12313 4 2 1 1 1346 1350 1025 1944
12314 4 2 1 1 1579 2021 2284 2293
12315 4 2 1 1 1565 2310 1849 2433
12316 4 2 1 1 418 396 59 354
12317 4 2 1 1 1901 2165 1607 2194
12318 4 2 1 1 566 565 567 2060
12319 4 2 1 1 1256 1257 1041 1947
12320 4 2 1 1 466 303 55 397
12321 4 2 1 1 35 530 585 2452
12322 4 2 1 1 424 467 464 2354
12323 4 2 1 1 209 212 274 2235
12324 4 2 1 1 1273 1039 1396 2154
12325 4 2 1 1 297 361 358 2411
12326 4 2 1 1 39 920 649 2189
12327 4 2 1 1 15 1049 261 2319
12328 4 2 1 1 611 593 525 1888
12329 4 2 1 1 508 441 443 2217
12330 4 2 1 1 399 605 630 2405
12331 4 2 1 1 643 973 88 400
12332 4 2 1 1 1082 1094 1115 1982
12333 4 2 1 1 178 285 42 642
12334 4 2 1 1 665 873 663 2349
12335 4 2 1 1 292 389 401 2208
12336 4 2 1 1 1497 2231 1803 2439
12337 4 2 1 1 749 733 930 2209
12338 4 2 1 1 1179 1182 1345 2084
12339 4 2 1 1 718 712 943 1985
12340 4 2 1 1 577 578 546 2359
12341 4 2 1 1 983 984 836 2416
12342 4 2 1 1 463 420 421 2153
12343 4 2 1 1 81 302 533 2402
12344 4 2 1 1 641 1013 105 460
12345 4 2 1 1 2117 2308 1610 2344
12346 4 2 1 1 820 787 978 2260
12347 4 2 1 1 1007 606 850 2057
12348 4 2 1 1 1175 1176 1327 2296
12349 4 2 1 1 1214 1183 1181 1872
12350 4 2 1 1 487 510 457 2081
12351 4 2 1 1 690 692 691 1960
12352 4 2 1 1 594 2222 549 2335
12353 4 2 1 1 39 252 920 2189
12354 4 2 1 1 850 1007 138 606
12355 4 2 1 1 551 552 549 2335
12356 4 2 1 1 82 398 627 302
12357 4 2 1 1 477 504 417 2154
12358 4 2 1 1 304 658 2282 2405
12359 4 2 1 1 1392 168 624 2359
12360 4 2 1 1 1027 1225 1331 2359
12361 4 2 1 1 203 201 204 2248
12362 4 2 1 1 1258 1299 1265 2176
12363 4 2 1 1 1993 2201 1411 2279
12364 4 2 1 1 397 55 466 514
12365 4 2 1 1 396 418 59 512
12366 4 2 1 1 736 915 772 1961
12367 4 2 1 1 1141 1315 1316 2401
12368 4 2 1 1 595 523 620 2340
12369 4 2 1 1 595 992 145 2340
12370 4 2 1 1 1231 1233 1238 2230
12371 4 2 1 1 1011 948 2191 2340
12372 4 2 1 1 557 556 588 2379
12373 4 2 1 1 406 483 503 2216
12374 4 2 1 1 1049 1922 261 2319
12375 4 2 1 1 1413 1805 2300 2414
12376 4 2 1 1 649 180 39 2189
12377 4 2 1 1 289 359 386 2316
12378 4 2 1 1 605 399 78 374
12379 4 2 1 1 490 461 511 1922
12380 4 2 1 1 535 993 154 2405
12381 4 2 1 1 1080 1078 1079 2136
12382 4 2 1 1 650 111 501 2188
12383 4 2 1 1 1867 2259 2095 2393
12384 4 2 1 1 1241 1242 1355 2226
12385 4 2 1 1 211 242 214 2450
12386 4 2 1 1 281 511 13 461
12387 4 2 1 1 1166 1203 1169 2433
12388 4 2 1 1 648 140 526 2161
12389 4 2 1 1 990 981 759 2239
12390 4 2 1 1 293 643 88 400
12391 4 2 1 1 35 187 190 2452
12392 4 2 1 1 1204 1914 1399 2276
12393 4 2 1 1 850 606 1015 1952
12394 4 2 1 1 501 451 518 2188
12395 4 2 1 1 688 691 773 2350
12396 4 2 1 1 1482 2166 2022 2346
12397 4 2 1 1 1134 1245 1301 2170
12398 4 2 1 1 749 734 733 2209
12399 4 2 1 1 1505 1891 2237 2441
12400 4 2 1 1 735 728 736 2168
12401 4 2 1 1 1656 2227 1965 2421
12402 4 2 1 1 187 585 36 283
12403 4 2 1 1 9 513 188 419
12404 4 2 1 1 210 243 242 2450
12405 4 2 1 1 533 302 2106 2402
12406 4 2 1 1 739 724 775 1970
12407 4 2 1 1 606 1952 850 2057
12408 4 2 1 1 781 814 964 2418
12409 4 2 1 1 942 796 795 2412
12410 4 2 1 1 1186 1161 1187 2355
12411 4 2 1 1 628 284 1015 1952
12412 4 2 1 1 744 933 922 2099
12413 4 2 1 1 1360 1361 1125 2285
12414 4 2 1 1 399 605 78 630
12415 4 2 1 1 259 284 32 534
12416 4 2 1 1 65 379 1379 2281
12417 4 2 1 1 1306 1307 1091 1987
12418 4 2 1 1 1266 1330 1335 2408
12419 4 2 1 1 240 198 195 2042
12420 4 2 1 1 99 862 395 2282
12421 4 2 1 1 761 997 890 2459
12422 4 2 1 1 700 742 899 2352
12423 4 2 1 1 315 316 381 2138
12424 4 2 1 1 368 907 92 2208
12425 4 2 1 1 140 648 1014 2161
12426 4 2 1 1 241 202 265 2185
12427 4 2 1 1 1049 1406 14 281
12428 4 2 1 1 37 1018 661 282
12429 4 2 1 1 1418 2284 2021 2293
12430 4 2 1 1 1404 1048 1384 1940
12431 4 2 1 1 284 628 32 534
12432 4 2 1 1 1011 2191 1834 2340
12433 4 2 1 1 926 960 961 2178
12434 4 2 1 1 1580 1861 2195 2382
12435 4 2 1 1 212 211 213 2235
12436 4 2 1 1 1536 2115 2221 2292
12437 4 2 1 1 1232 607 156 1395
12438 4 2 1 1 446 2403 448 2419
12439 4 2 1 1 979 987 905 2337
12440 4 2 1 1 1309 1199 1213 1994
12441 4 2 1 1 465 971 101 513
12442 4 2 1 1 530 35 190 2452
12443 4 2 1 1 992 636 145 2340
12444 4 2 1 1 539 538 537 1966
12445 4 2 1 1 1973 2283 1526 2436
12446 4 2 1 1 1027 2059 578 2359
12447 4 2 1 1 1097 1096 1088 2395
12448 4 2 1 1 631 608 580 2258
12449 4 2 1 1 183 196 229 2469
12450 4 2 1 1 685 680 918 2100
12451 4 2 1 1 1161 1328 1337 2172
12452 4 2 1 1 536 305 81 2402
12453 4 2 1 1 1191 1292 1334 2220
12454 4 2 1 1 15 261 186 2319
12455 4 2 1 1 1382 1023 1399 1915
12456 4 2 1 1 369 334 337 2449
12457 4 2 1 1 636 1011 917 2340
12458 4 2 1 1 283 585 36 629
12459 4 2 1 1 513 282 9 188
12460 4 2 1 1 1526 1965 2227 2421
12461 4 2 1 1 297 365 383 2213
12462 4 2 1 1 831 842 945 2124
12463 4 2 1 1 347 1370 2113 2383
12464 4 2 1 1 1607 2214 1901 2412
12465 4 2 1 1 1073 1141 1316 2401
12466 4 2 1 1 1207 1205 1206 2461
12467 4 2 1 1 1087 1088 1096 2101
12468 4 2 1 1 1867 1517 2369 2393
12469 4 2 1 1 431 495 430 2271
12470 4 2 1 1 491 510 487 2103
12471 4 2 1 1 638 842 831 2074
12472 4 2 1 1 1608 2266 2048 2349
12473 4 2 1 1 360 377 333 2377
12474 4 2 1 1 822 762 890 1927
12475 4 2 1 1 1147 1167 1168 2304
12476 4 2 1 1 456 510 473 1942
12477 4 2 1 1 224 254 217 2003
12478 4 2 1 1 343 328 327 2035
12479 4 2 1 1 493 448 447 2403
12480 4 2 1 1 1405 1046 172 627
12481 4 2 1 1 304 658 99 2282
12482 4 2 1 1 245 262 287 1956
12483 4 2 1 1 277 257 1773 2319
12484 4 2 1 1 1508 2288 1859 2453
12485 4 2 1 1 81 305 302 2402
12486 4 2 1 1 536 81 533 2402
12487 4 2 1 1 13 281 461 239
12488 4 2 1 1 1167 1200 1374 2373
12489 4 2 1 1 1332 1159 1253 2427
12490 4 2 1 1 92 907 635 2208
12491 4 2 1 1 1790 2327 2097 2440
12492 4 2 1 1 1246 1056 1132 2456
12493 4 2 1 1 257 226 277 1773
12494 4 2 1 1 1193 1317 1157 2312
12495 4 2 1 1 1414 2137 2184 2451
12496 4 2 1 1 934 928 894 2018
12497 4 2 1 1 542 539 541 2341
12498 4 2 1 1 1582 2351 1842 2411
12499 4 2 1 1 1384 396 60 1404
12500 4 2 1 1 393 346 347 2113
12501 4 2 1 1 1532 2307 1870 2445
12502 4 2 1 1 69 1287 297 2411
12503 4 2 1 1 317 380 363 2268
12504 4 2 1 1 1382 1399 1234 1915
12505 4 2 1 1 687 690 688 2263
12506 4 2 1 1 537 582 540 2366
12507 4 2 1 1 180 279 233 1876
12508 4 2 1 1 721 722 729 2400
12509 4 2 1 1 1484 2186 1996 2305
12510 4 2 1 1 180 255 275 2189
12511 4 2 1 1 252 39 180 2189
12512 4 2 1 1 574 559 592 2265
12513 4 2 1 1 1218 1219 1148 2453
12514 4 2 1 1 1293 1347 1341 2387
12515 4 2 1 1 69 1024 1287 2411
12516 4 2 1 1 515 408 495 1998
12517 4 2 1 1 934 922 813 2229
12518 4 2 1 1 994 83 397 1016
12519 4 2 1 1 1622 2343 2225 2438
12520 4 2 1 1 1244 1324 1108 2315
12521 4 2 1 1 1219 1221 1371 2278
12522 4 2 1 1 1178 1176 1177 2396
12523 4 2 1 1 854 898 952 2245
12524 4 2 1 1 829 826 948 2056
12525 4 2 1 1 424 464 463 1923
12526 4 2 1 1 1215 1216 1385 2305
12527 4 2 1 1 631 580 141 869
12528 4 2 1 1 578 624 168 2359
12529 4 2 1 1 240 231 198 2042
12530 4 2 1 1 1314 1132 1058 2205
12531 4 2 1 1 969 649 920 2189
12532 4 2 1 1 924 690 687 2263
12533 4 2 1 1 1160 1186 1282 2223
12534 4 2 1 1 1027 168 1392 2359
12535 4 2 1 1 788 875 792 2116
12536 4 2 1 1 1466 2382 2096 2391
12537 4 2 1 1 20 263 173 2249
12538 4 2 1 1 644 631 869 2258
12539 4 2 1 1 375 371 390 2073
12540 4 2 1 1 1057 1056 1055 2111
12541 4 2 1 1 197 241 229 2420
12542 4 2 1 1 378 379 65 2281
12543 4 2 1 1 1017 658 100 399
12544 4 2 1 1 1015 284 54 659
12545 4 2 1 1 288 319 365 1854
12546 4 2 1 1 1224 1364 1380 1989
12547 4 2 1 1 554 552 553 2425
12548 4 2 1 1 267 208 286 2327
12549 4 2 1 1 885 641 887 1967
12550 4 2 1 1 905 645 979 2337
12551 4 2 1 1 1100 1142 1093 2324
12552 4 2 1 1 1334 1292 1090 2220
12553 4 2 1 1 92 635 292 2208
12554 4 2 1 1 1370 347 72 2383
12555 4 2 1 1 307 304 345 2282
12556 4 2 1 1 548 549 594 2222
12557 4 2 1 1 1150 1130 1254 2102
12558 4 2 1 1 1279 1406 1049 1922
12559 4 2 1 1 621 602 606 2057
12560 4 2 1 1 1203 1377 1169 2433
12561 4 2 1 1 378 289 331 1911
12562 4 2 1 1 846 809 845 2339
12563 4 2 1 1 475 131 412 2464
12564 4 2 1 1 860 870 859 2127
12565 4 2 1 1 659 284 54 189
12566 4 2 1 1 627 1046 172 584
12567 4 2 1 1 1030 1349 1351 2249
12568 4 2 1 1 452 450 453 2085
12569 4 2 1 1 762 817 763 2289
12570 4 2 1 1 1443 1870 2307 2445
12571 4 2 1 1 222 254 270 2385
12572 4 2 1 1 658 304 100 399
12573 4 2 1 1 786 991 844 2436
12574 4 2 1 1 1505 2237 2388 2441
12575 4 2 1 1 542 541 543 2341
12576 4 2 1 1 695 707 710 2321
12577 4 2 1 1 633 608 524 2258
12578 4 2 1 1 921 773 923 2123
12579 4 2 1 1 1152 1230 1153 2314
12580 4 2 1 1 616 568 600 2233
12581 4 2 1 1 425 467 424 2354
12582 4 2 1 1 846 1003 809 2339
12583 4 2 1 1 1158 1076 1300 2047
12584 4 2 1 1 762 763 752 2289
12585 4 2 1 1 415 422 421 1938
12586 4 2 1 1 516 505 439 2131
12587 4 2 1 1 551 549 550 2240
12588 4 2 1 1 1047 283 31 1403
12589 4 2 1 1 1281 1027 1386 2059
12590 4 2 1 1 326 329 357 2133
12591 4 2 1 1 507 465 464 2058
12592 4 2 1 1 1027 578 168 2359
12593 4 2 1 1 818 819 988 2297
12594 4 2 1 1 1192 1311 1299 2162
12595 4 2 1 1 412 493 475 2464
12596 4 2 1 1 368 92 292 2208
12597 4 2 1 1 220 219 221 2145
12598 4 2 1 1 899 742 944 2352
12599 4 2 1 1 272 183 229 2469
12600 4 2 1 1 909 812 811 2167
12601 4 2 1 1 728 903 915 2242
12602 4 2 1 1 855 704 723 2463
12603 4 2 1 1 494 472 449 2419
12604 4 2 1 1 952 898 677 2245
12605 4 2 1 1 205 204 268 2248
12606 4 2 1 1 1147 1165 1167 2304
12607 4 2 1 1 869 868 866 1949
12608 4 2 1 1 395 304 99 2282
12609 4 2 1 1 833 832 998 2238
12610 4 2 1 1 1497 2329 2129 2439
12611 4 2 1 1 1232 1395 1233 2017
12612 4 2 1 1 912 650 1003 2188
12613 4 2 1 1 1549 2355 1914 2461
12614 4 2 1 1 69 388 1024 2411
12615 4 2 1 1 674 672 701 2443
12616 4 2 1 1 623 532 607 2017
12617 4 2 1 1 790 951 753 2331
12618 4 2 1 1 255 227 275 1992
12619 4 2 1 1 929 771 937 2386
12620 4 2 1 1 1332 1112 1159 2427
12621 4 2 1 1 854 827 878 2156
12622 4 2 1 1 238 283 31 1047
12623 4 2 1 1 1256 1041 1391 1947
12624 4 2 1 1 214 216 215 2407
12625 4 2 1 1 884 971 1008 2058
12626 4 2 1 1 1288 1287 1024 2411
12627 4 2 1 1 735 919 727 2369
12628 4 2 1 1 1155 1197 1259 2108
12629 4 2 1 1 1148 1138 1170 2288
12630 4 2 1 1 203 206 248 2097
12631 4 2 1 1 1269 1272 1271 2175
12632 4 2 1 1 1383 1405 77 398
12633 4 2 1 1 1026 412 131 2464
12634 4 2 1 1 1407 1385 1032 1996
12635 4 2 1 1 475 1257 131 2464
12636 4 2 1 1 437 436 439 2381
12637 4 2 1 1 514 118 491 1016
12638 4 2 1 1 855 723 853 2463
12639 4 2 1 1 1115 1116 1129 2197
12640 4 2 1 1 500 456 473 1942
12641 4 2 1 1 932 782 747 2409
12642 4 2 1 1 1354 1267 1283 2078
12643 4 2 1 1 831 945 801 2124
12644 4 2 1 1 1365 1031 1379 2281
12645 4 2 1 1 1251 1252 1250 2358
12646 4 2 1 1 1077 1082 1074 2365
12647 4 2 1 1 1188 1185 1184 2376
12648 4 2 1 1 832 833 830 2238
12649 4 2 1 1 566 608 564 2394
12650 4 2 1 1 433 432 468 2198
12651 4 2 1 1 512 489 136 1404
12652 4 2 1 1 880 695 710 2321
12653 4 2 1 1 887 774 886 2431
12654 4 2 1 1 895 877 957 2083
12655 4 2 1 1 1118 1125 1361 2285
12656 4 2 1 1 353 1383 77 398
12657 4 2 1 1 355 346 290 1995
12658 4 2 1 1 1205 1187 1206 2461
12659 4 2 1 1 389 324 323 2306
12660 4 2 1 1 1034 75 290 2466
12661 4 2 1 1 1205 1399 1204 1914
12662 4 2 1 1 398 1405 627 2106
12663 4 2 1 1 342 370 390 2302
12664 4 2 1 1 1340 1249 1343 2432
12665 4 2 1 1 925 781 964 2418
12666 4 2 1 1 511 1406 119 490
12667 4 2 1 1 857 739 777 2121
12668 4 2 1 1 780 950 895 2211
12669 4 2 1 1 850 1015 659 1952
12670 4 2 1 1 862 658 984 2282
12671 4 2 1 1 1403 155 607 629
12672 4 2 1 1 69 297 388 2411
12673 4 2 1 1 1093 1099 1100 2324
12674 4 2 1 1 908 635 907 2208
12675 4 2 1 1 1222 1202 1223 2117
12676 4 2 1 1 469 492 496 2014
12677 4 2 1 1 361 322 325 2171
12678 4 2 1 1 1029 1388 1284 2014
12679 4 2 1 1 209 211 212 2235
12680 4 2 1 1 1046 1405 1383 2106
12681 4 2 1 1 1144 1321 1325 2368
12682 4 2 1 1 1260 1095 1109 2181
12683 4 2 1 1 820 785 787 2260
12684 4 2 1 1 1285 1074 1082 2365
12685 4 2 1 1 897 776 816 2149
12686 4 2 1 1 524 631 644 2258
12687 4 2 1 1 1263 1372 1375 2448
12688 4 2 1 1 137 628 1015 606
12689 4 2 1 1 449 446 448 2419
12690 4 2 1 1 839 1010 660 2103
12691 4 2 1 1 189 284 259 1952
12692 4 2 1 1 1385 1216 1242 2305
12693 4 2 1 1 1180 1178 1177 2396
12694 4 2 1 1 14 1049 281 261
12695 4 2 1 1 1625 2369 2168 2371
12696 4 2 1 1 566 564 565 2394
12697 4 2 1 1 425 427 428 2148
12698 4 2 1 1 897 816 999 2149
12699 4 2 1 1 842 638 1006 2074
12700 4 2 1 1 312 311 344 2142
12701 4 2 1 1 568 565 600 2233
12702 4 2 1 1 1203 1381 1370 2113
12703 4 2 1 1 1370 72 1033 2383
12704 4 2 1 1 225 222 270 2385
12705 4 2 1 1 1045 1223 1398 2070
12706 4 2 1 1 442 444 443 2218
12707 4 2 1 1 550 547 612 2253
12708 4 2 1 1 961 634 962 2105
12709 4 2 1 1 594 611 548 2222
12710 4 2 1 1 706 722 721 2400
12711 4 2 1 1 562 563 561 2270
12712 4 2 1 1 614 551 550 2240
12713 4 2 1 1 430 429 431 2271
12714 4 2 1 1 238 276 237 2146
12715 4 2 1 1 282 661 37 260
12716 4 2 1 1 632 613 554 2425
12717 4 2 1 1 996 1019 888 1998
12718 4 2 1 1 367 375 390 2073
12719 4 2 1 1 217 254 219 2003
12720 4 2 1 1 1376 75 1034 2466
12721 4 2 1 1 187 236 190 2452
12722 4 2 1 1 660 491 118 1016
12723 4 2 1 1 332 339 331 2094
12724 4 2 1 1 129 128 1290 478
12725 4 2 1 1 606 597 621 2057
12726 4 2 1 1 400 377 293 2389
12727 4 2 1 1 406 503 477 2216
12728 4 2 1 1 943 947 778 2196
12729 4 2 1 1 396 60 376 1384
12730 4 2 1 1 790 764 835 2098
12731 4 2 1 1 1263 1262 1372 2448
12732 4 2 1 1 331 330 332 2094
12733 4 2 1 1 1404 489 136 1048
12734 4 2 1 1 1158 1312 1079 2298
12735 4 2 1 1 1356 1354 1163 2207
12736 4 2 1 1 281 239 261 1922
12737 4 2 1 1 526 625 579 2161
12738 4 2 1 1 691 899 773 2350
12739 4 2 1 1 683 686 684 2193
12740 4 2 1 1 337 340 385 2367
12741 4 2 1 1 508 470 441 2217
12742 4 2 1 1 874 788 760 2375
12743 4 2 1 1 491 416 510 2103
12744 4 2 1 1 1403 607 155 1232
12745 4 2 1 1 1406 1279 119 490
12746 4 2 1 1 571 623 572 2068
12747 4 2 1 1 887 995 774 2431
12748 4 2 1 1 34 35 190 530
12749 4 2 1 1 1015 850 137 606
12750 4 2 1 1 536 80 81 305
12751 4 2 1 1 351 302 305 2402
12752 4 2 1 1 582 536 533 2402
12753 4 2 1 1 420 10 11 235
12754 4 2 1 1 1185 1188 1190 2376
12755 4 2 1 1 396 376 354 1940
12756 4 2 1 1 1257 1026 131 2464
12757 4 2 1 1 912 110 111 479
12758 4 2 1 1 185 33 34 581
12759 4 2 1 1 375 83 397 994
12760 4 2 1 1 57 58 299 462
12761 4 2 1 1 414 57 56 350
12762 4 2 1 1 693 692 696 2272
12763 4 2 1 1 263 216 173 2249
12764 4 2 1 1 1009 837 993 2187
12765 4 2 1 1 80 79 300 531
12766 4 2 1 1 1376 391 75 2466
12767 4 2 1 1 1034 1371 1376 2466
12768 4 2 1 1 1308 1061 1059 2333
12769 4 2 1 1 1208 1341 1347 2387
12770 4 2 1 1 1296 164 165 527
12771 4 2 1 1 1007 850 851 2057
12772 4 2 1 1 288 72 347 2383
12773 4 2 1 1 512 418 489 1940
12774 4 2 1 1 894 674 701 2443
12775 4 2 1 1 1103 1096 1097 2395
12776 4 2 1 1 1261 1194 1128 2243
12777 4 2 1 1 713 719 710 2259
12778 4 2 1 1 1287 1375 1286 2213
12779 4 2 1 1 1051 1231 1238 2230
12780 4 2 1 1 1387 1256 1183 2410
12781 4 2 1 1 546 612 547 2253
12782 4 2 1 1 457 510 456 2081
12783 4 2 1 1 644 631 142 869
12784 4 2 1 1 948 1011 992 2340
12785 4 2 1 1 1070 1068 1316 2437
12786 4 2 1 1 293 377 402 2389
12787 4 2 1 1 1335 1127 1266 2408
12788 4 2 1 1 391 290 75 2466
12789 4 2 1 1 1033 1377 1370 2383
12790 4 2 1 1 644 869 998 2258
12791 4 2 1 1 448 446 447 2403
12792 4 2 1 1 530 603 585 2452
12793 4 2 1 1 360 333 330 2377
12794 4 2 1 1 1156 1227 1228 2413
12795 4 2 1 1 1313 1154 1199 2183
12796 4 2 1 1 204 205 203 2248
12797 4 2 1 1 150 149 639 525
12798 4 2 1 1 479 451 501 2188
12799 4 2 1 1 474 506 405 2070
12800 4 2 1 1 72 288 1033 2383
12801 4 2 1 1 303 55 56 466
12802 4 2 1 1 58 59 354 418
12803 4 2 1 1 347 381 288 2383
12804 4 2 1 1 44 45 249 962
12805 4 2 1 1 1131 1130 1143 2363
12806 4 2 1 1 188 10 9 419
12807 4 2 1 1 36 35 585 187
12808 4 2 1 1 236 237 194 2262
12809 4 2 1 1 302 82 81 533
12810 4 2 1 1 535 153 154 993
12811 4 2 1 1 176 29 28 1043
12812 4 2 1 1 1348 1342 1295 2277
12813 4 2 1 1 578 168 167 1027
12814 4 2 1 1 21 22 1350 244
12815 4 2 1 1 315 314 316 2138
12816 4 2 1 1 481 450 448 2322
12817 4 2 1 1 340 337 338 2367
12818 4 2 1 1 40 39 649 180
12819 4 2 1 1 576 626 535 2187
12820 4 2 1 1 1037 16 17 251
12821 4 2 1 1 182 24 23 1294
12822 4 2 1 1 1321 1248 1305 2280
12823 4 2 1 1 991 983 844 2436
12824 4 2 1 1 971 101 102 465
12825 4 2 1 1 169 170 1044 521
12826 4 2 1 1 1371 1366 1322 2360
12827 4 2 1 1 974 90 91 364
12828 4 2 1 1 439 505 440 2131
12829 4 2 1 1 640 50 49 179
12830 4 2 1 1 1282 1186 1393 2223
12831 4 2 1 1 1287 70 69 297
12832 4 2 1 1 473 116 115 655
12833 4 2 1 1 1011 948 824 2191
12834 4 2 1 1 529 575 618 2140
12835 4 2 1 1 323 324 322 2306
12836 4 2 1 1 246 243 210 2141
12837 4 2 1 1 67 68 359 1378
12838 4 2 1 1 1186 1187 1204 2355
12839 4 2 1 1 321 318 363 2064
12840 4 2 1 1 606 534 628 1952
12841 4 2 1 1 398 302 353 2106
12842 4 2 1 1 584 533 627 2106
12843 4 2 1 1 841 656 1004 2140
12844 4 2 1 1 1362 1288 1363 2351
12845 4 2 1 1 295 86 85 647
12846 4 2 1 1 259 32 33 534
12847 4 2 1 1 1107 1303 1101 2357
12848 4 2 1 1 1296 1204 1399 2276
12849 4 2 1 1 434 433 435 2291
12850 4 2 1 1 1201 1364 1202 2344
12851 4 2 1 1 62 63 366 1036
12852 4 2 1 1 75 74 1034 290
12853 4 2 1 1 657 52 51 183
12854 4 2 1 1 140 139 648 526
12855 4 2 1 1 405 133 134 1045
12856 4 2 1 1 264 19 18 1283
12857 4 2 1 1 232 27 26 1028
12858 4 2 1 1 105 106 641 460
12859 4 2 1 1 294 96 95 980
12860 4 2 1 1 461 12 13 239
12861 4 2 1 1 403 125 126 1040
12862 4 2 1 1 1132 1247 1246 2456
12863 4 2 1 1 298 98 97 646
12864 4 2 1 1 598 158 157 1035
12865 4 2 1 1 271 216 214 2407
12866 4 2 1 1 449 472 446 2419
12867 4 2 1 1 171 172 1046 584
12868 4 2 1 1 740 719 727 2393
12869 4 2 1 1 368 93 92 907
12870 4 2 1 1 916 47 46 253
12871 4 2 1 1 238 31 30 1047
12872 4 2 1 1 670 940 672 2397
12873 4 2 1 1 652 103 104 410
12874 4 2 1 1 659 54 53 189
12875 4 2 1 1 20 19 263 1030
12876 4 2 1 1 499 447 445 2173
12877 4 2 1 1 378 339 379 2281
12878 4 2 1 1 563 562 570 2270
12879 4 2 1 1 332 369 339 2449
12880 4 2 1 1 1370 73 72 347
12881 4 2 1 1 374 399 304 2405
12882 4 2 1 1 630 605 535 2405
12883 4 2 1 1 304 100 99 658
12884 4 2 1 1 122 121 1039 477
12885 4 2 1 1 882 884 883 2348
12886 4 2 1 1 1014 648 868 2161
12887 4 2 1 1 65 64 1379 379
12888 4 2 1 1 1240 1242 1241 2226
12889 4 2 1 1 399 630 1017 2405
12890 4 2 1 1 78 79 605 374
12891 4 2 1 1 184 12 11 415
12892 4 2 1 1 1383 77 76 353
12893 4 2 1 1 296 94 93 904
12894 4 2 1 1 654 48 47 181
12895 4 2 1 1 1017 993 658 2405
12896 4 2 1 1 529 151 152 656
12897 4 2 1 1 267 206 208 2327
12898 4 2 1 1 192 193 230 2236
12899 4 2 1 1 822 1021 1012 2303
12900 4 2 1 1 178 42 43 642
12901 4 2 1 1 66 65 1031 378
12902 4 2 1 1 1184 1183 1256 2410
12903 4 2 1 1 401 368 292 2208
12904 4 2 1 1 847 845 808 2467
12905 4 2 1 1 1392 1225 1027 2359
12906 4 2 1 1 901 673 714 2460
12907 4 2 1 1 499 471 478 2446
12908 4 2 1 1 482 114 113 638
12909 4 2 1 1 146 147 599 917
12910 4 2 1 1 132 131 1026 412
12911 4 2 1 1 1011 824 823 2191
12912 4 2 1 1 492 123 124 1029
12913 4 2 1 1 399 8 1017 630
12914 4 2 1 1 398 1405 7 627
12915 4 2 1 1 578 577 624 2359
12916 4 2 1 1 4 628 284 1015
12917 4 2 1 1 524 631 142 644
12918 4 2 1 1 175 18 17 1267
12919 4 2 1 1 88 89 643 293
12920 4 2 1 1 5 396 512 1404
12921 4 2 1 1 514 397 6 1016
12922 4 2 1 1 2 1018 282 513
12923 4 2 1 1 1403 283 3 629
12924 4 2 1 1 159 160 1243 610
12925 4 2 1 1 1279 120 119 490
12926 4 2 1 1 388 297 358 2411
12927 4 2 1 1 636 992 1011 2340
12928 4 2 1 1 552 594 549 2335
12929 4 2 1 1 130 129 1041 409
12930 4 2 1 1 1 1406 511 281
12931 4 2 1 1 369 332 334 2449
12932 4 2 1 1 582 583 540 2366
12933 4 2 1 1 292 92 91 635
12934 4 2 1 1 46 45 634 177
12935 4 2 1 1 180 275 252 2189
12936 4 2 1 1 1296 1399 1023 2276
12937 4 2 1 1 409 499 478 2446
12938 4 2 1 1 173 21 20 1349
12939 4 2 1 1 205 268 246 2390
12940 4 2 1 1 304 395 345 2282
12941 4 2 1 1 63 64 291 1368
12942 4 2 1 1 432 469 468 2198
12943 4 2 1 1 481 448 493 2322
12944 4 2 1 1 277 261 257 2319
12945 4 2 1 1 250 25 24 1042
12946 4 2 1 1 524 608 631 2258
12947 4 2 1 1 71 70 1286 365
12948 4 2 1 1 95 94 362 645
12949 4 2 1 1 879 49 48 247
12950 4 2 1 1 290 391 352 2466
12951 4 2 1 1 822 1012 817 2303
12952 4 2 1 1 66 67 289 1367
12953 4 2 1 1 1387 1026 1257 2464
12954 4 2 1 1 992 145 144 595
12955 4 2 1 1 1049 14 15 261
12956 4 2 1 1 210 242 211 2450
12957 4 2 1 1 126 127 476 1289
12958 4 2 1 1 607 156 155 1232
12959 4 2 1 1 163 162 590 1382
12960 4 2 1 1 491 118 117 660
12961 4 2 1 1 850 138 137 606
12962 4 2 1 1 661 38 37 260
12963 4 2 1 1 920 39 38 252
12964 4 2 1 1 984 837 836 2416
12965 4 2 1 1 489 135 136 1048
12966 4 2 1 1 29 30 1050 276
12967 4 2 1 1 60 61 376 1384
12968 4 2 1 1 261 277 186 2319
12969 4 2 1 1 285 41 42 966
12970 4 2 1 1 278 28 27 1304
12971 4 2 1 1 367 85 84 972
12972 4 2 1 1 375 84 83 994
12973 4 2 1 1 280 52 53 662
12974 4 2 1 1 1033 72 71 288
12975 4 2 1 1 26 25 174 1280
12976 4 2 1 1 342 390 371 2302
12977 4 2 1 1 939 51 50 272
12978 4 2 1 1 392 341 372 2126
12979 4 2 1 1 98 99 862 395
12980 4 2 1 1 436 497 439 2381
12981 4 2 1 1 391 75 76 1376
12982 4 2 1 1 131 130 1257 475
12983 4 2 1 1 87 88 973 400
12984 4 2 1 1 1025 22 23 273
12985 4 2 1 1 1381 74 73 393
12986 4 2 1 1 15 16 1270 186
12987 4 2 1 1 43 44 269 963
12988 4 2 1 1 485 109 108 911
12989 4 2 1 1 387 97 96 976
12990 4 2 1 1 41 40 967 279
12991 4 2 1 1 896 149 148 593
12992 4 2 1 1 398 7 82 627
12993 4 2 1 1 68 69 388 1024
12994 4 2 1 1 165 166 1038 596
12995 4 2 1 1 631 141 142 869
12996 4 2 1 1 399 78 8 630
12997 4 2 1 1 496 124 125 1284
12998 4 2 1 1 554 613 552 2425
12999 4 2 1 1 147 148 528 651
13000 4 2 1 1 628 32 4 284
13001 4 2 1 1 283 36 3 629
13002 4 2 1 1 9 2 282 513
13003 4 2 1 1 986 89 90 384
13004 4 2 1 1 110 109 407 637
13005 4 2 1 1 301 61 62 1380
13006 4 2 1 1 396 59 5 512
13007 4 2 1 1 6 55 397 514
13008 4 2 1 1 394 87 86 985
13009 4 2 1 1 127 128 413 1022
13010 4 2 1 1 653 107 108 498
13011 4 2 1 1 396 5 60 1404
13012 4 2 1 1 1406 1 14 281
13013 4 2 1 1 397 83 6 1016
13014 4 2 1 1 112 111 501 650
13015 4 2 1 1 1018 37 2 282
13016 4 2 1 1 511 13 1 281
13017 4 2 1 1 1396 121 120 417
13018 4 2 1 1 512 136 5 1404
13019 4 2 1 1 6 118 514 1016
13020 4 2 1 1 167 166 520 1281
13021 4 2 1 1 404 113 112 892
13022 4 2 1 1 1017 100 8 399
13023 4 2 1 1 284 54 4 1015
13024 4 2 1 1 160 161 1032 609
13025 4 2 1 1 8 154 1017 630
13026 4 2 1 1 115 114 411 1006
13027 4 2 1 1 4 137 628 1015
13028 4 2 1 1 1405 7 77 398
13029 4 2 1 1 283 3 31 1403
13030 4 2 1 1 1018 2 101 513
13031 4 2 1 1 1405 172 7 627
13032 4 2 1 1 3 155 1403 629
13033 4 2 1 1 1401 123 122 406
13034 4 2 1 1 159 158 522 1402
13035 4 2 1 1 1406 119 1 511
13036 4 2 1 1 162 161 519 1390
13037 4 2 1 1 480 132 133 1394
13038 4 2 1 1 524 142 143 644
13039 4 2 1 1 523 145 146 636
13040 4 2 1 1 138 139 597 1007
13041 4 2 1 1 171 170 622 1397
13042 4 2 1 1 141 140 1014 625
13043 4 2 1 1 135 134 1398 474
13044 4 2 1 1 102 103 1008 507
13045 4 2 1 1 1009 153 152 626
13046 4 2 1 1 996 106 107 408
13047 4 2 1 1 416 117 116 1010
13048 4 2 1 1 1392 168 169 624
13049 4 2 1 1 1002 144 143 615
13050 4 2 1 1 1395 156 157 532
13051 4 2 1 1 509 105 104 1013
13052 4 2 1 1 619 164 163 1023
13053 4 2 1 1 150 151 618 1004
13054 4 2 1 1 1840 900 1775 807
13055 4 2 1 1 1840 1775 900 1527
13056 4 2 1 1 2062 1754 1456 1890
13057 4 2 1 1 2062 1456 1754 1548
13058 4 2 1 1 2355 1432 1549 2109
13059 4 2 1 1 2355 1549 1432 1697
13060 4 2 1 1 1984 2122 1600 1566
13061 4 2 1 1 1600 2122 1984 1661
13062 4 2 1 1 1828 2118 1879 1433
13063 4 2 1 1 2231 1708 1587 1428
13064 4 2 1 1 2231 1587 1708 1927
13065 4 2 1 1 1860 1305 1851 1089
13066 4 2 1 1 1860 1851 1305 1544
13067 4 2 1 1 2152 1490 1728 1646
13068 4 2 1 1 2152 1728 1490 1594
13069 4 2 1 1 1904 847 910 810
13070 4 2 1 1 1904 910 847 1660
13071 4 2 1 1 1830 1858 2380 1435
13072 4 2 1 1 2380 1858 1830 1510
13073 4 2 1 1 1785 1051 1765 1560
13074 4 2 1 1 1785 1765 1051 1052
13075 4 2 1 1 471 2218 445 442
13076 4 2 1 1 445 2218 471 2173
13077 4 2 1 1 2010 1689 1449 1824
13078 4 2 1 1 2010 1449 1689 1590
13079 4 2 1 1 1430 2307 1981 1532
13080 4 2 1 1 1981 2307 1430 1688
13081 4 2 1 1 2310 1690 1798 1431
13082 4 2 1 1 1798 1690 2310 1565
13083 4 2 1 1 1798 2138 2310 1431
13084 4 2 1 1 2310 2138 1798 1565
13085 4 2 1 1 2000 1896 1879 1599
13086 4 2 1 1 2000 1879 1896 1461
13087 4 2 1 1 2234 2361 1747 1420
13088 4 2 1 1 1747 2361 2234 1544
13089 4 2 1 1 2165 2261 1968 1511
13090 4 2 1 1 1968 2261 2165 1740
13091 4 2 1 1 2295 1742 2199 1549
13092 4 2 1 1 2295 2199 1742 1821
13093 4 2 1 1 1953 1689 1449 1821
13094 4 2 1 1 1953 1449 1689 1824
13095 4 2 1 1 2082 1932 798 797
13096 4 2 1 1 2082 798 1932 1525
13097 4 2 1 1 1929 2190 1339 1581
13098 4 2 1 1 1339 2190 1929 1280
13099 4 2 1 1 541 1772 586 544
13100 4 2 1 1 586 1772 541 1683
13101 4 2 1 1 2204 1682 1426 2092
13102 4 2 1 1 2204 1426 1682 1770
13103 4 2 1 1 194 2262 193 191
13104 4 2 1 1 194 193 2262 1692
13105 4 2 1 1 2236 193 2262 191
13106 4 2 1 1 2236 2262 193 1692
13107 4 2 1 1 2126 2302 342 373
13108 4 2 1 1 342 2302 2126 1704
13109 4 2 1 1 342 341 2126 373
13110 4 2 1 1 2126 341 342 1704
13111 4 2 1 1 2062 1760 1456 1535
13112 4 2 1 1 2062 1456 1760 1890
13113 4 2 1 1 2338 1709 1738 2008
13114 4 2 1 1 2338 1738 1709 1533
13115 4 2 1 1 2204 1853 1504 2092
13116 4 2 1 1 2204 1504 1853 1765
13117 4 2 1 1 2040 1078 1292 1603
13118 4 2 1 1 2040 1292 1078 1291
13119 4 2 1 1 2367 366 392 340
13120 4 2 1 1 2230 1149 1595 1238
13121 4 2 1 1 2230 1595 1149 1853
13122 4 2 1 1 1239 1595 1149 1238
13123 4 2 1 1 1239 1149 1595 1853
13124 4 2 1 1 2406 2264 1954 1443
13125 4 2 1 1 2406 1954 2264 1543
13126 4 2 1 1 956 1990 2140 639
13127 4 2 1 1 2140 1990 956 1733
13128 4 2 1 1 2036 2281 1823 1541
13129 4 2 1 1 1823 2281 2036 1237
13130 4 2 1 1 2348 1707 1502 1665
13131 4 2 1 1 2348 1502 1707 2058
13132 4 2 1 1 1923 1502 1707 1665
13133 4 2 1 1 1923 1707 1502 2058
13134 4 2 1 1 2309 861 1615 1789
13135 4 2 1 1 2309 1615 861 1000
13136 4 2 1 1 1360 1838 1213 1277
13137 4 2 1 1 865 1931 1601 738
13138 4 2 1 1 1601 1931 865 1920
13139 4 2 1 1 661 2189 970 920
13140 4 2 1 1 970 2189 661 1707
13141 4 2 1 1 2140 2292 2098 1649
13142 4 2 1 1 2098 2292 2140 1733
13143 4 2 1 1 2171 357 2133 325
13144 4 2 1 1 2171 2133 357 2089
13145 4 2 1 1 1900 780 1575 1881
13146 4 2 1 1 1900 1575 780 958
13147 4 2 1 1 357 2171 358 325
13148 4 2 1 1 358 2171 357 1842
13149 4 2 1 1 2102 1503 2170 1847
13150 4 2 1 1 2102 2170 1503 1756
13151 4 2 1 1 1956 963 964 642
13152 4 2 1 1 1956 964 963 1784
13153 4 2 1 1 2052 1298 2176 1735
13154 4 2 1 1 2221 1689 1460 1590
13155 4 2 1 1 2221 1460 1689 1979
13156 4 2 1 1 2446 1229 1850 1698
13157 4 2 1 1 2036 2281 1701 1365
13158 4 2 1 1 1701 2281 2036 1541
13159 4 2 1 1 1977 2128 2049 1453
13160 4 2 1 1 2049 2128 1977 1578
13161 4 2 1 1 2179 1618 2016 1745
13162 4 2 1 1 2179 2016 1618 1425
13163 4 2 1 1 2288 2313 1542 1663
13164 4 2 1 1 1542 2313 2288 1508
13165 4 2 1 1 1818 2095 2345 1611
13166 4 2 1 1 2345 2095 1818 1412
13167 4 2 1 1 1626 1168 1324 1172
13168 4 2 1 1 1626 1324 1168 1799
13169 4 2 1 1 2177 2388 1505 1858
13170 4 2 1 1 1989 2367 366 392
13171 4 2 1 1 366 2367 1989 1546
13172 4 2 1 1 1879 1714 2118 1828
13173 4 2 1 1 1879 2118 1714 1524
13174 4 2 1 1 1822 2246 1880 1417
13175 4 2 1 1 1880 2246 1822 1530
13176 4 2 1 1 2218 1467 1868 1620
13177 4 2 1 1 2218 1868 1467 1736
13178 4 2 1 1 2398 1686 1747 1855
13179 4 2 1 1 2398 1747 1686 1538
13180 4 2 1 1 2279 1896 2167 1599
13181 4 2 1 1 2279 2167 1896 1524
13182 4 2 1 1 2256 1066 1065 1558
13183 4 2 1 1 2256 1065 1066 1067
13184 4 2 1 1 2356 2444 1434 1983
13185 4 2 1 1 1434 2444 2356 1619
13186 4 2 1 1 1516 1579 1439 1976
13187 4 2 1 1 1439 1579 1516 2293
13188 4 2 1 1 1052 1977 1765 1054
13189 4 2 1 1 1765 1977 1052 1785
13190 4 2 1 1 2143 1571 2091 1419
13191 4 2 1 1 2091 1571 2143 1741
13192 4 2 1 1 2091 1963 2143 1419
13193 4 2 1 1 2143 1963 2091 1741
13194 4 2 1 1 2085 456 500 1942
13195 4 2 1 1 2085 500 456 453
13196 4 2 1 1 2381 2422 1803 1637
13197 4 2 1 1 1803 2422 2381 1477
13198 4 2 1 1 2264 2406 1783 1443
13199 4 2 1 1 1783 2406 2264 1648
13200 4 2 1 1 2052 1258 1298 1064
13201 4 2 1 1 2052 1298 1258 2176
13202 4 2 1 1 1823 1974 1679 1546
13203 4 2 1 1 1823 1679 1974 1473
13204 4 2 1 1 1882 1679 1974 1546
13205 4 2 1 1 1882 1974 1679 1473
13206 4 2 1 1 2068 1806 1595 2017
13207 4 2 1 1 2068 1595 1806 1564
13208 4 2 1 1 1976 1093 1092 1086
13209 4 2 1 1 1976 1092 1093 1579
13210 4 2 1 1 1734 1400 1022 1698
13211 4 2 1 1 1734 1022 1400 1408
13212 4 2 1 1 1997 764 844 750
13213 4 2 1 1 1997 844 764 1813
13214 4 2 1 1 2415 2133 2094 1642
13215 4 2 1 1 2415 2094 2133 2316
13216 4 2 1 1 2306 401 382 323
13217 4 2 1 1 2306 382 401 2208
13218 4 2 1 1 2042 176 231 1785
13219 4 2 1 1 2042 231 176 240
13220 4 2 1 1 2161 601 2060 579
13221 4 2 1 1 2161 2060 601 1678
13222 4 2 1 1 2376 1344 1744 1190
13223 4 2 1 1 2376 1744 1344 1774
13224 4 2 1 1 1075 2040 1078 1291
13225 4 2 1 1 1078 2040 1075 1723
13226 4 2 1 1 2286 1464 1705 1624
13227 4 2 1 1 2286 1705 1464 1783
13228 4 2 1 1 1868 2192 2329 1409
13229 4 2 1 1 2329 2192 1868 1561
13230 4 2 1 1 1196 2059 1771 1386
13231 4 2 1 1 1771 2059 1196 1957
13232 4 2 1 1 1771 1282 1196 1386
13233 4 2 1 1 1196 1282 1771 1957
13234 4 2 1 1 2464 447 1947 1556
13235 4 2 1 1 2464 1947 447 475
13236 4 2 1 1 1900 247 248 1816
13237 4 2 1 1 1900 248 247 181
13238 4 2 1 1 2449 385 337 369
13239 4 2 1 1 2449 337 385 1679
13240 4 2 1 1 2463 2156 853 854
13241 4 2 1 1 2463 853 2156 1693
13242 4 2 1 1 2103 1588 487 1814
13243 4 2 1 1 2103 487 1588 2081
13244 4 2 1 1 679 1659 2245 677
13245 4 2 1 1 2245 1659 679 1978
13246 4 2 1 1 2146 240 2262 1560
13247 4 2 1 1 2146 2262 240 237
13248 4 2 1 1 2371 1540 1492 2168
13249 4 2 1 1 2371 1492 1540 1863
13250 4 2 1 1 2420 1547 1506 1886
13251 4 2 1 1 2420 1506 1547 1725
13252 4 2 1 1 1994 1360 1838 1213
13253 4 2 1 1 1994 1838 1360 1655
13254 4 2 1 1 2101 1312 1081 1088
13255 4 2 1 1 2101 1081 1312 1695
13256 4 2 1 1 2017 1239 1035 1233
13257 4 2 1 1 2017 1035 1239 1906
13258 4 2 1 1 2070 1224 2117 1223
13259 4 2 1 1 2070 2117 1224 1566
13260 4 2 1 1 2188 892 861 1820
13261 4 2 1 1 2188 861 892 650
13262 4 2 1 1 2085 455 456 1661
13263 4 2 1 1 2085 456 455 453
13264 4 2 1 1 1912 2334 1413 1753
13265 4 2 1 1 1413 2334 1912 1644
13266 4 2 1 1 2265 1559 1438 1808
13267 4 2 1 1 2265 1438 1559 1767
13268 4 2 1 1 256 1992 1707 275
13269 4 2 1 1 1707 1992 256 1583
13270 4 2 1 1 2383 2138 1854 1565
13271 4 2 1 1 2383 1854 2138 381
13272 4 2 1 1 1777 1854 2138 1565
13273 4 2 1 1 1777 2138 1854 381
13274 4 2 1 1 2060 569 601 1651
13275 4 2 1 1 2060 601 569 567
13276 4 2 1 1 2204 1785 2042 1453
13277 4 2 1 1 2204 2042 1785 1560
13278 4 2 1 1 2461 1341 1337 1206
13279 4 2 1 1 2461 1337 1341 1750
13280 4 2 1 1 2409 2178 1528 1605
13281 4 2 1 1 1528 2178 2409 1861
13282 4 2 1 1 1528 2300 2409 1605
13283 4 2 1 1 2409 2300 1528 1861
13284 4 2 1 1 1093 2358 1699 1250
13285 4 2 1 1 1699 2358 1093 2324
13286 4 2 1 1 1699 1142 1093 1250
13287 4 2 1 1 1093 1142 1699 2324
13288 4 2 1 1 2277 1493 2432 1796
13289 4 2 1 1 2277 2432 1493 1794
13290 4 2 1 1 2043 2425 620 554
13291 4 2 1 1 2043 620 2425 1834
13292 4 2 1 1 632 620 2425 554
13293 4 2 1 1 632 2425 620 1834
13294 4 2 1 1 1883 1220 1397 1044
13295 4 2 1 1 1883 1397 1220 1720
13296 4 2 1 1 1901 2166 1932 1525
13297 4 2 1 1 1932 2166 1901 1591
13298 4 2 1 1 2065 931 2210 755
13299 4 2 1 1 2065 2210 931 1833
13300 4 2 1 1 2406 1878 1783 1443
13301 4 2 1 1 2406 1783 1878 2031
13302 4 2 1 1 2216 427 426 2148
13303 4 2 1 1 2216 426 427 503
13304 4 2 1 1 2317 2345 1781 1492
13305 4 2 1 1 1781 2345 2317 1658
13306 4 2 1 1 1489 1592 1652 1933
13307 4 2 1 1 1489 1652 1592 2076
13308 4 2 1 1 2321 689 880 695
13309 4 2 1 1 2321 880 689 1999
13310 4 2 1 1 1080 2220 1090 1292
13311 4 2 1 1 1090 2220 1080 1848
13312 4 2 1 1 2297 839 838 819
13313 4 2 1 1 2297 838 839 1621
13314 4 2 1 1 2112 737 859 858
13315 4 2 1 1 2112 859 737 1696
13316 4 2 1 1 2339 861 2188 1003
13317 4 2 1 1 2339 2188 861 1789
13318 4 2 1 1 719 2386 743 929
13319 4 2 1 1 743 2386 719 1780
13320 4 2 1 1 2193 1596 1462 1844
13321 4 2 1 1 2193 1462 1596 1768
13322 4 2 1 1 2217 437 440 1803
13323 4 2 1 1 2217 440 437 441
13324 4 2 1 1 2274 2184 1434 1574
13325 4 2 1 1 2274 1434 2184 1918
13326 4 2 1 1 2194 856 949 946
13327 4 2 1 1 2194 949 856 1797
13328 4 2 1 1 2434 2040 1430 2404
13329 4 2 1 1 2434 1430 2040 1723
13330 4 2 1 1 2216 427 483 503
13331 4 2 1 1 2216 483 427 1745
13332 4 2 1 1 1334 2314 1864 1230
13333 4 2 1 1 1864 2314 1334 1752
13334 4 2 1 1 2023 2417 2370 1611
13335 4 2 1 1 2370 2417 2023 1486
13336 4 2 1 1 459 2271 428 430
13337 4 2 1 1 428 2271 459 1618
13338 4 2 1 1 2156 2139 1778 1501
13339 4 2 1 1 2156 1778 2139 1563
13340 4 2 1 1 2304 1145 1165 1950
13341 4 2 1 1 2304 1165 1145 1147
13342 4 2 1 1 2009 2296 1812 1551
13343 4 2 1 1 1812 2296 2009 1585
13344 4 2 1 1 2283 980 979 821
13345 4 2 1 1 2283 979 980 1726
13346 4 2 1 1 2368 2234 1851 1454
13347 4 2 1 1 2368 1851 2234 2280
13348 4 2 1 1 2367 392 341 340
13349 4 2 1 1 2367 341 392 2126
13350 4 2 1 1 2437 2047 2206 1571
13351 4 2 1 1 2437 2206 2047 1300
13352 4 2 1 1 2265 557 2325 1712
13353 4 2 1 1 2265 2325 557 559
13354 4 2 1 1 1847 1235 2170 1245
13355 4 2 1 1 1847 2170 1235 2107
13356 4 2 1 1 2038 1947 2173 1556
13357 4 2 1 1 2038 2173 1947 1467
13358 4 2 1 1 2470 2093 1801 1719
13359 4 2 1 1 2470 1801 2093 1480
13360 4 2 1 1 2092 2424 1651 1426
13361 4 2 1 1 1651 2424 2092 1595
13362 4 2 1 1 2431 885 1786 886
13363 4 2 1 1 2431 1786 885 1967
13364 4 2 1 1 2448 1565 1470 1849
13365 4 2 1 1 2448 1470 1565 1854
13366 4 2 1 1 2164 1909 1792 1456
13367 4 2 1 1 2164 1792 1909 1959
13368 4 2 1 1 273 1294 1794 182
13369 4 2 1 1 273 1794 1294 1025
13370 4 2 1 1 364 635 91 974
13371 4 2 1 1 364 91 635 292
13372 4 2 1 1 2248 2440 2097 1631
13373 4 2 1 1 2097 2440 2248 1790
13374 4 2 1 1 2338 1672 1738 1450
13375 4 2 1 1 2338 1738 1672 2139
13376 4 2 1 1 1884 508 407 1836
13377 4 2 1 1 1884 407 508 517
13378 4 2 1 1 2372 2092 2157 1682
13379 4 2 1 1 2372 2157 2092 1504
13380 4 2 1 1 2448 2011 1916 1470
13381 4 2 1 1 2448 1916 2011 2213
13382 4 2 1 1 1582 1916 2011 1470
13383 4 2 1 1 1582 2011 1916 2213
13384 4 2 1 1 1388 1838 1029 1277
13385 4 2 1 1 1388 1029 1838 2014
13386 4 2 1 1 2277 1144 1796 1348
13387 4 2 1 1 2277 1796 1144 1894
13388 4 2 1 1 1916 2318 1849 1470
13389 4 2 1 1 1849 2318 1916 1597
13390 4 2 1 1 547 2222 549 548
13391 4 2 1 1 549 2222 547 1718
13392 4 2 1 1 2349 666 667 1791
13393 4 2 1 1 2349 667 666 665
13394 4 2 1 1 2218 441 1620 2217
13395 4 2 1 1 2218 1620 441 442
13396 4 2 1 1 1960 2350 2272 691
13397 4 2 1 1 1960 2272 2350 1724
13398 4 2 1 1 693 2272 2350 691
13399 4 2 1 1 693 2350 2272 1724
13400 4 2 1 1 2318 1991 2200 1411
13401 4 2 1 1 2318 2200 1991 1597
13402 4 2 1 1 2283 976 991 1973
13403 4 2 1 1 2283 991 976 821
13404 4 2 1 1 2102 1245 2170 1254
13405 4 2 1 1 2102 2170 1245 1847
13406 4 2 1 1 2367 336 1679 337
13407 4 2 1 1 2367 1679 336 1936
13408 4 2 1 1 2165 2002 2261 1511
13409 4 2 1 1 2165 2261 2002 1591
13410 4 2 1 1 1368 379 1823 1379
13411 4 2 1 1 1823 379 1368 291
13412 4 2 1 1 2461 1208 2387 1206
13413 4 2 1 1 2461 2387 1208 1668
13414 4 2 1 1 2268 316 318 317
13415 4 2 1 1 2268 318 316 1777
13416 4 2 1 1 2212 2370 2150 1606
13417 4 2 1 1 2150 2370 2212 1486
13418 4 2 1 1 2177 2019 1753 1495
13419 4 2 1 1 2177 1753 2019 1606
13420 4 2 1 1 2132 1277 1275 1838
13421 4 2 1 1 2132 1275 1277 1276
13422 4 2 1 1 2232 2037 1815 1414
13423 4 2 1 1 2232 1815 2037 1632
13424 4 2 1 1 2153 10 188 419
13425 4 2 1 1 2153 188 10 235
13426 4 2 1 1 2352 773 1639 944
13427 4 2 1 1 2352 1639 773 2350
13428 4 2 1 1 2123 1639 773 944
13429 4 2 1 1 2123 773 1639 2350
13430 4 2 1 1 920 260 38 661
13431 4 2 1 1 38 260 920 252
13432 4 2 1 1 272 640 1886 179
13433 4 2 1 1 272 1886 640 939
13434 4 2 1 1 2332 768 767 745
13435 4 2 1 1 2332 767 768 1817
13436 4 2 1 1 2385 175 254 270
13437 4 2 1 1 2385 254 175 2078
13438 4 2 1 1 2469 280 230 1939
13439 4 2 1 1 2469 230 280 183
13440 4 2 1 1 1320 2296 1175 1327
13441 4 2 1 1 1175 2296 1320 1930
13442 4 2 1 1 2329 2218 1868 1620
13443 4 2 1 1 2329 1868 2218 1518
13444 4 2 1 1 415 2153 421 420
13445 4 2 1 1 421 2153 415 1938
13446 4 2 1 1 2469 662 663 657
13447 4 2 1 1 2469 663 662 1939
13448 4 2 1 1 189 662 53 659
13449 4 2 1 1 189 53 662 280
13450 4 2 1 1 976 294 96 387
13451 4 2 1 1 976 96 294 980
13452 4 2 1 1 2410 1189 1947 1256
13453 4 2 1 1 2410 1947 1189 1874
13454 4 2 1 1 353 1376 76 1383
13455 4 2 1 1 353 76 1376 391
13456 4 2 1 1 2340 523 599 636
13457 4 2 1 1 599 917 2340 636
13458 4 2 1 1 2340 917 599 1834
13459 4 2 1 1 2329 2339 1836 1759
13460 4 2 1 1 1836 2339 2329 1518
13461 4 2 1 1 2466 355 2086 352
13462 4 2 1 1 2466 2086 355 1995
13463 4 2 1 1 2355 1393 1557 1204
13464 4 2 1 1 2355 1557 1393 2223
13465 4 2 1 1 2269 2197 2246 1635
13466 4 2 1 1 2269 2246 2197 1500
13467 4 2 1 1 2306 2255 1433 1628
13468 4 2 1 1 2306 1433 2255 1545
13469 4 2 1 1 376 1380 61 301
13470 4 2 1 1 61 1380 376 1384
13471 4 2 1 1 764 2331 790 753
13472 4 2 1 1 790 2331 764 2098
13473 4 2 1 1 2388 2229 2177 1505
13474 4 2 1 1 2388 2177 2229 1667
13475 4 2 1 1 2272 2180 2114 1573
13476 4 2 1 1 2272 2114 2180 1636
13477 4 2 1 1 121 2154 417 1396
13478 4 2 1 1 417 2154 121 477
13479 4 2 1 1 1363 2411 1288 1024
13480 4 2 1 1 1288 2411 1363 2351
13481 4 2 1 1 590 1390 1652 1382
13482 4 2 1 1 1652 1390 590 519
13483 4 2 1 1 2316 329 357 386
13484 4 2 1 1 2316 357 329 2133
13485 4 2 1 1 740 2369 727 919
13486 4 2 1 1 740 727 2369 2393
13487 4 2 1 1 595 1002 144 992
13488 4 2 1 1 595 144 1002 615
13489 4 2 1 1 412 1394 1782 1026
13490 4 2 1 1 1782 1394 412 480
13491 4 2 1 1 1402 610 1779 522
13492 4 2 1 1 1779 610 1402 1243
13493 4 2 1 1 2276 164 619 1023
13494 4 2 1 1 2276 619 164 527
13495 4 2 1 1 2368 1305 1321 1325
13496 4 2 1 1 2368 1321 1305 2280
13497 4 2 1 1 2268 318 363 317
13498 4 2 1 1 2268 363 318 2064
13499 4 2 1 1 1741 2437 1633 1571
13500 4 2 1 1 1633 2437 1741 2401
13501 4 2 1 1 1391 1850 2446 1229
13502 4 2 1 1 1391 2446 1850 1947
13503 4 2 1 1 599 2340 632 523
13504 4 2 1 1 632 2340 599 1834
$EndElements
