$MeshFormat
2.2 0 8
$EndMeshFormat
$PhysicalNames
2
2 2 "pec"
3 1 "vacuum"
$EndPhysicalNames
$Nodes
941
1 -11 -11 7
2 -11 -11 0
3 -11 11 7
4 -11 11 0
5 11 -11 7
6 11 -11 0
7 11 11 7
8 11 11 0
9 -11 -11 1.75
10 -11 -11 3.5
11 -11 -11 5.25
12 -11 -9.307692307692303 7
13 -11 -7.61538461538461 7
14 -11 -5.923076923076911 7
15 -11 -4.230769230769213 7
16 -11 -2.538461538461515 7
17 -11 -0.8461538461538165 7
18 -11 0.8461538461538822 7
19 -11 2.538461538461579 7
20 -11 4.230769230769267 7
21 -11 5.923076923076948 7
22 -11 7.615384615384631 7
23 -11 9.307692307692317 7
24 -11 11 1.75
25 -11 11 3.5
26 -11 11 5.25
27 -11 -9.307692307692303 0
28 -11 -7.61538461538461 0
29 -11 -5.923076923076911 0
30 -11 -4.230769230769213 0
31 -11 -2.538461538461515 0
32 -11 -0.8461538461538165 0
33 -11 0.8461538461538822 0
34 -11 2.538461538461579 0
35 -11 4.230769230769267 0
36 -11 5.923076923076948 0
37 -11 7.615384615384631 0
38 -11 9.307692307692317 0
39 11 -11 1.75
40 11 -11 3.5
41 11 -11 5.25
42 11 -9.307692307692303 7
43 11 -7.61538461538461 7
44 11 -5.923076923076911 7
45 11 -4.230769230769213 7
46 11 -2.538461538461515 7
47 11 -0.8461538461538165 7
48 11 0.8461538461538822 7
49 11 2.538461538461579 7
50 11 4.230769230769267 7
51 11 5.923076923076948 7
52 11 7.615384615384631 7
53 11 9.307692307692317 7
54 11 11 1.75
55 11 11 3.5
56 11 11 5.25
57 11 -9.307692307692303 0
58 11 -7.61538461538461 0
59 11 -5.923076923076911 0
60 11 -4.230769230769213 0
61 11 -2.538461538461515 0
62 11 -0.8461538461538165 0
63 11 0.8461538461538822 0
64 11 2.538461538461579 0
65 11 4.230769230769267 0
66 11 5.923076923076948 0
67 11 7.615384615384631 0
68 11 9.307692307692317 0
69 -9.307692307692303 -11 0
70 -7.61538461538461 -11 0
71 -5.923076923076911 -11 0
72 -4.230769230769213 -11 0
73 -2.538461538461515 -11 0
74 -0.8461538461538165 -11 0
75 0.8461538461538822 -11 0
76 2.538461538461579 -11 0
77 4.230769230769267 -11 0
78 5.923076923076948 -11 0
79 7.615384615384631 -11 0
80 9.307692307692317 -11 0
81 -9.307692307692303 -11 7
82 -7.61538461538461 -11 7
83 -5.923076923076911 -11 7
84 -4.230769230769213 -11 7
85 -2.538461538461515 -11 7
86 -0.8461538461538165 -11 7
87 0.8461538461538822 -11 7
88 2.538461538461579 -11 7
89 4.230769230769267 -11 7
90 5.923076923076948 -11 7
91 7.615384615384631 -11 7
92 9.307692307692317 -11 7
93 -9.307692307692303 11 0
94 -7.61538461538461 11 0
95 -5.923076923076911 11 0
96 -4.230769230769213 11 0
97 -2.538461538461515 11 0
98 -0.8461538461538165 11 0
99 0.8461538461538822 11 0
100 2.538461538461579 11 0
101 4.230769230769267 11 0
102 5.923076923076948 11 0
103 7.615384615384631 11 0
104 9.307692307692317 11 0
105 -9.307692307692303 11 7
106 -7.61538461538461 11 7
107 -5.923076923076911 11 7
108 -4.230769230769213 11 7
109 -2.538461538461515 11 7
110 -0.8461538461538165 11 7
111 0.8461538461538822 11 7
112 2.538461538461579 11 7
113 4.230769230769267 11 7
114 5.923076923076948 11 7
115 7.615384615384631 11 7
116 9.307692307692317 11 7
117 -11 5.187894917993827 5.424286923218666
118 -11 1.692254302507857 1.46571214344627
119 -11 -6.640390142619848 1.473566618564014
120 -11 -3.384615384615365 5.534418547441714
121 -11 6.677077139502657 1.39580538259328
122 -11 0.1828176184046075 5.426123519813723
123 -11 -1.692307692307665 1.465581452558286
124 -11 -6.674723593451385 5.58898229081829
125 -11 9.531885403171955 4.30245793668633
126 -11 -9.31520830622426 2.596008724987339
127 -11 9.609442314575279 2.626493664918069
128 -11 8.193616552378863 3.428059242386729
129 -11 8.221579496921585 5.367659982744678
130 -11 6.624360163629252 4.245534867810172
131 -11 -9.57272138505164 4.356591322304319
132 -11 -8.072643220683911 3.671330178072386
133 -11 3.384615384615422 1.465581452558274
134 -11 2.467488736146557 2.890602183482346
135 -11 0.8458335073546532 2.93134789962444
136 -11 4.231608421426333 2.931647336489212
137 -11 1.709426145541899 4.416673197318311
138 -11 0.07083064274234552 1.424663052601577
139 -11 -5.061171880959835 5.543512504671144
140 -11 -4.22814403144201 4.070352754421666
141 -11 -2.538024005240317 4.11933457056426
142 -11 -3.384615384615365 2.603255642325144
143 -11 -5.181239587858293 2.650596387224726
144 -11 -5.822605021506059 4.139650277940517
145 -11 3.221208658402897 5.457103993030003
146 -11 -1.661765167036705 5.524785622117187
147 -11 -0.8987953600458596 4.102281751741945
148 -11 5.061704003744595 1.439909621122654
149 -11 5.848341376485795 2.763196933315544
150 -11 8.323907540632781 1.623362600633272
151 -11 -8.29907362223002 5.385197002633693
152 -11 -8.369259841778735 1.283200176444008
153 -11 -3.384615384615364 1.046589870578992
154 -11 -4.790784442259166 1.295668086448813
155 -11 -1.786907740662008 2.995158047434021
156 -11 1.699613561392972 5.859980142032407
157 -11 4.230769230769264 4.370573964416304
158 -11 6.701069761462609 5.799049202678328
159 -11 -6.652167438498505 3.018184572441628
160 -11 9.724286108933235 5.709601275249045
161 -11 -9.750761209889632 1.240625423672264
162 -11 -9.736282833251011 5.721202503160739
163 -11 9.736683490119592 1.278410048438871
164 -11 -0.4513162349423023 2.743222974541124
165 -11 3.036553567802041 4.101440194533331
166 -11 0.3933512705827251 4.088212824417278
167 -11 -7.104242579273977 4.360668864381302
168 -11 7.127456364776158 2.634769866095962
169 -11 5.294756786358807 3.93943977030647
170 -11 -7.708528769141564 2.379142895910211
171 11 5.187894917993827 5.424286923218666
172 11 1.692254302507857 1.46571214344627
173 11 -6.640390142619848 1.473566618564014
174 11 -3.384615384615365 5.534418547441714
175 11 6.677077139502657 1.39580538259328
176 11 0.1828176184046075 5.426123519813723
177 11 -1.692307692307665 1.465581452558286
178 11 -6.674723593451385 5.58898229081829
179 11 9.531885403171955 4.30245793668633
180 11 -9.31520830622426 2.596008724987339
181 11 9.609442314575279 2.626493664918069
182 11 8.193616552378863 3.428059242386729
183 11 8.221579496921585 5.367659982744678
184 11 6.624360163629252 4.245534867810172
185 11 -9.57272138505164 4.356591322304319
186 11 -8.072643220683911 3.671330178072386
187 11 3.384615384615422 1.465581452558274
188 11 2.467488736146557 2.890602183482346
189 11 0.8458335073546532 2.93134789962444
190 11 4.231608421426333 2.931647336489212
191 11 1.709426145541899 4.416673197318311
192 11 0.07083064274234552 1.424663052601577
193 11 -5.061171880959835 5.543512504671144
194 11 -4.22814403144201 4.070352754421666
195 11 -2.538024005240317 4.11933457056426
196 11 -3.384615384615365 2.603255642325144
197 11 -5.181239587858293 2.650596387224726
198 11 -5.822605021506059 4.139650277940517
199 11 3.221208658402897 5.457103993030003
200 11 -1.661765167036705 5.524785622117187
201 11 -0.8987953600458596 4.102281751741945
202 11 5.061704003744595 1.439909621122654
203 11 5.848341376485795 2.763196933315544
204 11 8.323907540632781 1.623362600633272
205 11 -8.29907362223002 5.385197002633693
206 11 -8.369259841778735 1.283200176444008
207 11 -3.384615384615364 1.046589870578992
208 11 -4.790784442259166 1.295668086448813
209 11 -1.786907740662008 2.995158047434021
210 11 1.699613561392972 5.859980142032407
211 11 4.230769230769264 4.370573964416304
212 11 6.701069761462609 5.799049202678328
213 11 -6.652167438498505 3.018184572441628
214 11 9.724286108933235 5.709601275249045
215 11 -9.750761209889632 1.240625423672264
216 11 -9.736282833251011 5.721202503160739
217 11 9.736683490119592 1.278410048438871
218 11 -0.4513162349423023 2.743222974541124
219 11 3.036553567802041 4.101440194533331
220 11 0.3933512705827251 4.088212824417278
221 11 -7.104242579273977 4.360668864381302
222 11 7.127456364776158 2.634769866095962
223 11 5.294756786358807 3.93943977030647
224 11 -7.708528769141564 2.379142895910211
225 5.157903710020172 -11 1.377207155464025
226 1.692307692307727 -11 1.46558145255828
227 -6.640389134181445 -11 1.473526088917895
228 -3.384615384615364 -11 5.534418547441714
229 6.571892198669275 -11 5.608844665799049
230 3.384615384615422 -11 5.534418547441726
231 -0.07238117566467217 -11 5.626452704453783
232 -1.873972214359892 -11 1.530222854271504
233 -6.673888197824202 -11 5.589464606708523
234 9.531885403171955 -11 2.697542063313668
235 -9.314251156342776 -11 2.597063214350017
236 9.609442314575283 -11 4.37350633508193
237 8.151162356726793 -11 3.546434096380827
238 8.215514611828439 -11 1.628696208507824
239 6.406052808401927 -11 2.729288520321038
240 -9.571110841823343 -11 4.356804966026967
241 -8.071378229089042 -11 3.671957651054845
242 3.398112156798263 -11 1.450852403042569
243 4.410765408618875 -11 3.061795394641582
244 5.546692451989099 -11 4.187260432756052
245 2.554915020607186 -11 2.915383504220519
246 0.6655842150115259 -11 3.037342059267748
247 1.85727863920199 -11 4.342102666552951
248 -5.061032648355304 -11 5.543592890652848
249 -4.228120826007922 -11 4.070366152085285
250 -2.60893643903659 -11 4.11003548343551
251 -3.384615384615368 -11 2.603255642325143
252 -5.181237528855533 -11 2.650594080083359
253 -1.70445531783826 -11 5.545747845533902
254 -0.8716060581770559 -11 4.042299332341272
255 -5.822388404217953 -11 4.139774925810693
256 -0.060372358865731 -11 1.443806679444557
257 8.303603498837798 -11 5.414694330026888
258 -8.369098501609363 -11 1.283302971308105
259 -8.298098148426767 -11 5.385136250752419
260 5.076923076923105 -11 5.68167481733914
261 3.330218852617827 -11 4.103044259103903
262 1.620159300124024 -11 5.763439995932022
263 -0.8461538461538076 -11 2.62969371056981
264 -4.790783931018973 -11 1.315248011556321
265 -3.363720459844992 -11 1.089745301630594
266 6.663586533742421 -11 1.147038376858577
267 -6.65189193235898 -11 3.018278065685491
268 9.724286108933235 -11 1.290398724750956
269 -9.750702979462162 -11 1.240685673788194
270 -9.733985139630121 -11 5.718980557681201
271 9.736683490119589 -11 5.721589951561129
272 6.872731190863703 -11 4.212190166509399
273 -2.044646348897368 -11 2.897817968969624
274 0.5746812149753033 -11 4.492968920480851
275 -7.10352898238339 -11 4.360922300002394
276 -7.708252500451144 -11 2.379135876140159
277 4.395725537039128 -11 4.586070931435057
278 5.187894917993841 11 1.575713076781328
279 1.692254295761325 11 5.534287860449824
280 -6.64035071531154 11 1.473106980849257
281 -3.384594186606448 11 5.584701118211548
282 6.677077139502657 11 5.604194617406717
283 0.181563153759571 11 1.530100170648727
284 -6.673888197824202 11 5.589464606708523
285 -3.567566003680325 11 1.573400183062225
286 9.531885403171955 11 2.697542063313666
287 -9.314251156342776 11 2.597063214350017
288 9.609442314575279 11 4.373506335081928
289 8.19361655237887 11 3.571940757613263
290 8.221579496921589 11 1.632340017255314
291 6.624360163629262 11 2.754465132189815
292 -9.571110841823343 11 4.356804966026967
293 -8.071315478268197 11 3.671937254729742
294 3.384615384615422 11 5.534418547441726
295 2.467488735022137 11 4.109397817167001
296 0.9050607930201018 11 4.116446007825584
297 4.231608421426332 11 4.068352663510783
298 1.716453512310579 11 2.583176860644784
299 0.009755540303242327 11 5.542393211928343
300 -0.8464741546543628 11 4.06902196657678
301 3.222212567941288 11 1.542874586679009
302 -5.061029115353818 11 5.551973319114488
303 -4.300512254047417 11 4.171703763438092
304 -5.77672915303778 11 4.178098574086134
305 -5.087995948778685 11 2.601241597051891
306 -1.692538936525237 11 1.444076531666898
307 -2.375146396673156 11 2.876174700741799
308 -1.690710422663487 11 5.594410654490488
309 5.061704003744595 11 5.560090378877343
310 5.848341376485802 11 4.23680306668445
311 8.323907540632785 11 5.376637399366724
312 -8.369092098464378 11 1.283233119963332
313 -8.298089184023789 11 5.38513333699169
314 -0.8614578719241663 11 2.553655962440972
315 -2.610403542834707 11 4.305211595644583
316 1.700968923725382 11 1.131230323594504
317 -5.089951764323335 11 1.129549752192675
318 4.230769230769276 11 2.629426035583702
319 6.701069761462616 11 1.200950797321663
320 -6.635236502267558 11 3.016877822086533
321 9.724286108933228 11 1.290398724750955
322 -9.750702646103926 11 1.24068203721256
323 -9.733985139630121 11 5.718980557681201
324 9.736683490119589 11 5.721589951561129
325 0.3501328170488804 11 2.893211745433888
326 3.037138937713323 11 2.898547315548402
327 -3.701365339919617 11 2.982180263444874
328 -7.091051703084306 11 4.368302318920524
329 7.127456364776162 11 4.365230133904032
330 5.294756786358818 11 3.060560229693523
331 -7.706541989948373 11 2.378941019064907
332 9.534418547441714 3.197442310920451e-14 0
333 -9.534418547441714 3.197442310920451e-14 0
334 -0.03855396765184693 -9.656444005992071 0
335 -0.03117822787292468 9.620876323556431 0
336 5.129375674286614 9.849487333501308 0
337 -5.105953508872204 9.483083305907236 0
338 9.534418547441714 -5.076923076923062 0
339 -5.099094907286071 -9.4953183849609 0
340 9.534418547441728 5.076923076923109 0
341 -9.534418547441714 -5.076923076923062 0
342 5.129375674286599 -9.849487333501303 0
343 -9.534418547441723 5.076923076923109 0
344 -8.306141260056698 9.467281581254053 0
345 9.433113004317921 -8.33762523630741 0
346 -9.572206254066614 -8.396088233762619 0
347 9.433113004317924 8.337625236307431 0
348 -9.534418547441717 1.692307692307731 0
349 -8.068837094883431 0.846153846153884 0
350 -8.068837094883428 -0.8461538461538129 0
351 -6.603255642325146 3.552713678800501e-14 0
352 -6.603255642325149 1.692307692307736 0
353 -5.13767418976686 0.8461538461538893 0
354 -5.137674189766859 -0.8461538461538112 0
355 -3.672092737208573 3.907985046680551e-14 0
356 -3.672092737208573 -1.692307692307658 0
357 -2.206511284650288 -0.8461538461538112 0
358 -2.206511284650288 0.8461538461538876 0
359 -0.7409298320920001 3.552713678800501e-14 0
360 -0.7409298320920055 -1.692307692307661 0
361 0.7246516204662843 -0.8461538461538147 0
362 0.7246516204662932 0.8461538461538769 0
363 0.724651620466279 -2.538461538461512 0
364 2.190233073024569 -1.692307692307667 0
365 -5.137674189766866 2.538461538461586 0
366 -0.7409298320920055 -3.384615384615361 0
367 2.190233073024565 -3.384615384615364 0
368 3.655814525582851 -2.538461538461519 0
369 3.655814525582857 -0.8461538461538236 0
370 3.655814525582848 -4.230769230769216 0
371 -5.13767418976686 -2.538461538461508 0
372 2.190233073024563 -5.076923076923061 0
373 5.121395978141141 -1.692307692307677 0
374 5.121395978141145 2.309263891220326e-14 0
375 3.655814525582844 -5.923076923076911 0
376 5.12139597814113 -5.076923076923065 0
377 3.655814525582864 0.8461538461538716 0
378 5.121395978141152 1.692307692307718 0
379 3.655814525582871 2.538461538461569 0
380 5.121395978141155 3.384615384615412 0
381 3.655814525582876 4.230769230769258 0
382 5.121395978141152 5.076923076923102 0
383 3.655814525582873 5.923076923076955 0
384 2.190233073024597 5.076923076923098 0
385 6.586977430699431 2.53846153846157 0
386 -6.603255642325153 3.384615384615433 0
387 -5.137674189766871 4.230769230769283 0
388 -6.603255642325156 5.076923076923126 0
389 -5.137674189766874 5.923076923076977 0
390 -3.672092737208589 5.07692307692313 0
391 -3.672092737208587 6.769230769230823 0
392 -2.206511284650304 5.923076923076977 0
393 -2.206511284650304 4.23076923076928 0
394 -3.672092737208575 -3.384615384615357 0
395 -5.137674189766859 -4.230769230769206 0
396 -3.672092737208572 -5.076923076923052 0
397 -5.137674189766855 -5.923076923076905 0
398 -3.67209273720857 -6.772177831896497 0
399 -6.603255642325144 -3.384615384615361 0
400 -2.206511284650288 -5.923568100187861 0
401 2.190233073024562 -6.769230769230754 0
402 2.190233073024586 6.769230769230802 0
403 -6.603255642325154 6.76923076923082 0
404 6.568091069201145 -0.8461538461538325 0
405 6.583829703783039 -2.538461538461529 0
406 -2.216914848408898 -7.598281935647893 0
407 -2.224048620327272 7.585009058962768 0
408 -0.7409298320920108 5.076923076923123 0
409 -0.7409298320919948 3.384615384615419 0
410 0.724651620466279 -5.923076923076906 0
411 5.150889920501044 -6.718145762547875 0
412 6.586977430699413 -5.923076923076911 0
413 6.627693476750416 -7.551884226495539 0
414 5.150889920501069 6.718145762547913 0
415 6.586977430699438 5.923076923076941 0
416 6.627693476750437 7.551884226495559 0
417 8.052558883257714 -1.692307692307686 0
418 8.101251836031018 -6.75295975341801 0
419 8.101251836031036 6.75295975341804 0
420 8.052558883257696 -3.384615384615388 0
421 0.751955927830025 -7.502613185037713 0
422 2.118242418918516 -8.34691592822276 0
423 -5.131244309353391 -7.65846824131039 0
424 -6.602183995589563 -6.776411373551721 0
425 -6.603255642325137 -8.461538461538453 0
426 -3.638856770001794 8.43223569708622 0
427 -3.617116906506427 -8.454199731777875 0
428 -1.931857276711114 -9.410457154410013 0
429 -2.019382114814032 9.368567223417411 0
430 0.7246516204663038 5.923076923076948 0
431 0.7519559278300285 7.50261318503776 0
432 2.118242418918527 8.346915928222799 0
433 3.639830231063851 7.578397917190543 0
434 0.7246516204663003 4.230769230769257 0
435 -8.068837094883438 5.92307692307697 0
436 -8.116373271095458 7.628151567069466 0
437 -6.673104773557858 8.471583440016531 0
438 -0.7568393391545207 6.714997381680778 0
439 2.190233073024583 1.692307692307718 0
440 -8.074956438198313 -7.605673011475462 0
441 -8.243410116298408 -9.441544756460086 0
442 -8.068837094883438 4.230769230769278 0
443 3.639830231063826 -7.578397917190514 0
444 6.564943342284771 0.8461538461538698 0
445 8.052558883257714 1.692307692307738 0
446 8.052558883257692 3.384615384615433 0
447 -8.068837094883436 2.538461538461583 0
448 -3.672092737208579 1.692307692307738 0
449 -9.534418547441714 -1.692307692307663 0
450 -9.534418547441714 -3.384615384615364 0
451 2.190233073024574 2.664535259100376e-14 0
452 0.724651620466279 -4.23076923076921 0
453 -0.7409298320919966 1.692307692307725 0
454 -9.541736389098345 -6.756703797283262 0
455 -9.534418547441719 3.384615384615424 0
456 -8.068837094883428 -4.230769230769212 0
457 -8.070898017922751 -5.920567261154297 0
458 -8.068837094883429 -2.538461538461513 0
459 6.697226492056842 9.335733765173348 0
460 -6.603255642325145 -1.692307692307663 0
461 -6.603255642325139 -5.076923076923058 0
462 -9.534418547441728 6.769230769230788 0
463 6.697226492056828 -9.335733765173341 0
464 5.120871356988403 -3.384615384615372 0
465 -0.7409298320920055 -5.077004939774884 0
466 -2.20651128465029 -2.53846153846151 0
467 -0.7556503771681164 -6.717305034455385 0
468 -3.672092737208585 3.384615384615433 0
469 6.567479011189619 -4.230769230769222 0
470 -2.20651128465029 2.538461538461579 0
471 -2.206511284650288 -4.230794091936551 0
472 2.190233073024588 3.38461538461541 0
473 -5.138489603622079 7.641406817424766 0
474 0.7246516204662949 2.538461538461569 0
475 6.568091069201149 4.230769230769255 0
476 3.460284262209084 -9.497955439299794 0
477 3.460284262209097 9.497955439299808 0
478 -9.609008728652668 8.411596164669994 0
479 8.432288998400164 -9.600417164143343 0
480 8.432288998400164 9.600417164143352 0
481 9.621742891453955 3.311195121690785 0
482 7.817397027881018 5.074598646092706 0
483 9.813756677558132 -6.741193921022 0
484 9.813756677558139 6.741193921022031 0
485 9.621742891453952 -3.31119512169073 0
486 7.817309591022216 -5.074598646092674 0
487 9.841744064430674 1.677623639722803 0
488 9.841744064430678 -1.677623639722743 0
489 7.75451414508861 2.309263891220326e-14 0
490 -0.6223914635914909 -8.281988413678853 0
491 -0.6938466878804697 8.27330463820735 0
492 1.692307692307729 -9.822960236917506 0
493 1.692307692307729 9.822960236917538 0
494 7.85831476151127 -8.315724029107528 0
495 7.858314761511281 8.31572402910755 0
496 -6.769230769230751 -9.866368801252936 0
497 -6.724732216189656 9.884389665435563 0
498 5.298359632300624 -8.155028421441159 0
499 5.298359632300674 8.155028421441173 0
500 -3.486860279185542 9.833014125339471 0
501 -3.419645983641481 -9.884989284445197 0
502 9.761144787191125 -9.76114478719113 0
503 -9.761144787191128 9.761144787191117 0
504 -9.761144787191128 -9.761144787191128 0
505 9.761144787191153 9.761144787191153 0
506 0.9159356780006611 -8.78010543507072 0
507 0.9348183950865714 8.787290668433823 0
508 3.197442310920451e-14 9.534418547441714 7
509 3.197442310920451e-14 -9.534418547441716 7
510 -9.656420949976225 -0.03574212518154951 7
511 9.56949321879566 3.552713678800501e-14 7
512 5.076923076923109 9.534418547441728 7
513 -5.076923076923062 9.534418547441714 7
514 9.496126719695582 -5.095520356365028 7
515 -5.076923076923062 -9.534418547441712 7
516 9.649565248234563 4.970690594635082 7
517 -9.495877844587596 -5.094318744438976 7
518 5.076923076923119 -9.534418547441716 7
519 -9.849487333501301 5.129375674286603 7
520 -8.33762523630741 9.433113004317917 7
521 9.467281581254067 -8.306141260056689 7
522 -9.46728158125404 -8.306141260056693 7
523 9.599321877836054 8.482100385684099 7
524 1.692307692307731 -9.534418547441717 7
525 0.8461538461538858 -8.068837094883431 7
526 -0.8461538461538129 -8.068837094883428 7
527 4.440892098500626e-14 -6.603255642325141 7
528 -1.692307692307658 -6.60325564232514 7
529 -0.8461538461538058 -5.137674189766857 7
530 0.8461538461538964 -5.137674189766859 7
531 4.440892098500626e-14 -3.672092737208573 7
532 -1.692307692307653 -3.672092737208569 7
533 -0.8461538461538023 -2.206511284650286 7
534 0.8461538461538964 -2.206511284650283 7
535 4.263256414560601e-14 -0.7409298320919966 7
536 -1.692307692307654 -0.7409298320920001 7
537 -0.8461538461538076 0.7246516204662861 7
538 0.8461538461538858 0.7246516204662967 7
539 -2.538461538461505 0.7246516204662843 7
540 -1.692307692307661 2.190233073024569 7
541 -3.38461538461535 -0.7409298320920037 7
542 -3.384615384615356 2.19023307302457 7
543 -2.538461538461513 3.655814525582855 7
544 -0.8461538461538165 3.65581452558286 7
545 -4.23076923076921 3.65581452558285 7
546 -5.076923076923052 2.190233073024565 7
547 -1.69230769230767 5.121395978141145 7
548 2.842170943040401e-14 5.121395978141152 7
549 -5.923076923076904 3.655814525582844 7
550 -5.076923076923057 5.12139597814113 7
551 0.8461538461538805 3.655814525582869 7
552 1.692307692307725 5.121395978141152 7
553 2.538461538461574 3.655814525582873 7
554 3.384615384615422 5.121395978141155 7
555 4.230769230769269 3.655814525582876 7
556 5.076923076923112 5.121395978141155 7
557 5.923076923076955 3.655814525582878 7
558 5.076923076923123 2.190233073024595 7
559 2.538461538461579 6.586977430699434 7
560 2.5384615384616 -8.068837094883419 7
561 -6.769230769230745 2.190233073024558 7
562 -5.923076923076892 0.7246516204662736 7
563 6.778494008094444 2.201514431485815 7
564 6.000196209470708 0.7467822178244461 7
565 4.243622445168231 0.7283400533593323 7
566 5.091918493721916 -0.7366266603834468 7
567 6.769230769230834 -0.7409298320919628 7
568 5.92557615921012 -2.205794089365501 7
569 4.233685006257952 -2.20567455681805 7
570 5.076923076923155 -3.672092737208539 7
571 7.620369550176235 -2.188736712702561 7
572 -0.8461538461538254 6.568091069201149 7
573 -2.538461538461522 6.583829703783046 7
574 3.385101347196901 -3.67195328256985 7
575 4.230850224532889 -5.137650947327044 7
576 5.9230904220376 -5.137670316026859 7
577 5.076938825710521 -6.603251122961816 7
578 6.769235643855513 -6.603254243474559 7
579 -2.538461538461512 -8.068837094883426 7
580 -3.384615384615357 -6.603255642325136 7
581 -6.71814576254787 5.150889920501044 7
582 -5.923076923076905 6.586977430699413 7
583 -7.551884226495536 6.627693476750412 7
584 6.718145762547913 5.150889920501072 7
585 5.923076923076966 6.586977430699434 7
586 7.550659436707814 6.626986344036769 7
587 6.597928461746562 8.046088465023189 7
588 -6.752959753418008 8.101251836031011 7
589 -1.69230769230769 8.052558883257717 7
590 -3.384615384615388 8.052558883257703 7
591 -7.502455906975545 0.7525428975489028 7
592 -6.721385120513572 -0.7532316518696511 7
593 -8.346889715212395 2.118340247204992 7
594 7.658114848919496 -5.130647672101435 7
595 8.478752035060396 -6.662271899351975 7
596 7.631021308427243 -8.126209080791487 7
597 8.49519523338477 -3.527320092550099 7
598 3.384631508373953 -6.603251015357939 7
599 4.230769230769317 -8.068837094883392 7
600 1.692307692307743 -0.740929832091993 7
601 0.8461538461538769 6.564943342284771 7
602 1.692307692307741 8.052558883257714 7
603 3.384615384615429 8.05255888325771 7
604 5.925686475819418 -8.07839810616578 7
605 6.758440549619507 -9.553559528989931 7
606 -7.578393548355448 3.639846535778236 7
607 1.692388686071329 -3.672069494768778 7
608 -4.23076923076921 -8.068837094883422 7
609 -5.076923076923056 -6.603255642325133 7
610 -4.230769230769202 -5.137674189766847 7
611 -5.9230769230769 -5.137674189766842 7
612 -5.076923076923046 -3.672092737208562 7
613 -6.78190444700123 -3.667152449863237 7
614 -6.769230769230756 -6.603255642325127 7
615 9.565724798945276 1.657357710451565 7
616 7.883432008584982 0.7639046184058103 7
617 -1.692307692307665 -9.534418547441714 7
618 9.308375882961126 6.688642846192735 7
619 -3.384615384615363 -9.534418547441712 7
620 -5.923076923076911 -8.068837094883424 7
621 -7.62815156706943 -8.116373271095444 7
622 -8.470236605532339 -6.651762787915967 7
623 -6.769230769230761 -9.534418547441712 7
624 1.692310379600835 -6.603254871163938 7
625 9.685069325468913 3.324022058243251 7
626 1.692307692307729 2.190233073024588 7
627 -7.661475882429967 -5.132769137907793 7
628 -8.461969613909108 -3.607807320562527 7
629 -7.624436438394966 -2.206511284650279 7
630 -9.416082688244154 -1.925684207808876 7
631 3.386757587015248 2.190847811840094 7
632 3.389742785729839 -0.7394584433530209 7
633 9.408179155744069 -1.904491631519591 7
634 3.384615384615433 -9.534418547441707 7
635 2.541815341447112 0.7256140472075501 7
636 -2.538461538461505 -5.137674189766852 7
637 -3.384615384615364 5.120871356988406 7
638 -3.384615384615351 -3.672092737208567 7
639 4.230769230769273 6.568091069201152 7
640 2.53989656061961 -2.206099482375331 7
641 -9.335733765173341 6.697226492056828 7
642 -2.538461538461501 -2.206511284650286 7
643 -4.2307692307692 0.7246516204662807 7
644 3.552713678800501e-14 2.190233073024576 7
645 6.783211548441891 -3.6437102699925 7
646 2.538572665321633 -5.137642300159069 7
647 -5.06894880213685 -0.7429801353882777 7
648 -4.229440184971498 -2.206853001866332 7
649 -4.230769230769215 6.567479011189619 7
650 -5.917173011656861 -2.208136876807725 7
651 7.411645170132353 3.808905297502072 7
652 -9.497953847158733 3.460290204160394 7
653 -8.41159616466998 -9.609008728652665 7
654 -9.600417164143343 8.432288998400157 7
655 8.401481149876055 -9.603850658910128 7
656 8.520611823683765 9.637102915696996 7
657 6.849563402973413 9.601277232575981 7
658 -6.741193921022 9.813756677558132 7
659 3.311195121690787 9.621742891453962 7
660 5.042662615426266 7.757626879124643 7
661 -5.074598646092668 7.817309591022216 7
662 -3.311195121690729 9.621742891453962 7
663 1.677623639722805 9.841744064430682 7
664 2.664535259100376e-14 7.75451414508861 7
665 -1.677623639722745 9.841744064430678 7
666 8.279285123007096 -0.8461538461538094 7
667 -8.285966388020078 -0.6187192571509659 7
668 8.332981880718119 2.662299290650987 7
669 -9.822960236917497 1.692307692307729 7
670 -8.315724029107528 7.858314761511263 7
671 8.109070923515315 8.101376382971914 7
672 -9.886679206274795 -6.718136866174631 7
673 9.888432067202011 -6.720479010847042 7
674 -8.155028421441155 5.298359632300627 7
675 8.15502842144118 5.298359632300656 7
676 9.879900221764885 -3.45931256993309 7
677 -9.89141036079468 -3.402481311811923 7
678 9.761144787191125 -9.76114478719113 7
679 -9.761144787191128 9.761144787191117 7
680 -9.761144787191128 -9.761144787191128 7
681 9.76976124459916 9.76976124459916 7
682 -8.780380320439001 0.9164581887088339 7
683 8.659919869060445 4.11337925376078 7
684 -7.455888476529925 4.861418773659543 3.489616643014155
685 7.480838269397641 5.864536499767651 3.489209367846437
686 -6.090078970860257 -7.493065130480238 3.470254205377413
687 -7.480805684785352 0.1723464325824327 3.466949950016764
688 -1.708585903933459 -1.708585903933438 3.499999999999998
689 1.66193213588586 4.161879012112582 3.502739632550921
690 -4.230769230769205 2.659963764149158 3.507098847003125
691 2.660522053236925 -4.230769230769212 3.492867311494811
692 -1.255223092354032 -5.878552252061485 3.486375878570818
693 3.167287374730097 2.603145753740504e-14 3.474403577917708
694 -5.786812982214254 -3.106427861086411 3.505710965301181
695 -1.691131210158495 6.702462452510409 3.489927427832807
696 4.558658600355855 7.6597953043185 3.34869836720687
697 5.648422275809795 2.605144016794728 3.472387863850126
698 7.5474534366602 -7.263597077091953 3.559647789500408
699 6.072714135771561 -3.092758144064894 3.517133640544877
700 3.384615384615451 -7.585468958954072 3.702622614875002
701 -0.848325332182614 1.700262629161915 3.62021785467775
702 -5.11488829290376 7.477125911827594 3.506414496672793
703 7.696509288165531 -0.1073288306564131 3.464920214828152
704 1.327699792268931 7.836995544710365 3.171528249213603
705 -4.445016095481259 -0.3752368025292079 2.973475988839186
706 -8.01469310371597 -5.159999405585021 3.957155278496383
707 -3.213763362641787 -8.066024914593569 4.08129982954592
708 -4.092535882359599 -5.422488552368547 2.885082890905825
709 -8.072975496681142 7.765908710376547 3.998592229860529
710 0.5360988464988433 -8.105503526247272 4.094705993394951
711 1.092228294475255 -1.900173095535709 2.798391582620821
712 4.24328845382345 4.905542231242199 2.667223102298939
713 8.440866524068236 3.59149021779958 4.423131443237863
714 5.304190550635557 -5.718576401739671 2.759441097141851
715 -8.31733830356962 -2.345730108987668 2.734585192483054
716 -1.978550852542684 4.060834914593225 2.744979131690319
717 8.247925451706703 -4.661943146567228 4.30729211177763
718 -3.853745684035764 5.218992220349111 4.32866461145526
719 -8.421115933226934 -8.421176075343423 2.529053322009968
720 0.1892486941647271 -3.838069459419427 4.362799882004873
721 -6.686703518338278 2.517369438271706 2.518320558844595
722 7.011513890607127 8.306757725481731 2.528099911907395
723 -2.67430439212489 -3.926482284304525 4.495368456460936
724 1.478673034544821 -6.309381216205636 2.462122965322854
725 1.506795630588916 1.759234598929646 2.511517889148891
726 5.411671998506831 -0.817108832380569 2.449986308714407
727 -8.442966335175518 2.642194707635188 4.444949250494433
728 0.8252004765716719 -0.02439041861340974 4.538814577053944
729 3.27237863167664 2.384742713796967 4.436292732906214
730 -1.337413922391508 -8.51496020787031 2.42737684955332
731 8.516055081293445 -2.497373880725836 2.920548640907824
732 3.881141627925885 -2.226895761713712 4.479327827303725
733 3.059069937250636 5.910496528177157 4.639319627366339
734 -0.4808087783102725 4.822324553337465 4.578427906706857
735 -2.671808858600946 0.3121702743040595 4.560952625205257
736 -3.57289731257627 -2.921899313961597 2.42483436643438
737 5.580536904908114 -8.502628914515991 4.537914314039716
738 -5.288066208387978 5.07692307692313 2.318983339896782
739 0.01330506232396689 5.462857611261011 2.278485901076333
740 -6.038858383421068 1.634859464874921 4.755662224666695
741 5.344009040084698 0.411866017594876 4.618157542276125
742 -1.140046805788693 -3.752670104732932 2.350965470054819
743 5.651899117074842 4.74190689116195 4.656317503066933
744 -0.7887201396053801 8.614548049187677 2.367465058392205
745 -2.775790444015693 1.198083471447671 2.296180841047278
746 -5.885563041111769 -1.065332522006827 4.765624482713733
747 -3.042379497690265 8.689252406370782 3.235452634596492
748 -8.622770485368125 -7.378074738629752 4.699895010883683
749 1.443027261282277 -5.807542952360857 4.779783303814205
750 -5.720703274127613 -5.217848417252517 4.62109831915901
751 8.617314048265648 8.607429438504582 4.503789105418386
752 4.617806485939008 -4.442199276965168 4.784193254705759
753 -8.771797294159494 6.397821834539787 2.204428038547143
754 -8.777556652104511 -1.286614139276556 4.791592689731255
755 -0.4084703676910355 -0.1794529428061628 2.305116480890458
756 -0.4330061443088553 8.327377970366086 4.716831921490609
757 -3.675331591611369 -1.829510402546949 4.759530348018865
758 -6.370401542252724 -5.470153749576351 2.305964218748879
759 3.82074627555845 1.86076878272879 2.226925991719215
760 4.119787626984874 -2.895073423858593 2.257632036507707
761 -8.794243278168706 3.45477231226448 2.205756721831298
762 8.853930972803038 1.644204002353439 2.415189110692591
763 -2.338947745613065 3.030860702298614 4.783141030634052
764 -5.738929901624617 3.923293461345047 4.714585499040737
765 0.9997673595388493 2.386064189790706 4.81188029985014
766 -6.922371651780781 8.818514473447198 2.280566728749672
767 2.256944352105484 5.92307692307695 2.132291086004877
768 7.238359045390812 -4.584603658272161 2.1863373542831
769 -6.360931439353932 -1.341046495089122 2.218392709553927
770 1.86941974536458 -8.569933414326348 2.277136309754169
771 -7.541827620218514 -3.174497226673942 4.928824270932643
772 1.686974520808588 -2.271032455380104 4.925362276622045
773 -6.357709149812015 8.94079659604391 4.799618956198005
774 -3.222022478886693 5.923076923076977 2.036163223562618
775 -8.904397920382737 1.22205681088314 2.095528781056669
776 -4.510103751542732 -8.752728072430283 2.195688138886844
777 8.818969300832983 -8.834608789829707 4.721583132330791
778 7.248053717390617 1.679786768188092 4.821973122152595
779 -8.854145187204761 -6.219785406522426 2.120702279600711
780 6.436261862971696 8.931491509931174 4.815313717540762
781 6.382861172038375 4.343422428614037 2.242187445507767
782 8.750867911962413 4.338985622563867 2.197227867475795
783 8.952428433281202 -6.063362725374201 2.250320173500165
784 5.923087807491372 -6.292665095115694 4.918286230385723
785 -7.018476659797175 -8.870760566497902 4.915358812709906
786 -3.322572064029389 -6.00541705329044 4.873112396044657
787 -0.03408093386290889 3.27108280517075 2.081446986054766
788 8.639538103846151 -8.708093658520003 1.883310746320439
789 -1.350500182719326 -8.915630598256911 4.907859908952352
790 -6.206425579081001 6.089893581571212 4.854120354850521
791 7.457678024905407 -1.888987097329018 4.791872005234892
792 2.915535604384717 8.72527622866062 4.741281933749901
793 0.9616569283079301 -4.230551598852362 2.151540827646211
794 6.434403743445333 1.072776783895203 2.153416571613458
795 2.538461538461579 -9.045891396588946 5.064086841143162
796 6.103977176863764 -9.047073427235112 2.13242973026103
797 -2.602305746152459 -6.770950457755275 1.998180914403656
798 0.951003245107038 6.454505585558334 4.820646733991173
799 5.887511471747541 6.47717996231971 2.057147646343882
800 3.062297170069381 8.871895872192557 2.21151256669166
801 9.048850033465136 6.436261862971691 2.184686282459235
802 -4.906734300830562 -8.970671080481578 4.968861162577056
803 -8.989054686441669 4.641249526732252 4.959272290463172
804 9.037192392046517 -6.53300623947039 4.850172072679188
805 5.84580000402171 6.868597969450409 4.873436716398249
806 -4.98722124623013 1.404076231748237 2.012390098996101
807 -8.99333724399961 -4.139742768335744 1.88153323034495
808 -0.3133869023804352 -1.695070051777307 5.049807116980883
809 -6.659213183587342 6.70403614248931 2.134091032562969
810 4.004260834094103 -9.031973297042821 2.18499903802148
811 9.003735940204267 9.00186184253012 2.079835318550547
812 3.362670265529807 -5.533391021418531 2.025866970594939
813 2.854652981152938 -1.306003762102803 1.911721173749476
814 -9.065270771319252 0.716290679757677 4.615440962227447
815 -9.054373358198012 8.763252558761277 2.3856184236616
816 -0.7899818318935785 -6.966469278690851 5.151542187684787
817 -2.844097401190527 -1.082680534285468 1.924097565993392
818 9.071094315908196 0.6751493344651726 4.818076710477603
819 -6.515053936358311 -9.100912387417058 2.29346165826195
820 -3.279679842371261 7.275248158193833 4.926402381602674
821 -4.214039639262481 9.136916748362196 5.119003403234665
822 2.837978524809242 3.624811908632966 1.921844611344963
823 -4.586245249734157 -3.604519593586976 5.046214391990416
824 -4.063632942646159 1.605209741232612 5.205291051729167
825 7.298759949024122 -1.272972142148108 1.848029579006549
826 -9.20544586529738 -0.7619164735844943 1.84423164749884
827 3.43563459799952 -6.067959079126246 5.045568259574793
828 9.103974552565859 5.51713414052095 4.701712789814838
829 -6.957595949543225 -3.590077218179941 1.957789353847535
830 -0.3837685170975536 -6.824340739492397 1.958912839881413
831 -3.788536663221164 3.816614401263469 1.943625047259109
832 -4.774503455124266 8.974823089904906 2.037082855683972
833 9.103452235101001 -0.3539843336623614 2.019101718789905
834 -5.012626752021644 -7.003512721049881 5.069528702756268
835 3.82372828803227 4.153362882314607 5.129396026964811
836 9.165391365052795 -2.950941240380555 4.833085596978496
837 -9.149024744600357 9.132229244576235 5.073828770523179
838 4.968286061693361 9.245957847565961 2.337786852311294
839 2.563725922319764 -0.5582592518034375 5.24276073302158
840 -7.086477484496277 4.230769230769279 1.685253451973143
841 5.56475593050813 -1.469485933709251 5.196974178047669
842 -5.072857067725772 -4.047913543126833 1.930022867488173
843 -9.167115562150787 -3.596733518944863 3.953093842175996
844 -2.212564825425325 9.102452665972178 5.215700238907967
845 -1.803372326526229 6.033140952175403 5.299524539050593
846 -7.080175706476652 -7.209533749912775 1.828003659118557
847 6.73774849440484 -6.73422057996742 1.815666713835942
848 -7.060145056758484 0.8110642452062019 1.69285463972825
849 6.532443249960457 -4.14214208884458 5.114829105256658
850 1.433305883595851 -0.01559568142286372 1.769838753193456
851 -4.994446685579183 -6.790253815023775 1.773851689057012
852 9.176569105261638 -4.086946586912733 1.844314268771004
853 -2.617316609195662 -4.854106590603815 1.779108980275883
854 1.194074515203728 9.273397307072614 1.862692043250985
855 -1.177796647845397 -4.921429918326834 5.134279095204624
856 4.019257392479195 -9.302498558264801 3.999808677017656
857 -9.141552228921606 -9.195577690752694 5.226347623445725
858 4.423525669809374 -7.162388753842417 1.766348506333199
859 7.374686803755067 2.73492316970539 1.770438345239218
860 3.984389968090301 6.727627779473499 1.740562500809775
861 -0.5516801035581821 -2.017647757453595 1.859205304554996
862 -9.200050355243546 6.577743247623189 5.057945110143319
863 2.538778550418166 -4.160454610320222 5.379751993017439
864 -0.8808452850944264 0.5476716186560604 5.118232925855336
865 1.209285947454281 4.42321441085121 5.315360297015054
866 7.784298477628597 6.941921638428348 5.088076495681981
867 -2.291432641447407 7.56221070287092 1.919294969210934
868 5.395157930098845 2.983554396583587 5.310365195608825
869 -7.408218716794216 -0.1096311901278621 5.327932249657832
870 9.112844732231345 -1.155404050243774 4.193678496789429
871 5.451936862508827 -4.137653203837914 1.713932575441438
872 -6.894413645747352 -6.654822240214266 5.090855704967352
873 -4.627277460323088 -1.62550849159612 1.60923772529538
874 -2.825090330374379 -9.319885564377195 1.664431638701737
875 5.438150938871922 2.549342923508897 1.628100305620224
876 -4.353550050454948 -0.2175751635193788 5.373070130772675
877 -4.84879707964018 6.772565581407719 1.647438233893657
878 4.018934402643674 0.1103951854732939 1.659033306871078
879 1.157960604519855 9.192821989251311 5.291436455324563
880 -1.109010775212289 1.802979548617304 1.800548152615345
881 7.202355404168367 -9.124270603202199 3.760278391716519
882 2.345782245288953 -3.070101913691739 1.8053248001898
883 -1.999201746210521 -2.395740070046245 5.254133258897368
884 -9.357139775171721 4.98389140900106 3.202711675122559
885 7.417601607183236 4.918150764214093 5.272332355187315
886 4.076401968551338 7.351493648645919 5.295681993842964
887 0.2812034064765576 7.224523307783108 1.770428254680601
888 -0.7432994549739358 2.351138533378446 5.343558422310551
889 -4.062481888191344 3.422472989110758 5.205653805340203
890 0.7735611009754088 -9.404061478497042 5.353353468125949
891 -9.391852880579572 -5.747532362583332 5.007357917575321
892 7.025866065822582 -0.1271121990144094 5.198710432117505
893 1.635299069887443 -7.503483977906853 5.417072561757303
894 5.876955633665536 -2.378313501189906 1.659389568459829
895 4.662074989606584 9.217332745364185 4.352297241593042
896 -5.47288071244259 3.384615384615434 1.536555781446435
897 2.24726596099842 1.201235842330533 5.301061096944381
898 0.2325170211029904 -8.44962632760557 1.603548405218815
899 -1.610469369508107 5.340017140414846 1.568586952855815
900 7.475987734184548 5.680701412070495 1.678433363719897
901 7.065754656923237 -7.698314209822702 5.29168426587226
902 9.468479393218352 -7.452572051486075 3.14866075651452
903 1.268057536241013 4.385216868643173 1.669544515640133
904 0.4100326301211321 -5.319827838272588 3.444856523759937
905 9.402092974157402 2.371394754784048 5.347564820692732
906 -7.012335357675531 2.938717792893849 5.425943975637538
907 -7.204359907029366 4.70444483844672 5.349296242075127
908 0.3973622122523095 9.322613515988909 3.49359441875761
909 -0.1332671962795737 3.282324579034899 3.827021897332926
910 -3.011992661320068 -9.30400763217027 5.30400763217027
911 -5.808694374390213 0.6414778163758921 3.344549241047104
912 9.516018321125735 7.19148665296117 5.008647446624409
913 -7.314248957733081 -1.507652496032659 3.880143702244669
914 -5.023792065080333 7.351905502959863 5.281144678256567
915 4.207942604077936 -7.650378309191258 5.27451510477479
916 -9.149152447897958 -2.829948022175497 5.524211419176386
917 -2.728464509246375 4.572780078341367 5.485973976420972
918 6.909673733301916 -5.603170285580159 3.607811160457275
919 1.985601212638277 7.550378369616648 1.551461862841814
920 2.568373208875095 -2.519644882641406 3.414673292226087
921 -2.324261376707643 -9.417770604064026 3.50510445515821
922 4.07936611773312 3.268856686228963 3.192042346037863
923 -2.435468628624477 -7.36147675300703 5.439378016713304
924 -1.932537010928108 -0.07069400368903067 3.069200565398099
925 -0.4048760709828294 -5.139279767727059 1.674501566260365
926 -4.430293826856998 -7.019998081705168 3.44473737377305
927 4.938620168185198 0.7671115097398127 2.971897668368455
928 -3.075134775965927 9.079702695404878 1.527557841677432
929 2.902502476423261 7.059914269652651 3.313315170746994
930 -9.377472735055585 -9.426998275338095 3.492229132385385
931 -0.2288420195863786 -9.520224907002731 3.347348493156305
932 -7.659143811945378 -6.761284234156586 3.398507906678862
933 6.837964013767312 3.807502948898343 3.819061129708482
934 2.695892316386042 -7.200330575809323 1.603478956050052
935 -1.630965671237436 -7.515013536119957 3.775159477041444
936 4.392520306470219 1.575610571937031 5.490083220387568
937 5.819149648451689 -7.313098125750701 3.273141304684316
938 -5.972900301839418 -2.662169347835745 5.357326571726021
939 -5.13278247523577 9.460474554690386 3.672879586494588
940 7.502596005016952 -2.975812073123024 1.598657122201895
941 -2.510614149798608 2.743010458116246 1.653886611856901
$EndNodes
$Elements
4841
1 2 2 2 1 11 1 162
2 2 2 2 1 1 12 162
3 2 2 2 1 2 9 161
4 2 2 2 1 27 2 161
5 2 2 2 1 23 3 160
6 2 2 2 1 3 26 160
7 2 2 2 1 24 4 163
8 2 2 2 1 4 38 163
9 2 2 2 1 9 10 126
10 2 2 2 1 9 126 161
11 2 2 2 1 10 11 131
12 2 2 2 1 126 10 131
13 2 2 2 1 131 11 162
14 2 2 2 1 12 13 151
15 2 2 2 1 12 151 162
16 2 2 2 1 13 14 124
17 2 2 2 1 13 124 151
18 2 2 2 1 14 15 139
19 2 2 2 1 124 14 139
20 2 2 2 1 15 16 120
21 2 2 2 1 15 120 139
22 2 2 2 1 16 17 146
23 2 2 2 1 120 16 146
24 2 2 2 1 17 18 122
25 2 2 2 1 17 122 146
26 2 2 2 1 18 19 156
27 2 2 2 1 122 18 156
28 2 2 2 1 19 20 145
29 2 2 2 1 19 145 156
30 2 2 2 1 20 21 117
31 2 2 2 1 20 117 145
32 2 2 2 1 21 22 158
33 2 2 2 1 117 21 158
34 2 2 2 1 22 23 129
35 2 2 2 1 22 129 158
36 2 2 2 1 129 23 160
37 2 2 2 1 25 24 127
38 2 2 2 1 127 24 163
39 2 2 2 1 26 25 125
40 2 2 2 1 125 25 127
41 2 2 2 1 26 125 160
42 2 2 2 1 28 27 152
43 2 2 2 1 152 27 161
44 2 2 2 1 29 28 119
45 2 2 2 1 119 28 152
46 2 2 2 1 30 29 154
47 2 2 2 1 29 119 154
48 2 2 2 1 31 30 153
49 2 2 2 1 153 30 154
50 2 2 2 1 32 31 123
51 2 2 2 1 123 31 153
52 2 2 2 1 33 32 138
53 2 2 2 1 32 123 138
54 2 2 2 1 34 33 118
55 2 2 2 1 118 33 138
56 2 2 2 1 35 34 133
57 2 2 2 1 34 118 133
58 2 2 2 1 36 35 148
59 2 2 2 1 35 133 148
60 2 2 2 1 37 36 121
61 2 2 2 1 121 36 148
62 2 2 2 1 38 37 150
63 2 2 2 1 37 121 150
64 2 2 2 1 38 150 163
65 2 2 2 1 130 117 158
66 2 2 2 1 117 130 169
67 2 2 2 1 145 117 157
68 2 2 2 1 157 117 169
69 2 2 2 1 133 118 134
70 2 2 2 1 134 118 135
71 2 2 2 1 135 118 138
72 2 2 2 1 119 143 154
73 2 2 2 1 143 119 159
74 2 2 2 1 119 152 170
75 2 2 2 1 159 119 170
76 2 2 2 1 139 120 140
77 2 2 2 1 140 120 141
78 2 2 2 1 141 120 146
79 2 2 2 1 121 148 149
80 2 2 2 1 121 149 168
81 2 2 2 1 150 121 168
82 2 2 2 1 137 122 156
83 2 2 2 1 122 137 166
84 2 2 2 1 146 122 147
85 2 2 2 1 147 122 166
86 2 2 2 1 138 123 164
87 2 2 2 1 142 123 153
88 2 2 2 1 123 142 155
89 2 2 2 1 123 155 164
90 2 2 2 1 124 139 144
91 2 2 2 1 124 144 167
92 2 2 2 1 151 124 167
93 2 2 2 1 125 127 128
94 2 2 2 1 125 128 129
95 2 2 2 1 125 129 160
96 2 2 2 1 126 131 132
97 2 2 2 1 126 132 170
98 2 2 2 1 126 152 161
99 2 2 2 1 152 126 170
100 2 2 2 1 128 127 150
101 2 2 2 1 150 127 163
102 2 2 2 1 129 128 130
103 2 2 2 1 130 128 168
104 2 2 2 1 128 150 168
105 2 2 2 1 129 130 158
106 2 2 2 1 149 130 168
107 2 2 2 1 130 149 169
108 2 2 2 1 132 131 151
109 2 2 2 1 151 131 162
110 2 2 2 1 132 151 167
111 2 2 2 1 159 132 167
112 2 2 2 1 132 159 170
113 2 2 2 1 133 134 136
114 2 2 2 1 133 136 148
115 2 2 2 1 134 135 137
116 2 2 2 1 136 134 165
117 2 2 2 1 134 137 165
118 2 2 2 1 137 135 166
119 2 2 2 1 135 138 164
120 2 2 2 1 135 164 166
121 2 2 2 1 148 136 149
122 2 2 2 1 149 136 169
123 2 2 2 1 157 136 165
124 2 2 2 1 136 157 169
125 2 2 2 1 145 137 156
126 2 2 2 1 137 145 165
127 2 2 2 1 139 140 144
128 2 2 2 1 140 141 142
129 2 2 2 1 140 142 143
130 2 2 2 1 140 143 144
131 2 2 2 1 142 141 155
132 2 2 2 1 141 146 147
133 2 2 2 1 141 147 155
134 2 2 2 1 143 142 154
135 2 2 2 1 142 153 154
136 2 2 2 1 144 143 159
137 2 2 2 1 144 159 167
138 2 2 2 1 145 157 165
139 2 2 2 1 155 147 164
140 2 2 2 1 164 147 166
141 2 2 2 2 41 216 5
142 2 2 2 2 5 216 42
143 2 2 2 2 6 215 39
144 2 2 2 2 57 215 6
145 2 2 2 2 53 214 7
146 2 2 2 2 7 214 56
147 2 2 2 2 54 217 8
148 2 2 2 2 8 217 68
149 2 2 2 2 39 180 40
150 2 2 2 2 39 215 180
151 2 2 2 2 40 185 41
152 2 2 2 2 180 185 40
153 2 2 2 2 185 216 41
154 2 2 2 2 42 205 43
155 2 2 2 2 42 216 205
156 2 2 2 2 43 178 44
157 2 2 2 2 43 205 178
158 2 2 2 2 44 193 45
159 2 2 2 2 178 193 44
160 2 2 2 2 45 174 46
161 2 2 2 2 45 193 174
162 2 2 2 2 46 200 47
163 2 2 2 2 174 200 46
164 2 2 2 2 47 176 48
165 2 2 2 2 47 200 176
166 2 2 2 2 48 210 49
167 2 2 2 2 176 210 48
168 2 2 2 2 49 199 50
169 2 2 2 2 49 210 199
170 2 2 2 2 50 171 51
171 2 2 2 2 50 199 171
172 2 2 2 2 51 212 52
173 2 2 2 2 171 212 51
174 2 2 2 2 52 183 53
175 2 2 2 2 52 212 183
176 2 2 2 2 183 214 53
177 2 2 2 2 55 181 54
178 2 2 2 2 181 217 54
179 2 2 2 2 56 179 55
180 2 2 2 2 179 181 55
181 2 2 2 2 56 214 179
182 2 2 2 2 58 206 57
183 2 2 2 2 206 215 57
184 2 2 2 2 59 173 58
185 2 2 2 2 173 206 58
186 2 2 2 2 60 208 59
187 2 2 2 2 59 208 173
188 2 2 2 2 61 207 60
189 2 2 2 2 207 208 60
190 2 2 2 2 62 177 61
191 2 2 2 2 177 207 61
192 2 2 2 2 63 192 62
193 2 2 2 2 62 192 177
194 2 2 2 2 64 172 63
195 2 2 2 2 172 192 63
196 2 2 2 2 65 187 64
197 2 2 2 2 64 187 172
198 2 2 2 2 66 202 65
199 2 2 2 2 65 202 187
200 2 2 2 2 67 175 66
201 2 2 2 2 175 202 66
202 2 2 2 2 68 204 67
203 2 2 2 2 67 204 175
204 2 2 2 2 68 217 204
205 2 2 2 2 184 212 171
206 2 2 2 2 171 223 184
207 2 2 2 2 199 211 171
208 2 2 2 2 211 223 171
209 2 2 2 2 187 188 172
210 2 2 2 2 188 189 172
211 2 2 2 2 189 192 172
212 2 2 2 2 173 208 197
213 2 2 2 2 197 213 173
214 2 2 2 2 173 224 206
215 2 2 2 2 213 224 173
216 2 2 2 2 193 194 174
217 2 2 2 2 194 195 174
218 2 2 2 2 195 200 174
219 2 2 2 2 175 203 202
220 2 2 2 2 175 222 203
221 2 2 2 2 204 222 175
222 2 2 2 2 191 210 176
223 2 2 2 2 176 220 191
224 2 2 2 2 200 201 176
225 2 2 2 2 201 220 176
226 2 2 2 2 192 218 177
227 2 2 2 2 196 207 177
228 2 2 2 2 177 209 196
229 2 2 2 2 177 218 209
230 2 2 2 2 178 198 193
231 2 2 2 2 178 221 198
232 2 2 2 2 205 221 178
233 2 2 2 2 179 182 181
234 2 2 2 2 179 183 182
235 2 2 2 2 179 214 183
236 2 2 2 2 180 186 185
237 2 2 2 2 180 224 186
238 2 2 2 2 180 215 206
239 2 2 2 2 206 224 180
240 2 2 2 2 182 204 181
241 2 2 2 2 204 217 181
242 2 2 2 2 183 184 182
243 2 2 2 2 184 222 182
244 2 2 2 2 182 222 204
245 2 2 2 2 183 212 184
246 2 2 2 2 203 222 184
247 2 2 2 2 184 223 203
248 2 2 2 2 186 205 185
249 2 2 2 2 205 216 185
250 2 2 2 2 186 221 205
251 2 2 2 2 213 221 186
252 2 2 2 2 186 224 213
253 2 2 2 2 187 190 188
254 2 2 2 2 187 202 190
255 2 2 2 2 188 191 189
256 2 2 2 2 190 219 188
257 2 2 2 2 188 219 191
258 2 2 2 2 191 220 189
259 2 2 2 2 189 218 192
260 2 2 2 2 189 220 218
261 2 2 2 2 202 203 190
262 2 2 2 2 203 223 190
263 2 2 2 2 211 219 190
264 2 2 2 2 190 223 211
265 2 2 2 2 199 210 191
266 2 2 2 2 191 219 199
267 2 2 2 2 193 198 194
268 2 2 2 2 194 196 195
269 2 2 2 2 194 197 196
270 2 2 2 2 194 198 197
271 2 2 2 2 196 209 195
272 2 2 2 2 195 201 200
273 2 2 2 2 195 209 201
274 2 2 2 2 197 208 196
275 2 2 2 2 196 208 207
276 2 2 2 2 198 213 197
277 2 2 2 2 198 221 213
278 2 2 2 2 199 219 211
279 2 2 2 2 209 218 201
280 2 2 2 2 218 220 201
281 2 2 2 3 1 11 270
282 2 2 2 3 81 1 270
283 2 2 2 3 9 2 269
284 2 2 2 3 2 69 269
285 2 2 2 3 41 5 271
286 2 2 2 3 5 92 271
287 2 2 2 3 6 39 268
288 2 2 2 3 80 6 268
289 2 2 2 3 10 9 235
290 2 2 2 3 235 9 269
291 2 2 2 3 11 10 240
292 2 2 2 3 10 235 240
293 2 2 2 3 11 240 270
294 2 2 2 3 39 40 234
295 2 2 2 3 39 234 268
296 2 2 2 3 40 41 236
297 2 2 2 3 234 40 236
298 2 2 2 3 236 41 271
299 2 2 2 3 69 70 258
300 2 2 2 3 69 258 269
301 2 2 2 3 70 71 227
302 2 2 2 3 70 227 258
303 2 2 2 3 71 72 264
304 2 2 2 3 227 71 264
305 2 2 2 3 72 73 265
306 2 2 2 3 264 72 265
307 2 2 2 3 73 74 232
308 2 2 2 3 73 232 265
309 2 2 2 3 74 75 256
310 2 2 2 3 232 74 256
311 2 2 2 3 75 76 226
312 2 2 2 3 75 226 256
313 2 2 2 3 76 77 242
314 2 2 2 3 226 76 242
315 2 2 2 3 77 78 225
316 2 2 2 3 77 225 242
317 2 2 2 3 78 79 266
318 2 2 2 3 225 78 266
319 2 2 2 3 79 80 238
320 2 2 2 3 79 238 266
321 2 2 2 3 238 80 268
322 2 2 2 3 82 81 259
323 2 2 2 3 259 81 270
324 2 2 2 3 83 82 233
325 2 2 2 3 233 82 259
326 2 2 2 3 84 83 248
327 2 2 2 3 83 233 248
328 2 2 2 3 85 84 228
329 2 2 2 3 228 84 248
330 2 2 2 3 86 85 253
331 2 2 2 3 85 228 253
332 2 2 2 3 87 86 231
333 2 2 2 3 231 86 253
334 2 2 2 3 88 87 262
335 2 2 2 3 87 231 262
336 2 2 2 3 89 88 230
337 2 2 2 3 230 88 262
338 2 2 2 3 90 89 260
339 2 2 2 3 89 230 260
340 2 2 2 3 91 90 229
341 2 2 2 3 229 90 260
342 2 2 2 3 92 91 257
343 2 2 2 3 91 229 257
344 2 2 2 3 92 257 271
345 2 2 2 3 225 239 243
346 2 2 2 3 239 225 266
347 2 2 2 3 242 225 243
348 2 2 2 3 226 242 245
349 2 2 2 3 226 245 246
350 2 2 2 3 226 246 256
351 2 2 2 3 252 227 264
352 2 2 2 3 227 252 267
353 2 2 2 3 258 227 276
354 2 2 2 3 227 267 276
355 2 2 2 3 228 248 249
356 2 2 2 3 228 249 250
357 2 2 2 3 228 250 253
358 2 2 2 3 244 229 260
359 2 2 2 3 229 244 272
360 2 2 2 3 257 229 272
361 2 2 2 3 230 247 261
362 2 2 2 3 247 230 262
363 2 2 2 3 260 230 277
364 2 2 2 3 230 261 277
365 2 2 2 3 231 253 254
366 2 2 2 3 231 254 274
367 2 2 2 3 262 231 274
368 2 2 2 3 232 251 265
369 2 2 2 3 251 232 273
370 2 2 2 3 232 256 263
371 2 2 2 3 232 263 273
372 2 2 2 3 248 233 255
373 2 2 2 3 255 233 275
374 2 2 2 3 233 259 275
375 2 2 2 3 234 236 237
376 2 2 2 3 234 237 238
377 2 2 2 3 234 238 268
378 2 2 2 3 240 235 241
379 2 2 2 3 241 235 276
380 2 2 2 3 258 235 269
381 2 2 2 3 235 258 276
382 2 2 2 3 237 236 257
383 2 2 2 3 257 236 271
384 2 2 2 3 238 237 239
385 2 2 2 3 239 237 272
386 2 2 2 3 237 257 272
387 2 2 2 3 238 239 266
388 2 2 2 3 243 239 244
389 2 2 2 3 244 239 272
390 2 2 2 3 240 241 259
391 2 2 2 3 240 259 270
392 2 2 2 3 259 241 275
393 2 2 2 3 241 267 275
394 2 2 2 3 267 241 276
395 2 2 2 3 242 243 245
396 2 2 2 3 243 244 277
397 2 2 2 3 245 243 261
398 2 2 2 3 261 243 277
399 2 2 2 3 244 260 277
400 2 2 2 3 246 245 247
401 2 2 2 3 247 245 261
402 2 2 2 3 246 247 274
403 2 2 2 3 246 254 263
404 2 2 2 3 254 246 274
405 2 2 2 3 256 246 263
406 2 2 2 3 247 262 274
407 2 2 2 3 249 248 255
408 2 2 2 3 250 249 251
409 2 2 2 3 251 249 252
410 2 2 2 3 252 249 255
411 2 2 2 3 250 251 273
412 2 2 2 3 253 250 254
413 2 2 2 3 254 250 273
414 2 2 2 3 251 252 264
415 2 2 2 3 251 264 265
416 2 2 2 3 252 255 267
417 2 2 2 3 263 254 273
418 2 2 2 3 267 255 275
419 2 2 2 4 3 323 26
420 2 2 2 4 105 323 3
421 2 2 2 4 24 322 4
422 2 2 2 4 4 322 93
423 2 2 2 4 56 324 7
424 2 2 2 4 7 324 116
425 2 2 2 4 8 321 54
426 2 2 2 4 104 321 8
427 2 2 2 4 25 287 24
428 2 2 2 4 287 322 24
429 2 2 2 4 26 292 25
430 2 2 2 4 25 292 287
431 2 2 2 4 26 323 292
432 2 2 2 4 54 286 55
433 2 2 2 4 54 321 286
434 2 2 2 4 55 288 56
435 2 2 2 4 286 288 55
436 2 2 2 4 288 324 56
437 2 2 2 4 93 312 94
438 2 2 2 4 93 322 312
439 2 2 2 4 94 280 95
440 2 2 2 4 94 312 280
441 2 2 2 4 95 317 96
442 2 2 2 4 280 317 95
443 2 2 2 4 96 285 97
444 2 2 2 4 96 317 285
445 2 2 2 4 97 306 98
446 2 2 2 4 285 306 97
447 2 2 2 4 98 283 99
448 2 2 2 4 98 306 283
449 2 2 2 4 99 316 100
450 2 2 2 4 283 316 99
451 2 2 2 4 100 301 101
452 2 2 2 4 100 316 301
453 2 2 2 4 101 278 102
454 2 2 2 4 101 301 278
455 2 2 2 4 102 319 103
456 2 2 2 4 278 319 102
457 2 2 2 4 103 290 104
458 2 2 2 4 103 319 290
459 2 2 2 4 290 321 104
460 2 2 2 4 106 313 105
461 2 2 2 4 313 323 105
462 2 2 2 4 107 284 106
463 2 2 2 4 284 313 106
464 2 2 2 4 108 302 107
465 2 2 2 4 107 302 284
466 2 2 2 4 109 281 108
467 2 2 2 4 281 302 108
468 2 2 2 4 110 308 109
469 2 2 2 4 109 308 281
470 2 2 2 4 111 299 110
471 2 2 2 4 299 308 110
472 2 2 2 4 112 279 111
473 2 2 2 4 279 299 111
474 2 2 2 4 113 294 112
475 2 2 2 4 112 294 279
476 2 2 2 4 114 309 113
477 2 2 2 4 113 309 294
478 2 2 2 4 115 282 114
479 2 2 2 4 282 309 114
480 2 2 2 4 116 311 115
481 2 2 2 4 115 311 282
482 2 2 2 4 116 324 311
483 2 2 2 4 291 319 278
484 2 2 2 4 278 330 291
485 2 2 2 4 301 318 278
486 2 2 2 4 318 330 278
487 2 2 2 4 294 295 279
488 2 2 2 4 295 296 279
489 2 2 2 4 296 299 279
490 2 2 2 4 305 317 280
491 2 2 2 4 280 320 305
492 2 2 2 4 312 331 280
493 2 2 2 4 280 331 320
494 2 2 2 4 281 303 302
495 2 2 2 4 281 315 303
496 2 2 2 4 308 315 281
497 2 2 2 4 282 310 309
498 2 2 2 4 282 329 310
499 2 2 2 4 311 329 282
500 2 2 2 4 298 316 283
501 2 2 2 4 283 325 298
502 2 2 2 4 306 314 283
503 2 2 2 4 314 325 283
504 2 2 2 4 302 304 284
505 2 2 2 4 304 328 284
506 2 2 2 4 284 328 313
507 2 2 2 4 285 317 305
508 2 2 2 4 305 327 285
509 2 2 2 4 285 307 306
510 2 2 2 4 285 327 307
511 2 2 2 4 286 289 288
512 2 2 2 4 286 290 289
513 2 2 2 4 286 321 290
514 2 2 2 4 292 293 287
515 2 2 2 4 293 331 287
516 2 2 2 4 312 322 287
517 2 2 2 4 287 331 312
518 2 2 2 4 289 311 288
519 2 2 2 4 311 324 288
520 2 2 2 4 290 291 289
521 2 2 2 4 291 329 289
522 2 2 2 4 289 329 311
523 2 2 2 4 290 319 291
524 2 2 2 4 310 329 291
525 2 2 2 4 291 330 310
526 2 2 2 4 292 313 293
527 2 2 2 4 292 323 313
528 2 2 2 4 313 328 293
529 2 2 2 4 293 328 320
530 2 2 2 4 320 331 293
531 2 2 2 4 294 297 295
532 2 2 2 4 294 309 297
533 2 2 2 4 295 298 296
534 2 2 2 4 297 326 295
535 2 2 2 4 295 326 298
536 2 2 2 4 298 325 296
537 2 2 2 4 296 300 299
538 2 2 2 4 296 325 300
539 2 2 2 4 309 310 297
540 2 2 2 4 310 330 297
541 2 2 2 4 318 326 297
542 2 2 2 4 297 330 318
543 2 2 2 4 301 316 298
544 2 2 2 4 298 326 301
545 2 2 2 4 300 308 299
546 2 2 2 4 300 314 307
547 2 2 2 4 307 315 300
548 2 2 2 4 300 315 308
549 2 2 2 4 300 325 314
550 2 2 2 4 301 326 318
551 2 2 2 4 303 304 302
552 2 2 2 4 303 305 304
553 2 2 2 4 303 327 305
554 2 2 2 4 315 327 303
555 2 2 2 4 305 320 304
556 2 2 2 4 320 328 304
557 2 2 2 4 307 314 306
558 2 2 2 4 307 327 315
559 2 2 2 5 2 27 504
560 2 2 2 5 69 2 504
561 2 2 2 5 38 4 503
562 2 2 2 5 4 93 503
563 2 2 2 5 57 6 502
564 2 2 2 5 6 80 502
565 2 2 2 5 8 68 505
566 2 2 2 5 104 8 505
567 2 2 2 5 27 28 346
568 2 2 2 5 27 346 504
569 2 2 2 5 28 29 454
570 2 2 2 5 346 28 454
571 2 2 2 5 29 30 341
572 2 2 2 5 29 341 454
573 2 2 2 5 30 31 450
574 2 2 2 5 341 30 450
575 2 2 2 5 31 32 449
576 2 2 2 5 31 449 450
577 2 2 2 5 32 33 333
578 2 2 2 5 32 333 449
579 2 2 2 5 33 34 348
580 2 2 2 5 333 33 348
581 2 2 2 5 34 35 455
582 2 2 2 5 348 34 455
583 2 2 2 5 35 36 343
584 2 2 2 5 35 343 455
585 2 2 2 5 36 37 462
586 2 2 2 5 343 36 462
587 2 2 2 5 37 38 478
588 2 2 2 5 462 37 478
589 2 2 2 5 478 38 503
590 2 2 2 5 58 57 345
591 2 2 2 5 345 57 502
592 2 2 2 5 59 58 483
593 2 2 2 5 58 345 483
594 2 2 2 5 60 59 338
595 2 2 2 5 338 59 483
596 2 2 2 5 61 60 485
597 2 2 2 5 60 338 485
598 2 2 2 5 62 61 488
599 2 2 2 5 61 485 488
600 2 2 2 5 63 62 332
601 2 2 2 5 332 62 488
602 2 2 2 5 64 63 487
603 2 2 2 5 63 332 487
604 2 2 2 5 65 64 481
605 2 2 2 5 481 64 487
606 2 2 2 5 66 65 340
607 2 2 2 5 340 65 481
608 2 2 2 5 67 66 484
609 2 2 2 5 66 340 484
610 2 2 2 5 68 67 347
611 2 2 2 5 347 67 484
612 2 2 2 5 68 347 505
613 2 2 2 5 70 69 441
614 2 2 2 5 441 69 504
615 2 2 2 5 71 70 496
616 2 2 2 5 70 441 496
617 2 2 2 5 72 71 339
618 2 2 2 5 339 71 496
619 2 2 2 5 73 72 501
620 2 2 2 5 72 339 501
621 2 2 2 5 74 73 428
622 2 2 2 5 428 73 501
623 2 2 2 5 75 74 334
624 2 2 2 5 334 74 428
625 2 2 2 5 76 75 492
626 2 2 2 5 75 334 492
627 2 2 2 5 77 76 476
628 2 2 2 5 476 76 492
629 2 2 2 5 78 77 342
630 2 2 2 5 342 77 476
631 2 2 2 5 79 78 463
632 2 2 2 5 78 342 463
633 2 2 2 5 80 79 479
634 2 2 2 5 79 463 479
635 2 2 2 5 80 479 502
636 2 2 2 5 93 94 344
637 2 2 2 5 93 344 503
638 2 2 2 5 94 95 497
639 2 2 2 5 344 94 497
640 2 2 2 5 95 96 337
641 2 2 2 5 95 337 497
642 2 2 2 5 96 97 500
643 2 2 2 5 337 96 500
644 2 2 2 5 97 98 429
645 2 2 2 5 97 429 500
646 2 2 2 5 98 99 335
647 2 2 2 5 98 335 429
648 2 2 2 5 99 100 493
649 2 2 2 5 335 99 493
650 2 2 2 5 100 101 477
651 2 2 2 5 100 477 493
652 2 2 2 5 101 102 336
653 2 2 2 5 101 336 477
654 2 2 2 5 102 103 459
655 2 2 2 5 336 102 459
656 2 2 2 5 103 104 480
657 2 2 2 5 459 103 480
658 2 2 2 5 480 104 505
659 2 2 2 5 417 332 488
660 2 2 2 5 332 417 489
661 2 2 2 5 332 445 487
662 2 2 2 5 445 332 489
663 2 2 2 5 333 348 349
664 2 2 2 5 333 349 350
665 2 2 2 5 333 350 449
666 2 2 2 5 334 428 490
667 2 2 2 5 334 490 506
668 2 2 2 5 492 334 506
669 2 2 2 5 429 335 491
670 2 2 2 5 491 335 507
671 2 2 2 5 335 493 507
672 2 2 2 5 336 459 499
673 2 2 2 5 477 336 499
674 2 2 2 5 337 426 473
675 2 2 2 5 426 337 500
676 2 2 2 5 437 337 473
677 2 2 2 5 337 437 497
678 2 2 2 5 418 338 483
679 2 2 2 5 338 418 486
680 2 2 2 5 338 420 485
681 2 2 2 5 420 338 486
682 2 2 2 5 423 339 425
683 2 2 2 5 339 423 427
684 2 2 2 5 425 339 496
685 2 2 2 5 339 427 501
686 2 2 2 5 419 340 482
687 2 2 2 5 340 419 484
688 2 2 2 5 446 340 481
689 2 2 2 5 340 446 482
690 2 2 2 5 341 450 456
691 2 2 2 5 454 341 457
692 2 2 2 5 341 456 457
693 2 2 2 5 463 342 498
694 2 2 2 5 342 476 498
695 2 2 2 5 343 435 442
696 2 2 2 5 435 343 462
697 2 2 2 5 343 442 455
698 2 2 2 5 436 344 437
699 2 2 2 5 344 436 478
700 2 2 2 5 437 344 497
701 2 2 2 5 344 478 503
702 2 2 2 5 345 418 483
703 2 2 2 5 418 345 494
704 2 2 2 5 345 479 494
705 2 2 2 5 479 345 502
706 2 2 2 5 346 440 441
707 2 2 2 5 440 346 454
708 2 2 2 5 346 441 504
709 2 2 2 5 419 347 484
710 2 2 2 5 347 419 495
711 2 2 2 5 480 347 495
712 2 2 2 5 347 480 505
713 2 2 2 5 349 348 447
714 2 2 2 5 447 348 455
715 2 2 2 5 350 349 351
716 2 2 2 5 351 349 352
717 2 2 2 5 352 349 447
718 2 2 2 5 350 351 460
719 2 2 2 5 449 350 458
720 2 2 2 5 458 350 460
721 2 2 2 5 351 352 353
722 2 2 2 5 351 353 354
723 2 2 2 5 351 354 460
724 2 2 2 5 353 352 365
725 2 2 2 5 365 352 386
726 2 2 2 5 386 352 447
727 2 2 2 5 354 353 355
728 2 2 2 5 355 353 448
729 2 2 2 5 353 365 448
730 2 2 2 5 354 355 356
731 2 2 2 5 354 356 371
732 2 2 2 5 354 371 460
733 2 2 2 5 356 355 357
734 2 2 2 5 357 355 358
735 2 2 2 5 358 355 448
736 2 2 2 5 356 357 466
737 2 2 2 5 371 356 394
738 2 2 2 5 394 356 466
739 2 2 2 5 357 358 359
740 2 2 2 5 357 359 360
741 2 2 2 5 357 360 466
742 2 2 2 5 359 358 453
743 2 2 2 5 358 448 470
744 2 2 2 5 453 358 470
745 2 2 2 5 360 359 361
746 2 2 2 5 361 359 362
747 2 2 2 5 362 359 453
748 2 2 2 5 360 361 363
749 2 2 2 5 360 363 366
750 2 2 2 5 360 366 466
751 2 2 2 5 361 362 451
752 2 2 2 5 363 361 364
753 2 2 2 5 364 361 451
754 2 2 2 5 362 439 451
755 2 2 2 5 439 362 474
756 2 2 2 5 362 453 474
757 2 2 2 5 363 364 367
758 2 2 2 5 366 363 452
759 2 2 2 5 363 367 452
760 2 2 2 5 367 364 368
761 2 2 2 5 368 364 369
762 2 2 2 5 369 364 451
763 2 2 2 5 365 386 387
764 2 2 2 5 365 387 468
765 2 2 2 5 448 365 468
766 2 2 2 5 366 452 465
767 2 2 2 5 366 465 471
768 2 2 2 5 466 366 471
769 2 2 2 5 367 368 370
770 2 2 2 5 367 370 372
771 2 2 2 5 367 372 452
772 2 2 2 5 368 369 373
773 2 2 2 5 370 368 464
774 2 2 2 5 368 373 464
775 2 2 2 5 373 369 374
776 2 2 2 5 374 369 377
777 2 2 2 5 377 369 451
778 2 2 2 5 372 370 375
779 2 2 2 5 375 370 376
780 2 2 2 5 376 370 464
781 2 2 2 5 371 394 395
782 2 2 2 5 371 395 399
783 2 2 2 5 371 399 460
784 2 2 2 5 372 375 401
785 2 2 2 5 372 401 410
786 2 2 2 5 372 410 452
787 2 2 2 5 373 374 404
788 2 2 2 5 373 404 405
789 2 2 2 5 373 405 464
790 2 2 2 5 374 377 378
791 2 2 2 5 374 378 444
792 2 2 2 5 404 374 444
793 2 2 2 5 375 376 411
794 2 2 2 5 401 375 443
795 2 2 2 5 375 411 443
796 2 2 2 5 411 376 412
797 2 2 2 5 412 376 469
798 2 2 2 5 376 464 469
799 2 2 2 5 378 377 379
800 2 2 2 5 379 377 439
801 2 2 2 5 439 377 451
802 2 2 2 5 378 379 380
803 2 2 2 5 378 380 385
804 2 2 2 5 378 385 444
805 2 2 2 5 380 379 381
806 2 2 2 5 381 379 472
807 2 2 2 5 379 439 472
808 2 2 2 5 380 381 382
809 2 2 2 5 380 382 475
810 2 2 2 5 385 380 475
811 2 2 2 5 382 381 383
812 2 2 2 5 383 381 384
813 2 2 2 5 384 381 472
814 2 2 2 5 382 383 414
815 2 2 2 5 382 414 415
816 2 2 2 5 382 415 475
817 2 2 2 5 383 384 402
818 2 2 2 5 383 402 433
819 2 2 2 5 414 383 433
820 2 2 2 5 402 384 430
821 2 2 2 5 430 384 434
822 2 2 2 5 434 384 472
823 2 2 2 5 444 385 445
824 2 2 2 5 445 385 446
825 2 2 2 5 446 385 475
826 2 2 2 5 387 386 388
827 2 2 2 5 388 386 442
828 2 2 2 5 442 386 447
829 2 2 2 5 387 388 389
830 2 2 2 5 387 389 390
831 2 2 2 5 387 390 468
832 2 2 2 5 389 388 403
833 2 2 2 5 403 388 435
834 2 2 2 5 435 388 442
835 2 2 2 5 390 389 391
836 2 2 2 5 391 389 473
837 2 2 2 5 389 403 473
838 2 2 2 5 390 391 392
839 2 2 2 5 390 392 393
840 2 2 2 5 390 393 468
841 2 2 2 5 392 391 407
842 2 2 2 5 407 391 426
843 2 2 2 5 426 391 473
844 2 2 2 5 393 392 408
845 2 2 2 5 392 407 438
846 2 2 2 5 408 392 438
847 2 2 2 5 393 408 409
848 2 2 2 5 393 409 470
849 2 2 2 5 468 393 470
850 2 2 2 5 395 394 396
851 2 2 2 5 396 394 471
852 2 2 2 5 394 466 471
853 2 2 2 5 395 396 397
854 2 2 2 5 395 397 461
855 2 2 2 5 399 395 461
856 2 2 2 5 397 396 398
857 2 2 2 5 398 396 400
858 2 2 2 5 400 396 471
859 2 2 2 5 397 398 423
860 2 2 2 5 397 423 424
861 2 2 2 5 397 424 461
862 2 2 2 5 398 400 406
863 2 2 2 5 398 406 427
864 2 2 2 5 423 398 427
865 2 2 2 5 399 456 458
866 2 2 2 5 456 399 461
867 2 2 2 5 399 458 460
868 2 2 2 5 406 400 467
869 2 2 2 5 400 465 467
870 2 2 2 5 465 400 471
871 2 2 2 5 410 401 421
872 2 2 2 5 421 401 422
873 2 2 2 5 422 401 443
874 2 2 2 5 402 430 431
875 2 2 2 5 402 431 432
876 2 2 2 5 402 432 433
877 2 2 2 5 403 435 436
878 2 2 2 5 403 436 437
879 2 2 2 5 403 437 473
880 2 2 2 5 405 404 417
881 2 2 2 5 417 404 489
882 2 2 2 5 404 444 489
883 2 2 2 5 405 417 420
884 2 2 2 5 405 420 469
885 2 2 2 5 464 405 469
886 2 2 2 5 427 406 428
887 2 2 2 5 428 406 490
888 2 2 2 5 406 467 490
889 2 2 2 5 407 426 429
890 2 2 2 5 407 429 491
891 2 2 2 5 438 407 491
892 2 2 2 5 409 408 434
893 2 2 2 5 408 430 434
894 2 2 2 5 430 408 438
895 2 2 2 5 409 434 474
896 2 2 2 5 409 453 470
897 2 2 2 5 453 409 474
898 2 2 2 5 410 421 467
899 2 2 2 5 452 410 465
900 2 2 2 5 465 410 467
901 2 2 2 5 411 412 413
902 2 2 2 5 411 413 498
903 2 2 2 5 443 411 498
904 2 2 2 5 413 412 418
905 2 2 2 5 418 412 486
906 2 2 2 5 412 469 486
907 2 2 2 5 413 418 494
908 2 2 2 5 463 413 494
909 2 2 2 5 413 463 498
910 2 2 2 5 415 414 416
911 2 2 2 5 416 414 499
912 2 2 2 5 414 433 499
913 2 2 2 5 415 416 419
914 2 2 2 5 415 419 482
915 2 2 2 5 475 415 482
916 2 2 2 5 419 416 495
917 2 2 2 5 416 459 495
918 2 2 2 5 459 416 499
919 2 2 2 5 420 417 485
920 2 2 2 5 485 417 488
921 2 2 2 5 469 420 486
922 2 2 2 5 421 422 506
923 2 2 2 5 467 421 490
924 2 2 2 5 490 421 506
925 2 2 2 5 422 443 476
926 2 2 2 5 422 476 492
927 2 2 2 5 422 492 506
928 2 2 2 5 424 423 425
929 2 2 2 5 424 425 440
930 2 2 2 5 424 440 457
931 2 2 2 5 424 457 461
932 2 2 2 5 440 425 441
933 2 2 2 5 441 425 496
934 2 2 2 5 429 426 500
935 2 2 2 5 427 428 501
936 2 2 2 5 431 430 438
937 2 2 2 5 432 431 507
938 2 2 2 5 431 438 491
939 2 2 2 5 431 491 507
940 2 2 2 5 433 432 477
941 2 2 2 5 477 432 493
942 2 2 2 5 493 432 507
943 2 2 2 5 433 477 499
944 2 2 2 5 434 472 474
945 2 2 2 5 436 435 462
946 2 2 2 5 436 462 478
947 2 2 2 5 472 439 474
948 2 2 2 5 440 454 457
949 2 2 2 5 442 447 455
950 2 2 2 5 476 443 498
951 2 2 2 5 444 445 489
952 2 2 2 5 445 446 481
953 2 2 2 5 445 481 487
954 2 2 2 5 446 475 482
955 2 2 2 5 448 468 470
956 2 2 2 5 450 449 458
957 2 2 2 5 456 450 458
958 2 2 2 5 457 456 461
959 2 2 2 5 459 480 495
960 2 2 2 5 479 463 494
961 2 2 2 6 1 680 12
962 2 2 2 6 81 680 1
963 2 2 2 6 23 679 3
964 2 2 2 6 3 679 105
965 2 2 2 6 42 678 5
966 2 2 2 6 5 678 92
967 2 2 2 6 7 681 53
968 2 2 2 6 116 681 7
969 2 2 2 6 12 522 13
970 2 2 2 6 12 680 522
971 2 2 2 6 13 672 14
972 2 2 2 6 522 672 13
973 2 2 2 6 14 517 15
974 2 2 2 6 14 672 517
975 2 2 2 6 15 677 16
976 2 2 2 6 517 677 15
977 2 2 2 6 16 630 17
978 2 2 2 6 16 677 630
979 2 2 2 6 17 510 18
980 2 2 2 6 17 630 510
981 2 2 2 6 18 669 19
982 2 2 2 6 510 669 18
983 2 2 2 6 19 652 20
984 2 2 2 6 19 669 652
985 2 2 2 6 20 519 21
986 2 2 2 6 20 652 519
987 2 2 2 6 21 641 22
988 2 2 2 6 519 641 21
989 2 2 2 6 22 654 23
990 2 2 2 6 641 654 22
991 2 2 2 6 654 679 23
992 2 2 2 6 43 521 42
993 2 2 2 6 521 678 42
994 2 2 2 6 44 673 43
995 2 2 2 6 43 673 521
996 2 2 2 6 45 514 44
997 2 2 2 6 514 673 44
998 2 2 2 6 46 676 45
999 2 2 2 6 45 676 514
1000 2 2 2 6 47 633 46
1001 2 2 2 6 633 676 46
1002 2 2 2 6 48 511 47
1003 2 2 2 6 511 633 47
1004 2 2 2 6 49 615 48
1005 2 2 2 6 48 615 511
1006 2 2 2 6 50 625 49
1007 2 2 2 6 49 625 615
1008 2 2 2 6 51 516 50
1009 2 2 2 6 516 625 50
1010 2 2 2 6 52 618 51
1011 2 2 2 6 51 618 516
1012 2 2 2 6 53 523 52
1013 2 2 2 6 523 618 52
1014 2 2 2 6 53 681 523
1015 2 2 2 6 82 653 81
1016 2 2 2 6 653 680 81
1017 2 2 2 6 83 623 82
1018 2 2 2 6 623 653 82
1019 2 2 2 6 84 515 83
1020 2 2 2 6 515 623 83
1021 2 2 2 6 85 619 84
1022 2 2 2 6 84 619 515
1023 2 2 2 6 86 617 85
1024 2 2 2 6 617 619 85
1025 2 2 2 6 87 509 86
1026 2 2 2 6 509 617 86
1027 2 2 2 6 88 524 87
1028 2 2 2 6 87 524 509
1029 2 2 2 6 89 634 88
1030 2 2 2 6 88 634 524
1031 2 2 2 6 90 518 89
1032 2 2 2 6 518 634 89
1033 2 2 2 6 91 605 90
1034 2 2 2 6 90 605 518
1035 2 2 2 6 92 655 91
1036 2 2 2 6 91 655 605
1037 2 2 2 6 92 678 655
1038 2 2 2 6 105 520 106
1039 2 2 2 6 105 679 520
1040 2 2 2 6 106 658 107
1041 2 2 2 6 520 658 106
1042 2 2 2 6 107 513 108
1043 2 2 2 6 107 658 513
1044 2 2 2 6 108 662 109
1045 2 2 2 6 513 662 108
1046 2 2 2 6 109 665 110
1047 2 2 2 6 662 665 109
1048 2 2 2 6 110 508 111
1049 2 2 2 6 110 665 508
1050 2 2 2 6 111 663 112
1051 2 2 2 6 508 663 111
1052 2 2 2 6 112 659 113
1053 2 2 2 6 112 663 659
1054 2 2 2 6 113 512 114
1055 2 2 2 6 113 659 512
1056 2 2 2 6 114 657 115
1057 2 2 2 6 512 657 114
1058 2 2 2 6 115 656 116
1059 2 2 2 6 115 657 656
1060 2 2 2 6 656 681 116
1061 2 2 2 6 589 664 508
1062 2 2 2 6 508 665 589
1063 2 2 2 6 602 663 508
1064 2 2 2 6 508 664 602
1065 2 2 2 6 524 525 509
1066 2 2 2 6 525 526 509
1067 2 2 2 6 526 617 509
1068 2 2 2 6 630 667 510
1069 2 2 2 6 667 682 510
1070 2 2 2 6 510 682 669
1071 2 2 2 6 615 616 511
1072 2 2 2 6 616 666 511
1073 2 2 2 6 511 666 633
1074 2 2 2 6 587 657 512
1075 2 2 2 6 512 660 587
1076 2 2 2 6 512 659 603
1077 2 2 2 6 603 660 512
1078 2 2 2 6 513 658 588
1079 2 2 2 6 588 661 513
1080 2 2 2 6 513 661 590
1081 2 2 2 6 590 662 513
1082 2 2 2 6 594 595 514
1083 2 2 2 6 514 597 594
1084 2 2 2 6 595 673 514
1085 2 2 2 6 514 676 597
1086 2 2 2 6 515 619 608
1087 2 2 2 6 608 620 515
1088 2 2 2 6 620 623 515
1089 2 2 2 6 618 675 516
1090 2 2 2 6 516 683 625
1091 2 2 2 6 675 683 516
1092 2 2 2 6 622 627 517
1093 2 2 2 6 517 672 622
1094 2 2 2 6 627 628 517
1095 2 2 2 6 628 677 517
1096 2 2 2 6 518 604 599
1097 2 2 2 6 599 634 518
1098 2 2 2 6 518 605 604
1099 2 2 2 6 519 674 641
1100 2 2 2 6 652 674 519
1101 2 2 2 6 588 658 520
1102 2 2 2 6 520 670 588
1103 2 2 2 6 654 670 520
1104 2 2 2 6 520 679 654
1105 2 2 2 6 595 596 521
1106 2 2 2 6 521 673 595
1107 2 2 2 6 596 655 521
1108 2 2 2 6 655 678 521
1109 2 2 2 6 621 622 522
1110 2 2 2 6 522 653 621
1111 2 2 2 6 622 672 522
1112 2 2 2 6 522 680 653
1113 2 2 2 6 523 671 618
1114 2 2 2 6 656 671 523
1115 2 2 2 6 523 681 656
1116 2 2 2 6 524 560 525
1117 2 2 2 6 524 634 560
1118 2 2 2 6 525 527 526
1119 2 2 2 6 525 624 527
1120 2 2 2 6 560 624 525
1121 2 2 2 6 527 528 526
1122 2 2 2 6 528 579 526
1123 2 2 2 6 579 617 526
1124 2 2 2 6 527 529 528
1125 2 2 2 6 527 530 529
1126 2 2 2 6 527 624 530
1127 2 2 2 6 529 636 528
1128 2 2 2 6 528 580 579
1129 2 2 2 6 528 636 580
1130 2 2 2 6 530 531 529
1131 2 2 2 6 531 532 529
1132 2 2 2 6 532 636 529
1133 2 2 2 6 530 607 531
1134 2 2 2 6 530 646 607
1135 2 2 2 6 624 646 530
1136 2 2 2 6 531 533 532
1137 2 2 2 6 531 534 533
1138 2 2 2 6 531 607 534
1139 2 2 2 6 533 642 532
1140 2 2 2 6 532 638 636
1141 2 2 2 6 532 642 638
1142 2 2 2 6 534 535 533
1143 2 2 2 6 535 536 533
1144 2 2 2 6 536 642 533
1145 2 2 2 6 534 600 535
1146 2 2 2 6 534 640 600
1147 2 2 2 6 607 640 534
1148 2 2 2 6 535 537 536
1149 2 2 2 6 535 538 537
1150 2 2 2 6 535 600 538
1151 2 2 2 6 537 539 536
1152 2 2 2 6 539 541 536
1153 2 2 2 6 541 642 536
1154 2 2 2 6 538 644 537
1155 2 2 2 6 537 540 539
1156 2 2 2 6 537 644 540
1157 2 2 2 6 600 635 538
1158 2 2 2 6 538 635 626
1159 2 2 2 6 626 644 538
1160 2 2 2 6 540 542 539
1161 2 2 2 6 539 643 541
1162 2 2 2 6 542 643 539
1163 2 2 2 6 540 543 542
1164 2 2 2 6 540 544 543
1165 2 2 2 6 540 644 544
1166 2 2 2 6 541 648 642
1167 2 2 2 6 643 647 541
1168 2 2 2 6 647 648 541
1169 2 2 2 6 543 545 542
1170 2 2 2 6 545 546 542
1171 2 2 2 6 546 643 542
1172 2 2 2 6 544 547 543
1173 2 2 2 6 543 637 545
1174 2 2 2 6 547 637 543
1175 2 2 2 6 544 548 547
1176 2 2 2 6 544 551 548
1177 2 2 2 6 544 644 551
1178 2 2 2 6 545 549 546
1179 2 2 2 6 545 550 549
1180 2 2 2 6 545 637 550
1181 2 2 2 6 549 561 546
1182 2 2 2 6 561 562 546
1183 2 2 2 6 562 643 546
1184 2 2 2 6 548 572 547
1185 2 2 2 6 572 573 547
1186 2 2 2 6 573 637 547
1187 2 2 2 6 551 552 548
1188 2 2 2 6 552 601 548
1189 2 2 2 6 548 601 572
1190 2 2 2 6 550 581 549
1191 2 2 2 6 549 606 561
1192 2 2 2 6 581 606 549
1193 2 2 2 6 550 582 581
1194 2 2 2 6 550 649 582
1195 2 2 2 6 637 649 550
1196 2 2 2 6 551 553 552
1197 2 2 2 6 551 626 553
1198 2 2 2 6 551 644 626
1199 2 2 2 6 553 554 552
1200 2 2 2 6 554 559 552
1201 2 2 2 6 559 601 552
1202 2 2 2 6 553 555 554
1203 2 2 2 6 553 631 555
1204 2 2 2 6 626 631 553
1205 2 2 2 6 555 556 554
1206 2 2 2 6 556 639 554
1207 2 2 2 6 554 639 559
1208 2 2 2 6 555 557 556
1209 2 2 2 6 555 558 557
1210 2 2 2 6 555 631 558
1211 2 2 2 6 557 584 556
1212 2 2 2 6 584 585 556
1213 2 2 2 6 585 639 556
1214 2 2 2 6 558 563 557
1215 2 2 2 6 563 651 557
1216 2 2 2 6 557 651 584
1217 2 2 2 6 558 564 563
1218 2 2 2 6 558 565 564
1219 2 2 2 6 558 631 565
1220 2 2 2 6 559 602 601
1221 2 2 2 6 559 603 602
1222 2 2 2 6 559 639 603
1223 2 2 2 6 560 599 598
1224 2 2 2 6 598 624 560
1225 2 2 2 6 560 634 599
1226 2 2 2 6 561 591 562
1227 2 2 2 6 561 593 591
1228 2 2 2 6 561 606 593
1229 2 2 2 6 591 592 562
1230 2 2 2 6 592 647 562
1231 2 2 2 6 562 647 643
1232 2 2 2 6 564 616 563
1233 2 2 2 6 616 668 563
1234 2 2 2 6 563 668 651
1235 2 2 2 6 565 566 564
1236 2 2 2 6 566 567 564
1237 2 2 2 6 567 616 564
1238 2 2 2 6 565 632 566
1239 2 2 2 6 631 635 565
1240 2 2 2 6 565 635 632
1241 2 2 2 6 566 568 567
1242 2 2 2 6 566 569 568
1243 2 2 2 6 566 632 569
1244 2 2 2 6 568 571 567
1245 2 2 2 6 571 666 567
1246 2 2 2 6 567 666 616
1247 2 2 2 6 569 570 568
1248 2 2 2 6 570 645 568
1249 2 2 2 6 568 645 571
1250 2 2 2 6 569 574 570
1251 2 2 2 6 569 640 574
1252 2 2 2 6 632 640 569
1253 2 2 2 6 574 575 570
1254 2 2 2 6 575 576 570
1255 2 2 2 6 576 645 570
1256 2 2 2 6 597 633 571
1257 2 2 2 6 571 645 597
1258 2 2 2 6 633 666 571
1259 2 2 2 6 572 589 573
1260 2 2 2 6 572 664 589
1261 2 2 2 6 601 664 572
1262 2 2 2 6 589 590 573
1263 2 2 2 6 590 649 573
1264 2 2 2 6 573 649 637
1265 2 2 2 6 574 646 575
1266 2 2 2 6 574 640 607
1267 2 2 2 6 607 646 574
1268 2 2 2 6 575 577 576
1269 2 2 2 6 575 598 577
1270 2 2 2 6 575 646 598
1271 2 2 2 6 577 578 576
1272 2 2 2 6 578 594 576
1273 2 2 2 6 594 645 576
1274 2 2 2 6 577 604 578
1275 2 2 2 6 598 599 577
1276 2 2 2 6 599 604 577
1277 2 2 2 6 578 595 594
1278 2 2 2 6 578 596 595
1279 2 2 2 6 578 604 596
1280 2 2 2 6 580 608 579
1281 2 2 2 6 608 619 579
1282 2 2 2 6 579 619 617
1283 2 2 2 6 580 609 608
1284 2 2 2 6 580 610 609
1285 2 2 2 6 580 636 610
1286 2 2 2 6 582 583 581
1287 2 2 2 6 583 674 581
1288 2 2 2 6 581 674 606
1289 2 2 2 6 582 588 583
1290 2 2 2 6 582 661 588
1291 2 2 2 6 649 661 582
1292 2 2 2 6 588 670 583
1293 2 2 2 6 583 670 641
1294 2 2 2 6 641 674 583
1295 2 2 2 6 584 586 585
1296 2 2 2 6 584 675 586
1297 2 2 2 6 651 675 584
1298 2 2 2 6 586 587 585
1299 2 2 2 6 587 660 585
1300 2 2 2 6 585 660 639
1301 2 2 2 6 586 671 587
1302 2 2 2 6 618 671 586
1303 2 2 2 6 586 675 618
1304 2 2 2 6 587 671 657
1305 2 2 2 6 589 662 590
1306 2 2 2 6 589 665 662
1307 2 2 2 6 590 661 649
1308 2 2 2 6 591 667 592
1309 2 2 2 6 593 682 591
1310 2 2 2 6 591 682 667
1311 2 2 2 6 629 650 592
1312 2 2 2 6 592 667 629
1313 2 2 2 6 592 650 647
1314 2 2 2 6 606 652 593
1315 2 2 2 6 652 669 593
1316 2 2 2 6 669 682 593
1317 2 2 2 6 597 645 594
1318 2 2 2 6 604 605 596
1319 2 2 2 6 605 655 596
1320 2 2 2 6 597 676 633
1321 2 2 2 6 598 646 624
1322 2 2 2 6 632 635 600
1323 2 2 2 6 600 640 632
1324 2 2 2 6 602 664 601
1325 2 2 2 6 603 659 602
1326 2 2 2 6 659 663 602
1327 2 2 2 6 639 660 603
1328 2 2 2 6 606 674 652
1329 2 2 2 6 609 620 608
1330 2 2 2 6 610 611 609
1331 2 2 2 6 611 614 609
1332 2 2 2 6 614 620 609
1333 2 2 2 6 610 612 611
1334 2 2 2 6 610 638 612
1335 2 2 2 6 636 638 610
1336 2 2 2 6 612 613 611
1337 2 2 2 6 613 627 611
1338 2 2 2 6 611 627 614
1339 2 2 2 6 612 650 613
1340 2 2 2 6 638 648 612
1341 2 2 2 6 648 650 612
1342 2 2 2 6 613 628 627
1343 2 2 2 6 613 629 628
1344 2 2 2 6 613 650 629
1345 2 2 2 6 614 621 620
1346 2 2 2 6 614 622 621
1347 2 2 2 6 614 627 622
1348 2 2 2 6 615 668 616
1349 2 2 2 6 625 668 615
1350 2 2 2 6 621 623 620
1351 2 2 2 6 621 653 623
1352 2 2 2 6 625 683 668
1353 2 2 2 6 626 635 631
1354 2 2 2 6 629 630 628
1355 2 2 2 6 630 677 628
1356 2 2 2 6 629 667 630
1357 2 2 2 6 642 648 638
1358 2 2 2 6 641 670 654
1359 2 2 2 6 647 650 648
1360 2 2 2 6 668 683 651
1361 2 2 2 6 651 683 675
1362 2 2 2 6 657 671 656
1363 4 2 1 1 769 806 354 848
1364 4 2 1 1 159 748 719 779
1365 4 2 1 1 159 132 719 748
1366 4 2 1 1 354 806 769 873
1367 4 2 1 1 704 739 695 887
1368 4 2 1 1 159 132 170 719
1369 4 2 1 1 704 695 739 798
1370 4 2 1 1 559 792 733 798
1371 4 2 1 1 351 769 354 848
1372 4 2 1 1 466 736 742 861
1373 4 2 1 1 691 724 812 827
1374 4 2 1 1 466 817 736 861
1375 4 2 1 1 229 605 777 881
1376 4 2 1 1 690 735 705 745
1377 4 2 1 1 594 784 717 804
1378 4 2 1 1 705 735 690 824
1379 4 2 1 1 733 792 559 886
1380 4 2 1 1 343 442 753 761
1381 4 2 1 1 632 839 741 841
1382 4 2 1 1 539 540 735 763
1383 4 2 1 1 753 761 442 840
1384 4 2 1 1 627 750 706 771
1385 4 2 1 1 152 719 346 779
1386 4 2 1 1 722 751 685 801
1387 4 2 1 1 735 763 540 888
1388 4 2 1 1 691 749 724 827
1389 4 2 1 1 358 817 755 924
1390 4 2 1 1 152 170 719 779
1391 4 2 1 1 651 778 868 885
1392 4 2 1 1 159 719 170 779
1393 4 2 1 1 711 720 688 861
1394 4 2 1 1 705 694 736 757
1395 4 2 1 1 868 885 778 933
1396 4 2 1 1 726 791 699 825
1397 4 2 1 1 539 763 735 824
1398 4 2 1 1 691 812 752 827
1399 4 2 1 1 632 741 566 841
1400 4 2 1 1 784 804 594 901
1401 4 2 1 1 456 457 758 807
1402 4 2 1 1 605 777 881 901
1403 4 2 1 1 357 755 358 817
1404 4 2 1 1 700 812 724 827
1405 4 2 1 1 703 791 726 825
1406 4 2 1 1 696 712 799 805
1407 4 2 1 1 690 735 745 763
1408 4 2 1 1 722 801 495 811
1409 4 2 1 1 743 799 712 805
1410 4 2 1 1 578 784 594 901
1411 4 2 1 1 670 773 709 837
1412 4 2 1 1 720 723 688 742
1413 4 2 1 1 735 540 864 888
1414 4 2 1 1 300 747 744 844
1415 4 2 1 1 769 806 705 873
1416 4 2 1 1 593 869 727 906
1417 4 2 1 1 695 718 716 845
1418 4 2 1 1 703 726 791 841
1419 4 2 1 1 714 760 752 871
1420 4 2 1 1 357 359 358 755
1421 4 2 1 1 593 814 727 869
1422 4 2 1 1 168 753 709 862
1423 4 2 1 1 688 720 711 808
1424 4 2 1 1 755 808 728 924
1425 4 2 1 1 593 591 869 906
1426 4 2 1 1 709 766 293 773
1427 4 2 1 1 651 713 778 885
1428 4 2 1 1 134 775 727 814
1429 4 2 1 1 688 808 755 924
1430 4 2 1 1 745 763 701 941
1431 4 2 1 1 358 745 817 924
1432 4 2 1 1 627 771 706 891
1433 4 2 1 1 808 864 728 924
1434 4 2 1 1 350 715 458 769
1435 4 2 1 1 720 742 688 861
1436 4 2 1 1 570 752 732 841
1437 4 2 1 1 759 850 439 878
1438 4 2 1 1 539 735 540 864
1439 4 2 1 1 450 449 123 715
1440 4 2 1 1 716 845 718 917
1441 4 2 1 1 381 380 712 822
1442 4 2 1 1 380 712 822 875
1443 4 2 1 1 152 346 454 779
1444 4 2 1 1 752 812 714 827
1445 4 2 1 1 713 778 885 933
1446 4 2 1 1 295 800 792 908
1447 4 2 1 1 688 723 720 883
1448 4 2 1 1 726 732 693 813
1449 4 2 1 1 702 774 747 820
1450 4 2 1 1 457 779 758 807
1451 4 2 1 1 693 732 726 741
1452 4 2 1 1 229 605 257 777
1453 4 2 1 1 729 765 553 865
1454 4 2 1 1 752 841 570 849
1455 4 2 1 1 456 807 758 829
1456 4 2 1 1 450 715 123 807
1457 4 2 1 1 762 859 778 933
1458 4 2 1 1 762 778 713 933
1459 4 2 1 1 155 754 715 826
1460 4 2 1 1 439 759 725 850
1461 4 2 1 1 721 738 684 764
1462 4 2 1 1 690 763 745 941
1463 4 2 1 1 726 760 732 813
1464 4 2 1 1 556 805 743 886
1465 4 2 1 1 632 565 741 839
1466 4 2 1 1 504 161 269 719
1467 4 2 1 1 685 801 751 866
1468 4 2 1 1 613 750 627 771
1469 4 2 1 1 726 699 791 841
1470 4 2 1 1 694 708 736 823
1471 4 2 1 1 536 735 864 883
1472 4 2 1 1 539 540 763 824
1473 4 2 1 1 716 701 763 941
1474 4 2 1 1 701 745 735 763
1475 4 2 1 1 355 806 354 873
1476 4 2 1 1 801 751 866 912
1477 4 2 1 1 762 713 859 933
1478 4 2 1 1 705 736 694 873
1479 4 2 1 1 458 449 450 715
1480 4 2 1 1 194 717 836 852
1481 4 2 1 1 483 783 788 902
1482 4 2 1 1 190 219 713 782
1483 4 2 1 1 252 255 802 819
1484 4 2 1 1 190 188 219 782
1485 4 2 1 1 720 855 531 883
1486 4 2 1 1 147 754 155 826
1487 4 2 1 1 541 735 536 883
1488 4 2 1 1 754 814 687 826
1489 4 2 1 1 705 745 355 806
1490 4 2 1 1 355 705 806 873
1491 4 2 1 1 229 737 605 881
1492 4 2 1 1 715 769 350 826
1493 4 2 1 1 203 782 223 828
1494 4 2 1 1 752 760 699 871
1495 4 2 1 1 690 721 764 896
1496 4 2 1 1 751 801 722 811
1497 4 2 1 1 738 764 721 896
1498 4 2 1 1 605 881 737 901
1499 4 2 1 1 709 773 293 837
1500 4 2 1 1 241 719 785 819
1501 4 2 1 1 724 749 710 893
1502 4 2 1 1 690 764 738 896
1503 4 2 1 1 135 775 814 826
1504 4 2 1 1 255 785 802 819
1505 4 2 1 1 689 767 739 798
1506 4 2 1 1 705 746 694 757
1507 4 2 1 1 748 779 159 891
1508 4 2 1 1 518 856 634 915
1509 4 2 1 1 541 757 735 883
1510 4 2 1 1 714 812 760 871
1511 4 2 1 1 293 766 709 815
1512 4 2 1 1 247 770 710 795
1513 4 2 1 1 456 457 461 758
1514 4 2 1 1 716 734 845 917
1515 4 2 1 1 229 777 257 881
1516 4 2 1 1 725 362 850 880
1517 4 2 1 1 703 741 726 841
1518 4 2 1 1 247 710 770 931
1519 4 2 1 1 355 353 354 806
1520 4 2 1 1 531 808 720 883
1521 4 2 1 1 566 632 565 741
1522 4 2 1 1 706 750 627 872
1523 4 2 1 1 747 774 695 820
1524 4 2 1 1 700 724 710 893
1525 4 2 1 1 695 716 734 845
1526 4 2 1 1 380 382 712 781
1527 4 2 1 1 288 286 179 751
1528 4 2 1 1 373 760 726 813
1529 4 2 1 1 695 704 756 798
1530 4 2 1 1 729 553 835 865
1531 4 2 1 1 258 504 269 719
1532 4 2 1 1 705 824 690 911
1533 4 2 1 1 293 773 328 837
1534 4 2 1 1 539 542 540 824
1535 4 2 1 1 355 745 705 817
1536 4 2 1 1 724 749 700 827
1537 4 2 1 1 700 749 724 893
1538 4 2 1 1 300 744 756 844
1539 4 2 1 1 583 709 790 862
1540 4 2 1 1 723 736 708 823
1541 4 2 1 1 728 755 711 808
1542 4 2 1 1 466 742 736 853
1543 4 2 1 1 712 380 781 875
1544 4 2 1 1 542 763 540 824
1545 4 2 1 1 688 711 755 808
1546 4 2 1 1 328 293 766 773
1547 4 2 1 1 685 801 866 912
1548 4 2 1 1 693 728 711 839
1549 4 2 1 1 182 801 751 811
1550 4 2 1 1 684 721 764 906
1551 4 2 1 1 694 736 708 842
1552 4 2 1 1 241 275 267 819
1553 4 2 1 1 343 442 435 753
1554 4 2 1 1 709 753 168 815
1555 4 2 1 1 583 670 709 862
1556 4 2 1 1 626 553 729 765
1557 4 2 1 1 684 727 721 906
1558 4 2 1 1 435 753 442 840
1559 4 2 1 1 726 741 732 841
1560 4 2 1 1 707 776 249 802
1561 4 2 1 1 843 891 771 916
1562 4 2 1 1 343 761 753 884
1563 4 2 1 1 190 713 211 828
1564 4 2 1 1 527 530 749 855
1565 4 2 1 1 532 531 855 883
1566 4 2 1 1 732 741 693 839
1567 4 2 1 1 594 717 784 849
1568 4 2 1 1 474 362 725 880
1569 4 2 1 1 715 829 771 843
1570 4 2 1 1 693 839 711 920
1571 4 2 1 1 704 695 744 887
1572 4 2 1 1 206 173 483 788
1573 4 2 1 1 628 771 891 916
1574 4 2 1 1 741 839 732 841
1575 4 2 1 1 751 801 182 912
1576 4 2 1 1 687 727 721 775
1577 4 2 1 1 771 829 706 843
1578 4 2 1 1 373 813 726 878
1579 4 2 1 1 483 788 173 902
1580 4 2 1 1 639 556 554 835
1581 4 2 1 1 527 749 816 855
1582 4 2 1 1 249 776 707 921
1583 4 2 1 1 536 864 808 883
1584 4 2 1 1 223 190 211 828
1585 4 2 1 1 718 774 702 820
1586 4 2 1 1 717 804 784 918
1587 4 2 1 1 252 802 776 819
1588 4 2 1 1 808 864 735 883
1589 4 2 1 1 725 728 701 755
1590 4 2 1 1 792 800 704 908
1591 4 2 1 1 570 732 569 841
1592 4 2 1 1 574 732 570 752
1593 4 2 1 1 135 814 164 826
1594 4 2 1 1 569 570 574 732
1595 4 2 1 1 134 727 137 814
1596 4 2 1 1 690 716 763 941
1597 4 2 1 1 735 763 690 824
1598 4 2 1 1 610 638 636 723
1599 4 2 1 1 134 761 727 775
1600 4 2 1 1 179 751 286 811
1601 4 2 1 1 193 717 514 836
1602 4 2 1 1 734 739 695 798
1603 4 2 1 1 771 843 706 891
1604 4 2 1 1 610 723 636 786
1605 4 2 1 1 556 639 805 886
1606 4 2 1 1 762 794 778 859
1607 4 2 1 1 711 742 720 861
1608 4 2 1 1 458 715 450 807
1609 4 2 1 1 627 628 771 891
1610 4 2 1 1 605 655 257 777
1611 4 2 1 1 610 723 786 823
1612 4 2 1 1 685 751 722 866
1613 4 2 1 1 320 328 293 766
1614 4 2 1 1 123 715 449 826
1615 4 2 1 1 755 850 362 880
1616 4 2 1 1 695 774 747 867
1617 4 2 1 1 350 826 769 848
1618 4 2 1 1 639 554 733 835
1619 4 2 1 1 293 815 709 837
1620 4 2 1 1 684 738 721 840
1621 4 2 1 1 607 530 720 863
1622 4 2 1 1 638 723 610 823
1623 4 2 1 1 632 732 839 841
1624 4 2 1 1 771 913 869 938
1625 4 2 1 1 295 298 800 908
1626 4 2 1 1 694 706 771 829
1627 4 2 1 1 721 727 687 740
1628 4 2 1 1 625 516 199 828
1629 4 2 1 1 697 778 794 859
1630 4 2 1 1 474 725 472 903
1631 4 2 1 1 148 761 343 884
1632 4 2 1 1 173 788 206 902
1633 4 2 1 1 716 718 690 763
1634 4 2 1 1 704 744 695 756
1635 4 2 1 1 456 758 461 829
1636 4 2 1 1 159 167 132 748
1637 4 2 1 1 727 869 740 906
1638 4 2 1 1 711 839 772 920
1639 4 2 1 1 718 790 550 914
1640 4 2 1 1 708 723 692 853
1641 4 2 1 1 241 785 719 930
1642 4 2 1 1 458 769 715 829
1643 4 2 1 1 381 380 382 712
1644 4 2 1 1 460 350 458 769
1645 4 2 1 1 706 694 750 758
1646 4 2 1 1 565 741 839 936
1647 4 2 1 1 735 688 808 883
1648 4 2 1 1 703 741 841 892
1649 4 2 1 1 649 718 550 914
1650 4 2 1 1 693 711 728 850
1651 4 2 1 1 762 794 489 833
1652 4 2 1 1 153 450 123 807
1653 4 2 1 1 669 156 727 814
1654 4 2 1 1 300 307 744 747
1655 4 2 1 1 747 867 774 877
1656 4 2 1 1 439 850 451 878
1657 4 2 1 1 320 328 766 773
1658 4 2 1 1 626 765 729 897
1659 4 2 1 1 383 381 712 767
1660 4 2 1 1 706 694 758 829
1661 4 2 1 1 168 130 753 862
1662 4 2 1 1 173 206 224 902
1663 4 2 1 1 167 748 159 891
1664 4 2 1 1 247 795 710 890
1665 4 2 1 1 198 717 197 783
1666 4 2 1 1 700 714 812 827
1667 4 2 1 1 728 772 711 839
1668 4 2 1 1 706 843 143 891
1669 4 2 1 1 483 173 783 902
1670 4 2 1 1 725 728 693 897
1671 4 2 1 1 530 749 720 863
1672 4 2 1 1 706 807 143 843
1673 4 2 1 1 725 822 472 903
1674 4 2 1 1 725 850 755 880
1675 4 2 1 1 143 779 706 891
1676 4 2 1 1 289 329 722 780
1677 4 2 1 1 731 836 717 852
1678 4 2 1 1 181 179 286 811
1679 4 2 1 1 704 739 767 798
1680 4 2 1 1 488 177 731 852
1681 4 2 1 1 377 439 451 878
1682 4 2 1 1 712 767 381 822
1683 4 2 1 1 300 756 744 908
1684 4 2 1 1 198 717 783 804
1685 4 2 1 1 720 749 530 855
1686 4 2 1 1 718 738 690 764
1687 4 2 1 1 241 785 275 819
1688 4 2 1 1 684 790 709 862
1689 4 2 1 1 747 774 702 877
1690 4 2 1 1 119 170 152 779
1691 4 2 1 1 144 159 779 891
1692 4 2 1 1 709 773 588 790
1693 4 2 1 1 583 709 588 790
1694 4 2 1 1 377 759 439 878
1695 4 2 1 1 197 717 194 852
1696 4 2 1 1 692 723 708 786
1697 4 2 1 1 769 829 371 873
1698 4 2 1 1 550 718 764 790
1699 4 2 1 1 289 722 751 780
1700 4 2 1 1 194 197 198 717
1701 4 2 1 1 247 890 710 931
1702 4 2 1 1 185 234 236 777
1703 4 2 1 1 695 716 718 774
1704 4 2 1 1 697 778 859 933
1705 4 2 1 1 531 607 530 720
1706 4 2 1 1 363 364 361 711
1707 4 2 1 1 747 756 744 844
1708 4 2 1 1 699 841 752 849
1709 4 2 1 1 572 756 798 845
1710 4 2 1 1 143 144 779 891
1711 4 2 1 1 219 188 191 905
1712 4 2 1 1 350 458 715 826
1713 4 2 1 1 689 733 767 798
1714 4 2 1 1 700 714 827 937
1715 4 2 1 1 706 779 143 807
1716 4 2 1 1 607 720 531 772
1717 4 2 1 1 784 827 714 937
1718 4 2 1 1 180 234 777 788
1719 4 2 1 1 829 842 371 873
1720 4 2 1 1 629 771 869 938
1721 4 2 1 1 754 869 771 913
1722 4 2 1 1 148 343 753 884
1723 4 2 1 1 713 778 762 905
1724 4 2 1 1 454 119 152 779
1725 4 2 1 1 373 369 813 878
1726 4 2 1 1 688 705 757 924
1727 4 2 1 1 605 655 777 901
1728 4 2 1 1 726 732 699 841
1729 4 2 1 1 518 737 260 856
1730 4 2 1 1 310 330 291 838
1731 4 2 1 1 753 766 436 815
1732 4 2 1 1 613 611 627 750
1733 4 2 1 1 258 441 504 719
1734 4 2 1 1 165 727 761 884
1735 4 2 1 1 690 745 705 806
1736 4 2 1 1 466 471 742 853
1737 4 2 1 1 721 761 447 775
1738 4 2 1 1 144 843 140 891
1739 4 2 1 1 778 818 762 905
1740 4 2 1 1 358 755 359 880
1741 4 2 1 1 634 518 230 856
1742 4 2 1 1 189 220 818 833
1743 4 2 1 1 319 459 290 722
1744 4 2 1 1 346 719 440 779
1745 4 2 1 1 714 752 699 871
1746 4 2 1 1 361 711 364 850
1747 4 2 1 1 693 728 725 850
1748 4 2 1 1 518 260 230 856
1749 4 2 1 1 588 583 670 709
1750 4 2 1 1 732 752 699 841
1751 4 2 1 1 694 746 705 769
1752 4 2 1 1 690 718 716 831
1753 4 2 1 1 319 459 722 838
1754 4 2 1 1 687 814 775 826
1755 4 2 1 1 363 793 711 861
1756 4 2 1 1 518 737 856 915
1757 4 2 1 1 709 790 684 809
1758 4 2 1 1 533 808 531 883
1759 4 2 1 1 223 782 190 828
1760 4 2 1 1 699 732 726 760
1761 4 2 1 1 436 766 753 809
1762 4 2 1 1 725 787 474 880
1763 4 2 1 1 613 750 771 938
1764 4 2 1 1 568 570 841 849
1765 4 2 1 1 197 783 717 852
1766 4 2 1 1 572 734 548 845
1767 4 2 1 1 563 651 778 868
1768 4 2 1 1 718 738 702 774
1769 4 2 1 1 711 793 363 882
1770 4 2 1 1 193 676 174 836
1771 4 2 1 1 348 455 133 761
1772 4 2 1 1 133 118 348 761
1773 4 2 1 1 244 737 796 856
1774 4 2 1 1 688 757 705 817
1775 4 2 1 1 346 440 454 779
1776 4 2 1 1 128 709 168 815
1777 4 2 1 1 548 734 572 798
1778 4 2 1 1 709 753 684 862
1779 4 2 1 1 720 742 711 793
1780 4 2 1 1 869 913 746 938
1781 4 2 1 1 203 801 782 828
1782 4 2 1 1 689 739 734 798
1783 4 2 1 1 686 802 785 819
1784 4 2 1 1 725 693 729 897
1785 4 2 1 1 794 825 489 833
1786 4 2 1 1 689 729 725 822
1787 4 2 1 1 685 799 743 805
1788 4 2 1 1 478 150 462 815
1789 4 2 1 1 705 688 817 924
1790 4 2 1 1 315 747 300 844
1791 4 2 1 1 161 719 126 930
1792 4 2 1 1 572 798 734 845
1793 4 2 1 1 701 728 725 765
1794 4 2 1 1 348 761 118 775
1795 4 2 1 1 460 769 458 829
1796 4 2 1 1 728 755 725 850
1797 4 2 1 1 188 762 191 905
1798 4 2 1 1 396 708 851 853
1799 4 2 1 1 631 626 553 729
1800 4 2 1 1 166 147 164 814
1801 4 2 1 1 629 771 754 869
1802 4 2 1 1 702 738 718 790
1803 4 2 1 1 721 775 447 848
1804 4 2 1 1 818 833 220 870
1805 4 2 1 1 459 722 495 811
1806 4 2 1 1 373 726 760 894
1807 4 2 1 1 708 842 396 851
1808 4 2 1 1 684 790 862 907
1809 4 2 1 1 460 371 769 829
1810 4 2 1 1 715 826 754 913
1811 4 2 1 1 474 787 725 903
1812 4 2 1 1 735 757 705 924
1813 4 2 1 1 396 851 797 853
1814 4 2 1 1 206 483 345 788
1815 4 2 1 1 144 143 843 891
1816 4 2 1 1 156 145 669 727
1817 4 2 1 1 689 712 733 835
1818 4 2 1 1 670 520 773 837
1819 4 2 1 1 706 750 694 771
1820 4 2 1 1 190 782 713 828
1821 4 2 1 1 743 781 712 799
1822 4 2 1 1 330 838 310 895
1823 4 2 1 1 311 751 656 780
1824 4 2 1 1 754 826 687 913
1825 4 2 1 1 298 854 800 908
1826 4 2 1 1 725 759 693 850
1827 4 2 1 1 759 693 850 878
1828 4 2 1 1 480 459 495 811
1829 4 2 1 1 462 150 121 753
1830 4 2 1 1 187 762 188 782
1831 4 2 1 1 734 763 544 917
1832 4 2 1 1 559 602 792 798
1833 4 2 1 1 690 738 718 831
1834 4 2 1 1 753 684 862 884
1835 4 2 1 1 728 772 600 808
1836 4 2 1 1 605 229 518 737
1837 4 2 1 1 705 757 736 817
1838 4 2 1 1 185 180 234 777
1839 4 2 1 1 703 841 791 892
1840 4 2 1 1 448 831 806 941
1841 4 2 1 1 198 193 194 717
1842 4 2 1 1 193 514 676 836
1843 4 2 1 1 150 753 462 815
1844 4 2 1 1 591 740 869 906
1845 4 2 1 1 755 817 357 861
1846 4 2 1 1 514 717 193 804
1847 4 2 1 1 631 626 729 897
1848 4 2 1 1 723 736 688 742
1849 4 2 1 1 569 732 632 841
1850 4 2 1 1 634 856 795 915
1851 4 2 1 1 738 764 718 790
1852 4 2 1 1 705 694 769 873
1853 4 2 1 1 203 190 223 782
1854 4 2 1 1 690 806 705 911
1855 4 2 1 1 196 194 836 852
1856 4 2 1 1 685 781 743 799
1857 4 2 1 1 193 194 717 836
1858 4 2 1 1 363 366 793 861
1859 4 2 1 1 249 776 252 802
1860 4 2 1 1 711 813 364 850
1861 4 2 1 1 723 742 692 853
1862 4 2 1 1 144 143 140 843
1863 4 2 1 1 544 763 734 888
1864 4 2 1 1 562 746 740 876
1865 4 2 1 1 806 848 769 911
1866 4 2 1 1 689 712 835 922
1867 4 2 1 1 695 774 718 820
1868 4 2 1 1 538 765 728 864
1869 4 2 1 1 247 770 246 931
1870 4 2 1 1 182 801 222 912
1871 4 2 1 1 368 760 373 813
1872 4 2 1 1 716 899 409 941
1873 4 2 1 1 702 790 709 809
1874 4 2 1 1 291 722 329 780
1875 4 2 1 1 692 786 708 797
1876 4 2 1 1 398 797 396 851
1877 4 2 1 1 723 742 720 855
1878 4 2 1 1 744 747 695 756
1879 4 2 1 1 460 399 371 829
1880 4 2 1 1 439 725 759 822
1881 4 2 1 1 355 817 705 873
1882 4 2 1 1 705 806 769 911
1883 4 2 1 1 710 724 700 770
1884 4 2 1 1 165 157 803 884
1885 4 2 1 1 722 799 685 805
1886 4 2 1 1 770 795 245 856
1887 4 2 1 1 409 716 787 899
1888 4 2 1 1 397 396 842 851
1889 4 2 1 1 607 720 772 863
1890 4 2 1 1 685 722 805 866
1891 4 2 1 1 488 731 177 833
1892 4 2 1 1 692 710 830 904
1893 4 2 1 1 419 495 722 801
1894 4 2 1 1 393 409 899 941
1895 4 2 1 1 135 166 164 814
1896 4 2 1 1 732 752 574 863
1897 4 2 1 1 769 826 687 848
1898 4 2 1 1 211 190 219 713
1899 4 2 1 1 707 802 249 910
1900 4 2 1 1 732 752 691 760
1901 4 2 1 1 727 761 721 775
1902 4 2 1 1 363 711 361 861
1903 4 2 1 1 165 727 134 761
1904 4 2 1 1 611 750 613 938
1905 4 2 1 1 449 715 458 826
1906 4 2 1 1 797 851 708 853
1907 4 2 1 1 364 711 363 882
1908 4 2 1 1 592 869 746 938
1909 4 2 1 1 708 694 750 823
1910 4 2 1 1 314 300 307 744
1911 4 2 1 1 695 798 756 845
1912 4 2 1 1 518 229 260 737
1913 4 2 1 1 703 778 762 794
1914 4 2 1 1 193 717 198 804
1915 4 2 1 1 689 729 835 865
1916 4 2 1 1 649 637 550 718
1917 4 2 1 1 383 384 381 767
1918 4 2 1 1 531 720 530 855
1919 4 2 1 1 544 734 865 888
1920 4 2 1 1 474 439 472 725
1921 4 2 1 1 608 802 834 923
1922 4 2 1 1 550 764 718 889
1923 4 2 1 1 562 740 746 869
1924 4 2 1 1 720 793 711 920
1925 4 2 1 1 699 752 732 760
1926 4 2 1 1 290 722 459 811
1927 4 2 1 1 640 732 574 863
1928 4 2 1 1 583 862 790 907
1929 4 2 1 1 776 802 686 819
1930 4 2 1 1 494 796 788 847
1931 4 2 1 1 189 818 762 833
1932 4 2 1 1 610 786 750 823
1933 4 2 1 1 688 736 757 817
1934 4 2 1 1 409 787 716 941
1935 4 2 1 1 258 719 276 819
1936 4 2 1 1 707 910 249 921
1937 4 2 1 1 384 381 767 822
1938 4 2 1 1 164 147 155 826
1939 4 2 1 1 588 709 670 773
1940 4 2 1 1 695 734 716 739
1941 4 2 1 1 699 717 731 791
1942 4 2 1 1 196 836 731 852
1943 4 2 1 1 793 812 372 882
1944 4 2 1 1 780 805 722 866
1945 4 2 1 1 692 786 797 935
1946 4 2 1 1 289 751 329 780
1947 4 2 1 1 473 766 809 877
1948 4 2 1 1 721 740 690 764
1949 4 2 1 1 691 793 720 920
1950 4 2 1 1 379 380 822 875
1951 4 2 1 1 249 252 255 802
1952 4 2 1 1 611 613 612 938
1953 4 2 1 1 637 718 649 820
1954 4 2 1 1 439 472 725 822
1955 4 2 1 1 707 797 786 935
1956 4 2 1 1 326 800 318 895
1957 4 2 1 1 473 832 766 877
1958 4 2 1 1 455 343 133 761
1959 4 2 1 1 725 765 728 897
1960 4 2 1 1 725 729 689 765
1961 4 2 1 1 608 910 802 923
1962 4 2 1 1 822 875 712 922
1963 4 2 1 1 370 812 760 882
1964 4 2 1 1 289 751 722 811
1965 4 2 1 1 538 765 864 888
1966 4 2 1 1 139 891 843 916
1967 4 2 1 1 707 834 802 923
1968 4 2 1 1 742 793 366 861
1969 4 2 1 1 527 529 530 855
1970 4 2 1 1 144 167 159 891
1971 4 2 1 1 374 726 404 794
1972 4 2 1 1 692 742 723 855
1973 4 2 1 1 359 755 357 861
1974 4 2 1 1 699 791 731 825
1975 4 2 1 1 791 836 597 849
1976 4 2 1 1 694 771 715 829
1977 4 2 1 1 684 790 738 809
1978 4 2 1 1 786 797 707 926
1979 4 2 1 1 696 799 722 805
1980 4 2 1 1 368 373 369 813
1981 4 2 1 1 690 763 718 889
1982 4 2 1 1 244 796 737 881
1983 4 2 1 1 535 728 600 808
1984 4 2 1 1 435 809 753 840
1985 4 2 1 1 688 720 808 883
1986 4 2 1 1 640 772 732 863
1987 4 2 1 1 148 133 343 761
1988 4 2 1 1 722 780 291 838
1989 4 2 1 1 725 729 693 759
1990 4 2 1 1 721 727 684 761
1991 4 2 1 1 684 764 738 790
1992 4 2 1 1 165 803 727 884
1993 4 2 1 1 607 531 534 772
1994 4 2 1 1 372 793 724 812
1995 4 2 1 1 326 792 800 895
1996 4 2 1 1 729 759 725 822
1997 4 2 1 1 546 740 764 889
1998 4 2 1 1 292 125 127 815
1999 4 2 1 1 736 757 694 823
2000 4 2 1 1 480 290 459 811
2001 4 2 1 1 758 779 706 807
2002 4 2 1 1 120 139 843 916
2003 4 2 1 1 156 137 727 814
2004 4 2 1 1 736 742 723 853
2005 4 2 1 1 702 773 709 790
2006 4 2 1 1 300 315 307 747
2007 4 2 1 1 723 708 786 823
2008 4 2 1 1 526 816 525 890
2009 4 2 1 1 734 798 695 845
2010 4 2 1 1 684 753 709 809
2011 4 2 1 1 702 774 738 877
2012 4 2 1 1 741 778 703 794
2013 4 2 1 1 310 291 780 838
2014 4 2 1 1 689 765 729 865
2015 4 2 1 1 758 807 706 829
2016 4 2 1 1 802 910 707 923
2017 4 2 1 1 648 757 746 876
2018 4 2 1 1 441 346 504 719
2019 4 2 1 1 572 756 664 798
2020 4 2 1 1 310 838 780 895
2021 4 2 1 1 292 125 815 837
2022 4 2 1 1 693 839 741 936
2023 4 2 1 1 381 379 380 822
2024 4 2 1 1 708 736 723 853
2025 4 2 1 1 733 798 792 929
2026 4 2 1 1 276 719 241 819
2027 4 2 1 1 689 733 712 767
2028 4 2 1 1 750 786 708 823
2029 4 2 1 1 629 869 592 938
2030 4 2 1 1 710 692 816 904
2031 4 2 1 1 637 550 718 889
2032 4 2 1 1 746 757 648 938
2033 4 2 1 1 804 901 784 918
2034 4 2 1 1 152 126 161 719
2035 4 2 1 1 269 235 258 719
2036 4 2 1 1 410 724 372 793
2037 4 2 1 1 762 818 191 905
2038 4 2 1 1 347 495 801 811
2039 4 2 1 1 750 786 610 834
2040 4 2 1 1 705 876 824 911
2041 4 2 1 1 706 872 627 891
2042 4 2 1 1 756 844 820 845
2043 4 2 1 1 360 359 357 861
2044 4 2 1 1 220 833 218 870
2045 4 2 1 1 632 732 640 839
2046 4 2 1 1 258 441 719 819
2047 4 2 1 1 293 292 815 837
2048 4 2 1 1 702 738 790 809
2049 4 2 1 1 767 798 733 929
2050 4 2 1 1 706 829 807 843
2051 4 2 1 1 688 757 735 924
2052 4 2 1 1 800 854 704 908
2053 4 2 1 1 245 770 247 795
2054 4 2 1 1 569 640 632 732
2055 4 2 1 1 370 760 812 871
2056 4 2 1 1 645 791 597 849
2057 4 2 1 1 738 721 840 896
2058 4 2 1 1 718 820 637 917
2059 4 2 1 1 733 835 554 865
2060 4 2 1 1 732 813 760 920
2061 4 2 1 1 256 334 730 898
2062 4 2 1 1 727 775 687 814
2063 4 2 1 1 716 763 734 917
2064 4 2 1 1 361 711 850 861
2065 4 2 1 1 648 746 647 876
2066 4 2 1 1 762 713 782 859
2067 4 2 1 1 289 329 291 722
2068 4 2 1 1 818 870 666 892
2069 4 2 1 1 724 830 710 904
2070 4 2 1 1 544 865 551 888
2071 4 2 1 1 517 891 139 916
2072 4 2 1 1 656 751 671 780
2073 4 2 1 1 759 822 729 922
2074 4 2 1 1 546 764 740 906
2075 4 2 1 1 685 828 801 912
2076 4 2 1 1 712 781 382 799
2077 4 2 1 1 284 658 313 773
2078 4 2 1 1 525 890 816 893
2079 4 2 1 1 722 780 696 805
2080 4 2 1 1 533 531 532 883
2081 4 2 1 1 699 731 717 768
2082 4 2 1 1 605 596 655 901
2083 4 2 1 1 697 778 741 794
2084 4 2 1 1 600 772 534 808
2085 4 2 1 1 640 569 574 732
2086 4 2 1 1 411 376 714 847
2087 4 2 1 1 670 837 709 862
2088 4 2 1 1 692 720 742 855
2089 4 2 1 1 568 841 791 849
2090 4 2 1 1 688 736 723 757
2091 4 2 1 1 702 709 766 809
2092 4 2 1 1 256 334 232 730
2093 4 2 1 1 708 750 694 842
2094 4 2 1 1 526 789 816 890
2095 4 2 1 1 725 755 701 880
2096 4 2 1 1 355 745 448 806
2097 4 2 1 1 717 791 699 849
2098 4 2 1 1 702 766 709 773
2099 4 2 1 1 735 824 705 876
2100 4 2 1 1 708 797 786 926
2101 4 2 1 1 171 211 199 828
2102 4 2 1 1 244 796 243 856
2103 4 2 1 1 291 319 722 838
2104 4 2 1 1 638 823 757 883
2105 4 2 1 1 740 764 721 906
2106 4 2 1 1 693 813 732 920
2107 4 2 1 1 222 801 182 811
2108 4 2 1 1 695 756 747 844
2109 4 2 1 1 364 813 711 882
2110 4 2 1 1 719 779 748 932
2111 4 2 1 1 404 794 726 825
2112 4 2 1 1 718 637 889 917
2113 4 2 1 1 703 825 794 833
2114 4 2 1 1 417 731 488 833
2115 4 2 1 1 372 812 370 882
2116 4 2 1 1 180 788 777 902
2117 4 2 1 1 382 383 381 712
2118 4 2 1 1 552 733 554 865
2119 4 2 1 1 719 748 132 930
2120 4 2 1 1 433 838 800 860
2121 4 2 1 1 593 669 727 814
2122 4 2 1 1 514 717 597 836
2123 4 2 1 1 747 832 867 877
2124 4 2 1 1 722 799 416 900
2125 4 2 1 1 711 688 755 861
2126 4 2 1 1 596 804 777 901
2127 4 2 1 1 324 681 656 751
2128 4 2 1 1 709 837 128 862
2129 4 2 1 1 423 846 819 851
2130 4 2 1 1 816 890 710 893
2131 4 2 1 1 447 761 721 840
2132 4 2 1 1 516 171 199 828
2133 4 2 1 1 600 772 728 839
2134 4 2 1 1 488 731 417 940
2135 4 2 1 1 711 755 728 850
2136 4 2 1 1 383 767 712 860
2137 4 2 1 1 482 782 781 859
2138 4 2 1 1 794 875 378 878
2139 4 2 1 1 660 780 886 895
2140 4 2 1 1 418 483 783 788
2141 4 2 1 1 714 699 752 918
2142 4 2 1 1 719 819 425 846
2143 4 2 1 1 712 733 696 929
2144 4 2 1 1 295 792 879 908
2145 4 2 1 1 750 758 694 842
2146 4 2 1 1 295 298 326 800
2147 4 2 1 1 647 746 648 938
2148 4 2 1 1 638 723 823 883
2149 4 2 1 1 710 816 749 904
2150 4 2 1 1 189 218 220 833
2151 4 2 1 1 695 867 887 899
2152 4 2 1 1 351 350 769 848
2153 4 2 1 1 363 366 452 793
2154 4 2 1 1 645 568 791 849
2155 4 2 1 1 758 779 457 846
2156 4 2 1 1 677 139 120 916
2157 4 2 1 1 704 798 792 879
2158 4 2 1 1 651 713 668 778
2159 4 2 1 1 474 453 362 880
2160 4 2 1 1 719 785 748 930
2161 4 2 1 1 633 791 666 870
2162 4 2 1 1 374 794 378 878
2163 4 2 1 1 756 820 695 845
2164 4 2 1 1 645 571 597 791
2165 4 2 1 1 692 830 710 935
2166 4 2 1 1 728 765 538 897
2167 4 2 1 1 761 840 753 884
2168 4 2 1 1 331 766 293 815
2169 4 2 1 1 711 793 742 861
2170 4 2 1 1 318 800 838 895
2171 4 2 1 1 723 757 736 823
2172 4 2 1 1 541 735 757 876
2173 4 2 1 1 123 715 142 807
2174 4 2 1 1 538 644 765 888
2175 4 2 1 1 359 755 362 880
2176 4 2 1 1 234 237 777 788
2177 4 2 1 1 487 172 762 833
2178 4 2 1 1 743 781 697 922
2179 4 2 1 1 730 707 797 874
2180 4 2 1 1 552 559 733 798
2181 4 2 1 1 716 718 774 831
2182 4 2 1 1 249 251 776 921
2183 4 2 1 1 518 634 599 915
2184 4 2 1 1 473 766 437 809
2185 4 2 1 1 751 780 722 866
2186 4 2 1 1 313 328 773 837
2187 4 2 1 1 686 785 719 819
2188 4 2 1 1 708 758 750 842
2189 4 2 1 1 657 311 656 780
2190 4 2 1 1 715 807 829 843
2191 4 2 1 1 623 233 785 802
2192 4 2 1 1 714 812 376 858
2193 4 2 1 1 781 782 482 900
2194 4 2 1 1 725 729 765 897
2195 4 2 1 1 411 412 376 847
2196 4 2 1 1 779 891 748 932
2197 4 2 1 1 727 740 721 906
2198 4 2 1 1 187 481 762 782
2199 4 2 1 1 444 374 404 794
2200 4 2 1 1 584 556 585 743
2201 4 2 1 1 710 770 700 795
2202 4 2 1 1 238 788 796 881
2203 4 2 1 1 710 830 724 898
2204 4 2 1 1 791 666 870 892
2205 4 2 1 1 143 144 159 779
2206 4 2 1 1 666 818 511 870
2207 4 2 1 1 741 697 794 927
2208 4 2 1 1 623 515 233 802
2209 4 2 1 1 487 192 172 833
2210 4 2 1 1 693 741 726 927
2211 4 2 1 1 729 693 927 936
2212 4 2 1 1 696 780 722 838
2213 4 2 1 1 260 277 230 856
2214 4 2 1 1 573 637 820 845
2215 4 2 1 1 693 897 839 936
2216 4 2 1 1 564 868 778 936
2217 4 2 1 1 423 819 776 851
2218 4 2 1 1 289 286 288 751
2219 4 2 1 1 784 849 717 918
2220 4 2 1 1 709 766 753 815
2221 4 2 1 1 686 719 785 932
2222 4 2 1 1 649 820 718 914
2223 4 2 1 1 295 326 792 800
2224 4 2 1 1 597 836 717 849
2225 4 2 1 1 439 759 379 822
2226 4 2 1 1 324 214 681 751
2227 4 2 1 1 535 600 534 808
2228 4 2 1 1 712 781 743 922
2229 4 2 1 1 752 784 575 827
2230 4 2 1 1 547 734 544 917
2231 4 2 1 1 714 784 752 827
2232 4 2 1 1 699 849 752 918
2233 4 2 1 1 591 561 740 906
2234 4 2 1 1 716 718 763 917
2235 4 2 1 1 776 797 707 874
2236 4 2 1 1 165 761 136 884
2237 4 2 1 1 753 766 709 809
2238 4 2 1 1 720 723 855 883
2239 4 2 1 1 820 845 637 917
2240 4 2 1 1 326 318 297 895
2241 4 2 1 1 438 887 867 899
2242 4 2 1 1 633 666 511 870
2243 4 2 1 1 596 777 655 901
2244 4 2 1 1 722 419 801 900
2245 4 2 1 1 435 388 809 840
2246 4 2 1 1 664 798 756 879
2247 4 2 1 1 553 554 835 865
2248 4 2 1 1 708 396 842 853
2249 4 2 1 1 747 702 832 877
2250 4 2 1 1 631 729 553 835
2251 4 2 1 1 514 594 717 804
2252 4 2 1 1 326 297 792 895
2253 4 2 1 1 440 719 425 846
2254 4 2 1 1 182 751 179 811
2255 4 2 1 1 186 180 777 902
2256 4 2 1 1 573 637 649 820
2257 4 2 1 1 546 549 764 906
2258 4 2 1 1 181 182 179 811
2259 4 2 1 1 776 797 427 851
2260 4 2 1 1 428 232 334 730
2261 4 2 1 1 398 427 797 851
2262 4 2 1 1 289 722 291 811
2263 4 2 1 1 292 127 287 815
2264 4 2 1 1 712 743 733 835
2265 4 2 1 1 695 887 739 899
2266 4 2 1 1 695 739 716 899
2267 4 2 1 1 577 575 784 827
2268 4 2 1 1 677 517 139 916
2269 4 2 1 1 626 553 765 865
2270 4 2 1 1 695 820 756 844
2271 4 2 1 1 256 232 263 730
2272 4 2 1 1 611 627 750 872
2273 4 2 1 1 726 741 703 927
2274 4 2 1 1 724 898 421 934
2275 4 2 1 1 552 798 733 865
2276 4 2 1 1 628 891 517 916
2277 4 2 1 1 463 788 494 796
2278 4 2 1 1 447 761 348 775
2279 4 2 1 1 134 165 137 727
2280 4 2 1 1 712 799 382 860
2281 4 2 1 1 792 798 704 929
2282 4 2 1 1 468 831 448 941
2283 4 2 1 1 358 745 355 817
2284 4 2 1 1 289 286 751 811
2285 4 2 1 1 710 749 724 904
2286 4 2 1 1 696 838 799 860
2287 4 2 1 1 634 230 795 856
2288 4 2 1 1 689 729 822 922
2289 4 2 1 1 780 838 696 895
2290 4 2 1 1 175 204 484 801
2291 4 2 1 1 711 693 813 850
2292 4 2 1 1 731 791 717 836
2293 4 2 1 1 437 766 473 832
2294 4 2 1 1 651 868 557 885
2295 4 2 1 1 710 724 770 898
2296 4 2 1 1 720 772 711 808
2297 4 2 1 1 291 319 290 722
2298 4 2 1 1 744 747 307 928
2299 4 2 1 1 444 794 404 825
2300 4 2 1 1 130 753 862 884
2301 4 2 1 1 569 632 566 841
2302 4 2 1 1 336 459 319 838
2303 4 2 1 1 383 712 382 860
2304 4 2 1 1 248 233 515 802
2305 4 2 1 1 411 714 376 858
2306 4 2 1 1 379 822 759 875
2307 4 2 1 1 739 787 408 903
2308 4 2 1 1 179 214 288 751
2309 4 2 1 1 732 772 640 839
2310 4 2 1 1 704 798 767 929
2311 4 2 1 1 715 807 458 829
2312 4 2 1 1 352 721 447 848
2313 4 2 1 1 703 794 762 833
2314 4 2 1 1 521 777 596 804
2315 4 2 1 1 261 245 795 856
2316 4 2 1 1 121 148 343 753
2317 4 2 1 1 434 408 787 903
2318 4 2 1 1 706 891 779 932
2319 4 2 1 1 291 722 290 811
2320 4 2 1 1 736 842 394 853
2321 4 2 1 1 546 824 740 889
2322 4 2 1 1 642 638 757 883
2323 4 2 1 1 447 721 386 840
2324 4 2 1 1 792 798 602 879
2325 4 2 1 1 806 831 690 941
2326 4 2 1 1 714 376 812 871
2327 4 2 1 1 400 797 830 925
2328 4 2 1 1 690 740 721 911
2329 4 2 1 1 280 766 497 832
2330 4 2 1 1 726 703 794 927
2331 4 2 1 1 448 806 745 941
2332 4 2 1 1 425 719 441 819
2333 4 2 1 1 408 787 739 899
2334 4 2 1 1 145 156 137 727
2335 4 2 1 1 121 343 462 753
2336 4 2 1 1 417 825 731 833
2337 4 2 1 1 184 222 801 912
2338 4 2 1 1 413 796 494 847
2339 4 2 1 1 564 778 741 936
2340 4 2 1 1 556 585 743 805
2341 4 2 1 1 546 764 549 889
2342 4 2 1 1 324 288 214 751
2343 4 2 1 1 791 633 836 870
2344 4 2 1 1 300 756 299 844
2345 4 2 1 1 447 352 386 721
2346 4 2 1 1 388 738 389 809
2347 4 2 1 1 295 326 297 792
2348 4 2 1 1 276 241 267 819
2349 4 2 1 1 660 780 805 886
2350 4 2 1 1 867 877 832 928
2351 4 2 1 1 374 726 794 878
2352 4 2 1 1 757 823 723 883
2353 4 2 1 1 153 123 142 807
2354 4 2 1 1 568 570 569 841
2355 4 2 1 1 620 802 785 834
2356 4 2 1 1 762 818 703 833
2357 4 2 1 1 684 862 803 907
2358 4 2 1 1 605 518 604 737
2359 4 2 1 1 523 681 214 751
2360 4 2 1 1 425 819 423 846
2361 4 2 1 1 686 758 750 926
2362 4 2 1 1 720 772 691 920
2363 4 2 1 1 390 831 393 899
2364 4 2 1 1 721 740 687 911
2365 4 2 1 1 620 834 785 872
2366 4 2 1 1 492 226 242 770
2367 4 2 1 1 366 793 742 925
2368 4 2 1 1 356 736 466 817
2369 4 2 1 1 816 855 749 904
2370 4 2 1 1 731 791 703 825
2371 4 2 1 1 226 246 770 898
2372 4 2 1 1 697 729 927 936
2373 4 2 1 1 700 795 770 856
2374 4 2 1 1 695 747 820 844
2375 4 2 1 1 486 783 768 847
2376 4 2 1 1 409 787 408 899
2377 4 2 1 1 783 788 698 847
2378 4 2 1 1 418 788 783 847
2379 4 2 1 1 371 829 399 842
2380 4 2 1 1 375 376 812 858
2381 4 2 1 1 553 552 554 865
2382 4 2 1 1 745 806 690 941
2383 4 2 1 1 626 551 553 865
2384 4 2 1 1 750 758 708 926
2385 4 2 1 1 390 774 831 899
2386 4 2 1 1 357 817 466 861
2387 4 2 1 1 633 511 200 870
2388 4 2 1 1 698 901 804 918
2389 4 2 1 1 626 765 551 865
2390 4 2 1 1 488 485 177 852
2391 4 2 1 1 551 865 765 888
2392 4 2 1 1 657 656 671 780
2393 4 2 1 1 123 155 715 826
2394 4 2 1 1 489 762 445 794
2395 4 2 1 1 457 461 758 846
2396 4 2 1 1 412 847 768 871
2397 4 2 1 1 396 394 842 853
2398 4 2 1 1 556 639 585 805
2399 4 2 1 1 191 762 189 818
2400 4 2 1 1 499 799 722 838
2401 4 2 1 1 538 864 644 888
2402 4 2 1 1 588 790 773 914
2403 4 2 1 1 359 362 453 880
2404 4 2 1 1 720 691 772 863
2405 4 2 1 1 237 236 234 777
2406 4 2 1 1 241 857 785 930
2407 4 2 1 1 541 539 536 735
2408 4 2 1 1 648 642 638 757
2409 4 2 1 1 263 256 730 931
2410 4 2 1 1 118 761 134 775
2411 4 2 1 1 514 597 676 836
2412 4 2 1 1 708 692 797 853
2413 4 2 1 1 168 130 149 753
2414 4 2 1 1 724 793 410 925
2415 4 2 1 1 595 804 596 901
2416 4 2 1 1 457 424 461 846
2417 4 2 1 1 185 186 180 777
2418 4 2 1 1 151 124 672 748
2419 4 2 1 1 455 348 447 761
2420 4 2 1 1 361 850 755 861
2421 4 2 1 1 716 739 734 909
2422 4 2 1 1 444 489 794 825
2423 4 2 1 1 762 782 481 859
2424 4 2 1 1 701 716 880 941
2425 4 2 1 1 711 772 720 920
2426 4 2 1 1 416 419 495 722
2427 4 2 1 1 875 878 794 927
2428 4 2 1 1 424 758 461 846
2429 4 2 1 1 735 757 688 883
2430 4 2 1 1 785 857 748 930
2431 4 2 1 1 320 773 766 939
2432 4 2 1 1 300 299 308 844
2433 4 2 1 1 444 404 489 825
2434 4 2 1 1 593 682 669 814
2435 4 2 1 1 150 168 121 753
2436 4 2 1 1 747 867 832 928
2437 4 2 1 1 190 187 188 782
2438 4 2 1 1 724 830 421 898
2439 4 2 1 1 796 810 243 856
2440 4 2 1 1 636 786 723 855
2441 4 2 1 1 287 293 292 815
2442 4 2 1 1 576 575 752 784
2443 4 2 1 1 738 774 718 831
2444 4 2 1 1 865 888 734 909
2445 4 2 1 1 692 710 816 935
2446 4 2 1 1 648 757 638 823
2447 4 2 1 1 741 794 703 927
2448 4 2 1 1 710 816 789 890
2449 4 2 1 1 741 927 693 936
2450 4 2 1 1 517 628 627 891
2451 4 2 1 1 683 828 713 885
2452 4 2 1 1 748 785 719 932
2453 4 2 1 1 693 711 813 920
2454 4 2 1 1 247 245 246 770
2455 4 2 1 1 610 750 611 823
2456 4 2 1 1 511 176 200 870
2457 4 2 1 1 656 311 324 751
2458 4 2 1 1 699 726 825 894
2459 4 2 1 1 684 753 840 884
2460 4 2 1 1 703 762 778 818
2461 4 2 1 1 601 548 572 798
2462 4 2 1 1 141 155 147 754
2463 4 2 1 1 474 362 439 725
2464 4 2 1 1 548 544 734 865
2465 4 2 1 1 372 812 724 934
2466 4 2 1 1 313 773 520 837
2467 4 2 1 1 753 809 684 840
2468 4 2 1 1 694 715 771 913
2469 4 2 1 1 562 740 824 876
2470 4 2 1 1 426 877 867 928
2471 4 2 1 1 687 775 721 848
2472 4 2 1 1 441 258 496 819
2473 4 2 1 1 585 586 584 885
2474 4 2 1 1 738 831 690 896
2475 4 2 1 1 707 874 730 921
2476 4 2 1 1 527 816 749 893
2477 4 2 1 1 709 815 128 837
2478 4 2 1 1 300 744 314 908
2479 4 2 1 1 494 788 418 847
2480 4 2 1 1 704 767 739 887
2481 4 2 1 1 198 804 783 902
2482 4 2 1 1 193 174 194 836
2483 4 2 1 1 466 742 366 861
2484 4 2 1 1 419 722 416 900
2485 4 2 1 1 227 496 258 819
2486 4 2 1 1 770 245 810 856
2487 4 2 1 1 401 372 724 934
2488 4 2 1 1 697 781 743 933
2489 4 2 1 1 694 757 746 938
2490 4 2 1 1 782 859 713 933
2491 4 2 1 1 400 853 797 925
2492 4 2 1 1 703 833 818 870
2493 4 2 1 1 685 722 801 900
2494 4 2 1 1 130 149 753 884
2495 4 2 1 1 711 772 728 808
2496 4 2 1 1 372 410 401 724
2497 4 2 1 1 563 778 564 868
2498 4 2 1 1 388 738 809 840
2499 4 2 1 1 246 770 898 931
2500 4 2 1 1 689 835 733 865
2501 4 2 1 1 331 312 766 815
2502 4 2 1 1 260 737 277 856
2503 4 2 1 1 466 356 394 736
2504 4 2 1 1 247 274 890 931
2505 4 2 1 1 689 835 729 922
2506 4 2 1 1 636 638 532 723
2507 4 2 1 1 499 799 838 860
2508 4 2 1 1 349 826 350 848
2509 4 2 1 1 511 818 176 870
2510 4 2 1 1 336 319 278 838
2511 4 2 1 1 313 658 520 773
2512 4 2 1 1 514 594 597 717
2513 4 2 1 1 700 710 795 893
2514 4 2 1 1 720 749 691 863
2515 4 2 1 1 205 673 178 804
2516 4 2 1 1 427 797 776 874
2517 4 2 1 1 312 344 766 815
2518 4 2 1 1 594 597 717 849
2519 4 2 1 1 783 804 717 918
2520 4 2 1 1 352 721 806 896
2521 4 2 1 1 394 842 736 873
2522 4 2 1 1 466 471 366 742
2523 4 2 1 1 642 541 536 883
2524 4 2 1 1 440 441 425 719
2525 4 2 1 1 198 783 213 902
2526 4 2 1 1 698 804 783 918
2527 4 2 1 1 603 886 792 895
2528 4 2 1 1 184 801 828 912
2529 4 2 1 1 605 737 604 901
2530 4 2 1 1 139 140 120 843
2531 4 2 1 1 421 724 410 830
2532 4 2 1 1 155 142 123 715
2533 4 2 1 1 636 723 532 855
2534 4 2 1 1 226 256 246 898
2535 4 2 1 1 693 729 897 936
2536 4 2 1 1 490 406 730 830
2537 4 2 1 1 426 391 867 877
2538 4 2 1 1 371 842 394 873
2539 4 2 1 1 738 774 390 877
2540 4 2 1 1 209 833 731 870
2541 4 2 1 1 150 168 753 815
2542 4 2 1 1 645 568 571 791
2543 4 2 1 1 390 774 738 831
2544 4 2 1 1 523 656 681 751
2545 4 2 1 1 529 531 530 855
2546 4 2 1 1 382 781 415 799
2547 4 2 1 1 663 279 792 879
2548 4 2 1 1 351 350 460 769
2549 4 2 1 1 691 760 812 882
2550 4 2 1 1 136 165 134 761
2551 4 2 1 1 360 357 466 861
2552 4 2 1 1 720 692 742 904
2553 4 2 1 1 686 802 776 926
2554 4 2 1 1 536 735 539 864
2555 4 2 1 1 550 790 764 907
2556 4 2 1 1 406 797 730 830
2557 4 2 1 1 694 771 750 938
2558 4 2 1 1 684 761 727 884
2559 4 2 1 1 400 830 467 925
2560 4 2 1 1 133 134 118 761
2561 4 2 1 1 588 670 520 773
2562 4 2 1 1 344 436 766 815
2563 4 2 1 1 256 898 730 931
2564 4 2 1 1 177 731 209 833
2565 4 2 1 1 397 461 758 842
2566 4 2 1 1 366 452 793 925
2567 4 2 1 1 701 716 763 909
2568 4 2 1 1 701 716 787 880
2569 4 2 1 1 654 837 670 862
2570 4 2 1 1 611 834 609 872
2571 4 2 1 1 331 320 293 766
2572 4 2 1 1 508 299 756 844
2573 4 2 1 1 756 589 844 845
2574 4 2 1 1 228 248 619 802
2575 4 2 1 1 463 479 494 788
2576 4 2 1 1 595 521 596 804
2577 4 2 1 1 370 812 376 871
2578 4 2 1 1 306 744 307 928
2579 4 2 1 1 422 770 810 934
2580 4 2 1 1 418 345 483 788
2581 4 2 1 1 690 721 806 911
2582 4 2 1 1 312 344 497 766
2583 4 2 1 1 515 619 248 802
2584 4 2 1 1 685 866 828 912
2585 4 2 1 1 397 842 758 851
2586 4 2 1 1 759 378 875 878
2587 4 2 1 1 491 854 744 887
2588 4 2 1 1 686 750 758 932
2589 4 2 1 1 410 421 401 724
2590 4 2 1 1 491 867 438 887
2591 4 2 1 1 725 787 689 903
2592 4 2 1 1 725 765 689 909
2593 4 2 1 1 228 802 619 910
2594 4 2 1 1 580 608 834 923
2595 4 2 1 1 603 559 792 886
2596 4 2 1 1 576 577 575 784
2597 4 2 1 1 337 280 497 832
2598 4 2 1 1 647 746 562 876
2599 4 2 1 1 611 750 834 872
2600 4 2 1 1 714 411 847 858
2601 4 2 1 1 606 727 803 906
2602 4 2 1 1 786 816 692 855
2603 4 2 1 1 631 729 835 936
2604 4 2 1 1 594 784 576 849
2605 4 2 1 1 563 651 668 778
2606 4 2 1 1 280 337 317 832
2607 4 2 1 1 782 801 685 828
2608 4 2 1 1 689 798 734 865
2609 4 2 1 1 693 726 813 878
2610 4 2 1 1 184 801 203 828
2611 4 2 1 1 417 731 825 940
2612 4 2 1 1 714 700 812 858
2613 4 2 1 1 389 738 390 877
2614 4 2 1 1 129 128 837 862
2615 4 2 1 1 349 775 826 848
2616 4 2 1 1 397 395 461 842
2617 4 2 1 1 266 342 225 796
2618 4 2 1 1 725 689 822 903
2619 4 2 1 1 716 787 739 909
2620 4 2 1 1 260 244 277 737
2621 4 2 1 1 604 784 737 915
2622 4 2 1 1 689 767 712 822
2623 4 2 1 1 734 739 689 909
2624 4 2 1 1 289 291 290 811
2625 4 2 1 1 729 693 759 927
2626 4 2 1 1 260 229 244 737
2627 4 2 1 1 610 611 612 823
2628 4 2 1 1 691 812 793 882
2629 4 2 1 1 707 797 776 926
2630 4 2 1 1 701 880 745 941
2631 4 2 1 1 491 744 867 887
2632 4 2 1 1 390 738 387 831
2633 4 2 1 1 604 737 784 901
2634 4 2 1 1 657 282 311 780
2635 4 2 1 1 139 140 843 891
2636 4 2 1 1 241 719 276 930
2637 4 2 1 1 440 779 719 846
2638 4 2 1 1 734 763 716 909
2639 4 2 1 1 717 836 791 849
2640 4 2 1 1 606 593 727 906
2641 4 2 1 1 170 719 132 930
2642 4 2 1 1 631 835 555 936
2643 4 2 1 1 733 798 689 865
2644 4 2 1 1 314 307 306 744
2645 4 2 1 1 244 239 796 881
2646 4 2 1 1 490 730 428 898
2647 4 2 1 1 312 497 280 766
2648 4 2 1 1 362 439 725 850
2649 4 2 1 1 538 728 535 864
2650 4 2 1 1 714 699 768 871
2651 4 2 1 1 155 142 715 843
2652 4 2 1 1 620 623 785 802
2653 4 2 1 1 334 428 730 898
2654 4 2 1 1 187 172 188 762
2655 4 2 1 1 734 798 548 865
2656 4 2 1 1 562 746 592 869
2657 4 2 1 1 722 799 696 838
2658 4 2 1 1 564 558 868 936
2659 4 2 1 1 544 547 548 734
2660 4 2 1 1 609 610 786 834
2661 4 2 1 1 642 757 541 883
2662 4 2 1 1 637 545 550 889
2663 4 2 1 1 739 767 430 887
2664 4 2 1 1 765 888 865 909
2665 4 2 1 1 690 824 740 911
2666 4 2 1 1 716 701 787 909
2667 4 2 1 1 690 718 764 889
2668 4 2 1 1 754 814 667 869
2669 4 2 1 1 695 716 774 899
2670 4 2 1 1 697 729 922 927
2671 4 2 1 1 691 749 720 904
2672 4 2 1 1 740 824 876 911
2673 4 2 1 1 225 796 342 810
2674 4 2 1 1 491 507 854 887
2675 4 2 1 1 528 855 816 923
2676 4 2 1 1 538 600 535 728
2677 4 2 1 1 329 751 311 780
2678 4 2 1 1 313 293 328 837
2679 4 2 1 1 559 554 552 733
2680 4 2 1 1 219 211 713 905
2681 4 2 1 1 409 434 408 787
2682 4 2 1 1 196 731 177 852
2683 4 2 1 1 700 856 810 937
2684 4 2 1 1 352 806 721 848
2685 4 2 1 1 255 785 233 802
2686 4 2 1 1 235 276 258 719
2687 4 2 1 1 152 170 126 719
2688 4 2 1 1 622 627 872 891
2689 4 2 1 1 527 816 529 855
2690 4 2 1 1 237 777 788 881
2691 4 2 1 1 367 372 370 882
2692 4 2 1 1 725 701 787 880
2693 4 2 1 1 791 841 699 849
2694 4 2 1 1 557 868 743 885
2695 4 2 1 1 715 769 694 829
2696 4 2 1 1 435 436 753 809
2697 4 2 1 1 717 768 731 852
2698 4 2 1 1 691 752 732 863
2699 4 2 1 1 314 306 283 744
2700 4 2 1 1 706 758 750 932
2701 4 2 1 1 776 802 707 926
2702 4 2 1 1 728 765 701 864
2703 4 2 1 1 693 732 839 920
2704 4 2 1 1 401 724 421 934
2705 4 2 1 1 226 770 492 898
2706 4 2 1 1 699 760 726 894
2707 4 2 1 1 699 714 768 918
2708 4 2 1 1 562 647 592 746
2709 4 2 1 1 682 667 814 869
2710 4 2 1 1 740 876 746 911
2711 4 2 1 1 701 765 725 909
2712 4 2 1 1 773 790 702 914
2713 4 2 1 1 650 647 648 938
2714 4 2 1 1 715 694 769 913
2715 4 2 1 1 400 797 467 830
2716 4 2 1 1 563 557 651 868
2717 4 2 1 1 375 411 376 858
2718 4 2 1 1 713 782 685 828
2719 4 2 1 1 223 184 203 828
2720 4 2 1 1 688 757 723 883
2721 4 2 1 1 266 463 342 796
2722 4 2 1 1 725 689 787 909
2723 4 2 1 1 313 328 284 773
2724 4 2 1 1 455 442 343 761
2725 4 2 1 1 238 796 239 881
2726 4 2 1 1 591 593 561 906
2727 4 2 1 1 165 136 157 884
2728 4 2 1 1 694 823 757 938
2729 4 2 1 1 452 410 372 793
2730 4 2 1 1 572 664 601 798
2731 4 2 1 1 704 756 798 879
2732 4 2 1 1 389 809 738 877
2733 4 2 1 1 550 790 582 914
2734 4 2 1 1 671 780 751 866
2735 4 2 1 1 580 609 610 786
2736 4 2 1 1 419 347 495 801
2737 4 2 1 1 380 475 382 781
2738 4 2 1 1 299 879 756 908
2739 4 2 1 1 724 770 898 934
2740 4 2 1 1 820 844 589 845
2741 4 2 1 1 604 737 518 915
2742 4 2 1 1 221 777 804 902
2743 4 2 1 1 759 878 875 927
2744 4 2 1 1 710 830 730 935
2745 4 2 1 1 712 875 781 922
2746 4 2 1 1 689 822 712 922
2747 4 2 1 1 638 532 723 883
2748 4 2 1 1 803 862 684 884
2749 4 2 1 1 692 816 786 923
2750 4 2 1 1 691 724 749 904
2751 4 2 1 1 724 793 691 812
2752 4 2 1 1 229 272 737 881
2753 4 2 1 1 204 347 801 811
2754 4 2 1 1 732 760 691 920
2755 4 2 1 1 735 745 701 924
2756 4 2 1 1 705 769 746 911
2757 4 2 1 1 145 652 669 727
2758 4 2 1 1 620 515 623 802
2759 4 2 1 1 759 922 729 927
2760 4 2 1 1 389 387 390 738
2761 4 2 1 1 536 535 808 864
2762 4 2 1 1 702 790 718 914
2763 4 2 1 1 710 730 830 898
2764 4 2 1 1 244 239 243 796
2765 4 2 1 1 556 835 743 868
2766 4 2 1 1 261 245 247 795
2767 4 2 1 1 258 276 227 819
2768 4 2 1 1 562 591 740 869
2769 4 2 1 1 205 777 521 804
2770 4 2 1 1 723 786 692 855
2771 4 2 1 1 363 793 452 882
2772 4 2 1 1 604 577 784 915
2773 4 2 1 1 362 755 359 850
2774 4 2 1 1 404 374 373 726
2775 4 2 1 1 151 672 522 748
2776 4 2 1 1 712 696 799 860
2777 4 2 1 1 246 898 256 931
2778 4 2 1 1 374 373 726 878
2779 4 2 1 1 699 768 717 918
2780 4 2 1 1 661 773 821 914
2781 4 2 1 1 359 755 361 850
2782 4 2 1 1 599 604 518 915
2783 4 2 1 1 295 879 296 908
2784 4 2 1 1 371 460 769 873
2785 4 2 1 1 382 475 415 781
2786 4 2 1 1 544 763 543 917
2787 4 2 1 1 397 396 395 842
2788 4 2 1 1 358 355 357 817
2789 4 2 1 1 755 850 711 861
2790 4 2 1 1 594 578 576 784
2791 4 2 1 1 728 808 535 864
2792 4 2 1 1 716 690 831 941
2793 4 2 1 1 651 683 713 885
2794 4 2 1 1 721 761 684 840
2795 4 2 1 1 439 379 472 822
2796 4 2 1 1 125 128 815 837
2797 4 2 1 1 204 347 484 801
2798 4 2 1 1 436 437 766 809
2799 4 2 1 1 700 827 749 893
2800 4 2 1 1 460 458 399 829
2801 4 2 1 1 749 855 720 904
2802 4 2 1 1 562 740 546 824
2803 4 2 1 1 684 840 761 884
2804 4 2 1 1 430 767 739 903
2805 4 2 1 1 388 389 403 809
2806 4 2 1 1 367 363 452 882
2807 4 2 1 1 563 564 558 868
2808 4 2 1 1 788 796 698 847
2809 4 2 1 1 816 855 786 923
2810 4 2 1 1 310 291 329 780
2811 4 2 1 1 214 183 523 751
2812 4 2 1 1 428 232 730 874
2813 4 2 1 1 362 359 361 850
2814 4 2 1 1 499 416 722 799
2815 4 2 1 1 539 824 735 876
2816 4 2 1 1 469 412 768 871
2817 4 2 1 1 314 744 325 908
2818 4 2 1 1 591 561 562 740
2819 4 2 1 1 643 562 824 876
2820 4 2 1 1 352 806 365 896
2821 4 2 1 1 521 673 205 804
2822 4 2 1 1 378 374 444 794
2823 4 2 1 1 555 835 556 868
2824 4 2 1 1 322 503 312 815
2825 4 2 1 1 589 756 572 845
2826 4 2 1 1 712 696 860 929
2827 4 2 1 1 768 847 714 871
2828 4 2 1 1 609 786 580 834
2829 4 2 1 1 660 512 780 895
2830 4 2 1 1 617 509 231 789
2831 4 2 1 1 548 551 544 865
2832 4 2 1 1 353 355 448 806
2833 4 2 1 1 485 207 177 852
2834 4 2 1 1 624 749 646 827
2835 4 2 1 1 306 429 744 928
2836 4 2 1 1 220 191 189 818
2837 4 2 1 1 723 532 855 883
2838 4 2 1 1 499 722 459 838
2839 4 2 1 1 238 266 239 796
2840 4 2 1 1 195 731 196 836
2841 4 2 1 1 204 801 222 811
2842 4 2 1 1 303 747 315 821
2843 4 2 1 1 759 875 822 922
2844 4 2 1 1 694 736 842 873
2845 4 2 1 1 461 829 758 842
2846 4 2 1 1 735 705 757 876
2847 4 2 1 1 333 348 138 775
2848 4 2 1 1 730 797 406 874
2849 4 2 1 1 695 867 744 887
2850 4 2 1 1 471 366 742 925
2851 4 2 1 1 739 787 689 909
2852 4 2 1 1 409 880 787 941
2853 4 2 1 1 512 294 309 895
2854 4 2 1 1 707 730 797 935
2855 4 2 1 1 335 283 306 744
2856 4 2 1 1 700 724 812 934
2857 4 2 1 1 717 783 768 852
2858 4 2 1 1 652 593 669 727
2859 4 2 1 1 692 797 853 925
2860 4 2 1 1 571 597 791 836
2861 4 2 1 1 705 745 735 924
2862 4 2 1 1 684 727 803 884
2863 4 2 1 1 267 255 252 819
2864 4 2 1 1 191 188 189 762
2865 4 2 1 1 165 145 727 803
2866 4 2 1 1 447 775 349 848
2867 4 2 1 1 533 534 531 808
2868 4 2 1 1 421 898 770 934
2869 4 2 1 1 241 259 275 785
2870 4 2 1 1 148 136 133 761
2871 4 2 1 1 386 721 352 896
2872 4 2 1 1 690 764 740 889
2873 4 2 1 1 539 735 541 876
2874 4 2 1 1 229 272 244 737
2875 4 2 1 1 243 796 225 810
2876 4 2 1 1 538 537 644 864
2877 4 2 1 1 486 768 783 852
2878 4 2 1 1 649 550 582 914
2879 4 2 1 1 550 581 790 907
2880 4 2 1 1 685 799 722 900
2881 4 2 1 1 499 838 433 860
2882 4 2 1 1 399 829 461 842
2883 4 2 1 1 552 601 559 798
2884 4 2 1 1 221 186 777 902
2885 4 2 1 1 334 226 492 898
2886 4 2 1 1 748 857 132 930
2887 4 2 1 1 350 449 458 826
2888 4 2 1 1 477 800 433 838
2889 4 2 1 1 691 720 793 904
2890 4 2 1 1 697 927 741 936
2891 4 2 1 1 666 633 571 791
2892 4 2 1 1 757 823 648 938
2893 4 2 1 1 835 868 555 936
2894 4 2 1 1 445 762 489 833
2895 4 2 1 1 683 668 651 713
2896 4 2 1 1 118 138 348 775
2897 4 2 1 1 667 754 510 814
2898 4 2 1 1 446 782 482 859
2899 4 2 1 1 426 832 877 928
2900 4 2 1 1 623 259 653 785
2901 4 2 1 1 299 756 300 908
2902 4 2 1 1 746 769 694 913
2903 4 2 1 1 229 257 272 881
2904 4 2 1 1 205 221 777 804
2905 4 2 1 1 746 911 769 913
2906 4 2 1 1 400 396 797 853
2907 4 2 1 1 727 906 684 907
2908 4 2 1 1 624 527 749 893
2909 4 2 1 1 547 845 734 917
2910 4 2 1 1 568 645 570 849
2911 4 2 1 1 398 400 396 797
2912 4 2 1 1 458 807 456 829
2913 4 2 1 1 399 461 395 842
2914 4 2 1 1 256 226 334 898
2915 4 2 1 1 701 725 787 909
2916 4 2 1 1 325 314 283 744
2917 4 2 1 1 687 826 775 848
2918 4 2 1 1 548 798 601 865
2919 4 2 1 1 358 448 355 745
2920 4 2 1 1 668 778 713 905
2921 4 2 1 1 731 699 825 940
2922 4 2 1 1 368 464 373 760
2923 4 2 1 1 548 734 547 845
2924 4 2 1 1 492 242 476 770
2925 4 2 1 1 560 893 598 915
2926 4 2 1 1 526 509 789 890
2927 4 2 1 1 320 304 328 773
2928 4 2 1 1 471 465 366 925
2929 4 2 1 1 672 748 124 891
2930 4 2 1 1 557 556 743 868
2931 4 2 1 1 698 788 783 902
2932 4 2 1 1 404 726 373 894
2933 4 2 1 1 253 617 231 789
2934 4 2 1 1 439 377 379 759
2935 4 2 1 1 598 893 827 915
2936 4 2 1 1 704 879 792 908
2937 4 2 1 1 248 255 233 802
2938 4 2 1 1 195 196 194 836
2939 4 2 1 1 148 136 761 884
2940 4 2 1 1 244 277 737 856
2941 4 2 1 1 699 717 849 918
2942 4 2 1 1 580 834 786 923
2943 4 2 1 1 490 467 406 830
2944 4 2 1 1 602 798 664 879
2945 4 2 1 1 403 435 388 809
2946 4 2 1 1 346 441 440 719
2947 4 2 1 1 242 770 245 810
2948 4 2 1 1 335 306 429 744
2949 4 2 1 1 724 410 830 925
2950 4 2 1 1 552 548 601 865
2951 4 2 1 1 373 760 464 894
2952 4 2 1 1 686 872 750 932
2953 4 2 1 1 731 768 699 940
2954 4 2 1 1 708 786 750 926
2955 4 2 1 1 718 845 820 917
2956 4 2 1 1 388 387 738 896
2957 4 2 1 1 712 767 733 929
2958 4 2 1 1 200 836 633 870
2959 4 2 1 1 527 530 624 749
2960 4 2 1 1 525 816 527 893
2961 4 2 1 1 233 259 623 785
2962 4 2 1 1 122 510 754 814
2963 4 2 1 1 368 370 760 882
2964 4 2 1 1 388 738 840 896
2965 4 2 1 1 202 782 203 801
2966 4 2 1 1 780 805 886 895
2967 4 2 1 1 165 157 145 803
2968 4 2 1 1 700 810 858 937
2969 4 2 1 1 242 476 770 810
2970 4 2 1 1 207 196 177 852
2971 4 2 1 1 206 502 215 788
2972 4 2 1 1 766 773 702 939
2973 4 2 1 1 334 490 428 898
2974 4 2 1 1 516 618 212 828
2975 4 2 1 1 629 754 667 869
2976 4 2 1 1 752 827 575 863
2977 4 2 1 1 209 731 195 870
2978 4 2 1 1 141 843 754 916
2979 4 2 1 1 571 791 633 836
2980 4 2 1 1 749 816 710 893
2981 4 2 1 1 397 398 396 851
2982 4 2 1 1 339 264 776 819
2983 4 2 1 1 692 830 797 925
2984 4 2 1 1 438 867 392 899
2985 4 2 1 1 415 799 781 900
2986 4 2 1 1 544 540 543 763
2987 4 2 1 1 196 209 177 731
2988 4 2 1 1 457 341 779 807
2989 4 2 1 1 577 827 784 915
2990 4 2 1 1 713 685 782 933
2991 4 2 1 1 540 763 544 888
2992 4 2 1 1 491 744 429 867
2993 4 2 1 1 473 437 403 809
2994 4 2 1 1 746 869 740 911
2995 4 2 1 1 559 639 554 733
2996 4 2 1 1 743 885 868 933
2997 4 2 1 1 464 760 370 871
2998 4 2 1 1 797 851 776 926
2999 4 2 1 1 714 700 858 937
3000 4 2 1 1 714 752 784 918
3001 4 2 1 1 682 667 510 814
3002 4 2 1 1 122 156 669 814
3003 4 2 1 1 305 320 766 939
3004 4 2 1 1 692 855 816 904
3005 4 2 1 1 391 774 867 877
3006 4 2 1 1 785 802 686 834
3007 4 2 1 1 430 887 767 919
3008 4 2 1 1 611 609 614 872
3009 4 2 1 1 576 784 752 849
3010 4 2 1 1 315 821 747 844
3011 4 2 1 1 552 601 798 865
3012 4 2 1 1 416 495 459 722
3013 4 2 1 1 626 538 644 765
3014 4 2 1 1 631 553 555 835
3015 4 2 1 1 137 165 145 727
3016 4 2 1 1 198 197 213 783
3017 4 2 1 1 557 555 556 868
3018 4 2 1 1 695 747 744 867
3019 4 2 1 1 327 315 303 747
3020 4 2 1 1 742 853 471 925
3021 4 2 1 1 692 923 786 935
3022 4 2 1 1 743 781 685 933
3023 4 2 1 1 715 771 754 843
3024 4 2 1 1 684 809 738 840
3025 4 2 1 1 690 740 824 889
3026 4 2 1 1 566 841 741 892
3027 4 2 1 1 356 394 736 873
3028 4 2 1 1 506 492 770 898
3029 4 2 1 1 539 643 824 876
3030 4 2 1 1 817 861 755 924
3031 4 2 1 1 232 273 263 730
3032 4 2 1 1 764 684 906 907
3033 4 2 1 1 746 757 705 876
3034 4 2 1 1 282 329 311 780
3035 4 2 1 1 734 888 763 909
3036 4 2 1 1 356 736 817 873
3037 4 2 1 1 660 886 512 895
3038 4 2 1 1 620 785 621 872
3039 4 2 1 1 705 817 736 873
3040 4 2 1 1 461 424 397 758
3041 4 2 1 1 414 382 799 860
3042 4 2 1 1 702 718 820 914
3043 4 2 1 1 644 551 765 888
3044 4 2 1 1 438 739 887 899
3045 4 2 1 1 584 557 743 885
3046 4 2 1 1 170 126 719 930
3047 4 2 1 1 539 540 537 864
3048 4 2 1 1 276 719 235 930
3049 4 2 1 1 435 403 436 809
3050 4 2 1 1 247 246 274 931
3051 4 2 1 1 574 752 575 863
3052 4 2 1 1 158 654 641 862
3053 4 2 1 1 588 582 790 914
3054 4 2 1 1 344 312 503 815
3055 4 2 1 1 324 311 288 751
3056 4 2 1 1 268 215 502 788
3057 4 2 1 1 467 797 406 830
3058 4 2 1 1 700 770 810 856
3059 4 2 1 1 516 212 171 828
3060 4 2 1 1 259 785 241 857
3061 4 2 1 1 626 538 765 897
3062 4 2 1 1 582 583 588 790
3063 4 2 1 1 749 827 624 893
3064 4 2 1 1 349 775 333 826
3065 4 2 1 1 343 133 35 455
3066 4 2 1 1 455 34 348 133
3067 4 2 1 1 133 34 348 118
3068 4 2 1 1 122 510 146 754
3069 4 2 1 1 703 778 741 892
3070 4 2 1 1 718 695 820 845
3071 4 2 1 1 744 429 867 928
3072 4 2 1 1 397 758 424 851
3073 4 2 1 1 580 786 636 923
3074 4 2 1 1 819 846 686 851
3075 4 2 1 1 698 784 901 918
3076 4 2 1 1 616 818 778 905
3077 4 2 1 1 737 856 700 937
3078 4 2 1 1 769 911 687 913
3079 4 2 1 1 706 779 758 932
3080 4 2 1 1 721 690 806 896
3081 4 2 1 1 370 375 376 812
3082 4 2 1 1 688 861 817 924
3083 4 2 1 1 580 636 528 923
3084 4 2 1 1 408 430 438 739
3085 4 2 1 1 142 807 715 843
3086 4 2 1 1 454 341 119 779
3087 4 2 1 1 129 654 158 862
3088 4 2 1 1 650 746 647 938
3089 4 2 1 1 792 886 733 929
3090 4 2 1 1 252 249 251 776
3091 4 2 1 1 584 557 556 743
3092 4 2 1 1 133 343 35 148
3093 4 2 1 1 712 743 835 922
3094 4 2 1 1 726 794 703 825
3095 4 2 1 1 280 331 312 766
3096 4 2 1 1 265 501 264 874
3097 4 2 1 1 167 151 132 748
3098 4 2 1 1 129 837 654 862
3099 4 2 1 1 692 816 923 935
3100 4 2 1 1 447 442 761 840
3101 4 2 1 1 294 659 792 895
3102 4 2 1 1 464 368 370 760
3103 4 2 1 1 506 334 492 898
3104 4 2 1 1 754 771 715 913
3105 4 2 1 1 696 800 792 895
3106 4 2 1 1 691 793 724 904
3107 4 2 1 1 451 850 813 878
3108 4 2 1 1 785 834 686 872
3109 4 2 1 1 377 378 759 878
3110 4 2 1 1 384 822 767 903
3111 4 2 1 1 683 675 828 885
3112 4 2 1 1 697 781 875 922
3113 4 2 1 1 486 768 412 847
3114 4 2 1 1 184 222 203 801
3115 4 2 1 1 268 234 180 788
3116 4 2 1 1 389 388 387 738
3117 4 2 1 1 475 781 380 875
3118 4 2 1 1 697 922 759 927
3119 4 2 1 1 452 410 793 925
3120 4 2 1 1 619 248 84 515
3121 4 2 1 1 228 248 84 619
3122 4 2 1 1 746 876 705 911
3123 4 2 1 1 438 739 430 887
3124 4 2 1 1 564 741 778 892
3125 4 2 1 1 786 834 750 926
3126 4 2 1 1 184 182 222 912
3127 4 2 1 1 151 132 748 857
3128 4 2 1 1 718 889 763 917
3129 4 2 1 1 744 756 704 908
3130 4 2 1 1 666 616 818 892
3131 4 2 1 1 283 325 744 908
3132 4 2 1 1 747 702 820 821
3133 4 2 1 1 491 335 744 854
3134 4 2 1 1 268 180 215 788
3135 4 2 1 1 776 819 686 851
3136 4 2 1 1 303 747 821 939
3137 4 2 1 1 509 231 789 890
3138 4 2 1 1 271 655 678 777
3139 4 2 1 1 487 332 192 833
3140 4 2 1 1 351 460 354 769
3141 4 2 1 1 646 749 530 863
3142 4 2 1 1 813 850 693 878
3143 4 2 1 1 706 750 872 932
3144 4 2 1 1 427 406 797 874
3145 4 2 1 1 711 793 882 920
3146 4 2 1 1 635 565 632 839
3147 4 2 1 1 752 849 784 918
3148 4 2 1 1 279 294 659 792
3149 4 2 1 1 218 833 209 870
3150 4 2 1 1 408 739 438 899
3151 4 2 1 1 320 304 773 939
3152 4 2 1 1 514 595 594 804
3153 4 2 1 1 421 770 422 934
3154 4 2 1 1 203 202 190 782
3155 4 2 1 1 743 868 835 922
3156 4 2 1 1 490 830 730 898
3157 4 2 1 1 694 750 823 938
3158 4 2 1 1 643 562 546 824
3159 4 2 1 1 496 227 339 819
3160 4 2 1 1 697 868 743 922
3161 4 2 1 1 219 199 211 905
3162 4 2 1 1 732 691 863 920
3163 4 2 1 1 457 456 341 807
3164 4 2 1 1 486 418 783 847
3165 4 2 1 1 242 226 245 770
3166 4 2 1 1 445 794 762 859
3167 4 2 1 1 754 771 629 916
3168 4 2 1 1 475 859 781 875
3169 4 2 1 1 413 463 494 796
3170 4 2 1 1 453 474 787 880
3171 4 2 1 1 621 785 748 872
3172 4 2 1 1 621 748 785 857
3173 4 2 1 1 622 872 748 891
3174 4 2 1 1 488 417 485 940
3175 4 2 1 1 564 566 741 892
3176 4 2 1 1 436 403 437 809
3177 4 2 1 1 221 186 205 777
3178 4 2 1 1 238 237 788 881
3179 4 2 1 1 512 886 603 895
3180 4 2 1 1 273 263 730 921
3181 4 2 1 1 800 838 696 860
3182 4 2 1 1 606 727 652 803
3183 4 2 1 1 404 825 726 894
3184 4 2 1 1 305 766 832 939
3185 4 2 1 1 491 507 335 854
3186 4 2 1 1 690 831 806 896
3187 4 2 1 1 731 836 195 870
3188 4 2 1 1 559 639 733 886
3189 4 2 1 1 453 474 409 787
3190 4 2 1 1 576 752 570 849
3191 4 2 1 1 280 305 320 766
3192 4 2 1 1 560 599 634 795
3193 4 2 1 1 154 779 341 807
3194 4 2 1 1 683 675 516 828
3195 4 2 1 1 430 767 402 919
3196 4 2 1 1 121 149 148 753
3197 4 2 1 1 732 863 772 920
3198 4 2 1 1 700 770 724 934
3199 4 2 1 1 701 864 765 888
3200 4 2 1 1 708 842 736 853
3201 4 2 1 1 149 148 753 884
3202 4 2 1 1 122 754 147 814
3203 4 2 1 1 739 689 787 903
3204 4 2 1 1 583 674 862 907
3205 4 2 1 1 634 795 599 915
3206 4 2 1 1 296 298 295 908
3207 4 2 1 1 459 499 416 722
3208 4 2 1 1 327 747 303 939
3209 4 2 1 1 339 227 264 819
3210 4 2 1 1 746 687 911 913
3211 4 2 1 1 624 827 598 893
3212 4 2 1 1 659 603 792 895
3213 4 2 1 1 739 787 716 899
3214 4 2 1 1 729 697 868 936
3215 4 2 1 1 201 220 218 870
3216 4 2 1 1 776 874 707 921
3217 4 2 1 1 344 478 436 815
3218 4 2 1 1 758 846 424 851
3219 4 2 1 1 682 510 669 814
3220 4 2 1 1 561 546 740 906
3221 4 2 1 1 694 758 829 842
3222 4 2 1 1 280 305 766 832
3223 4 2 1 1 652 727 145 803
3224 4 2 1 1 592 650 629 938
3225 4 2 1 1 453 787 409 880
3226 4 2 1 1 154 119 341 779
3227 4 2 1 1 730 874 273 921
3228 4 2 1 1 501 776 264 874
3229 4 2 1 1 644 864 537 888
3230 4 2 1 1 163 478 503 815
3231 4 2 1 1 688 755 861 924
3232 4 2 1 1 594 645 597 849
3233 4 2 1 1 124 151 167 748
3234 4 2 1 1 496 425 441 819
3235 4 2 1 1 127 125 128 815
3236 4 2 1 1 475 385 859 875
3237 4 2 1 1 693 728 839 897
3238 4 2 1 1 395 396 394 842
3239 4 2 1 1 428 730 406 874
3240 4 2 1 1 448 745 358 941
3241 4 2 1 1 435 462 343 753
3242 4 2 1 1 279 659 663 792
3243 4 2 1 1 259 653 785 857
3244 4 2 1 1 333 775 138 826
3245 4 2 1 1 352 353 806 848
3246 4 2 1 1 212 828 618 912
3247 4 2 1 1 646 827 749 863
3248 4 2 1 1 758 851 708 926
3249 4 2 1 1 268 502 479 788
3250 4 2 1 1 758 842 708 851
3251 4 2 1 1 422 770 421 898
3252 4 2 1 1 781 782 685 933
3253 4 2 1 1 428 490 406 730
3254 4 2 1 1 279 295 294 792
3255 4 2 1 1 768 783 717 918
3256 4 2 1 1 273 730 232 874
3257 4 2 1 1 272 244 737 881
3258 4 2 1 1 560 599 795 915
3259 4 2 1 1 698 788 777 881
3260 4 2 1 1 202 340 187 782
3261 4 2 1 1 777 788 698 902
3262 4 2 1 1 699 894 825 940
3263 4 2 1 1 720 742 793 904
3264 4 2 1 1 542 763 824 889
3265 4 2 1 1 163 503 322 815
3266 4 2 1 1 543 763 542 889
3267 4 2 1 1 510 630 146 754
3268 4 2 1 1 526 527 525 816
3269 4 2 1 1 575 574 570 752
3270 4 2 1 1 169 862 803 884
3271 4 2 1 1 546 549 545 889
3272 4 2 1 1 469 376 412 871
3273 4 2 1 1 437 344 436 766
3274 4 2 1 1 473 809 403 877
3275 4 2 1 1 391 774 392 867
3276 4 2 1 1 749 827 691 863
3277 4 2 1 1 634 88 524 262
3278 4 2 1 1 691 827 752 863
3279 4 2 1 1 606 906 803 907
3280 4 2 1 1 196 195 209 731
3281 4 2 1 1 283 854 325 908
3282 4 2 1 1 598 624 646 827
3283 4 2 1 1 739 767 689 903
3284 4 2 1 1 214 179 183 751
3285 4 2 1 1 400 465 853 925
3286 4 2 1 1 646 575 827 863
3287 4 2 1 1 726 794 878 927
3288 4 2 1 1 335 283 744 854
3289 4 2 1 1 430 384 767 903
3290 4 2 1 1 350 349 333 826
3291 4 2 1 1 603 559 602 792
3292 4 2 1 1 283 744 854 908
3293 4 2 1 1 727 684 803 907
3294 4 2 1 1 526 525 509 890
3295 4 2 1 1 491 335 429 744
3296 4 2 1 1 686 851 758 926
3297 4 2 1 1 607 772 640 863
3298 4 2 1 1 608 802 620 834
3299 4 2 1 1 374 369 373 878
3300 4 2 1 1 297 294 295 792
3301 4 2 1 1 540 542 543 763
3302 4 2 1 1 444 489 445 794
3303 4 2 1 1 608 579 910 923
3304 4 2 1 1 576 575 570 752
3305 4 2 1 1 578 604 577 784
3306 4 2 1 1 494 345 418 788
3307 4 2 1 1 138 775 135 826
3308 4 2 1 1 251 874 776 921
3309 4 2 1 1 541 642 648 757
3310 4 2 1 1 379 377 378 759
3311 4 2 1 1 231 254 789 890
3312 4 2 1 1 789 890 254 931
3313 4 2 1 1 422 770 476 810
3314 4 2 1 1 704 800 792 929
3315 4 2 1 1 792 800 696 929
3316 4 2 1 1 536 808 533 883
3317 4 2 1 1 567 791 568 841
3318 4 2 1 1 331 293 287 815
3319 4 2 1 1 236 216 185 777
3320 4 2 1 1 600 538 635 897
3321 4 2 1 1 385 794 444 859
3322 4 2 1 1 652 606 593 727
3323 4 2 1 1 204 175 222 801
3324 4 2 1 1 731 833 703 870
3325 4 2 1 1 772 839 732 920
3326 4 2 1 1 216 678 521 777
3327 4 2 1 1 668 616 778 905
3328 4 2 1 1 613 627 628 771
3329 4 2 1 1 257 655 271 777
3330 4 2 1 1 299 508 756 879
3331 4 2 1 1 271 678 216 777
3332 4 2 1 1 731 825 703 833
3333 4 2 1 1 716 831 774 899
3334 4 2 1 1 491 407 438 867
3335 4 2 1 1 271 216 236 777
3336 4 2 1 1 262 524 634 795
3337 4 2 1 1 342 796 498 810
3338 4 2 1 1 250 249 910 921
3339 4 2 1 1 541 757 648 876
3340 4 2 1 1 294 792 297 895
3341 4 2 1 1 129 130 128 862
3342 4 2 1 1 692 720 855 904
3343 4 2 1 1 523 751 183 912
3344 4 2 1 1 691 882 793 920
3345 4 2 1 1 560 795 893 915
3346 4 2 1 1 400 467 465 925
3347 4 2 1 1 780 696 805 895
3348 4 2 1 1 318 838 330 895
3349 4 2 1 1 602 601 664 798
3350 4 2 1 1 687 869 746 911
3351 4 2 1 1 339 264 501 776
3352 4 2 1 1 522 151 748 857
3353 4 2 1 1 537 538 535 864
3354 4 2 1 1 407 392 438 867
3355 4 2 1 1 698 796 788 881
3356 4 2 1 1 611 614 627 872
3357 4 2 1 1 408 393 409 899
3358 4 2 1 1 664 572 589 756
3359 4 2 1 1 702 738 809 877
3360 4 2 1 1 624 530 646 749
3361 4 2 1 1 587 660 780 805
3362 4 2 1 1 565 564 566 741
3363 4 2 1 1 592 746 650 938
3364 4 2 1 1 730 898 710 931
3365 4 2 1 1 465 471 853 925
3366 4 2 1 1 529 816 528 855
3367 4 2 1 1 327 832 747 939
3368 4 2 1 1 422 810 476 934
3369 4 2 1 1 685 805 743 885
3370 4 2 1 1 604 784 578 901
3371 4 2 1 1 687 740 869 911
3372 4 2 1 1 700 827 893 915
3373 4 2 1 1 445 762 481 859
3374 4 2 1 1 702 821 747 939
3375 4 2 1 1 155 141 142 843
3376 4 2 1 1 686 819 719 846
3377 4 2 1 1 327 747 832 928
3378 4 2 1 1 703 791 731 870
3379 4 2 1 1 196 197 194 852
3380 4 2 1 1 618 828 675 866
3381 4 2 1 1 692 853 742 925
3382 4 2 1 1 233 255 275 785
3383 4 2 1 1 243 239 225 796
3384 4 2 1 1 387 831 738 896
3385 4 2 1 1 246 245 226 770
3386 4 2 1 1 602 559 601 798
3387 4 2 1 1 389 403 809 877
3388 4 2 1 1 562 561 546 740
3389 4 2 1 1 395 371 399 842
3390 4 2 1 1 697 729 868 922
3391 4 2 1 1 705 817 745 924
3392 4 2 1 1 785 872 686 932
3393 4 2 1 1 781 859 782 933
3394 4 2 1 1 669 510 122 814
3395 4 2 1 1 750 834 686 926
3396 4 2 1 1 423 776 427 851
3397 4 2 1 1 432 800 493 854
3398 4 2 1 1 386 840 721 896
3399 4 2 1 1 641 654 670 862
3400 4 2 1 1 656 523 671 751
3401 4 2 1 1 644 544 551 888
3402 4 2 1 1 322 127 163 815
3403 4 2 1 1 687 848 721 911
3404 4 2 1 1 600 635 839 897
3405 4 2 1 1 295 792 279 879
3406 4 2 1 1 368 760 813 882
3407 4 2 1 1 621 785 653 857
3408 4 2 1 1 206 345 502 788
3409 4 2 1 1 225 342 242 810
3410 4 2 1 1 430 384 402 767
3411 4 2 1 1 444 794 385 875
3412 4 2 1 1 297 318 330 895
3413 4 2 1 1 745 880 358 941
3414 4 2 1 1 462 36 343 121
3415 4 2 1 1 137 166 135 814
3416 4 2 1 1 233 623 83 515
3417 4 2 1 1 719 686 846 932
3418 4 2 1 1 608 619 802 910
3419 4 2 1 1 33 333 348 138
3420 4 2 1 1 280 317 305 832
3421 4 2 1 1 282 512 309 780
3422 4 2 1 1 440 457 779 846
3423 4 2 1 1 248 233 83 515
3424 4 2 1 1 783 804 698 902
3425 4 2 1 1 138 348 33 118
3426 4 2 1 1 768 847 783 918
3427 4 2 1 1 274 254 890 931
3428 4 2 1 1 476 422 492 770
3429 4 2 1 1 354 769 460 873
3430 4 2 1 1 379 759 378 875
3431 4 2 1 1 567 571 568 791
3432 4 2 1 1 551 626 644 765
3433 4 2 1 1 130 862 169 884
3434 4 2 1 1 349 447 348 775
3435 4 2 1 1 640 772 600 839
3436 4 2 1 1 289 311 329 751
3437 4 2 1 1 455 447 442 761
3438 4 2 1 1 520 658 588 773
3439 4 2 1 1 391 390 774 877
3440 4 2 1 1 148 343 36 121
3441 4 2 1 1 796 858 810 937
3442 4 2 1 1 228 249 802 910
3443 4 2 1 1 415 416 799 900
3444 4 2 1 1 786 834 707 923
3445 4 2 1 1 231 274 254 890
3446 4 2 1 1 299 296 879 908
3447 4 2 1 1 676 633 174 836
3448 4 2 1 1 661 773 513 821
3449 4 2 1 1 124 748 167 891
3450 4 2 1 1 202 340 782 801
3451 4 2 1 1 453 358 359 880
3452 4 2 1 1 583 790 581 907
3453 4 2 1 1 748 872 785 932
3454 4 2 1 1 587 780 671 866
3455 4 2 1 1 522 748 621 857
3456 4 2 1 1 515 608 619 802
3457 4 2 1 1 309 780 512 895
3458 4 2 1 1 392 774 390 899
3459 4 2 1 1 352 353 365 806
3460 4 2 1 1 772 863 691 920
3461 4 2 1 1 467 400 406 797
3462 4 2 1 1 392 867 774 899
3463 4 2 1 1 787 880 716 941
3464 4 2 1 1 426 832 473 877
3465 4 2 1 1 398 423 427 851
3466 4 2 1 1 163 150 478 815
3467 4 2 1 1 697 868 778 933
3468 4 2 1 1 592 647 650 746
3469 4 2 1 1 444 378 794 875
3470 4 2 1 1 537 536 539 864
3471 4 2 1 1 142 143 807 843
3472 4 2 1 1 729 868 835 936
3473 4 2 1 1 146 147 122 754
3474 4 2 1 1 521 595 673 804
3475 4 2 1 1 252 776 264 819
3476 4 2 1 1 700 812 858 934
3477 4 2 1 1 639 585 805 886
3478 4 2 1 1 766 702 832 939
3479 4 2 1 1 577 598 575 827
3480 4 2 1 1 587 805 780 866
3481 4 2 1 1 202 187 190 782
3482 4 2 1 1 205 178 221 804
3483 4 2 1 1 451 813 369 878
3484 4 2 1 1 402 767 383 860
3485 4 2 1 1 696 838 800 895
3486 4 2 1 1 228 249 248 802
3487 4 2 1 1 286 55 179 181
3488 4 2 1 1 288 55 179 286
3489 4 2 1 1 424 846 423 851
3490 4 2 1 1 537 864 540 888
3491 4 2 1 1 629 667 592 869
3492 4 2 1 1 216 521 205 777
3493 4 2 1 1 138 135 164 826
3494 4 2 1 1 572 548 547 845
3495 4 2 1 1 737 700 915 937
3496 4 2 1 1 783 847 698 918
3497 4 2 1 1 835 868 729 922
3498 4 2 1 1 710 898 770 931
3499 4 2 1 1 523 671 751 912
3500 4 2 1 1 391 392 407 867
3501 4 2 1 1 448 358 470 941
3502 4 2 1 1 469 412 486 768
3503 4 2 1 1 407 491 429 867
3504 4 2 1 1 675 866 828 885
3505 4 2 1 1 398 427 406 797
3506 4 2 1 1 344 503 478 815
3507 4 2 1 1 687 769 848 911
3508 4 2 1 1 356 817 355 873
3509 4 2 1 1 302 821 773 939
3510 4 2 1 1 231 617 86 509
3511 4 2 1 1 700 893 795 915
3512 4 2 1 1 589 573 820 845
3513 4 2 1 1 529 528 636 855
3514 4 2 1 1 434 787 474 903
3515 4 2 1 1 658 284 107 302
3516 4 2 1 1 446 481 782 859
3517 4 2 1 1 617 526 509 789
3518 4 2 1 1 456 458 450 807
3519 4 2 1 1 294 512 659 895
3520 4 2 1 1 550 581 582 790
3521 4 2 1 1 499 477 433 838
3522 4 2 1 1 579 526 789 923
3523 4 2 1 1 281 108 302 821
3524 4 2 1 1 477 336 278 838
3525 4 2 1 1 637 545 889 917
3526 4 2 1 1 146 141 754 916
3527 4 2 1 1 600 640 534 772
3528 4 2 1 1 470 880 409 941
3529 4 2 1 1 696 886 805 895
3530 4 2 1 1 561 549 546 906
3531 4 2 1 1 371 395 394 842
3532 4 2 1 1 730 921 263 931
3533 4 2 1 1 498 796 847 858
3534 4 2 1 1 392 390 393 899
3535 4 2 1 1 322 287 127 815
3536 4 2 1 1 336 499 459 838
3537 4 2 1 1 609 580 608 834
3538 4 2 1 1 622 621 748 872
3539 4 2 1 1 437 473 337 832
3540 4 2 1 1 402 384 383 767
3541 4 2 1 1 122 147 166 814
3542 4 2 1 1 617 253 231 86
3543 4 2 1 1 617 579 526 789
3544 4 2 1 1 91 655 257 605
3545 4 2 1 1 352 447 349 848
3546 4 2 1 1 628 517 677 916
3547 4 2 1 1 622 748 672 891
3548 4 2 1 1 50 625 516 199
3549 4 2 1 1 414 383 382 860
3550 4 2 1 1 202 175 340 801
3551 4 2 1 1 580 610 636 786
3552 4 2 1 1 539 541 643 876
3553 4 2 1 1 414 799 499 860
3554 4 2 1 1 204 222 182 811
3555 4 2 1 1 692 742 904 925
3556 4 2 1 1 64 172 187 487
3557 4 2 1 1 344 437 497 766
3558 4 2 1 1 631 897 729 936
3559 4 2 1 1 265 264 251 874
3560 4 2 1 1 685 866 805 885
3561 4 2 1 1 653 623 82 259
3562 4 2 1 1 663 792 602 879
3563 4 2 1 1 119 159 170 779
3564 4 2 1 1 136 134 133 761
3565 4 2 1 1 360 466 366 861
3566 4 2 1 1 506 422 421 898
3567 4 2 1 1 391 389 390 877
3568 4 2 1 1 476 810 443 934
3569 4 2 1 1 360 363 361 861
3570 4 2 1 1 620 621 614 872
3571 4 2 1 1 262 634 88 230
3572 4 2 1 1 175 484 340 801
3573 4 2 1 1 616 511 666 818
3574 4 2 1 1 481 445 487 762
3575 4 2 1 1 302 773 304 939
3576 4 2 1 1 666 791 567 892
3577 4 2 1 1 598 827 577 915
3578 4 2 1 1 444 385 378 875
3579 4 2 1 1 292 25 127 125
3580 4 2 1 1 259 623 82 233
3581 4 2 1 1 291 278 319 838
3582 4 2 1 1 686 834 802 926
3583 4 2 1 1 754 843 771 916
3584 4 2 1 1 496 339 425 819
3585 4 2 1 1 579 789 617 910
3586 4 2 1 1 622 522 672 748
3587 4 2 1 1 462 435 436 753
3588 4 2 1 1 782 801 340 900
3589 4 2 1 1 777 804 698 901
3590 4 2 1 1 146 141 147 754
3591 4 2 1 1 440 457 454 779
3592 4 2 1 1 390 468 393 831
3593 4 2 1 1 685 782 781 900
3594 4 2 1 1 364 813 451 850
3595 4 2 1 1 527 528 529 816
3596 4 2 1 1 130 169 149 884
3597 4 2 1 1 744 867 747 928
3598 4 2 1 1 470 358 880 941
3599 4 2 1 1 309 310 780 895
3600 4 2 1 1 174 633 200 836
3601 4 2 1 1 422 476 443 934
3602 4 2 1 1 238 239 237 881
3603 4 2 1 1 532 531 529 855
3604 4 2 1 1 318 800 301 838
3605 4 2 1 1 567 841 566 892
3606 4 2 1 1 433 860 800 919
3607 4 2 1 1 180 206 215 788
3608 4 2 1 1 484 347 419 801
3609 4 2 1 1 288 311 289 751
3610 4 2 1 1 638 642 532 883
3611 4 2 1 1 671 866 751 912
3612 4 2 1 1 779 846 758 932
3613 4 2 1 1 564 741 565 936
3614 4 2 1 1 400 465 471 853
3615 4 2 1 1 536 535 533 808
3616 4 2 1 1 596 521 655 777
3617 4 2 1 1 525 524 890 893
3618 4 2 1 1 536 537 535 864
3619 4 2 1 1 526 816 789 923
3620 4 2 1 1 699 768 871 940
3621 4 2 1 1 385 475 380 875
3622 4 2 1 1 333 349 348 775
3623 4 2 1 1 282 309 310 780
3624 4 2 1 1 237 257 777 881
3625 4 2 1 1 368 813 364 882
3626 4 2 1 1 621 623 653 785
3627 4 2 1 1 547 544 543 917
3628 4 2 1 1 616 778 818 892
3629 4 2 1 1 262 634 230 795
3630 4 2 1 1 154 143 779 807
3631 4 2 1 1 612 648 823 938
3632 4 2 1 1 828 866 618 912
3633 4 2 1 1 673 44 178 193
3634 4 2 1 1 615 818 616 905
3635 4 2 1 1 699 871 894 940
3636 4 2 1 1 685 713 828 885
3637 4 2 1 1 198 221 804 902
3638 4 2 1 1 571 633 597 836
3639 4 2 1 1 368 367 370 882
3640 4 2 1 1 470 409 393 941
3641 4 2 1 1 712 860 767 929
3642 4 2 1 1 701 880 755 924
3643 4 2 1 1 693 726 878 927
3644 4 2 1 1 585 805 587 866
3645 4 2 1 1 794 859 385 875
3646 4 2 1 1 820 821 702 914
3647 4 2 1 1 507 491 431 887
3648 4 2 1 1 393 831 468 941
3649 4 2 1 1 431 887 430 919
3650 4 2 1 1 639 660 585 886
3651 4 2 1 1 142 140 143 843
3652 4 2 1 1 795 890 524 893
3653 4 2 1 1 486 783 338 852
3654 4 2 1 1 119 454 29 341
3655 4 2 1 1 91 257 229 605
3656 4 2 1 1 331 287 312 815
3657 4 2 1 1 200 176 201 870
3658 4 2 1 1 607 534 640 772
3659 4 2 1 1 236 185 40 234
3660 4 2 1 1 434 474 472 903
3661 4 2 1 1 477 301 800 838
3662 4 2 1 1 582 581 583 790
3663 4 2 1 1 767 822 689 903
3664 4 2 1 1 332 445 489 833
3665 4 2 1 1 498 810 796 858
3666 4 2 1 1 469 894 871 940
3667 4 2 1 1 425 423 424 846
3668 4 2 1 1 117 803 169 862
3669 4 2 1 1 198 213 221 902
3670 4 2 1 1 405 464 469 894
3671 4 2 1 1 803 862 674 907
3672 4 2 1 1 513 773 302 821
3673 4 2 1 1 555 868 558 936
3674 4 2 1 1 756 879 704 908
3675 4 2 1 1 457 341 454 779
3676 4 2 1 1 660 805 585 886
3677 4 2 1 1 700 810 770 934
3678 4 2 1 1 414 382 415 799
3679 4 2 1 1 179 182 183 751
3680 4 2 1 1 730 707 921 935
3681 4 2 1 1 74 232 256 334
3682 4 2 1 1 399 458 456 829
3683 4 2 1 1 362 451 439 850
3684 4 2 1 1 174 676 46 633
3685 4 2 1 1 713 885 685 933
3686 4 2 1 1 250 253 789 910
3687 4 2 1 1 797 830 692 935
3688 4 2 1 1 131 132 857 930
3689 4 2 1 1 629 630 667 754
3690 4 2 1 1 735 701 864 924
3691 4 2 1 1 584 651 557 885
3692 4 2 1 1 447 386 442 840
3693 4 2 1 1 333 32 449 826
3694 4 2 1 1 405 894 469 940
3695 4 2 1 1 456 461 399 829
3696 4 2 1 1 506 492 422 770
3697 4 2 1 1 730 830 797 935
3698 4 2 1 1 774 867 695 899
3699 4 2 1 1 281 821 315 844
3700 4 2 1 1 710 730 931 935
3701 4 2 1 1 117 158 519 862
3702 4 2 1 1 135 118 134 775
3703 4 2 1 1 686 834 750 872
3704 4 2 1 1 586 585 587 866
3705 4 2 1 1 464 871 469 894
3706 4 2 1 1 435 442 388 840
3707 4 2 1 1 564 567 566 892
3708 4 2 1 1 666 571 567 791
3709 4 2 1 1 702 773 914 939
3710 4 2 1 1 560 795 524 893
3711 4 2 1 1 789 910 579 923
3712 4 2 1 1 281 308 109 665
3713 4 2 1 1 638 610 612 823
3714 4 2 1 1 506 770 422 898
3715 4 2 1 1 696 733 886 929
3716 4 2 1 1 737 915 784 937
3717 4 2 1 1 541 648 647 876
3718 4 2 1 1 349 350 351 848
3719 4 2 1 1 821 914 773 939
3720 4 2 1 1 564 778 616 892
3721 4 2 1 1 635 897 631 936
3722 4 2 1 1 641 519 158 862
3723 4 2 1 1 308 110 665 299
3724 4 2 1 1 431 430 402 919
3725 4 2 1 1 698 804 777 902
3726 4 2 1 1 630 754 629 916
3727 4 2 1 1 727 803 906 907
3728 4 2 1 1 316 301 298 854
3729 4 2 1 1 299 300 296 908
3730 4 2 1 1 710 931 789 935
3731 4 2 1 1 402 767 860 919
3732 4 2 1 1 510 667 630 754
3733 4 2 1 1 525 560 524 893
3734 4 2 1 1 659 512 603 895
3735 4 2 1 1 183 751 182 912
3736 4 2 1 1 356 371 394 873
3737 4 2 1 1 238 268 479 788
3738 4 2 1 1 327 307 747 928
3739 4 2 1 1 372 375 370 812
3740 4 2 1 1 702 914 821 939
3741 4 2 1 1 555 558 631 936
3742 4 2 1 1 434 409 474 787
3743 4 2 1 1 364 363 367 882
3744 4 2 1 1 454 28 346 152
3745 4 2 1 1 810 858 443 934
3746 4 2 1 1 361 364 451 850
3747 4 2 1 1 760 871 464 894
3748 4 2 1 1 308 665 281 844
3749 4 2 1 1 542 824 546 889
3750 4 2 1 1 427 776 501 874
3751 4 2 1 1 264 776 251 874
3752 4 2 1 1 339 501 427 776
3753 4 2 1 1 266 225 239 796
3754 4 2 1 1 516 675 618 828
3755 4 2 1 1 352 351 353 848
3756 4 2 1 1 588 773 661 914
3757 4 2 1 1 127 287 25 292
3758 4 2 1 1 90 229 518 605
3759 4 2 1 1 498 847 411 858
3760 4 2 1 1 657 512 282 780
3761 4 2 1 1 655 521 678 777
3762 4 2 1 1 617 789 253 910
3763 4 2 1 1 694 913 771 938
3764 4 2 1 1 697 859 781 933
3765 4 2 1 1 388 840 386 896
3766 4 2 1 1 781 859 697 875
3767 4 2 1 1 764 790 684 907
3768 4 2 1 1 14 672 124 891
3769 4 2 1 1 388 386 387 896
3770 4 2 1 1 386 352 365 896
3771 4 2 1 1 250 910 789 921
3772 4 2 1 1 304 302 284 773
3773 4 2 1 1 117 519 803 862
3774 4 2 1 1 192 488 177 833
3775 4 2 1 1 620 608 515 802
3776 4 2 1 1 178 193 198 804
3777 4 2 1 1 522 622 621 748
3778 4 2 1 1 433 800 432 919
3779 4 2 1 1 702 747 832 939
3780 4 2 1 1 703 870 818 892
3781 4 2 1 1 747 821 820 844
3782 4 2 1 1 241 276 235 930
3783 4 2 1 1 170 132 126 930
3784 4 2 1 1 567 791 841 892
3785 4 2 1 1 786 923 707 935
3786 4 2 1 1 253 254 250 789
3787 4 2 1 1 477 278 301 838
3788 4 2 1 1 708 851 797 926
3789 4 2 1 1 690 824 763 889
3790 4 2 1 1 512 660 603 886
3791 4 2 1 1 689 865 734 909
3792 4 2 1 1 333 138 32 826
3793 4 2 1 1 482 782 340 900
3794 4 2 1 1 707 802 834 926
3795 4 2 1 1 763 888 701 909
3796 4 2 1 1 483 173 338 783
3797 4 2 1 1 586 618 675 866
3798 4 2 1 1 498 796 413 847
3799 4 2 1 1 701 745 880 924
3800 4 2 1 1 371 354 460 873
3801 4 2 1 1 694 746 913 938
3802 4 2 1 1 232 74 428 334
3803 4 2 1 1 210 818 615 905
3804 4 2 1 1 508 756 589 844
3805 4 2 1 1 117 519 652 803
3806 4 2 1 1 353 448 365 806
3807 4 2 1 1 377 374 378 878
3808 4 2 1 1 229 518 260 90
3809 4 2 1 1 65 187 202 340
3810 4 2 1 1 309 294 512 113
3811 4 2 1 1 507 854 887 919
3812 4 2 1 1 471 394 396 853
3813 4 2 1 1 312 287 322 815
3814 4 2 1 1 356 466 357 817
3815 4 2 1 1 426 391 407 867
3816 4 2 1 1 14 124 139 891
3817 4 2 1 1 118 135 138 775
3818 4 2 1 1 139 120 15 677
3819 4 2 1 1 254 250 789 921
3820 4 2 1 1 583 641 670 862
3821 4 2 1 1 44 673 514 193
3822 4 2 1 1 700 858 810 934
3823 4 2 1 1 617 253 85 910
3824 4 2 1 1 384 472 381 822
3825 4 2 1 1 445 444 794 859
3826 4 2 1 1 233 275 259 785
3827 4 2 1 1 689 765 865 909
3828 4 2 1 1 327 832 285 928
3829 4 2 1 1 507 887 431 919
3830 4 2 1 1 607 646 530 863
3831 4 2 1 1 67 175 204 484
3832 4 2 1 1 574 575 646 863
3833 4 2 1 1 563 616 564 778
3834 4 2 1 1 847 858 796 937
3835 4 2 1 1 543 763 889 917
3836 4 2 1 1 384 472 822 903
3837 4 2 1 1 607 640 574 863
3838 4 2 1 1 467 830 410 925
3839 4 2 1 1 421 830 490 898
3840 4 2 1 1 477 499 336 838
3841 4 2 1 1 477 301 493 800
3842 4 2 1 1 253 231 254 789
3843 4 2 1 1 121 168 149 753
3844 4 2 1 1 469 871 768 940
3845 4 2 1 1 731 852 768 940
3846 4 2 1 1 200 174 46 633
3847 4 2 1 1 465 452 366 925
3848 4 2 1 1 240 857 241 930
3849 4 2 1 1 468 390 387 831
3850 4 2 1 1 301 800 298 854
3851 4 2 1 1 612 648 638 823
3852 4 2 1 1 327 307 315 747
3853 4 2 1 1 742 793 904 925
3854 4 2 1 1 421 410 467 830
3855 4 2 1 1 539 643 542 824
3856 4 2 1 1 318 301 278 838
3857 4 2 1 1 225 77 242 342
3858 4 2 1 1 171 50 516 199
3859 4 2 1 1 490 421 467 830
3860 4 2 1 1 623 621 620 785
3861 4 2 1 1 401 421 422 934
3862 4 2 1 1 234 185 40 180
3863 4 2 1 1 151 131 132 857
3864 4 2 1 1 671 587 657 780
3865 4 2 1 1 71 496 227 339
3866 4 2 1 1 13 672 151 124
3867 4 2 1 1 15 139 677 517
3868 4 2 1 1 608 620 609 834
3869 4 2 1 1 169 803 157 884
3870 4 2 1 1 340 481 187 782
3871 4 2 1 1 641 158 22 654
3872 4 2 1 1 43 178 205 673
3873 4 2 1 1 622 517 627 891
3874 4 2 1 1 697 859 794 875
3875 4 2 1 1 281 303 315 821
3876 4 2 1 1 463 266 79 479
3877 4 2 1 1 445 481 446 859
3878 4 2 1 1 614 622 627 872
3879 4 2 1 1 560 624 598 893
3880 4 2 1 1 420 768 486 852
3881 4 2 1 1 618 51 516 212
3882 4 2 1 1 686 846 758 851
3883 4 2 1 1 176 511 48 210
3884 4 2 1 1 193 676 45 174
3885 4 2 1 1 181 286 321 811
3886 4 2 1 1 595 514 673 804
3887 4 2 1 1 545 542 546 889
3888 4 2 1 1 218 209 201 870
3889 4 2 1 1 28 454 119 152
3890 4 2 1 1 111 299 279 879
3891 4 2 1 1 18 122 156 669
3892 4 2 1 1 146 754 630 916
3893 4 2 1 1 508 589 665 844
3894 4 2 1 1 432 800 854 919
3895 4 2 1 1 767 887 704 919
3896 4 2 1 1 476 242 342 810
3897 4 2 1 1 154 119 29 341
3898 4 2 1 1 470 453 409 880
3899 4 2 1 1 418 486 412 847
3900 4 2 1 1 577 604 599 915
3901 4 2 1 1 200 195 836 870
3902 4 2 1 1 450 154 341 807
3903 4 2 1 1 252 264 227 819
3904 4 2 1 1 313 284 106 658
3905 4 2 1 1 188 172 189 762
3906 4 2 1 1 789 931 730 935
3907 4 2 1 1 154 143 119 779
3908 4 2 1 1 202 203 175 801
3909 4 2 1 1 480 505 321 811
3910 4 2 1 1 248 249 255 802
3911 4 2 1 1 721 848 806 911
3912 4 2 1 1 158 129 22 654
3913 4 2 1 1 710 890 789 931
3914 4 2 1 1 615 48 511 210
3915 4 2 1 1 696 886 792 929
3916 4 2 1 1 498 413 411 847
3917 4 2 1 1 14 517 672 891
3918 4 2 1 1 617 85 619 910
3919 4 2 1 1 687 814 754 869
3920 4 2 1 1 613 771 629 938
3921 4 2 1 1 699 871 760 894
3922 4 2 1 1 413 494 418 847
3923 4 2 1 1 338 173 208 783
3924 4 2 1 1 236 237 257 777
3925 4 2 1 1 555 554 556 835
3926 4 2 1 1 635 631 565 936
3927 4 2 1 1 237 272 257 881
3928 4 2 1 1 696 800 860 929
3929 4 2 1 1 234 238 237 788
3930 4 2 1 1 703 791 870 892
3931 4 2 1 1 744 854 704 887
3932 4 2 1 1 616 563 668 778
3933 4 2 1 1 336 101 477 278
3934 4 2 1 1 789 816 710 935
3935 4 2 1 1 519 20 117 652
3936 4 2 1 1 186 185 205 777
3937 4 2 1 1 598 646 575 827
3938 4 2 1 1 764 906 549 907
3939 4 2 1 1 587 660 512 780
3940 4 2 1 1 543 542 545 889
3941 4 2 1 1 392 391 390 774
3942 4 2 1 1 730 921 789 935
3943 4 2 1 1 321 217 181 811
3944 4 2 1 1 637 573 547 845
3945 4 2 1 1 580 579 608 923
3946 4 2 1 1 781 799 685 900
3947 4 2 1 1 445 385 444 859
3948 4 2 1 1 45 514 676 193
3949 4 2 1 1 707 834 786 926
3950 4 2 1 1 426 473 391 877
3951 4 2 1 1 14 139 517 891
3952 4 2 1 1 477 493 432 800
3953 4 2 1 1 668 615 616 905
3954 4 2 1 1 171 516 51 212
3955 4 2 1 1 99 316 283 493
3956 4 2 1 1 547 637 845 917
3957 4 2 1 1 407 867 429 928
3958 4 2 1 1 674 803 519 862
3959 4 2 1 1 800 919 860 929
3960 4 2 1 1 743 685 885 933
3961 4 2 1 1 119 143 159 779
3962 4 2 1 1 253 228 85 910
3963 4 2 1 1 576 578 577 784
3964 4 2 1 1 560 598 599 915
3965 4 2 1 1 368 369 364 813
3966 4 2 1 1 366 363 360 861
3967 4 2 1 1 120 843 141 916
3968 4 2 1 1 608 579 619 910
3969 4 2 1 1 364 369 451 813
3970 4 2 1 1 417 489 825 833
3971 4 2 1 1 493 316 283 854
3972 4 2 1 1 464 370 376 871
3973 4 2 1 1 294 297 309 895
3974 4 2 1 1 498 443 810 858
3975 4 2 1 1 636 532 529 855
3976 4 2 1 1 586 866 675 885
3977 4 2 1 1 789 921 730 931
3978 4 2 1 1 251 249 250 921
3979 4 2 1 1 488 62 192 177
3980 4 2 1 1 686 776 851 926
3981 4 2 1 1 612 650 648 938
3982 4 2 1 1 192 332 488 833
3983 4 2 1 1 468 831 387 896
3984 4 2 1 1 354 356 355 873
3985 4 2 1 1 243 810 245 856
3986 4 2 1 1 192 172 63 487
3987 4 2 1 1 451 369 377 878
3988 4 2 1 1 427 423 339 776
3989 4 2 1 1 622 614 621 872
3990 4 2 1 1 768 852 420 940
3991 4 2 1 1 154 450 153 807
3992 4 2 1 1 605 604 596 901
3993 4 2 1 1 177 209 218 833
3994 4 2 1 1 236 257 271 777
3995 4 2 1 1 426 500 337 928
3996 4 2 1 1 375 858 812 934
3997 4 2 1 1 295 279 296 879
3998 4 2 1 1 664 756 508 879
3999 4 2 1 1 685 801 782 900
4000 4 2 1 1 356 357 355 817
4001 4 2 1 1 830 904 724 925
4002 4 2 1 1 642 536 533 883
4003 4 2 1 1 657 115 656 311
4004 4 2 1 1 339 227 71 264
4005 4 2 1 1 347 217 505 811
4006 4 2 1 1 521 43 205 673
4007 4 2 1 1 535 534 533 808
4008 4 2 1 1 240 259 241 857
4009 4 2 1 1 522 13 672 151
4010 4 2 1 1 697 759 875 927
4011 4 2 1 1 663 111 279 879
4012 4 2 1 1 117 652 145 803
4013 4 2 1 1 737 881 698 901
4014 4 2 1 1 472 379 381 822
4015 4 2 1 1 714 847 768 918
4016 4 2 1 1 47 200 633 511
4017 4 2 1 1 793 724 904 925
4018 4 2 1 1 315 300 308 844
4019 4 2 1 1 273 254 263 921
4020 4 2 1 1 778 703 818 892
4021 4 2 1 1 645 576 570 849
4022 4 2 1 1 251 264 252 776
4023 4 2 1 1 618 866 671 912
4024 4 2 1 1 493 316 301 100
4025 4 2 1 1 326 301 318 800
4026 4 2 1 1 404 405 825 894
4027 4 2 1 1 498 342 463 796
4028 4 2 1 1 173 213 783 902
4029 4 2 1 1 123 449 32 826
4030 4 2 1 1 419 340 801 900
4031 4 2 1 1 208 783 197 852
4032 4 2 1 1 268 238 234 788
4033 4 2 1 1 528 816 526 923
4034 4 2 1 1 157 117 145 803
4035 4 2 1 1 145 19 156 669
4036 4 2 1 1 338 783 208 852
4037 4 2 1 1 368 364 367 882
4038 4 2 1 1 321 290 480 811
4039 4 2 1 1 698 881 737 937
4040 4 2 1 1 588 513 661 773
4041 4 2 1 1 511 47 200 176
4042 4 2 1 1 663 659 602 792
4043 4 2 1 1 499 414 416 799
4044 4 2 1 1 416 414 415 799
4045 4 2 1 1 238 79 266 479
4046 4 2 1 1 115 657 282 311
4047 4 2 1 1 125 129 128 837
4048 4 2 1 1 743 868 697 933
4049 4 2 1 1 114 512 309 282
4050 4 2 1 1 453 470 358 880
4051 4 2 1 1 419 482 340 900
4052 4 2 1 1 704 854 744 908
4053 4 2 1 1 643 647 562 876
4054 4 2 1 1 156 122 137 814
4055 4 2 1 1 301 326 298 800
4056 4 2 1 1 289 290 286 811
4057 4 2 1 1 686 758 846 932
4058 4 2 1 1 618 52 212 912
4059 4 2 1 1 760 882 691 920
4060 4 2 1 1 469 486 420 768
4061 4 2 1 1 698 737 901 937
4062 4 2 1 1 664 589 508 756
4063 4 2 1 1 261 795 230 856
4064 4 2 1 1 492 76 242 226
4065 4 2 1 1 261 243 245 856
4066 4 2 1 1 321 505 217 811
4067 4 2 1 1 402 860 433 919
4068 4 2 1 1 97 285 500 928
4069 4 2 1 1 700 856 737 915
4070 4 2 1 1 120 140 141 843
4071 4 2 1 1 624 525 527 893
4072 4 2 1 1 293 313 292 837
4073 4 2 1 1 331 280 320 766
4074 4 2 1 1 698 881 777 901
4075 4 2 1 1 228 619 85 910
4076 4 2 1 1 597 633 676 836
4077 4 2 1 1 719 846 779 932
4078 4 2 1 1 820 821 590 844
4079 4 2 1 1 185 216 205 777
4080 4 2 1 1 687 746 869 913
4081 4 2 1 1 228 250 249 910
4082 4 2 1 1 212 184 828 912
4083 4 2 1 1 632 640 600 839
4084 4 2 1 1 682 591 667 869
4085 4 2 1 1 479 502 345 788
4086 4 2 1 1 792 886 696 895
4087 4 2 1 1 554 555 553 835
4088 4 2 1 1 513 658 107 302
4089 4 2 1 1 173 224 213 902
4090 4 2 1 1 426 337 832 928
4091 4 2 1 1 589 572 573 845
4092 4 2 1 1 486 418 338 783
4093 4 2 1 1 697 875 794 927
4094 4 2 1 1 513 302 108 821
4095 4 2 1 1 693 878 759 927
4096 4 2 1 1 484 204 67 347
4097 4 2 1 1 32 138 123 826
4098 4 2 1 1 511 616 615 818
4099 4 2 1 1 698 847 796 937
4100 4 2 1 1 108 281 662 821
4101 4 2 1 1 204 217 347 811
4102 4 2 1 1 467 410 465 925
4103 4 2 1 1 200 201 195 870
4104 4 2 1 1 522 621 653 857
4105 4 2 1 1 587 585 660 805
4106 4 2 1 1 469 768 420 940
4107 4 2 1 1 208 173 197 783
4108 4 2 1 1 440 424 457 846
4109 4 2 1 1 380 379 378 875
4110 4 2 1 1 169 117 157 803
4111 4 2 1 1 692 904 830 925
4112 4 2 1 1 210 191 818 905
4113 4 2 1 1 543 889 545 917
4114 4 2 1 1 303 821 302 939
4115 4 2 1 1 501 265 73 874
4116 4 2 1 1 415 419 416 900
4117 4 2 1 1 201 209 195 870
4118 4 2 1 1 481 64 187 487
4119 4 2 1 1 328 304 284 773
4120 4 2 1 1 301 477 101 278
4121 4 2 1 1 254 263 921 931
4122 4 2 1 1 332 62 192 488
4123 4 2 1 1 710 890 795 893
4124 4 2 1 1 327 305 832 939
4125 4 2 1 1 145 117 20 652
4126 4 2 1 1 254 921 789 931
4127 4 2 1 1 590 821 820 914
4128 4 2 1 1 524 795 262 890
4129 4 2 1 1 645 594 576 849
4130 4 2 1 1 698 901 784 937
4131 4 2 1 1 426 337 473 832
4132 4 2 1 1 687 869 754 913
4133 4 2 1 1 106 520 313 658
4134 4 2 1 1 182 181 204 811
4135 4 2 1 1 714 858 847 937
4136 4 2 1 1 630 17 510 146
4137 4 2 1 1 18 122 669 510
4138 4 2 1 1 791 836 731 870
4139 4 2 1 1 508 665 110 299
4140 4 2 1 1 560 634 524 795
4141 4 2 1 1 272 239 244 881
4142 4 2 1 1 432 433 477 800
4143 4 2 1 1 97 306 285 928
4144 4 2 1 1 784 901 737 937
4145 4 2 1 1 183 212 52 912
4146 4 2 1 1 523 618 671 912
4147 4 2 1 1 341 30 154 450
4148 4 2 1 1 277 261 230 856
4149 4 2 1 1 661 821 590 914
4150 4 2 1 1 94 344 497 312
4151 4 2 1 1 402 383 433 860
4152 4 2 1 1 476 342 498 810
4153 4 2 1 1 173 213 197 783
4154 4 2 1 1 697 875 759 922
4155 4 2 1 1 186 224 180 902
4156 4 2 1 1 146 16 120 916
4157 4 2 1 1 73 265 232 874
4158 4 2 1 1 17 122 510 146
4159 4 2 1 1 398 406 400 797
4160 4 2 1 1 737 881 796 937
4161 4 2 1 1 698 796 881 937
4162 4 2 1 1 327 285 307 928
4163 4 2 1 1 483 338 418 783
4164 4 2 1 1 109 662 281 665
4165 4 2 1 1 419 340 484 801
4166 4 2 1 1 58 206 173 483
4167 4 2 1 1 562 592 591 869
4168 4 2 1 1 500 317 285 96
4169 4 2 1 1 618 523 52 912
4170 4 2 1 1 130 117 169 862
4171 4 2 1 1 430 434 384 903
4172 4 2 1 1 476 242 77 342
4173 4 2 1 1 568 569 566 841
4174 4 2 1 1 125 292 160 837
4175 4 2 1 1 500 337 317 96
4176 4 2 1 1 139 144 140 891
4177 4 2 1 1 658 513 588 773
4178 4 2 1 1 480 495 347 811
4179 4 2 1 1 150 128 168 815
4180 4 2 1 1 282 310 329 780
4181 4 2 1 1 468 448 470 941
4182 4 2 1 1 303 302 304 939
4183 4 2 1 1 674 519 641 862
4184 4 2 1 1 522 680 162 857
4185 4 2 1 1 281 665 662 844
4186 4 2 1 1 426 867 407 928
4187 4 2 1 1 210 191 176 818
4188 4 2 1 1 173 338 59 483
4189 4 2 1 1 97 500 429 928
4190 4 2 1 1 327 305 285 832
4191 4 2 1 1 654 160 679 837
4192 4 2 1 1 417 420 485 940
4193 4 2 1 1 285 305 317 832
4194 4 2 1 1 404 373 405 894
4195 4 2 1 1 312 497 94 280
4196 4 2 1 1 485 420 852 940
4197 4 2 1 1 323 520 679 837
4198 4 2 1 1 629 613 628 771
4199 4 2 1 1 192 218 189 833
4200 4 2 1 1 450 341 456 807
4201 4 2 1 1 194 174 195 836
4202 4 2 1 1 120 16 677 916
4203 4 2 1 1 650 613 629 938
4204 4 2 1 1 674 606 803 907
4205 4 2 1 1 365 468 387 896
4206 4 2 1 1 512 114 657 282
4207 4 2 1 1 452 465 410 925
4208 4 2 1 1 700 795 856 915
4209 4 2 1 1 479 345 494 788
4210 4 2 1 1 149 136 148 884
4211 4 2 1 1 278 291 330 838
4212 4 2 1 1 270 240 131 857
4213 4 2 1 1 470 393 468 941
4214 4 2 1 1 701 888 765 909
4215 4 2 1 1 65 187 340 481
4216 4 2 1 1 659 512 294 113
4217 4 2 1 1 211 171 223 828
4218 4 2 1 1 644 537 540 888
4219 4 2 1 1 526 528 527 816
4220 4 2 1 1 412 411 413 847
4221 4 2 1 1 183 52 523 912
4222 4 2 1 1 333 449 350 826
4223 4 2 1 1 212 184 171 828
4224 4 2 1 1 160 292 323 837
4225 4 2 1 1 153 154 30 450
4226 4 2 1 1 178 198 221 804
4227 4 2 1 1 446 340 482 782
4228 4 2 1 1 297 330 310 895
4229 4 2 1 1 588 661 582 914
4230 4 2 1 1 270 131 162 857
4231 4 2 1 1 590 820 649 914
4232 4 2 1 1 99 283 335 493
4233 4 2 1 1 306 97 429 928
4234 4 2 1 1 498 443 476 810
4235 4 2 1 1 579 528 526 923
4236 4 2 1 1 828 866 685 885
4237 4 2 1 1 631 635 626 897
4238 4 2 1 1 493 283 335 854
4239 4 2 1 1 629 771 628 916
4240 4 2 1 1 586 675 584 885
4241 4 2 1 1 263 246 256 931
4242 4 2 1 1 146 120 141 916
4243 4 2 1 1 160 654 129 837
4244 4 2 1 1 335 98 306 283
4245 4 2 1 1 618 586 671 866
4246 4 2 1 1 598 577 599 915
4247 4 2 1 1 431 438 430 887
4248 4 2 1 1 641 21 158 519
4249 4 2 1 1 102 459 319 336
4250 4 2 1 1 498 463 413 796
4251 4 2 1 1 267 252 227 819
4252 4 2 1 1 496 70 227 258
4253 4 2 1 1 98 429 335 306
4254 4 2 1 1 158 130 129 862
4255 4 2 1 1 589 820 590 844
4256 4 2 1 1 397 424 423 851
4257 4 2 1 1 653 270 680 857
4258 4 2 1 1 704 919 800 929
4259 4 2 1 1 443 858 375 934
4260 4 2 1 1 300 314 325 908
4261 4 2 1 1 242 245 243 810
4262 4 2 1 1 626 635 538 897
4263 4 2 1 1 522 162 151 857
4264 4 2 1 1 111 508 299 879
4265 4 2 1 1 70 496 441 258
4266 4 2 1 1 622 672 517 891
4267 4 2 1 1 533 532 642 883
4268 4 2 1 1 281 662 821 844
4269 4 2 1 1 552 553 551 865
4270 4 2 1 1 619 579 617 910
4271 4 2 1 1 87 509 524 890
4272 4 2 1 1 438 431 491 887
4273 4 2 1 1 654 520 670 837
4274 4 2 1 1 58 206 483 345
4275 4 2 1 1 323 313 520 837
4276 4 2 1 1 306 307 285 928
4277 4 2 1 1 76 242 476 492
4278 4 2 1 1 247 230 261 795
4279 4 2 1 1 405 825 894 940
4280 4 2 1 1 813 882 760 920
4281 4 2 1 1 163 127 150 815
4282 4 2 1 1 417 488 332 833
4283 4 2 1 1 637 543 545 917
4284 4 2 1 1 542 643 546 824
4285 4 2 1 1 146 630 16 916
4286 4 2 1 1 707 910 789 923
4287 4 2 1 1 259 270 653 857
4288 4 2 1 1 590 573 649 820
4289 4 2 1 1 641 583 674 862
4290 4 2 1 1 714 918 784 937
4291 4 2 1 1 208 338 59 173
4292 4 2 1 1 573 590 589 820
4293 4 2 1 1 698 784 918 937
4294 4 2 1 1 389 473 403 877
4295 4 2 1 1 704 854 800 919
4296 4 2 1 1 512 657 587 780
4297 4 2 1 1 400 471 396 853
4298 4 2 1 1 606 549 906 907
4299 4 2 1 1 195 174 200 836
4300 4 2 1 1 417 332 489 833
4301 4 2 1 1 767 860 919 929
4302 4 2 1 1 361 451 362 850
4303 4 2 1 1 789 707 923 935
4304 4 2 1 1 63 192 487 332
4305 4 2 1 1 635 632 600 839
4306 4 2 1 1 509 87 231 890
4307 4 2 1 1 557 563 558 868
4308 4 2 1 1 242 243 225 810
4309 4 2 1 1 299 296 279 879
4310 4 2 1 1 767 919 704 929
4311 4 2 1 1 122 166 137 814
4312 4 2 1 1 711 882 813 920
4313 4 2 1 1 507 432 854 919
4314 4 2 1 1 281 315 308 844
4315 4 2 1 1 578 595 596 901
4316 4 2 1 1 704 887 854 919
4317 4 2 1 1 303 281 302 821
4318 4 2 1 1 87 524 262 890
4319 4 2 1 1 111 663 508 879
4320 4 2 1 1 336 319 102 278
4321 4 2 1 1 117 158 21 519
4322 4 2 1 1 583 581 674 907
4323 4 2 1 1 501 73 428 874
4324 4 2 1 1 548 552 551 865
4325 4 2 1 1 714 847 918 937
4326 4 2 1 1 384 434 472 903
4327 4 2 1 1 606 652 674 803
4328 4 2 1 1 250 228 253 910
4329 4 2 1 1 262 795 247 890
4330 4 2 1 1 325 854 298 908
4331 4 2 1 1 789 921 707 935
4332 4 2 1 1 73 232 428 874
4333 4 2 1 1 698 918 847 937
4334 4 2 1 1 433 414 499 860
4335 4 2 1 1 567 568 566 841
4336 4 2 1 1 630 677 16 916
4337 4 2 1 1 651 675 683 885
4338 4 2 1 1 42 216 678 521
4339 4 2 1 1 266 78 342 463
4340 4 2 1 1 251 273 874 921
4341 4 2 1 1 309 297 310 895
4342 4 2 1 1 650 612 613 938
4343 4 2 1 1 227 276 267 819
4344 4 2 1 1 175 203 222 801
4345 4 2 1 1 12 522 680 162
4346 4 2 1 1 408 438 392 899
4347 4 2 1 1 191 220 176 818
4348 4 2 1 1 296 325 298 908
4349 4 2 1 1 181 286 54 321
4350 4 2 1 1 179 214 56 288
4351 4 2 1 1 428 406 427 874
4352 4 2 1 1 128 150 127 815
4353 4 2 1 1 590 649 661 914
4354 4 2 1 1 125 292 26 160
4355 4 2 1 1 240 131 857 930
4356 4 2 1 1 557 558 555 868
4357 4 2 1 1 789 910 707 921
4358 4 2 1 1 140 142 141 843
4359 4 2 1 1 154 142 143 807
4360 4 2 1 1 41 185 236 216
4361 4 2 1 1 603 602 659 792
4362 4 2 1 1 192 177 218 833
4363 4 2 1 1 519 674 652 803
4364 4 2 1 1 323 679 160 837
4365 4 2 1 1 666 567 616 892
4366 4 2 1 1 49 210 615 905
4367 4 2 1 1 789 923 816 935
4368 4 2 1 1 27 504 346 152
4369 4 2 1 1 493 301 477 100
4370 4 2 1 1 11 270 240 131
4371 4 2 1 1 19 145 652 669
4372 4 2 1 1 606 581 549 907
4373 4 2 1 1 230 247 262 795
4374 4 2 1 1 398 397 423 851
4375 4 2 1 1 342 225 78 266
4376 4 2 1 1 136 169 157 884
4377 4 2 1 1 446 475 385 859
4378 4 2 1 1 271 41 236 216
4379 4 2 1 1 142 154 153 807
4380 4 2 1 1 424 440 425 846
4381 4 2 1 1 217 204 181 811
4382 4 2 1 1 644 540 544 888
4383 4 2 1 1 123 164 155 826
4384 4 2 1 1 270 11 162 131
4385 4 2 1 1 375 443 411 858
4386 4 2 1 1 564 565 558 936
4387 4 2 1 1 524 509 525 890
4388 4 2 1 1 586 587 671 866
4389 4 2 1 1 244 243 277 856
4390 4 2 1 1 347 505 480 811
4391 4 2 1 1 184 223 171 828
4392 4 2 1 1 217 181 54 321
4393 4 2 1 1 214 324 56 288
4394 4 2 1 1 163 322 24 127
4395 4 2 1 1 160 292 26 323
4396 4 2 1 1 108 662 513 821
4397 4 2 1 1 216 42 205 521
4398 4 2 1 1 87 262 231 890
4399 4 2 1 1 625 49 615 905
4400 4 2 1 1 49 199 210 905
4401 4 2 1 1 464 376 469 871
4402 4 2 1 1 373 464 405 894
4403 4 2 1 1 347 217 68 505
4404 4 2 1 1 352 349 351 848
4405 4 2 1 1 12 522 162 151
4406 4 2 1 1 49 625 199 905
4407 4 2 1 1 287 24 322 127
4408 4 2 1 1 679 520 323 105
4409 4 2 1 1 504 27 161 152
4410 4 2 1 1 572 547 573 845
4411 4 2 1 1 388 442 386 840
4412 4 2 1 1 124 167 144 891
4413 4 2 1 1 321 286 290 811
4414 4 2 1 1 126 10 235 930
4415 4 2 1 1 369 374 377 878
4416 4 2 1 1 678 655 271 92
4417 4 2 1 1 158 117 130 862
4418 4 2 1 1 432 493 507 854
4419 4 2 1 1 339 72 501 264
4420 4 2 1 1 559 603 639 886
4421 4 2 1 1 564 616 567 892
4422 4 2 1 1 405 417 404 825
4423 4 2 1 1 485 208 207 852
4424 4 2 1 1 661 513 590 821
4425 4 2 1 1 420 486 338 852
4426 4 2 1 1 257 271 655 92
4427 4 2 1 1 417 825 405 940
4428 4 2 1 1 443 375 401 934
4429 4 2 1 1 478 503 38 163
4430 4 2 1 1 265 501 72 264
4431 4 2 1 1 661 649 582 914
4432 4 2 1 1 204 217 68 347
4433 4 2 1 1 446 481 340 782
4434 4 2 1 1 378 385 380 875
4435 4 2 1 1 680 653 81 270
4436 4 2 1 1 313 323 520 105
4437 4 2 1 1 604 578 596 901
4438 4 2 1 1 507 431 432 919
4439 4 2 1 1 541 647 643 876
4440 4 2 1 1 590 821 662 844
4441 4 2 1 1 150 478 38 163
4442 4 2 1 1 305 304 320 939
4443 4 2 1 1 322 503 93 312
4444 4 2 1 1 60 485 208 207
4445 4 2 1 1 646 607 574 863
4446 4 2 1 1 270 653 81 259
4447 4 2 1 1 680 270 162 857
4448 4 2 1 1 493 335 507 854
4449 4 2 1 1 215 206 57 502
4450 4 2 1 1 356 354 371 873
4451 4 2 1 1 254 273 250 921
4452 4 2 1 1 393 408 392 899
4453 4 2 1 1 528 579 580 923
4454 4 2 1 1 383 414 433 860
4455 4 2 1 1 235 9 10 126
4456 4 2 1 1 258 504 69 269
4457 4 2 1 1 602 664 508 879
4458 4 2 1 1 84 85 228 619
4459 4 2 1 1 34 33 348 118
4460 4 2 1 1 35 34 455 133
4461 4 2 1 1 251 273 232 874
4462 4 2 1 1 624 560 525 893
4463 4 2 1 1 83 84 248 515
4464 4 2 1 1 184 183 182 912
4465 4 2 1 1 402 433 432 919
4466 4 2 1 1 344 93 503 312
4467 4 2 1 1 592 667 591 869
4468 4 2 1 1 441 504 69 258
4469 4 2 1 1 606 561 593 906
4470 4 2 1 1 617 85 253 86
4471 4 2 1 1 298 283 316 854
4472 4 2 1 1 272 237 239 881
4473 4 2 1 1 505 480 321 104
4474 4 2 1 1 654 160 23 679
4475 4 2 1 1 479 268 80 502
4476 4 2 1 1 389 391 473 877
4477 4 2 1 1 404 417 489 825
4478 4 2 1 1 426 407 429 928
4479 4 2 1 1 36 35 343 148
4480 4 2 1 1 208 197 196 852
4481 4 2 1 1 324 656 116 311
4482 4 2 1 1 232 265 251 874
4483 4 2 1 1 386 365 387 896
4484 4 2 1 1 129 160 23 654
4485 4 2 1 1 290 321 480 104
4486 4 2 1 1 283 298 325 854
4487 4 2 1 1 412 413 418 847
4488 4 2 1 1 296 300 325 908
4489 4 2 1 1 139 124 144 891
4490 4 2 1 1 547 543 637 917
4491 4 2 1 1 123 138 164 826
4492 4 2 1 1 116 681 656 324
4493 4 2 1 1 584 675 651 885
4494 4 2 1 1 240 10 131 930
4495 4 2 1 1 33 32 333 138
4496 4 2 1 1 278 330 318 838
4497 4 2 1 1 623 83 82 233
4498 4 2 1 1 208 196 207 852
4499 4 2 1 1 125 160 129 837
4500 4 2 1 1 240 235 10 930
4501 4 2 1 1 126 131 10 930
4502 4 2 1 1 654 679 520 837
4503 4 2 1 1 183 523 53 214
4504 4 2 1 1 151 162 131 857
4505 4 2 1 1 345 57 206 502
4506 4 2 1 1 313 323 292 837
4507 4 2 1 1 139 15 14 517
4508 4 2 1 1 45 44 514 193
4509 4 2 1 1 523 681 53 214
4510 4 2 1 1 37 36 462 121
4511 4 2 1 1 234 40 39 180
4512 4 2 1 1 232 74 73 428
4513 4 2 1 1 136 149 169 884
4514 4 2 1 1 665 589 662 844
4515 4 2 1 1 561 606 549 906
4516 4 2 1 1 327 303 305 939
4517 4 2 1 1 238 268 80 479
4518 4 2 1 1 485 338 208 852
4519 4 2 1 1 262 247 274 890
4520 4 2 1 1 54 55 286 181
4521 4 2 1 1 56 55 179 288
4522 4 2 1 1 405 469 420 940
4523 4 2 1 1 205 42 43 521
4524 4 2 1 1 630 629 628 916
4525 4 2 1 1 565 631 558 936
4526 4 2 1 1 634 89 88 230
4527 4 2 1 1 90 91 229 605
4528 4 2 1 1 87 231 86 509
4529 4 2 1 1 522 12 13 151
4530 4 2 1 1 506 421 490 898
4531 4 2 1 1 287 25 24 127
4532 4 2 1 1 92 655 257 91
4533 4 2 1 1 422 443 401 934
4534 4 2 1 1 522 653 680 857
4535 4 2 1 1 277 243 261 856
4536 4 2 1 1 29 28 454 119
4537 4 2 1 1 518 89 260 90
4538 4 2 1 1 478 38 37 150
4539 4 2 1 1 663 602 508 879
4540 4 2 1 1 251 250 273 921
4541 4 2 1 1 653 82 81 259
4542 4 2 1 1 427 501 428 874
4543 4 2 1 1 241 235 240 930
4544 4 2 1 1 131 126 132 930
4545 4 2 1 1 46 47 200 633
4546 4 2 1 1 338 60 485 208
4547 4 2 1 1 221 213 186 902
4548 4 2 1 1 115 116 656 311
4549 4 2 1 1 431 402 432 919
4550 4 2 1 1 68 67 204 347
4551 4 2 1 1 259 240 270 857
4552 4 2 1 1 105 520 313 106
4553 4 2 1 1 630 16 17 146
4554 4 2 1 1 31 32 123 449
4555 4 2 1 1 191 199 219 905
4556 4 2 1 1 231 262 274 890
4557 4 2 1 1 161 2 504 269
4558 4 2 1 1 210 199 191 905
4559 4 2 1 1 216 271 5 678
4560 4 2 1 1 162 680 1 270
4561 4 2 1 1 3 160 323 679
4562 4 2 1 1 8 217 321 505
4563 4 2 1 1 4 503 322 163
4564 4 2 1 1 7 681 324 214
4565 4 2 1 1 334 506 490 898
4566 4 2 1 1 268 215 6 502
4567 4 2 1 1 415 482 419 900
4568 4 2 1 1 292 26 25 125
4569 4 2 1 1 498 411 443 858
4570 4 2 1 1 662 590 513 821
4571 4 2 1 1 48 47 511 176
4572 4 2 1 1 22 21 158 641
4573 4 2 1 1 319 103 459 102
4574 4 2 1 1 52 51 618 212
4575 4 2 1 1 254 274 246 931
4576 4 2 1 1 338 485 420 852
4577 4 2 1 1 625 50 49 199
4578 4 2 1 1 88 87 524 262
4579 4 2 1 1 154 29 30 341
4580 4 2 1 1 305 303 304 939
4581 4 2 1 1 185 40 41 236
4582 4 2 1 1 104 480 290 103
4583 4 2 1 1 23 22 129 654
4584 4 2 1 1 615 668 625 905
4585 4 2 1 1 346 28 27 152
4586 4 2 1 1 589 590 662 844
4587 4 2 1 1 10 11 240 131
4588 4 2 1 1 212 183 184 912
4589 4 2 1 1 79 78 266 463
4590 4 2 1 1 339 71 72 264
4591 4 2 1 1 639 603 660 886
4592 4 2 1 1 98 97 429 306
4593 4 2 1 1 107 108 513 302
4594 4 2 1 1 111 508 110 299
4595 4 2 1 1 115 657 114 282
4596 4 2 1 1 523 53 52 183
4597 4 2 1 1 122 18 17 510
4598 4 2 1 1 51 50 516 171
4599 4 2 1 1 441 69 70 258
4600 4 2 1 1 254 246 263 931
4601 4 2 1 1 96 337 317 95
4602 4 2 1 1 113 512 309 114
4603 4 2 1 1 202 66 65 340
4604 4 2 1 1 111 112 663 279
4605 4 2 1 1 64 63 172 487
4606 4 2 1 1 285 97 500 96
4607 4 2 1 1 344 94 93 312
4608 4 2 1 1 186 213 224 902
4609 4 2 1 1 426 429 500 928
4610 4 2 1 1 46 45 676 174
4611 4 2 1 1 238 80 79 479
4612 4 2 1 1 385 445 446 859
4613 4 2 1 1 107 106 284 658
4614 4 2 1 1 192 63 62 332
4615 4 2 1 1 175 67 66 484
4616 4 2 1 1 30 31 153 450
4617 4 2 1 1 187 65 64 481
4618 4 2 1 1 659 294 112 113
4619 4 2 1 1 504 27 2 161
4620 4 2 1 1 674 581 606 907
4621 4 2 1 1 206 58 57 345
4622 4 2 1 1 677 630 628 916
4623 4 2 1 1 615 49 48 210
4624 4 2 1 1 120 16 15 677
4625 4 2 1 1 160 26 3 323
4626 4 2 1 1 162 1 11 270
4627 4 2 1 1 271 5 41 216
4628 4 2 1 1 217 54 8 321
4629 4 2 1 1 324 56 7 214
4630 4 2 1 1 59 58 173 483
4631 4 2 1 1 672 13 14 124
4632 4 2 1 1 178 43 44 673
4633 4 2 1 1 101 477 301 100
4634 4 2 1 1 145 20 19 652
4635 4 2 1 1 335 98 283 99
4636 4 2 1 1 77 76 242 476
4637 4 2 1 1 308 110 109 665
4638 4 2 1 1 108 662 281 109
4639 4 2 1 1 496 70 71 227
4640 4 2 1 1 256 75 74 334
4641 4 2 1 1 101 336 102 278
4642 4 2 1 1 117 21 20 519
4643 4 2 1 1 497 95 94 280
4644 4 2 1 1 75 76 492 226
4645 4 2 1 1 161 9 2 269
4646 4 2 1 1 6 39 215 268
4647 4 2 1 1 322 24 4 163
4648 4 2 1 1 271 5 678 92
4649 4 2 1 1 503 93 4 322
4650 4 2 1 1 417 405 420 940
4651 4 2 1 1 503 4 38 163
4652 4 2 1 1 2 69 504 269
4653 4 2 1 1 216 5 42 678
4654 4 2 1 1 680 81 1 270
4655 4 2 1 1 1 12 680 162
4656 4 2 1 1 215 57 6 502
4657 4 2 1 1 217 8 68 505
4658 4 2 1 1 323 3 679 105
4659 4 2 1 1 681 116 7 324
4660 4 2 1 1 61 62 488 177
4661 4 2 1 1 160 3 23 679
4662 4 2 1 1 321 8 505 104
4663 4 2 1 1 268 6 80 502
4664 4 2 1 1 681 7 53 214
4665 4 2 1 1 338 59 60 208
4666 4 2 1 1 225 78 77 342
4667 4 2 1 1 493 99 316 100
4668 4 2 1 1 156 19 18 669
4669 4 2 1 1 501 72 73 265
4670 4 2 1 1 485 60 61 207
4671 4 2 1 1 848 353 354 351
4672 4 2 1 1 848 354 353 806
4673 4 2 1 1 826 147 814 164
4674 4 2 1 1 826 814 147 754
4675 4 2 1 1 594 901 595 578
4676 4 2 1 1 595 901 594 804
4677 4 2 1 1 828 625 683 713
4678 4 2 1 1 828 683 625 516
4679 4 2 1 1 728 924 701 755
4680 4 2 1 1 701 924 728 864
4681 4 2 1 1 869 593 682 591
4682 4 2 1 1 869 682 593 814
4683 4 2 1 1 924 808 735 688
4684 4 2 1 1 924 735 808 864
4685 4 2 1 1 812 752 760 691
4686 4 2 1 1 812 760 752 714
4687 4 2 1 1 861 736 688 817
4688 4 2 1 1 861 688 736 742
4689 4 2 1 1 819 275 255 785
4690 4 2 1 1 819 255 275 267
4691 4 2 1 1 743 835 886 733
4692 4 2 1 1 743 886 835 556
4693 4 2 1 1 639 886 835 733
4694 4 2 1 1 639 835 886 556
4695 4 2 1 1 905 188 713 219
4696 4 2 1 1 905 713 188 762
4697 4 2 1 1 782 713 188 219
4698 4 2 1 1 782 188 713 762
4699 4 2 1 1 862 168 128 709
4700 4 2 1 1 862 128 168 130
4701 4 2 1 1 772 531 808 720
4702 4 2 1 1 772 808 531 534
4703 4 2 1 1 814 134 135 137
4704 4 2 1 1 814 135 134 775
4705 4 2 1 1 869 727 687 814
4706 4 2 1 1 869 687 727 740
4707 4 2 1 1 518 230 89 634
4708 4 2 1 1 89 230 518 260
4709 4 2 1 1 827 937 915 700
4710 4 2 1 1 915 937 827 784
4711 4 2 1 1 462 815 436 478
4712 4 2 1 1 436 815 462 753
4713 4 2 1 1 853 466 394 736
4714 4 2 1 1 853 394 466 471
4715 4 2 1 1 902 206 180 788
4716 4 2 1 1 902 180 206 224
4717 4 2 1 1 843 155 754 715
4718 4 2 1 1 843 754 155 141
4719 4 2 1 1 696 886 712 805
4720 4 2 1 1 696 712 886 733
4721 4 2 1 1 743 712 886 805
4722 4 2 1 1 743 886 712 733
4723 4 2 1 1 873 829 694 769
4724 4 2 1 1 873 694 829 842
4725 4 2 1 1 880 924 358 755
4726 4 2 1 1 358 924 880 745
4727 4 2 1 1 852 488 940 731
4728 4 2 1 1 852 940 488 485
4729 4 2 1 1 625 713 668 683
4730 4 2 1 1 625 668 713 905
4731 4 2 1 1 847 376 871 412
4732 4 2 1 1 847 871 376 714
4733 4 2 1 1 888 735 701 864
4734 4 2 1 1 888 701 735 763
4735 4 2 1 1 930 161 235 126
4736 4 2 1 1 9 235 161 126
4737 4 2 1 1 9 161 235 269
4738 4 2 1 1 913 826 769 715
4739 4 2 1 1 913 769 826 687
4740 4 2 1 1 482 781 415 475
4741 4 2 1 1 415 781 482 900
4742 4 2 1 1 899 941 831 393
4743 4 2 1 1 831 941 899 716
4744 4 2 1 1 497 832 437 337
4745 4 2 1 1 437 832 497 766
4746 4 2 1 1 823 611 938 750
4747 4 2 1 1 823 938 611 612
4748 4 2 1 1 877 766 702 832
4749 4 2 1 1 877 702 766 809
4750 4 2 1 1 885 585 743 584
4751 4 2 1 1 885 743 585 805
4752 4 2 1 1 806 896 448 365
4753 4 2 1 1 806 448 896 831
4754 4 2 1 1 468 448 896 365
4755 4 2 1 1 468 896 448 831
4756 4 2 1 1 450 123 31 153
4757 4 2 1 1 31 123 450 449
4758 4 2 1 1 936 778 697 868
4759 4 2 1 1 936 697 778 741
4760 4 2 1 1 833 172 189 192
4761 4 2 1 1 833 189 172 762
4762 4 2 1 1 834 611 610 750
4763 4 2 1 1 834 610 611 609
4764 4 2 1 1 866 585 885 586
4765 4 2 1 1 866 885 585 805
4766 4 2 1 1 819 423 339 425
4767 4 2 1 1 819 339 423 776
4768 4 2 1 1 856 796 937 737
4769 4 2 1 1 856 937 796 810
4770 4 2 1 1 903 408 430 434
4771 4 2 1 1 903 430 408 739
4772 4 2 1 1 459 290 103 319
4773 4 2 1 1 459 103 290 480
4774 4 2 1 1 897 600 728 839
4775 4 2 1 1 897 728 600 538
4776 4 2 1 1 299 665 844 508
4777 4 2 1 1 299 844 665 308
4778 4 2 1 1 889 549 550 764
4779 4 2 1 1 889 550 549 545
4780 4 2 1 1 482 859 475 446
4781 4 2 1 1 475 859 482 781
4782 4 2 1 1 907 550 549 764
4783 4 2 1 1 907 549 550 581
4784 4 2 1 1 337 280 95 497
4785 4 2 1 1 95 280 337 317
4786 4 2 1 1 861 359 361 360
4787 4 2 1 1 861 361 359 755
4788 4 2 1 1 934 372 375 401
4789 4 2 1 1 934 375 372 812
4790 4 2 1 1 452 882 372 367
4791 4 2 1 1 372 882 452 793
4792 4 2 1 1 923 636 855 786
4793 4 2 1 1 923 855 636 528
4794 4 2 1 1 625 905 828 199
4795 4 2 1 1 625 828 905 713
4796 4 2 1 1 211 828 905 199
4797 4 2 1 1 211 905 828 713
4798 4 2 1 1 673 193 804 514
4799 4 2 1 1 804 193 673 178
4800 4 2 1 1 226 334 75 256
4801 4 2 1 1 226 75 334 492
4802 4 2 1 1 936 635 839 565
4803 4 2 1 1 936 839 635 897
4804 4 2 1 1 833 487 445 762
4805 4 2 1 1 833 445 487 332
4806 4 2 1 1 479 266 788 463
4807 4 2 1 1 479 788 266 238
4808 4 2 1 1 796 788 266 463
4809 4 2 1 1 796 266 788 238
4810 4 2 1 1 150 462 37 478
4811 4 2 1 1 150 37 462 121
4812 4 2 1 1 152 504 719 161
4813 4 2 1 1 152 719 504 346
4814 4 2 1 1 854 301 493 316
4815 4 2 1 1 854 493 301 800
4816 4 2 1 1 870 220 176 201
4817 4 2 1 1 870 176 220 818
4818 4 2 1 1 872 609 620 834
4819 4 2 1 1 872 620 609 614
4820 4 2 1 1 932 891 872 706
4821 4 2 1 1 932 872 891 748
4822 4 2 1 1 268 180 39 215
4823 4 2 1 1 268 39 180 234
4824 4 2 1 1 658 302 773 284
4825 4 2 1 1 773 302 658 513
4826 4 2 1 1 340 175 66 484
4827 4 2 1 1 340 66 175 202
4828 4 2 1 1 285 928 317 500
4829 4 2 1 1 285 317 928 832
4830 4 2 1 1 337 317 928 500
4831 4 2 1 1 337 928 317 832
4832 4 2 1 1 210 511 818 176
4833 4 2 1 1 210 818 511 615
4834 4 2 1 1 177 485 61 207
4835 4 2 1 1 177 61 485 488
4836 4 2 1 1 659 279 112 294
4837 4 2 1 1 659 112 279 663
4838 4 2 1 1 187 487 762 481
4839 4 2 1 1 762 487 187 172
4840 4 2 1 1 161 235 719 930
4841 4 2 1 1 161 719 235 269
$EndElements
