$MeshFormat
2.2 0 8
$EndMeshFormat
$PhysicalNames
2
2 2 "pec"
3 1 "vacuum"
$EndPhysicalNames
$Nodes
925
1 -11 -11 1.5
2 -11 -11 0
3 -11 11 1.5
4 -11 11 0
5 11 -11 1.5
6 11 -11 0
7 11 11 1.5
8 11 11 0
9 -11 -11 0.7500000000000001
10 -11 -9.777777777777779 1.5
11 -11 -8.555555555555555 1.5
12 -11 -7.333333333333334 1.5
13 -11 -6.111111111111111 1.5
14 -11 -4.888888888888889 1.5
15 -11 -3.666666666666667 1.5
16 -11 -2.444444444444445 1.5
17 -11 -1.222222222222221 1.5
18 -11 0 1.5
19 -11 1.222222222222221 1.5
20 -11 2.444444444444445 1.5
21 -11 3.666666666666666 1.5
22 -11 4.888888888888889 1.5
23 -11 6.111111111111111 1.5
24 -11 7.333333333333332 1.5
25 -11 8.555555555555557 1.5
26 -11 9.777777777777779 1.5
27 -11 11 0.7500000000000001
28 -11 -9.777777777777779 0
29 -11 -8.555555555555555 0
30 -11 -7.333333333333334 0
31 -11 -6.111111111111111 0
32 -11 -4.888888888888889 0
33 -11 -3.666666666666667 0
34 -11 -2.444444444444445 0
35 -11 -1.222222222222221 0
36 -11 0 0
37 -11 1.222222222222221 0
38 -11 2.444444444444445 0
39 -11 3.666666666666666 0
40 -11 4.888888888888889 0
41 -11 6.111111111111111 0
42 -11 7.333333333333332 0
43 -11 8.555555555555557 0
44 -11 9.777777777777779 0
45 11 -11 0.7500000000000001
46 11 -9.777777777777779 1.5
47 11 -8.555555555555555 1.5
48 11 -7.333333333333334 1.5
49 11 -6.111111111111111 1.5
50 11 -4.888888888888889 1.5
51 11 -3.666666666666667 1.5
52 11 -2.444444444444445 1.5
53 11 -1.222222222222221 1.5
54 11 0 1.5
55 11 1.222222222222221 1.5
56 11 2.444444444444445 1.5
57 11 3.666666666666666 1.5
58 11 4.888888888888889 1.5
59 11 6.111111111111111 1.5
60 11 7.333333333333332 1.5
61 11 8.555555555555557 1.5
62 11 9.777777777777779 1.5
63 11 11 0.7500000000000001
64 11 -9.777777777777779 0
65 11 -8.555555555555555 0
66 11 -7.333333333333334 0
67 11 -6.111111111111111 0
68 11 -4.888888888888889 0
69 11 -3.666666666666667 0
70 11 -2.444444444444445 0
71 11 -1.222222222222221 0
72 11 0 0
73 11 1.222222222222221 0
74 11 2.444444444444445 0
75 11 3.666666666666666 0
76 11 4.888888888888889 0
77 11 6.111111111111111 0
78 11 7.333333333333332 0
79 11 8.555555555555557 0
80 11 9.777777777777779 0
81 -9.777777777777779 -11 0
82 -8.555555555555555 -11 0
83 -7.333333333333334 -11 0
84 -6.111111111111111 -11 0
85 -4.888888888888889 -11 0
86 -3.666666666666667 -11 0
87 -2.444444444444445 -11 0
88 -1.222222222222221 -11 0
89 0 -11 0
90 1.222222222222221 -11 0
91 2.444444444444445 -11 0
92 3.666666666666666 -11 0
93 4.888888888888889 -11 0
94 6.111111111111111 -11 0
95 7.333333333333332 -11 0
96 8.555555555555557 -11 0
97 9.777777777777779 -11 0
98 -9.777777777777779 -11 1.5
99 -8.555555555555555 -11 1.5
100 -7.333333333333334 -11 1.5
101 -6.111111111111111 -11 1.5
102 -4.888888888888889 -11 1.5
103 -3.666666666666667 -11 1.5
104 -2.444444444444445 -11 1.5
105 -1.222222222222221 -11 1.5
106 0 -11 1.5
107 1.222222222222221 -11 1.5
108 2.444444444444445 -11 1.5
109 3.666666666666666 -11 1.5
110 4.888888888888889 -11 1.5
111 6.111111111111111 -11 1.5
112 7.333333333333332 -11 1.5
113 8.555555555555557 -11 1.5
114 9.777777777777779 -11 1.5
115 -9.777777777777779 11 0
116 -8.555555555555555 11 0
117 -7.333333333333334 11 0
118 -6.111111111111111 11 0
119 -4.888888888888889 11 0
120 -3.666666666666667 11 0
121 -2.444444444444445 11 0
122 -1.222222222222221 11 0
123 0 11 0
124 1.222222222222221 11 0
125 2.444444444444445 11 0
126 3.666666666666666 11 0
127 4.888888888888889 11 0
128 6.111111111111111 11 0
129 7.333333333333332 11 0
130 8.555555555555557 11 0
131 9.777777777777779 11 0
132 -9.777777777777779 11 1.5
133 -8.555555555555555 11 1.5
134 -7.333333333333334 11 1.5
135 -6.111111111111111 11 1.5
136 -4.888888888888889 11 1.5
137 -3.666666666666667 11 1.5
138 -2.444444444444445 11 1.5
139 -1.222222222222221 11 1.5
140 0 11 1.5
141 1.222222222222221 11 1.5
142 2.444444444444445 11 1.5
143 3.666666666666666 11 1.5
144 4.888888888888889 11 1.5
145 6.111111111111111 11 1.5
146 7.333333333333332 11 1.5
147 8.555555555555557 11 1.5
148 9.777777777777779 11 1.5
149 -11 -9.166666666666666 0.75
150 -11 7.944444444444443 0.7499999999999997
151 -11 4.277777777777779 0.7499999999999998
152 -11 -6.722222222222222 0.75
153 -11 -1.833333333333334 0.75
154 -11 1.833333333333332 0.75
155 -11 -4.277777777777779 0.75
156 -11 -0.6111111111111089 0.7500000000000001
157 -11 0.6111111111111107 0.7499999999999999
158 -11 3.055555555555554 0.75
159 -11 5.5 0.7499999999999997
160 -11 6.722222222222221 0.7499999999999998
161 -11 9.166666666666686 0.7499999999999987
162 -11 -7.944444444444445 0.75
163 -11 -5.5 0.75
164 -11 -3.055555555555554 0.75
165 -11 10.25039081289081 0.7499999999999998
166 -11 -10.25039081289081 0.75
167 11 -9.166666666666666 0.75
168 11 7.944444444444443 0.7499999999999997
169 11 4.277777777777779 0.7499999999999998
170 11 -6.722222222222222 0.75
171 11 1.833333333333332 0.75
172 11 -4.277777777777779 0.75
173 11 -1.833333333333334 0.75
174 11 -0.6111111111111089 0.7500000000000001
175 11 0.6111111111111107 0.7499999999999999
176 11 3.055555555555554 0.75
177 11 5.5 0.7499999999999997
178 11 6.722222222222221 0.7499999999999998
179 11 9.166666666666686 0.7499999999999987
180 11 -7.944444444444445 0.75
181 11 -5.5 0.75
182 11 -3.055555555555554 0.75
183 11 10.25039081289081 0.7499999999999998
184 11 -10.25039081289081 0.75
185 -9.166666666666666 -11 0.7500000000000001
186 7.944444444444436 -11 0.75
187 -6.722222222222222 -11 0.75
188 1.833333333333332 -11 0.75
189 4.277777777777779 -11 0.7500000000000003
190 -4.277777777777779 -11 0.75
191 -1.833333333333334 -11 0.7500000000000001
192 -7.944444444444445 -11 0.75
193 -5.5 -11 0.75
194 -0.6111111111111107 -11 0.7500000000000002
195 0.6111111111111107 -11 0.7500000000000001
196 3.055555555555555 -11 0.75
197 5.5 -11 0.7500000000000001
198 6.722222222222221 -11 0.7500000000000001
199 9.166666666666686 -11 0.7500000000000001
200 -3.055555555555555 -11 0.7500000000000002
201 -10.25039081289081 -11 0.75
202 10.25039081289081 -11 0.75
203 -9.166666666666666 11 0.7500000000000001
204 7.944444444444436 11 0.75
205 -6.722222222222222 11 0.75
206 1.833333333333332 11 0.75
207 4.277777777777779 11 0.75
208 -4.277777777777779 11 0.75
209 -1.833333333333334 11 0.7500000000000001
210 -7.944444444444445 11 0.75
211 -5.5 11 0.75
212 -0.6111111111111107 11 0.7500000000000002
213 0.6111111111111107 11 0.7500000000000001
214 5.5 11 0.7500000000000001
215 3.055555555555555 11 0.75
216 6.722222222222221 11 0.7500000000000001
217 9.166666666666686 11 0.7500000000000001
218 -3.055555555555555 11 0.7500000000000002
219 -10.25039081289081 11 0.75
220 10.25039081289081 11 0.7500000000000006
221 -0.6476696070307 -10.16983855982934 0
222 -0.5359229009331621 9.966820318608267 0
223 9.941524506485688 0.6111111111111178 0
224 -9.941524506485687 0.6111111111111107 0
225 9.941524506485692 -4.277777777777787 0
226 -9.941524506485687 -4.277777777777779 0
227 4.410010272466391 9.858901112630665 0
228 -4.266502299795234 10.08945178132067 0
229 3.08136931263115 -10.02963735276061 0
230 9.941524506485688 4.277777777777779 0
231 -10.00720544875575 4.330097483861282 0
232 -4.266502299795228 -10.0894517813207 0
233 6.734785759872612 -9.91368955442438 0
234 1.83333333333333 9.941524506485688 0
235 -9.941524506485687 -1.833333333333334 0
236 6.733469109909137 9.914002974677885 0
237 -9.941524506485687 -6.722222222222222 0
238 -6.688220848878439 -9.961155208538536 0
239 9.941524506485692 -1.833333333333336 0
240 9.941524506485685 6.722222222222221 0
241 -6.722222222222222 9.941524506485688 0
242 9.941524506485685 -6.722222222222231 0
243 -9.976998652364518 6.722222222222221 0
244 -9.921718837231381 -9.033431651806362 0
245 9.968815627937005 -9.119397057717455 0
246 -9.968815627937005 9.119397057717453 0
247 9.968815627937005 9.119397057717464 0
248 9.946073026727568 7.936566176286245 0
249 8.88380709967835 7.332020288640297 0
250 8.883175360755871 6.110892270328929 0
251 7.824720925205636 6.721966907976338 0
252 7.824619145045908 5.499920974161967 0
253 6.766130197832322 6.11105538776377 0
254 6.766110992189155 4.888866430691305 0
255 5.707630055451105 5.499986969742491 0
256 5.707625947306621 4.277771863035245 0
257 4.649148861897604 4.888885731388864 0
258 4.649147911891072 3.666665154626218 0
259 3.590671994726558 4.277776999521013 0
260 3.590671765783767 3.055555173839338 0
261 2.533586890203523 3.664257664034725 0
262 2.532427895002503 2.444042880386402 0
263 1.487745641089003 3.031263399707926 0
264 1.476096712676998 1.829217713349038 0
265 0.4303425134732279 2.418294896376249 0
266 0.4181573320105745 1.217178027546787 0
267 1.473949994954028 0.6107137152925173 0
268 0.4157686821463074 -0.0009069317490215667 0
269 1.473846067349911 -0.6113284990390646 0
270 -0.6402288093624247 1.828134376209377 0
271 0.4153532525682486 -1.22240960883507 0
272 1.473730697232192 -1.833350894355707 0
273 0.4152647859522851 -2.444478602383667 0
274 -0.6432091105229567 -1.833370257425367 0
275 -0.5748936633822073 3.243628920342928 0
276 -1.689816191410038 2.474923512388319 0
277 -0.6432235887857729 -3.055567402560786 0
278 -1.701701229170713 -2.444452572960682 0
279 2.532218659858799 -1.222261380380623 0
280 2.532201509691234 -2.444453897641251 0
281 -1.701705922171744 3.666666666666632 0
282 -2.758199793892443 3.060635400212833 0
283 -1.701704000026282 -3.666669995920266 0
284 -2.760180313161632 -3.055557465183892 0
285 3.590676223029668 -1.833341435225876 0
286 3.590671985122681 -3.055556317177866 0
287 -0.6432289683212353 -4.277780307154261 0
288 -2.759851145387128 4.278624418553955 0
289 -3.818271593851613 3.667654414238882 0
290 -3.818262419676643 2.445455709815997 0
291 -2.760180911574393 -4.277778650924793 0
292 -3.818656641427675 -3.66666713046259 0
293 -3.818537644925767 4.889194620280259 0
294 -3.818656780552955 -4.888889111712743 0
295 2.398069924835863 5.031196561670125 0
296 -3.81865668081751 -2.444444840015187 0
297 4.64914722114095 2.44444412881832 0
298 4.649147891806262 -2.444445921696929 0
299 4.649147254349977 -3.666667039812473 0
300 3.590671654592949 -4.277777966905802 0
301 4.649147093018971 -4.888888982601201 0
302 -1.73850719685732 4.832574023458452 0
303 -4.877132402714683 3.055555555555513 0
304 -4.877066654460728 1.833501877561886 0
305 -4.877132381189107 -3.055555592838967 0
306 -2.760181310226187 -5.500000182661835 0
307 3.590671572616159 -5.500000047140059 0
308 -5.935596938186671 2.444472535149162 0
309 -5.935595111846283 1.222254994711065 0
310 -5.935606069888611 3.66667134845075 0
311 6.766100756130175 3.666661937843294 0
312 5.707622710483118 -3.055555863955277 0
313 5.70762270425292 -1.833333630942043 0
314 4.649147052467672 -6.111111134586515 0
315 5.707622543704854 -5.500000019531296 0
316 4.698567192226555 6.111854504118813 0
317 -3.818656870182462 -6.111111178692092 0
318 -4.87713237477044 -5.500000048400844 0
319 -1.699224030495628 1.226435574025517 0
320 -2.7601813916064 -6.722222263929384 0
321 -4.877132391554294 -6.722222241552565 0
322 -5.935607889711532 -6.111111122399684 0
323 5.707622533505702 -6.722222224088067 0
324 3.590671552194809 -6.722222233991472 0
325 2.532196057554071 -6.111111120929332 0
326 -6.99408125901286 3.05556101763699 0
327 -6.958608584352679 4.277779468421997 0
328 -4.87713236106327 -1.833333405475727 0
329 -5.935607885699487 -2.444444462682117 0
330 -3.818656864194653 -1.222222300174444 0
331 3.590676093000349 -0.6111189877862806 0
332 6.766098084255965 -2.444444545445858 0
333 6.766098064299047 -1.22222228865725 0
334 6.766098028001714 -6.111111114677316 0
335 2.532196053962775 -7.333333336931249 0
336 1.473720559662178 -6.722222224458248 0
337 1.473720558932579 -7.944444445416772 0
338 0.4152450651656228 -7.333333333868064 0
339 6.766098026465464 -7.333333334238688 0
340 -5.964858429096349 -7.387915581339154 0
341 -6.998958477468262 -6.731319265438001 0
342 -6.994895903277868 -5.501516175750769 0
343 6.766127955549088 7.333281493734436 0
344 5.704054547390154 -7.953597656629432 0
345 5.707622567458579 -0.6111111717850761 0
346 6.766098029126617 -5.514595002864553e-09 0
347 -5.93560788753217 -1.222222237285605 0
348 -6.99408338890917 -1.833333334778143 0
349 -6.994083388154813 -0.6111111138625152 0
350 -6.994083387849352 -3.055555558836009 0
351 6.766098028165331 -4.888888892738485 0
352 -3.818580202904091 1.222418857155541 0
353 -5.929695124273833 4.888889950960243 0
354 -6.951711314306856 5.500000458785891 0
355 -5.927560421663737 6.111111364587288 0
356 -6.950205985530876 6.722222340932525 0
357 -5.926953749766056 7.333333395364381 0
358 -4.877132402714699 6.722222222222182 0
359 -1.701701586982487 -1.222229730990293 0
360 1.473720559531127 -5.500000002009047 0
361 7.824573526380433 -0.6111111231027131 0
362 7.824573521141598 0.6111111081934144 0
363 6.766098026754147 1.222222220816828 0
364 -1.701705900581807 -6.111111148505955 0
365 7.824573520170667 -5.50000000123598 0
366 -1.70170592019034 -7.333333336765177 0
367 7.824573519873042 1.833333332612819 0
368 7.824573519946441 -4.277777778625384 0
369 -2.760181411342515 -7.944444451967639 0
370 3.602913477848269 -7.923482526722108 0
371 -6.939357463237711 7.882739197573642 0
372 -7.03513940629111 -7.971270552451531 0
373 -4.877649459333233 7.922741773148935 0
374 -3.818743085303473 7.329716221450692 0
375 -4.877132402714632 -7.944444444444498 0
376 -8.024739921424224 -7.339320525203862 0
377 -8.036551484154145 -8.521298849535381 0
378 -8.017084736924099 -2.444444445232033 0
379 -8.011172379340863 -3.666666667344719 0
380 -8.129047987952839 3.798814738143472 0
381 -8.065306712251754 2.466470033370783 0
382 -8.052558883257637 6.111111111111061 0
383 -1.743841723979784 -8.546588930553014 0
384 -2.800660509105825 -9.091778486958647 0
385 0.4216739327776882 -8.548789218407128 0
386 1.530071916229332 -9.096330342080705 0
387 -9.112488111436344 2.893026813123489 0
388 -9.117522694804267 -7.929652566345412 0
389 -9.111034376771915 -3.055555555555627 0
390 -3.784109677278183 8.466227405592605 0
391 -2.760181415686056 7.944444444444358 0
392 -2.712146742266837 6.723835082629911 0
393 -1.639974104619865 7.399795609442357 0
394 -2.801007481513969 9.078384898211311 0
395 -9.037406182781506 1.606212437378653 0
396 -8.006938009879409 1.188039671050792 0
397 6.756716665540182 -8.58779669427989 0
398 7.823009959477091 -7.949817967716077 0
399 7.824573519457072 -9.166666666666689 0
400 5.660221038848167 -9.166803554802515 0
401 4.649147038914144 -8.562092983285233 0
402 4.446188463829888 -9.856034790760674 0
403 -5.957942528285114 8.715830123958753 0
404 8.888481967704731 8.546145401922153 0
405 9.00927430401002 9.874106673994344 0
406 7.824573519457065 9.166666666666696 0
407 7.825634915589596 7.942606052415904 0
408 6.757273775588658 8.586008356869169 0
409 5.716198421730255 7.958634847117228 0
410 5.625924144736892 9.180314317381416 0
411 4.602338532680216 8.514841923032243 0
412 3.454990186514459 8.919640782313522 0
413 3.666722416659752 7.772122925712146 0
414 2.552784359882198 8.119185553264504 0
415 2.740158582385448 6.994562163344614 0
416 1.609728026966753 7.351542335962122 0
417 1.384302297334866 8.730694304648988 0
418 0.4498280411650342 7.747255831567543 0
419 0.6953741500412054 6.541975357628434 0
420 -0.4727450644504483 6.944436911649539 0
421 -0.1820630446041687 5.772291673942867 0
422 0.9681392293642936 5.353316554776214 0
423 0.05525470959030265 4.513783842171529 0
424 -0.7035124254358056 8.093515822379821 0
425 -1.448447502392231 6.084322695597191 0
426 7.824583739794171 4.27776007563461 0
427 8.883079378589787 4.88883629409499 0
428 7.824573536722554 -1.833333363238012 0
429 7.824573532135084 -3.055555577514514 0
430 -9.951985384374044 7.936566176286242 0
431 -8.918877926577554 8.597523677959611 0
432 -9.013616583849 9.881446427713968 0
433 -7.846441186429715 9.201619938584006 0
434 -8.883049012971373 7.333333333333332 0
435 -5.935605763784322 5.45911231597529e-06 0
436 -6.987321057697269 -4.278030474396022 0
437 -8.011172379252763 -1.22222222305289 0
438 -8.002583507550197 -0.005697092458948561 0
439 -9.111034376771929 -0.6111111111111818 0
440 -6.978148195159723 0.6044708753143304 0
441 8.883049013321457 1.222222221615862 0
442 8.883049013004594 2.4444444443869 0
443 6.766098067902398 -3.666666739342885 0
444 -0.6417438627550549 0.6099549891535823 0
445 1.473724762866697 -3.055562837955378 0
446 -8.013396177283131 -6.113877846250663 0
447 -8.002668232644995 -4.889644823586686 0
448 -9.111034376771901 -5.500000000000079 0
449 -6.985944371056117 1.83021152120552 0
450 -4.877132328399687 -4.277777906495137 0
451 -1.701043790043784 0.0005082868462640278 0
452 9.941524506491227 3.055555555545967 0
453 -4.87593516540219 5.500026109433552 0
454 -7.974906168869666 -9.769973626941574 0
455 -2.760180964307141 -1.833334115144575 0
456 2.532196075758508 -4.888888930238119 0
457 0.4152450650245108 -6.111111111401433 0
458 9.946073026727568 -7.936566176286254 0
459 9.941524506485692 -0.6111111111111089 0
460 5.707622616270772 -4.277777922996936 0
461 7.824312926676278 -6.723117810385426 0
462 9.941524506485688 -5.500000000000006 0
463 -5.492865643620342 9.947342826530893 0
464 -5.492453858112277 -9.995017763282242 0
465 -6.010859846750335 -8.756726764601037 0
466 3.654216275586808 5.508703459158866 0
467 9.941524506485692 -3.055555555555562 0
468 -0.6427627359316226 -0.6114088754999862 0
469 -2.760070255069083 -0.6110277913920079 0
470 -3.818625590547207 4.664611667415386e-05 0
471 -4.877100954376218 0.6111861205910518 0
472 -2.759620880790976 0.6119524843475439 0
473 -2.757283919861639 1.840303589657623 0
474 0.4152504358233475 -3.666675969453465 0
475 4.649148753076989 -1.222225191239371 0
476 4.64914808837972 -1.81772771945532e-06 0
477 3.590672478244176 0.6111094953772849 0
478 -4.875863000176117 4.277998666486532 0
479 2.523484567261146 -8.45877955985935 0
480 -9.993857833722668 5.508719951013916 0
481 -8.883112775488923 4.915289657582935 0
482 4.650592700386795 -7.332454793217138 0
483 9.941550625386171 5.499954760737317 0
484 0.646717934727338 9.929197487305579 0
485 2.532669113027172 1.221402856289757 0
486 -5.934616241680961 -4.88918373235153 0
487 5.70762373247333 3.055553477016797 0
488 -4.87712157024964 -0.6110899528526232 0
489 -1.701705253231223 -4.888890047527854 0
490 -3.818656896100105 -7.333333356023631 0
491 2.532338734405737 -0.0002471333744011872 0
492 -3.79075565115389 -8.457966011206612 0
493 5.707622762942293 1.833332934071613 0
494 5.73266869671318 6.724691089301661 0
495 3.590789252018782 1.833129459488884 0
496 4.64916705585906 1.22218755185658 0
497 -5.934315547085978 -3.666757954599965 0
498 9.941524506550493 1.833333333221086 0
499 2.532197270348636 -3.666668777106695 0
500 5.707626088420071 0.6111049519529388 0
501 0.4152462036285876 -4.888890861299333 0
502 1.47372255132615 -4.277781229677006 0
503 8.883049014464376 -2.585940350741112e-09 0
504 8.88304901725169 -1.222222229635932 0
505 8.888095026590243 -8.547259829916275 0
506 9.009219026707949 -9.8742658779935 0
507 8.883049018675344 -2.444444454324008 0
508 6.766098719605001 2.444443242986148 0
509 -0.6432298803564294 -5.500000949685177 0
510 -0.6432303332659757 -6.722222387445046 0
511 8.884344076488041 -7.33168251960623 0
512 8.883221424879622 -6.110985240389798 0
513 8.883049016116605 -3.666666672114363 0
514 8.883055777303746 3.666654950499296 0
515 -0.6704827486183049 -7.904927585235435 0
516 8.883077749014117 -4.888867911690554 0
517 -3.810446076049841 6.110832376002755 0
518 -2.727663298276871 5.490402763871707 0
519 7.824576920951785 3.055549663993844 0
520 1.854817856807383 6.154152786157535 0
521 -1.82840056997359 9.830151498345604 0
522 -1.812204510650794 -9.844985019329782 0
523 1.322037485769052 4.188665862741674 0
524 0.5564908694306254 -9.91691626132264 0
525 -9.147393741363977 -9.975053601172323 0
526 0.08544707771030957 8.903896883289583 0
527 -1.78204276606132 8.565866855879065 0
528 4.713181799842616 7.310576673489049 0
529 3.049406725783216 10.01365824174714 0
530 0.5284776750860054 3.495998747074195 0
531 3.504152457236195 -9.039668419705157 0
532 -4.663013901180584 9.089823110255693 0
533 -4.672786309549621 -9.106825252639585 0
534 3.711119024307145 6.618937986008618 0
535 1.833333333333329 -10.14991572666265 0
536 -10.19615320770427 -7.914839065852577 0
537 -8.841643535353843 -6.721014632004448 0
538 -10.19881667794865 -5.500000000000015 0
539 -8.835486774403073 -4.277928964852978 0
540 -10.19881667794866 -3.055555555555571 0
541 -8.838370075241279 -1.833333333657011 0
542 -10.19881667794866 -0.6111111111111249 0
543 -8.819897316693746 0.5577110031940844 0
544 -10.12886509720352 3.090906290981053 0
545 -10.0703298112057 1.936657538007255 0
546 -7.795007909071787 4.920599086809071 0
547 -9.157915431561024 6.118135255052692 0
548 -7.786627766103057 7.281067672227614 0
549 -3.067386647107336 10.13653089104726 0
550 -3.066668932625047 -10.13775551575801 0
551 -7.149135550988738 -8.996085000413611 0
552 -7.894233776277964 10.20491817455673 0
553 7.944444444444432 -10.18126635646047 0
554 7.930595194134298 10.18378845834701 0
555 -0.7393583817665661 -8.999974122975466 0
556 5.500000000000004 10.20242344572492 0
557 5.512903169641984 -10.19935192724059 0
558 2.454963380569612 9.144940677691974 0
559 -6.939092155742342 8.896420400392753 0
560 -8.839618585284686 -9.04588205916021 0
561 -0.9657615151679551 4.280924668990361 0
562 -0.952886316938713 9.07205027570047 0
563 -10.10527123519359 -10.10527123519359 0
564 10.10527123519359 -10.1052712351936 0
565 -10.10527123519361 10.10527123519361 0
566 10.10527123519361 10.10527123519361 0
567 2.793867879141708 6.015808190228224 0
568 -7.95944050105811 8.232225757398329 0
569 -9.198471286210696 3.855614970003945 0
570 2.394952255157978 -9.396726545231667 0
571 -0.8655583265474078 5.134644582160185 0
572 -3.658906759283469 9.384456417463539 0
573 -3.660473462891034 -9.386839984959096 0
574 -0.5332843720894971 10.02532299138286 1.5
575 0.531233113485337 -9.875148316668522 1.5
576 9.941524506485706 0.6111111111110858 1.5
577 -9.941524506485687 -0.6111111111111107 1.5
578 -9.941524506485687 4.277777777777779 1.5
579 4.444370843120286 9.850778166001028 1.5
580 9.941524506485695 -4.277777777777796 1.5
581 -4.277777777777779 -9.941524506485687 1.5
582 9.941524506485688 4.27777777777778 1.5
583 4.3897244382384 -9.90920350582801 1.5
584 -4.266502299795217 10.0894517813207 1.5
585 -10.00720544875575 -4.330097483861286 1.5
586 1.873200254803004 9.905330382931872 1.5
587 -1.761583911761342 -9.832765401097634 1.5
588 6.733469109909137 9.914002974677885 1.5
589 -10.00720544875575 1.885653039416839 1.5
590 -9.859967268058893 -6.854369271881104 1.5
591 -6.654734656927681 -9.902507327196505 1.5
592 9.941524506485706 -1.833333333333348 1.5
593 -9.941524506485687 6.722222222222221 1.5
594 9.941524506485685 6.722222222222221 1.5
595 -6.654734656927657 9.902507327196503 1.5
596 9.941524506485692 -6.722222222222225 1.5
597 6.73565359070809 -9.913869297557918 1.5
598 -9.921718837231408 -9.033431651806332 1.5
599 9.968815627937005 -9.119397057717453 1.5
600 -9.921718837231385 9.033431651806332 1.5
601 9.968815627937005 9.119397057717464 1.5
602 9.946073026727568 7.936566176286245 1.5
603 8.88380709967835 7.332020288640297 1.5
604 8.883175360755867 6.110892270328932 1.5
605 7.824720925205632 6.721966907976338 1.5
606 7.824619145045908 5.499920974161974 1.5
607 6.766130197832322 6.11105538776377 1.5
608 6.766110992189159 4.888866430691305 1.5
609 5.707630055451105 5.499986969742491 1.5
610 5.707625947306624 4.277771863035241 1.5
611 4.649148861897604 4.888885731388864 1.5
612 4.649147911891077 3.666665154626216 1.5
613 3.590671994726558 4.277776999521013 1.5
614 3.590671765783769 3.055555173839334 1.5
615 2.532196163503956 3.666666473337816 1.5
616 2.532196107219244 2.444444348603586 1.5
617 1.47372058619656 3.055555507360582 1.5
618 1.473720572231048 1.833333309327344 1.5
619 0.4152450718044207 2.444444432410922 1.5
620 0.4152450683247828 1.222222216215615 1.5
621 1.473720561259158 0.6111111061089964 1.5
622 0.4152450659161957 -1.834809637557555e-09 1.5
623 1.473720559029072 -0.6111111122506188 1.5
624 -0.6432304279028926 0.6111111098041864 1.5
625 -0.6432304283551229 -0.6111111116347523 1.5
626 -1.7017059219956 -3.051106034490658e-10 1.5
627 -1.701705922092003 -1.222222222360365 1.5
628 -2.760181415643412 -0.6111111111849983 1.5
629 -2.760181415649587 0.6111111110479328 1.5
630 -2.760181415665665 -1.833333333368685 1.5
631 -1.70170592215506 -2.444444444473378 1.5
632 -2.760181415679886 -3.055555555566285 1.5
633 -1.701705922167942 -3.666666666673294 1.5
634 4.649147221140954 2.444444128818301 1.5
635 0.415245070652368 3.666666656628559 1.5
636 -3.818656909195949 -2.444444444452136 1.5
637 -3.818656909198614 -3.666666666669751 1.5
638 2.532196145376378 4.888888726957923 1.5
639 -3.818656909196937 -5.95967719618784e-12 1.5
640 -3.818656909193713 1.222222222210689 1.5
641 -4.877132402713 0.6111111111081868 1.5
642 -4.877132402713286 1.833333333330915 1.5
643 -3.818656909199019 2.444444444442107 1.5
644 -4.877132402714213 3.055555555554758 1.5
645 -3.818656909200053 3.666666666666131 1.5
646 -4.877132402714532 4.277777777777553 1.5
647 -3.81865690920027 4.888888888888747 1.5
648 -4.877132402713661 -3.055555555557361 1.5
649 -4.877132402714231 -4.277777777778603 1.5
650 -3.818656909200014 -4.888888888889555 1.5
651 -4.877132402714615 5.499999999999932 1.5
652 -4.877132402714563 -5.500000000000258 1.5
653 6.7661007561302 3.666661937843267 1.5
654 -3.81865690920031 6.111111111111061 1.5
655 -3.818656909200306 -6.111111111111279 1.5
656 -5.935607896228939 4.888888888888843 1.5
657 -5.935607896228674 2.44444444444391 1.5
658 -5.935607896228758 -3.666666666667112 1.5
659 4.649148596581838 6.111108413151477 1.5
660 -5.935607896228946 6.111111111111097 1.5
661 -5.935607896228791 -2.444444444444828 1.5
662 -0.6432304286540216 -3.055555555561501 1.5
663 -0.6432304286571267 -4.277777777778345 1.5
664 0.4152450648574959 -3.666666666667772 1.5
665 0.4152450648570216 -4.888888888889186 1.5
666 1.473720558371314 -4.277777777778036 1.5
667 1.477157596179051 -5.494046875889429 1.5
668 2.532768891520163 -4.887896701537198 1.5
669 2.528323695161363 -6.089857162683339 1.5
670 3.590121625884894 -5.496292310703452 1.5
671 3.59067536541977 -4.276994465003103 1.5
672 4.649147038914121 -4.888888888888937 1.5
673 4.649147675584118 -3.666536114537598 1.5
674 4.649055385661626 -6.110493162895061 1.5
675 5.707607256886348 -5.499897008630706 1.5
676 0.4147514615831422 -6.109303189551786 1.5
677 2.532196052476488 -1.023618523277037e-09 1.5
678 -2.760181415686009 5.49999999999994 1.5
679 -2.760181415686004 6.722222222222186 1.5
680 -1.701705922171699 6.111111111111057 1.5
681 -4.87713240271467 -6.722222222222302 1.5
682 -5.935607896228989 -6.111111111111174 1.5
683 5.707604710962663 -6.722102065624703 1.5
684 -6.994083389743269 5.499999999999996 1.5
685 -6.994083389743264 6.722222222222221 1.5
686 -6.994083389743299 -3.055555555555598 1.5
687 -6.994083389743275 -1.83333333333341 1.5
688 3.590672288181477 -3.05540324473829 1.5
689 4.649147038914137 -2.444444444444496 1.5
690 5.707622638540105 -3.055533796867428 1.5
691 5.707622550113733 -1.833329706885362 1.5
692 6.766098046575578 -2.44444021358848 1.5
693 6.766098029201121 -1.222221554084193 1.5
694 5.707622535919064 -0.6111103953468113 1.5
695 6.766098025942789 -7.105427357601002e-14 1.5
696 6.766098025942739 -6.111111111111174 1.5
697 -0.6432304281045766 3.05555555459795 1.5
698 -5.935607896228945 7.333333333333336 1.5
699 -8.01708473737879 -2.444444444444464 1.5
700 -3.818656909200378 -7.333333333333389 1.5
701 -2.760181415686064 -6.72222222222228 1.5
702 -1.701705922171682 7.33333333333329 1.5
703 -0.6432304286573771 6.722222222222161 1.5
704 6.766095055698433 -7.333313307233797 1.5
705 -5.935607896229012 -7.333333333333363 1.5
706 -6.958609243864496 -6.722222222222243 1.5
707 6.766127955549091 7.333281493734436 1.5
708 4.658230472550317 -7.333210315864436 1.5
709 -3.818656909200305 7.333333333333325 1.5
710 -6.994083389743276 4.277777777777779 1.5
711 1.473720558371312 -3.055555555555802 1.5
712 -6.974075932068366 -5.500000000000011 1.5
713 6.766095480019064 -4.88887172366073 1.5
714 7.824573095136451 -5.499997139128702 1.5
715 7.824573024416345 -4.277774440094571 1.5
716 7.824573520000143 -0.6111109997548425 1.5
717 7.824573519547599 0.6111111296704301 1.5
718 6.766098025957866 1.222222225315377 1.5
719 7.824573519474686 1.833333336942033 1.5
720 -2.742287462766198 -7.913451208838996 1.5
721 -1.69872359668512 -7.328167794065795 1.5
722 -7.006475659881002 -7.912739899108692 1.5
723 -7.012388017527402 7.912739899108679 1.5
724 -8.032551425582659 -1.222222222222229 1.5
725 -6.99074881346414 -0.611111111111132 1.5
726 -8.013194398386428 -3.552713678800501e-15 1.5
727 -8.12904838655888 -3.798813716325556 1.5
728 3.590671669196768 -1.833307948197149 1.5
729 -1.701208867923985 -6.110250187899883 1.5
730 -4.877132402713835 -0.6111111111126029 1.5
731 -6.986966879551576 0.6111111111111036 1.5
732 -8.127475979532575 1.354369271881106 1.5
733 -1.701705922171717 4.88888888888884 1.5
734 -2.76018141568577 3.055555555555056 1.5
735 -0.664531609250627 7.907549717395639 1.5
736 0.4116948680914021 7.327184212158468 1.5
737 0.4146533653959956 6.110086257581912 1.5
738 1.473030242333497 6.721026559771488 1.5
739 -1.747391921799434 8.540439807552346 1.5
740 1.456339070442022 7.914338824239749 1.5
741 2.529184084557736 7.32811645289069 1.5
742 -8.020135508676113 7.328049242444045 1.5
743 -8.027756527765092 8.505599555078838 1.5
744 -8.017084737378763 4.888888888888895 1.5
745 -8.098067790655579 3.535514134860545 1.5
746 -7.983030961697387 -7.380368948527554 1.5
747 -8.020587043660933 -8.514319506092757 1.5
748 -5.996094716962231 8.7210627831548 1.5
749 -5.995250094441353 -8.7210627831548 1.5
750 2.506106540796488 8.723070008184617 1.5
751 3.590671545399907 7.944444444444294 1.5
752 -9.117024413986115 7.928649614553812 1.5
753 -9.07177417646311 -2.937590585557816 1.5
754 -9.071309657243823 0.49314614111338 1.5
755 -9.120584679079213 -7.956210589259078 1.5
756 -3.75901667072433 -8.727347975640686 1.5
757 -1.690312254449065 -8.527700461357902 1.5
758 -0.6432304286574624 -7.944444444444491 1.5
759 -0.6266265879394677 -9.153419667510972 1.5
760 0.4408615735176049 -8.54647282145077 1.5
761 1.570250553708931 -9.066388927929683 1.5
762 1.465593806912292 -7.874904041137808 1.5
763 2.585203242266525 -8.461902154190557 1.5
764 2.573698693674988 -9.637047651466441 1.5
765 8.888481967704731 8.546145401922153 1.5
766 9.00927430401002 9.874106673994344 1.5
767 7.824573519457065 9.166666666666696 1.5
768 6.766098480979462 2.444443657424149 1.5
769 7.82457405033071 3.055554636849687 1.5
770 8.883049101453274 2.444444291928228 1.5
771 7.824583828273123 4.277759922516951 1.5
772 7.825634915589596 7.942606052415911 1.5
773 6.757273775588661 8.586008356869172 1.5
774 5.705788091674204 7.949626674282435 1.5
775 5.631674809867732 9.177488766806775 1.5
776 4.636446190196301 8.557080301214775 1.5
777 5.707622638641556 1.833333150074427 1.5
778 8.883048934794399 -4.888888361800978 1.5
779 7.824573523529445 -1.833332498274984 1.5
780 -2.767795748957276 7.941925153110564 1.5
781 -2.80252126501154 9.090333749982353 1.5
782 -3.792334835590653 8.457305334785993 1.5
783 -1.701623079796441 -4.888745401688229 1.5
784 8.883050834333311 3.66666351225285 1.5
785 -0.6433290452342248 5.499829191078426 1.5
786 0.4152450651934618 -1.222222222805231 1.5
787 -0.6486389030261517 -6.720916491549227 1.5
788 -9.982008243913601 3.013116071314169 1.5
789 -8.883049012971371 2.444444444444439 1.5
790 2.532196072726473 -1.222217991726726 1.5
791 3.590671569604639 -0.6111061753431137 1.5
792 3.590671549532455 0.6111119335684982 1.5
793 4.649147044218815 1.078998261405673e-06 1.5
794 2.532196051885503 -2.444444444444464 1.5
795 5.707622532428413 -7.9444444444445 1.5
796 4.649147038914098 -8.555555555555603 1.5
797 6.761023458362907 -8.586410730456659 1.5
798 7.823727263153028 -7.949583635911392 1.5
799 7.824573519457065 -9.16666666666671 1.5
800 5.623861843108649 -9.184986538445834 1.5
801 1.473720578671383 4.277777742616795 1.5
802 8.883079696896598 4.888835742839747 1.5
803 0.3025488345402341 8.401252924261641 1.5
804 -3.818656909188416 -1.222222222242957 1.5
805 3.05555555555555 9.941524506485685 1.5
806 -7.96421123040304 -9.757113476167122 1.5
807 8.883049013076988 2.16525748442109e-08 1.5
808 -9.938878457126233 -5.530744459290399 1.5
809 -8.917298953865895 -4.846791417394213 1.5
810 -8.886271895782876 -5.944608604042341 1.5
811 -3.082814345580321 -9.921667137121837 1.5
812 9.946073026727568 -7.936566176286243 1.5
813 8.883666056961019 -7.332876820551481 1.5
814 -5.93560789622882 3.666666666666401 1.5
815 -5.932273319949706 -4.888888888889158 1.5
816 -6.994083389743325 -4.277777777777784 1.5
817 -10.0109762610344 -2.017376208704082 1.5
818 -2.760084766248813 -5.499832598264838 1.5
819 -4.87713240271462 6.722222222222204 1.5
820 5.707619685981079 -4.277732366542021 1.5
821 -8.005768483968708 6.11023042929623 1.5
822 -9.111034376771908 5.500000000000004 1.5
823 4.649147067994523 -1.222216265203112 1.5
824 -7.965235442417901 9.755867768879423 1.5
825 -5.49204547662587 -9.939459314672629 1.5
826 -5.48823011191533 9.947618130733794 1.5
827 3.590671783705751 5.499999587241991 1.5
828 9.941524506485703 -3.055555555555558 1.5
829 8.883048917435097 -3.666666022538166 1.5
830 -0.6432304285343111 -1.833333333546618 1.5
831 -2.760181415678595 1.833333333320398 1.5
832 2.532292285624923 -3.666345364842815 1.5
833 6.766098025942746 -3.666666666666731 1.5
834 9.941550678437309 5.499954668861445 1.5
835 0.65749438251855 10.0406333102861 1.5
836 -4.877132402711609 -1.833333333338686 1.5
837 5.707623826014977 3.0555533153036 1.5
838 -1.701705922009307 1.222222221940854 1.5
839 -4.88478594159761 7.933951263948742 1.5
840 3.590671545399825 1.833333333333316 1.5
841 -0.6432304286574482 -5.50000000000002 1.5
842 -4.877132402714711 -7.944444444444455 1.5
843 -2.760151500381951 -4.277725962958659 1.5
844 -6.994083389743283 3.055555555555568 1.5
845 0.4152450649341848 -2.444444444578382 1.5
846 1.473720562023333 -1.833332628560205 1.5
847 2.532196055217691 1.222222252443345 1.5
848 3.590671545399795 -6.722222222222255 1.5
849 -5.934421811196474 1.222222222221241 1.5
850 -5.935052133515109 -1.222222222223447 1.5
851 -0.6432304266765527 1.833333329902326 1.5
852 8.888317417867849 -8.547144689151843 1.5
853 5.707328656000456 6.723065378667975 1.5
854 -6.994083389743299 1.833333333333346 1.5
855 9.009250796890466 -9.87424942931287 1.5
856 -2.760181415685999 4.277777777777676 1.5
857 -1.701705921721087 2.444444443663869 1.5
858 -5.93357574052569 -1.108446667785756e-12 1.5
859 4.649147088560348 1.222222455983973 1.5
860 -1.701705922004432 3.666666666376855 1.5
861 5.70762253242847 0.6111111111110361 1.5
862 7.824534751643846 -6.722998854174618 1.5
863 0.4151300165332188 4.888689604280561 1.5
864 9.9415244934562 -5.499999912152028 1.5
865 -0.6432396981625317 4.277761720891061 1.5
866 8.883049027753991 1.222222204106281 1.5
867 1.473487733365999 5.499596667053286 1.5
868 9.941524523696447 1.833333304894634 1.5
869 8.883049013758242 -1.222222060877696 1.5
870 7.824573425145108 -3.055554047601234 1.5
871 9.941524827661453 3.055554999660767 1.5
872 8.883049004945736 -2.444444307848352 1.5
873 9.941524506634437 -0.611111080611602 1.5
874 2.531540255789867 6.109975036022913 1.5
875 8.883049012971419 -6.11111111111116 1.5
876 3.590060550824882 6.721162877847433 1.5
877 4.646573938446261 7.334414681601395 1.5
878 -1.796636756191377 9.823255100983562 1.5
879 0.4089548281891719 -7.319350531630042 1.5
880 1.472087366642828 -6.68851712451487 1.5
881 3.617285944832268 -7.907580959737584 1.5
882 -9.146744145976069 -9.974272493860941 1.5
883 -9.146806355160638 9.974196831367763 1.5
884 2.526375849835487 -7.278728635932088 1.5
885 3.657748132601348 9.023068274098051 1.5
886 -4.882714314294547 -9.049534311160553 1.5
887 -4.67116028410539 9.091122340821073 1.5
888 3.535690486571347 -9.101858386661853 1.5
889 1.134140854946128 9.050732368040237 1.5
890 -10.19605355154064 7.914638475494254 1.5
891 -8.839097457977706 6.717830301703259 1.5
892 -8.845596381312147 4.312378171332416 1.5
893 -10.19881667794866 5.5 1.5
894 -10.10323436677154 0.6633088810150198 1.5
895 -7.819351912529221 2.444643348015001 1.5
896 -8.79135389783951 -0.634704105110659 1.5
897 -8.977544167464027 -1.644574779525062 1.5
898 -10.06246811830867 -3.179773050682778 1.5
899 -7.89942561666629 -4.986318250565565 1.5
900 -7.890132647491118 -6.187896129598727 1.5
901 -10.1804541568739 -7.946580080367081 1.5
902 -2.607202929056252 -8.984586436811412 1.5
903 1.668369805507183 -10.11571697921293 1.5
904 -7.128251737062802 -8.961548598343974 1.5
905 -7.131241872320056 8.95955546668365 1.5
906 -3.070281739808907 10.12689378494101 1.5
907 7.930595194134298 10.18378845834701 1.5
908 7.944444444444432 -10.18126635646049 1.5
909 -0.6111111111111089 -10.18490382594167 1.5
910 -0.7710375122169566 8.945298304374131 1.5
911 5.5 -10.20043569683232 1.5
912 5.531583139071138 10.19529616805768 1.5
913 -8.875398986000899 9.008363586908914 1.5
914 -8.834769187270133 -9.047069543437246 1.5
915 -10.10527123519359 -10.10527123519359 1.5
916 10.10527123519359 -10.1052712351936 1.5
917 -10.10527123519361 10.10527123519361 1.5
918 10.10527123519361 10.10527123519361 1.5
919 -9.106075950268224 3.439779475956804 1.5
920 -9.152692457375759 -3.897946305002718 1.5
921 -8.837040482096667 -6.948666096446988 1.5
922 -9.153149537102578 1.450448569361477 1.5
923 3.399083561501794 -10.13986049319292 1.5
924 -3.661027210042239 9.383914469037428 1.5
925 0.08508277665975505 9.305931626363748 1.5
$EndNodes
$Elements
4412
1 2 2 2 1 9 1 166
2 2 2 2 1 1 10 166
3 2 2 2 1 2 9 166
4 2 2 2 1 28 2 166
5 2 2 2 1 26 3 165
6 2 2 2 1 3 27 165
7 2 2 2 1 27 4 165
8 2 2 2 1 4 44 165
9 2 2 2 1 10 11 149
10 2 2 2 1 10 149 166
11 2 2 2 1 11 12 162
12 2 2 2 1 149 11 162
13 2 2 2 1 12 13 152
14 2 2 2 1 12 152 162
15 2 2 2 1 13 14 163
16 2 2 2 1 152 13 163
17 2 2 2 1 14 15 155
18 2 2 2 1 14 155 163
19 2 2 2 1 15 16 164
20 2 2 2 1 155 15 164
21 2 2 2 1 16 17 153
22 2 2 2 1 16 153 164
23 2 2 2 1 17 18 156
24 2 2 2 1 153 17 156
25 2 2 2 1 18 19 157
26 2 2 2 1 156 18 157
27 2 2 2 1 19 20 154
28 2 2 2 1 19 154 157
29 2 2 2 1 20 21 158
30 2 2 2 1 154 20 158
31 2 2 2 1 21 22 151
32 2 2 2 1 21 151 158
33 2 2 2 1 22 23 159
34 2 2 2 1 151 22 159
35 2 2 2 1 23 24 160
36 2 2 2 1 159 23 160
37 2 2 2 1 24 25 150
38 2 2 2 1 24 150 160
39 2 2 2 1 25 26 161
40 2 2 2 1 150 25 161
41 2 2 2 1 161 26 165
42 2 2 2 1 29 28 149
43 2 2 2 1 149 28 166
44 2 2 2 1 30 29 162
45 2 2 2 1 29 149 162
46 2 2 2 1 31 30 152
47 2 2 2 1 152 30 162
48 2 2 2 1 32 31 163
49 2 2 2 1 31 152 163
50 2 2 2 1 33 32 155
51 2 2 2 1 155 32 163
52 2 2 2 1 34 33 164
53 2 2 2 1 33 155 164
54 2 2 2 1 35 34 153
55 2 2 2 1 153 34 164
56 2 2 2 1 36 35 156
57 2 2 2 1 35 153 156
58 2 2 2 1 37 36 157
59 2 2 2 1 36 156 157
60 2 2 2 1 38 37 154
61 2 2 2 1 154 37 157
62 2 2 2 1 39 38 158
63 2 2 2 1 38 154 158
64 2 2 2 1 40 39 151
65 2 2 2 1 151 39 158
66 2 2 2 1 41 40 159
67 2 2 2 1 40 151 159
68 2 2 2 1 42 41 160
69 2 2 2 1 41 159 160
70 2 2 2 1 43 42 150
71 2 2 2 1 150 42 160
72 2 2 2 1 44 43 161
73 2 2 2 1 43 150 161
74 2 2 2 1 44 161 165
75 2 2 2 2 45 184 5
76 2 2 2 2 5 184 46
77 2 2 2 2 6 184 45
78 2 2 2 2 64 184 6
79 2 2 2 2 62 183 7
80 2 2 2 2 7 183 63
81 2 2 2 2 63 183 8
82 2 2 2 2 8 183 80
83 2 2 2 2 46 167 47
84 2 2 2 2 46 184 167
85 2 2 2 2 47 180 48
86 2 2 2 2 167 180 47
87 2 2 2 2 48 170 49
88 2 2 2 2 48 180 170
89 2 2 2 2 49 181 50
90 2 2 2 2 170 181 49
91 2 2 2 2 50 172 51
92 2 2 2 2 50 181 172
93 2 2 2 2 51 182 52
94 2 2 2 2 172 182 51
95 2 2 2 2 52 173 53
96 2 2 2 2 52 182 173
97 2 2 2 2 53 174 54
98 2 2 2 2 173 174 53
99 2 2 2 2 54 175 55
100 2 2 2 2 174 175 54
101 2 2 2 2 55 171 56
102 2 2 2 2 55 175 171
103 2 2 2 2 56 176 57
104 2 2 2 2 171 176 56
105 2 2 2 2 57 169 58
106 2 2 2 2 57 176 169
107 2 2 2 2 58 177 59
108 2 2 2 2 169 177 58
109 2 2 2 2 59 178 60
110 2 2 2 2 177 178 59
111 2 2 2 2 60 168 61
112 2 2 2 2 60 178 168
113 2 2 2 2 61 179 62
114 2 2 2 2 168 179 61
115 2 2 2 2 179 183 62
116 2 2 2 2 65 167 64
117 2 2 2 2 167 184 64
118 2 2 2 2 66 180 65
119 2 2 2 2 65 180 167
120 2 2 2 2 67 170 66
121 2 2 2 2 170 180 66
122 2 2 2 2 68 181 67
123 2 2 2 2 67 181 170
124 2 2 2 2 69 172 68
125 2 2 2 2 172 181 68
126 2 2 2 2 70 182 69
127 2 2 2 2 69 182 172
128 2 2 2 2 71 173 70
129 2 2 2 2 173 182 70
130 2 2 2 2 72 174 71
131 2 2 2 2 71 174 173
132 2 2 2 2 73 175 72
133 2 2 2 2 72 175 174
134 2 2 2 2 74 171 73
135 2 2 2 2 171 175 73
136 2 2 2 2 75 176 74
137 2 2 2 2 74 176 171
138 2 2 2 2 76 169 75
139 2 2 2 2 169 176 75
140 2 2 2 2 77 177 76
141 2 2 2 2 76 177 169
142 2 2 2 2 78 178 77
143 2 2 2 2 77 178 177
144 2 2 2 2 79 168 78
145 2 2 2 2 168 178 78
146 2 2 2 2 80 179 79
147 2 2 2 2 79 179 168
148 2 2 2 2 80 183 179
149 2 2 2 3 1 9 201
150 2 2 2 3 98 1 201
151 2 2 2 3 9 2 201
152 2 2 2 3 2 81 201
153 2 2 2 3 45 5 202
154 2 2 2 3 5 114 202
155 2 2 2 3 6 45 202
156 2 2 2 3 97 6 202
157 2 2 2 3 81 82 185
158 2 2 2 3 81 185 201
159 2 2 2 3 82 83 192
160 2 2 2 3 185 82 192
161 2 2 2 3 83 84 187
162 2 2 2 3 83 187 192
163 2 2 2 3 84 85 193
164 2 2 2 3 187 84 193
165 2 2 2 3 85 86 190
166 2 2 2 3 85 190 193
167 2 2 2 3 86 87 200
168 2 2 2 3 190 86 200
169 2 2 2 3 87 88 191
170 2 2 2 3 87 191 200
171 2 2 2 3 88 89 194
172 2 2 2 3 191 88 194
173 2 2 2 3 89 90 195
174 2 2 2 3 194 89 195
175 2 2 2 3 90 91 188
176 2 2 2 3 90 188 195
177 2 2 2 3 91 92 196
178 2 2 2 3 188 91 196
179 2 2 2 3 92 93 189
180 2 2 2 3 92 189 196
181 2 2 2 3 93 94 197
182 2 2 2 3 189 93 197
183 2 2 2 3 94 95 198
184 2 2 2 3 197 94 198
185 2 2 2 3 95 96 186
186 2 2 2 3 95 186 198
187 2 2 2 3 96 97 199
188 2 2 2 3 186 96 199
189 2 2 2 3 199 97 202
190 2 2 2 3 99 98 185
191 2 2 2 3 185 98 201
192 2 2 2 3 100 99 192
193 2 2 2 3 99 185 192
194 2 2 2 3 101 100 187
195 2 2 2 3 187 100 192
196 2 2 2 3 102 101 193
197 2 2 2 3 101 187 193
198 2 2 2 3 103 102 190
199 2 2 2 3 190 102 193
200 2 2 2 3 104 103 200
201 2 2 2 3 103 190 200
202 2 2 2 3 105 104 191
203 2 2 2 3 191 104 200
204 2 2 2 3 106 105 194
205 2 2 2 3 105 191 194
206 2 2 2 3 107 106 195
207 2 2 2 3 106 194 195
208 2 2 2 3 108 107 188
209 2 2 2 3 188 107 195
210 2 2 2 3 109 108 196
211 2 2 2 3 108 188 196
212 2 2 2 3 110 109 189
213 2 2 2 3 189 109 196
214 2 2 2 3 111 110 197
215 2 2 2 3 110 189 197
216 2 2 2 3 112 111 198
217 2 2 2 3 111 197 198
218 2 2 2 3 113 112 186
219 2 2 2 3 186 112 198
220 2 2 2 3 114 113 199
221 2 2 2 3 113 186 199
222 2 2 2 3 114 199 202
223 2 2 2 4 3 219 27
224 2 2 2 4 132 219 3
225 2 2 2 4 27 219 4
226 2 2 2 4 4 219 115
227 2 2 2 4 63 220 7
228 2 2 2 4 7 220 148
229 2 2 2 4 8 220 63
230 2 2 2 4 131 220 8
231 2 2 2 4 115 203 116
232 2 2 2 4 115 219 203
233 2 2 2 4 116 210 117
234 2 2 2 4 203 210 116
235 2 2 2 4 117 205 118
236 2 2 2 4 117 210 205
237 2 2 2 4 118 211 119
238 2 2 2 4 205 211 118
239 2 2 2 4 119 208 120
240 2 2 2 4 119 211 208
241 2 2 2 4 120 218 121
242 2 2 2 4 208 218 120
243 2 2 2 4 121 209 122
244 2 2 2 4 121 218 209
245 2 2 2 4 122 212 123
246 2 2 2 4 209 212 122
247 2 2 2 4 123 213 124
248 2 2 2 4 212 213 123
249 2 2 2 4 124 206 125
250 2 2 2 4 124 213 206
251 2 2 2 4 125 215 126
252 2 2 2 4 206 215 125
253 2 2 2 4 126 207 127
254 2 2 2 4 126 215 207
255 2 2 2 4 127 214 128
256 2 2 2 4 207 214 127
257 2 2 2 4 128 216 129
258 2 2 2 4 214 216 128
259 2 2 2 4 129 204 130
260 2 2 2 4 129 216 204
261 2 2 2 4 130 217 131
262 2 2 2 4 204 217 130
263 2 2 2 4 217 220 131
264 2 2 2 4 133 203 132
265 2 2 2 4 203 219 132
266 2 2 2 4 134 210 133
267 2 2 2 4 133 210 203
268 2 2 2 4 135 205 134
269 2 2 2 4 205 210 134
270 2 2 2 4 136 211 135
271 2 2 2 4 135 211 205
272 2 2 2 4 137 208 136
273 2 2 2 4 208 211 136
274 2 2 2 4 138 218 137
275 2 2 2 4 137 218 208
276 2 2 2 4 139 209 138
277 2 2 2 4 209 218 138
278 2 2 2 4 140 212 139
279 2 2 2 4 139 212 209
280 2 2 2 4 141 213 140
281 2 2 2 4 140 213 212
282 2 2 2 4 142 206 141
283 2 2 2 4 206 213 141
284 2 2 2 4 143 215 142
285 2 2 2 4 142 215 206
286 2 2 2 4 144 207 143
287 2 2 2 4 207 215 143
288 2 2 2 4 145 214 144
289 2 2 2 4 144 214 207
290 2 2 2 4 146 216 145
291 2 2 2 4 145 216 214
292 2 2 2 4 147 204 146
293 2 2 2 4 204 216 146
294 2 2 2 4 148 217 147
295 2 2 2 4 147 217 204
296 2 2 2 4 148 220 217
297 2 2 2 5 2 28 563
298 2 2 2 5 81 2 563
299 2 2 2 5 44 4 565
300 2 2 2 5 4 115 565
301 2 2 2 5 64 6 564
302 2 2 2 5 6 97 564
303 2 2 2 5 8 80 566
304 2 2 2 5 131 8 566
305 2 2 2 5 28 29 244
306 2 2 2 5 28 244 563
307 2 2 2 5 29 30 536
308 2 2 2 5 244 29 536
309 2 2 2 5 30 31 237
310 2 2 2 5 30 237 536
311 2 2 2 5 31 32 538
312 2 2 2 5 237 31 538
313 2 2 2 5 32 33 226
314 2 2 2 5 32 226 538
315 2 2 2 5 33 34 540
316 2 2 2 5 226 33 540
317 2 2 2 5 34 35 235
318 2 2 2 5 34 235 540
319 2 2 2 5 35 36 542
320 2 2 2 5 235 35 542
321 2 2 2 5 36 37 224
322 2 2 2 5 36 224 542
323 2 2 2 5 37 38 545
324 2 2 2 5 224 37 545
325 2 2 2 5 38 39 544
326 2 2 2 5 38 544 545
327 2 2 2 5 39 40 231
328 2 2 2 5 39 231 544
329 2 2 2 5 40 41 480
330 2 2 2 5 231 40 480
331 2 2 2 5 41 42 243
332 2 2 2 5 41 243 480
333 2 2 2 5 42 43 430
334 2 2 2 5 243 42 430
335 2 2 2 5 43 44 246
336 2 2 2 5 43 246 430
337 2 2 2 5 246 44 565
338 2 2 2 5 65 64 245
339 2 2 2 5 245 64 564
340 2 2 2 5 66 65 458
341 2 2 2 5 65 245 458
342 2 2 2 5 67 66 242
343 2 2 2 5 242 66 458
344 2 2 2 5 68 67 462
345 2 2 2 5 67 242 462
346 2 2 2 5 69 68 225
347 2 2 2 5 225 68 462
348 2 2 2 5 70 69 467
349 2 2 2 5 69 225 467
350 2 2 2 5 71 70 239
351 2 2 2 5 239 70 467
352 2 2 2 5 72 71 459
353 2 2 2 5 71 239 459
354 2 2 2 5 73 72 223
355 2 2 2 5 223 72 459
356 2 2 2 5 74 73 498
357 2 2 2 5 73 223 498
358 2 2 2 5 75 74 452
359 2 2 2 5 452 74 498
360 2 2 2 5 76 75 230
361 2 2 2 5 230 75 452
362 2 2 2 5 77 76 483
363 2 2 2 5 76 230 483
364 2 2 2 5 78 77 240
365 2 2 2 5 240 77 483
366 2 2 2 5 79 78 248
367 2 2 2 5 78 240 248
368 2 2 2 5 80 79 247
369 2 2 2 5 247 79 248
370 2 2 2 5 80 247 566
371 2 2 2 5 82 81 525
372 2 2 2 5 525 81 563
373 2 2 2 5 83 82 454
374 2 2 2 5 454 82 525
375 2 2 2 5 84 83 238
376 2 2 2 5 238 83 454
377 2 2 2 5 85 84 464
378 2 2 2 5 84 238 464
379 2 2 2 5 86 85 232
380 2 2 2 5 232 85 464
381 2 2 2 5 87 86 550
382 2 2 2 5 86 232 550
383 2 2 2 5 88 87 522
384 2 2 2 5 522 87 550
385 2 2 2 5 89 88 221
386 2 2 2 5 221 88 522
387 2 2 2 5 90 89 524
388 2 2 2 5 89 221 524
389 2 2 2 5 91 90 535
390 2 2 2 5 90 524 535
391 2 2 2 5 92 91 229
392 2 2 2 5 229 91 535
393 2 2 2 5 93 92 402
394 2 2 2 5 92 229 402
395 2 2 2 5 94 93 557
396 2 2 2 5 93 402 557
397 2 2 2 5 95 94 233
398 2 2 2 5 233 94 557
399 2 2 2 5 96 95 553
400 2 2 2 5 95 233 553
401 2 2 2 5 97 96 506
402 2 2 2 5 506 96 553
403 2 2 2 5 97 506 564
404 2 2 2 5 115 116 432
405 2 2 2 5 115 432 565
406 2 2 2 5 116 117 552
407 2 2 2 5 432 116 552
408 2 2 2 5 117 118 241
409 2 2 2 5 117 241 552
410 2 2 2 5 118 119 463
411 2 2 2 5 241 118 463
412 2 2 2 5 119 120 228
413 2 2 2 5 119 228 463
414 2 2 2 5 120 121 549
415 2 2 2 5 228 120 549
416 2 2 2 5 121 122 521
417 2 2 2 5 121 521 549
418 2 2 2 5 122 123 222
419 2 2 2 5 122 222 521
420 2 2 2 5 123 124 484
421 2 2 2 5 222 123 484
422 2 2 2 5 124 125 234
423 2 2 2 5 124 234 484
424 2 2 2 5 125 126 529
425 2 2 2 5 234 125 529
426 2 2 2 5 126 127 227
427 2 2 2 5 126 227 529
428 2 2 2 5 127 128 556
429 2 2 2 5 227 127 556
430 2 2 2 5 128 129 236
431 2 2 2 5 128 236 556
432 2 2 2 5 129 130 554
433 2 2 2 5 236 129 554
434 2 2 2 5 130 131 405
435 2 2 2 5 130 405 554
436 2 2 2 5 405 131 566
437 2 2 2 5 221 522 555
438 2 2 2 5 524 221 555
439 2 2 2 5 222 484 526
440 2 2 2 5 521 222 562
441 2 2 2 5 222 526 562
442 2 2 2 5 223 441 498
443 2 2 2 5 441 223 503
444 2 2 2 5 223 459 503
445 2 2 2 5 224 395 543
446 2 2 2 5 395 224 545
447 2 2 2 5 224 439 542
448 2 2 2 5 439 224 543
449 2 2 2 5 225 462 516
450 2 2 2 5 467 225 513
451 2 2 2 5 513 225 516
452 2 2 2 5 226 389 539
453 2 2 2 5 389 226 540
454 2 2 2 5 226 448 538
455 2 2 2 5 448 226 539
456 2 2 2 5 227 410 411
457 2 2 2 5 410 227 556
458 2 2 2 5 227 411 412
459 2 2 2 5 227 412 529
460 2 2 2 5 463 228 532
461 2 2 2 5 532 228 572
462 2 2 2 5 228 549 572
463 2 2 2 5 402 229 531
464 2 2 2 5 531 229 570
465 2 2 2 5 229 535 570
466 2 2 2 5 230 427 483
467 2 2 2 5 427 230 514
468 2 2 2 5 230 452 514
469 2 2 2 5 231 480 481
470 2 2 2 5 231 481 569
471 2 2 2 5 544 231 569
472 2 2 2 5 232 464 533
473 2 2 2 5 232 533 573
474 2 2 2 5 550 232 573
475 2 2 2 5 233 397 399
476 2 2 2 5 397 233 400
477 2 2 2 5 233 399 553
478 2 2 2 5 400 233 557
479 2 2 2 5 234 417 484
480 2 2 2 5 417 234 558
481 2 2 2 5 234 529 558
482 2 2 2 5 235 389 540
483 2 2 2 5 389 235 541
484 2 2 2 5 235 439 541
485 2 2 2 5 439 235 542
486 2 2 2 5 236 406 408
487 2 2 2 5 406 236 554
488 2 2 2 5 236 408 410
489 2 2 2 5 236 410 556
490 2 2 2 5 237 388 536
491 2 2 2 5 388 237 537
492 2 2 2 5 237 448 537
493 2 2 2 5 448 237 538
494 2 2 2 5 238 454 551
495 2 2 2 5 464 238 465
496 2 2 2 5 465 238 551
497 2 2 2 5 459 239 504
498 2 2 2 5 239 467 507
499 2 2 2 5 504 239 507
500 2 2 2 5 248 240 249
501 2 2 2 5 249 240 250
502 2 2 2 5 250 240 483
503 2 2 2 5 403 241 463
504 2 2 2 5 241 403 559
505 2 2 2 5 241 433 552
506 2 2 2 5 433 241 559
507 2 2 2 5 242 458 511
508 2 2 2 5 462 242 512
509 2 2 2 5 242 511 512
510 2 2 2 5 243 430 434
511 2 2 2 5 243 434 547
512 2 2 2 5 480 243 547
513 2 2 2 5 388 244 536
514 2 2 2 5 244 388 560
515 2 2 2 5 525 244 560
516 2 2 2 5 244 525 563
517 2 2 2 5 458 245 505
518 2 2 2 5 505 245 506
519 2 2 2 5 506 245 564
520 2 2 2 5 430 246 431
521 2 2 2 5 431 246 432
522 2 2 2 5 432 246 565
523 2 2 2 5 247 248 404
524 2 2 2 5 247 404 405
525 2 2 2 5 247 405 566
526 2 2 2 5 248 249 404
527 2 2 2 5 249 250 251
528 2 2 2 5 249 251 407
529 2 2 2 5 404 249 407
530 2 2 2 5 251 250 252
531 2 2 2 5 252 250 427
532 2 2 2 5 427 250 483
533 2 2 2 5 251 252 253
534 2 2 2 5 251 253 343
535 2 2 2 5 251 343 407
536 2 2 2 5 253 252 254
537 2 2 2 5 254 252 426
538 2 2 2 5 426 252 427
539 2 2 2 5 253 254 255
540 2 2 2 5 253 255 494
541 2 2 2 5 343 253 494
542 2 2 2 5 255 254 256
543 2 2 2 5 256 254 311
544 2 2 2 5 311 254 426
545 2 2 2 5 255 256 257
546 2 2 2 5 255 257 316
547 2 2 2 5 255 316 494
548 2 2 2 5 257 256 258
549 2 2 2 5 258 256 487
550 2 2 2 5 256 311 487
551 2 2 2 5 257 258 259
552 2 2 2 5 257 259 466
553 2 2 2 5 316 257 466
554 2 2 2 5 259 258 260
555 2 2 2 5 260 258 297
556 2 2 2 5 297 258 487
557 2 2 2 5 259 260 261
558 2 2 2 5 259 261 295
559 2 2 2 5 259 295 466
560 2 2 2 5 261 260 262
561 2 2 2 5 262 260 495
562 2 2 2 5 260 297 495
563 2 2 2 5 261 262 263
564 2 2 2 5 261 263 523
565 2 2 2 5 295 261 523
566 2 2 2 5 263 262 264
567 2 2 2 5 264 262 485
568 2 2 2 5 485 262 495
569 2 2 2 5 263 264 265
570 2 2 2 5 263 265 530
571 2 2 2 5 523 263 530
572 2 2 2 5 265 264 266
573 2 2 2 5 266 264 267
574 2 2 2 5 267 264 485
575 2 2 2 5 265 266 270
576 2 2 2 5 265 270 275
577 2 2 2 5 265 275 530
578 2 2 2 5 266 267 268
579 2 2 2 5 266 268 444
580 2 2 2 5 270 266 444
581 2 2 2 5 268 267 269
582 2 2 2 5 269 267 491
583 2 2 2 5 267 485 491
584 2 2 2 5 268 269 271
585 2 2 2 5 268 271 468
586 2 2 2 5 444 268 468
587 2 2 2 5 271 269 272
588 2 2 2 5 272 269 279
589 2 2 2 5 279 269 491
590 2 2 2 5 275 270 276
591 2 2 2 5 276 270 319
592 2 2 2 5 319 270 444
593 2 2 2 5 271 272 273
594 2 2 2 5 271 273 274
595 2 2 2 5 271 274 468
596 2 2 2 5 273 272 445
597 2 2 2 5 272 279 280
598 2 2 2 5 272 280 445
599 2 2 2 5 274 273 277
600 2 2 2 5 277 273 474
601 2 2 2 5 273 445 474
602 2 2 2 5 274 277 278
603 2 2 2 5 274 278 359
604 2 2 2 5 274 359 468
605 2 2 2 5 275 276 281
606 2 2 2 5 275 281 561
607 2 2 2 5 275 423 530
608 2 2 2 5 423 275 561
609 2 2 2 5 281 276 282
610 2 2 2 5 282 276 473
611 2 2 2 5 276 319 473
612 2 2 2 5 278 277 283
613 2 2 2 5 283 277 287
614 2 2 2 5 287 277 474
615 2 2 2 5 278 283 284
616 2 2 2 5 278 284 455
617 2 2 2 5 359 278 455
618 2 2 2 5 280 279 285
619 2 2 2 5 285 279 331
620 2 2 2 5 331 279 491
621 2 2 2 5 280 285 286
622 2 2 2 5 280 286 499
623 2 2 2 5 445 280 499
624 2 2 2 5 281 282 288
625 2 2 2 5 281 288 302
626 2 2 2 5 281 302 561
627 2 2 2 5 288 282 289
628 2 2 2 5 289 282 290
629 2 2 2 5 290 282 473
630 2 2 2 5 284 283 291
631 2 2 2 5 283 287 489
632 2 2 2 5 291 283 489
633 2 2 2 5 284 291 292
634 2 2 2 5 284 292 296
635 2 2 2 5 284 296 455
636 2 2 2 5 286 285 298
637 2 2 2 5 298 285 475
638 2 2 2 5 285 331 475
639 2 2 2 5 286 298 299
640 2 2 2 5 286 299 300
641 2 2 2 5 286 300 499
642 2 2 2 5 287 474 501
643 2 2 2 5 489 287 509
644 2 2 2 5 287 501 509
645 2 2 2 5 288 289 293
646 2 2 2 5 288 293 518
647 2 2 2 5 302 288 518
648 2 2 2 5 289 290 303
649 2 2 2 5 293 289 478
650 2 2 2 5 289 303 478
651 2 2 2 5 303 290 304
652 2 2 2 5 304 290 352
653 2 2 2 5 352 290 473
654 2 2 2 5 292 291 294
655 2 2 2 5 294 291 306
656 2 2 2 5 306 291 489
657 2 2 2 5 292 294 450
658 2 2 2 5 296 292 305
659 2 2 2 5 305 292 450
660 2 2 2 5 453 293 478
661 2 2 2 5 293 453 517
662 2 2 2 5 293 517 518
663 2 2 2 5 294 306 317
664 2 2 2 5 294 317 318
665 2 2 2 5 294 318 450
666 2 2 2 5 295 422 520
667 2 2 2 5 422 295 523
668 2 2 2 5 466 295 567
669 2 2 2 5 295 520 567
670 2 2 2 5 296 305 328
671 2 2 2 5 296 328 330
672 2 2 2 5 296 330 455
673 2 2 2 5 297 487 493
674 2 2 2 5 297 493 496
675 2 2 2 5 495 297 496
676 2 2 2 5 299 298 312
677 2 2 2 5 312 298 313
678 2 2 2 5 313 298 475
679 2 2 2 5 300 299 301
680 2 2 2 5 301 299 460
681 2 2 2 5 299 312 460
682 2 2 2 5 300 301 307
683 2 2 2 5 300 307 456
684 2 2 2 5 300 456 499
685 2 2 2 5 307 301 314
686 2 2 2 5 314 301 315
687 2 2 2 5 315 301 460
688 2 2 2 5 425 302 518
689 2 2 2 5 302 425 571
690 2 2 2 5 561 302 571
691 2 2 2 5 303 304 308
692 2 2 2 5 303 308 310
693 2 2 2 5 303 310 478
694 2 2 2 5 308 304 309
695 2 2 2 5 309 304 471
696 2 2 2 5 304 352 471
697 2 2 2 5 328 305 329
698 2 2 2 5 329 305 497
699 2 2 2 5 305 450 497
700 2 2 2 5 317 306 320
701 2 2 2 5 320 306 364
702 2 2 2 5 364 306 489
703 2 2 2 5 307 314 324
704 2 2 2 5 307 324 325
705 2 2 2 5 307 325 456
706 2 2 2 5 308 309 449
707 2 2 2 5 310 308 326
708 2 2 2 5 326 308 449
709 2 2 2 5 309 435 440
710 2 2 2 5 435 309 471
711 2 2 2 5 309 440 449
712 2 2 2 5 310 326 327
713 2 2 2 5 310 327 353
714 2 2 2 5 310 353 478
715 2 2 2 5 311 426 519
716 2 2 2 5 487 311 508
717 2 2 2 5 508 311 519
718 2 2 2 5 312 313 332
719 2 2 2 5 312 332 443
720 2 2 2 5 312 443 460
721 2 2 2 5 332 313 333
722 2 2 2 5 333 313 345
723 2 2 2 5 345 313 475
724 2 2 2 5 314 315 323
725 2 2 2 5 314 323 482
726 2 2 2 5 324 314 482
727 2 2 2 5 323 315 334
728 2 2 2 5 334 315 351
729 2 2 2 5 351 315 460
730 2 2 2 5 316 466 534
731 2 2 2 5 494 316 528
732 2 2 2 5 528 316 534
733 2 2 2 5 318 317 321
734 2 2 2 5 317 320 490
735 2 2 2 5 321 317 490
736 2 2 2 5 318 321 322
737 2 2 2 5 318 322 486
738 2 2 2 5 450 318 486
739 2 2 2 5 319 444 451
740 2 2 2 5 319 451 472
741 2 2 2 5 319 472 473
742 2 2 2 5 320 364 366
743 2 2 2 5 320 366 369
744 2 2 2 5 320 369 490
745 2 2 2 5 322 321 340
746 2 2 2 5 340 321 375
747 2 2 2 5 375 321 490
748 2 2 2 5 322 340 341
749 2 2 2 5 322 341 342
750 2 2 2 5 322 342 486
751 2 2 2 5 323 334 339
752 2 2 2 5 323 339 344
753 2 2 2 5 323 344 482
754 2 2 2 5 325 324 335
755 2 2 2 5 335 324 370
756 2 2 2 5 370 324 482
757 2 2 2 5 325 335 336
758 2 2 2 5 325 336 360
759 2 2 2 5 325 360 456
760 2 2 2 5 327 326 380
761 2 2 2 5 380 326 381
762 2 2 2 5 381 326 449
763 2 2 2 5 353 327 354
764 2 2 2 5 354 327 546
765 2 2 2 5 327 380 546
766 2 2 2 5 328 329 347
767 2 2 2 5 330 328 488
768 2 2 2 5 328 347 488
769 2 2 2 5 347 329 348
770 2 2 2 5 348 329 350
771 2 2 2 5 350 329 497
772 2 2 2 5 455 330 469
773 2 2 2 5 469 330 470
774 2 2 2 5 470 330 488
775 2 2 2 5 475 331 476
776 2 2 2 5 476 331 477
777 2 2 2 5 477 331 491
778 2 2 2 5 332 333 428
779 2 2 2 5 332 428 429
780 2 2 2 5 332 429 443
781 2 2 2 5 333 345 346
782 2 2 2 5 333 346 361
783 2 2 2 5 333 361 428
784 2 2 2 5 339 334 461
785 2 2 2 5 334 351 365
786 2 2 2 5 334 365 461
787 2 2 2 5 336 335 337
788 2 2 2 5 337 335 479
789 2 2 2 5 335 370 479
790 2 2 2 5 336 337 338
791 2 2 2 5 336 338 457
792 2 2 2 5 360 336 457
793 2 2 2 5 338 337 385
794 2 2 2 5 385 337 386
795 2 2 2 5 386 337 479
796 2 2 2 5 338 385 515
797 2 2 2 5 457 338 510
798 2 2 2 5 510 338 515
799 2 2 2 5 344 339 397
800 2 2 2 5 397 339 398
801 2 2 2 5 398 339 461
802 2 2 2 5 341 340 372
803 2 2 2 5 372 340 465
804 2 2 2 5 340 375 465
805 2 2 2 5 342 341 446
806 2 2 2 5 341 372 376
807 2 2 2 5 341 376 446
808 2 2 2 5 436 342 447
809 2 2 2 5 342 436 486
810 2 2 2 5 342 446 447
811 2 2 2 5 407 343 408
812 2 2 2 5 408 343 409
813 2 2 2 5 409 343 494
814 2 2 2 5 344 397 400
815 2 2 2 5 344 400 401
816 2 2 2 5 344 401 482
817 2 2 2 5 346 345 500
818 2 2 2 5 345 475 476
819 2 2 2 5 345 476 500
820 2 2 2 5 361 346 362
821 2 2 2 5 362 346 363
822 2 2 2 5 363 346 500
823 2 2 2 5 347 348 349
824 2 2 2 5 347 349 435
825 2 2 2 5 347 435 488
826 2 2 2 5 349 348 437
827 2 2 2 5 348 350 378
828 2 2 2 5 348 378 437
829 2 2 2 5 435 349 440
830 2 2 2 5 349 437 438
831 2 2 2 5 349 438 440
832 2 2 2 5 378 350 379
833 2 2 2 5 379 350 436
834 2 2 2 5 436 350 497
835 2 2 2 5 365 351 368
836 2 2 2 5 368 351 443
837 2 2 2 5 443 351 460
838 2 2 2 5 352 470 471
839 2 2 2 5 470 352 472
840 2 2 2 5 472 352 473
841 2 2 2 5 353 354 355
842 2 2 2 5 353 355 453
843 2 2 2 5 353 453 478
844 2 2 2 5 355 354 356
845 2 2 2 5 356 354 382
846 2 2 2 5 382 354 546
847 2 2 2 5 355 356 357
848 2 2 2 5 355 357 358
849 2 2 2 5 355 358 453
850 2 2 2 5 357 356 371
851 2 2 2 5 371 356 548
852 2 2 2 5 356 382 548
853 2 2 2 5 358 357 373
854 2 2 2 5 357 371 403
855 2 2 2 5 373 357 403
856 2 2 2 5 358 373 374
857 2 2 2 5 358 374 517
858 2 2 2 5 453 358 517
859 2 2 2 5 359 451 468
860 2 2 2 5 451 359 469
861 2 2 2 5 359 455 469
862 2 2 2 5 456 360 502
863 2 2 2 5 360 457 501
864 2 2 2 5 360 501 502
865 2 2 2 5 361 362 503
866 2 2 2 5 428 361 504
867 2 2 2 5 361 503 504
868 2 2 2 5 362 363 367
869 2 2 2 5 362 367 441
870 2 2 2 5 362 441 503
871 2 2 2 5 367 363 508
872 2 2 2 5 493 363 500
873 2 2 2 5 363 493 508
874 2 2 2 5 366 364 510
875 2 2 2 5 364 489 509
876 2 2 2 5 364 509 510
877 2 2 2 5 365 368 516
878 2 2 2 5 461 365 512
879 2 2 2 5 512 365 516
880 2 2 2 5 369 366 383
881 2 2 2 5 383 366 515
882 2 2 2 5 366 510 515
883 2 2 2 5 441 367 442
884 2 2 2 5 442 367 519
885 2 2 2 5 367 508 519
886 2 2 2 5 429 368 443
887 2 2 2 5 368 429 513
888 2 2 2 5 368 513 516
889 2 2 2 5 369 383 384
890 2 2 2 5 369 384 492
891 2 2 2 5 490 369 492
892 2 2 2 5 401 370 482
893 2 2 2 5 370 401 531
894 2 2 2 5 479 370 531
895 2 2 2 5 403 371 559
896 2 2 2 5 371 548 568
897 2 2 2 5 559 371 568
898 2 2 2 5 376 372 377
899 2 2 2 5 377 372 551
900 2 2 2 5 372 465 551
901 2 2 2 5 374 373 390
902 2 2 2 5 390 373 532
903 2 2 2 5 373 403 532
904 2 2 2 5 374 390 391
905 2 2 2 5 374 391 392
906 2 2 2 5 374 392 517
907 2 2 2 5 465 375 533
908 2 2 2 5 375 490 492
909 2 2 2 5 375 492 533
910 2 2 2 5 376 377 388
911 2 2 2 5 376 388 537
912 2 2 2 5 446 376 537
913 2 2 2 5 388 377 560
914 2 2 2 5 454 377 551
915 2 2 2 5 377 454 560
916 2 2 2 5 378 379 389
917 2 2 2 5 378 389 541
918 2 2 2 5 437 378 541
919 2 2 2 5 389 379 539
920 2 2 2 5 379 436 447
921 2 2 2 5 379 447 539
922 2 2 2 5 380 381 387
923 2 2 2 5 380 387 569
924 2 2 2 5 380 481 546
925 2 2 2 5 481 380 569
926 2 2 2 5 387 381 395
927 2 2 2 5 395 381 396
928 2 2 2 5 396 381 449
929 2 2 2 5 434 382 547
930 2 2 2 5 382 434 548
931 2 2 2 5 481 382 546
932 2 2 2 5 382 481 547
933 2 2 2 5 384 383 522
934 2 2 2 5 383 515 555
935 2 2 2 5 522 383 555
936 2 2 2 5 492 384 573
937 2 2 2 5 384 522 550
938 2 2 2 5 384 550 573
939 2 2 2 5 385 386 524
940 2 2 2 5 515 385 555
941 2 2 2 5 385 524 555
942 2 2 2 5 386 479 570
943 2 2 2 5 524 386 535
944 2 2 2 5 535 386 570
945 2 2 2 5 387 395 545
946 2 2 2 5 544 387 545
947 2 2 2 5 387 544 569
948 2 2 2 5 391 390 394
949 2 2 2 5 394 390 572
950 2 2 2 5 390 532 572
951 2 2 2 5 392 391 393
952 2 2 2 5 393 391 527
953 2 2 2 5 391 394 527
954 2 2 2 5 392 393 425
955 2 2 2 5 392 425 518
956 2 2 2 5 517 392 518
957 2 2 2 5 420 393 424
958 2 2 2 5 393 420 425
959 2 2 2 5 424 393 527
960 2 2 2 5 394 521 527
961 2 2 2 5 521 394 549
962 2 2 2 5 549 394 572
963 2 2 2 5 395 396 543
964 2 2 2 5 438 396 440
965 2 2 2 5 396 438 543
966 2 2 2 5 440 396 449
967 2 2 2 5 397 398 399
968 2 2 2 5 399 398 505
969 2 2 2 5 398 461 511
970 2 2 2 5 505 398 511
971 2 2 2 5 399 505 506
972 2 2 2 5 399 506 553
973 2 2 2 5 401 400 402
974 2 2 2 5 402 400 557
975 2 2 2 5 401 402 531
976 2 2 2 5 403 463 532
977 2 2 2 5 405 404 406
978 2 2 2 5 406 404 407
979 2 2 2 5 405 406 554
980 2 2 2 5 406 407 408
981 2 2 2 5 408 409 410
982 2 2 2 5 410 409 411
983 2 2 2 5 411 409 528
984 2 2 2 5 409 494 528
985 2 2 2 5 412 411 413
986 2 2 2 5 413 411 528
987 2 2 2 5 412 413 414
988 2 2 2 5 412 414 558
989 2 2 2 5 529 412 558
990 2 2 2 5 414 413 415
991 2 2 2 5 415 413 534
992 2 2 2 5 413 528 534
993 2 2 2 5 414 415 416
994 2 2 2 5 414 416 417
995 2 2 2 5 414 417 558
996 2 2 2 5 416 415 520
997 2 2 2 5 520 415 567
998 2 2 2 5 415 534 567
999 2 2 2 5 417 416 418
1000 2 2 2 5 418 416 419
1001 2 2 2 5 419 416 520
1002 2 2 2 5 417 418 526
1003 2 2 2 5 484 417 526
1004 2 2 2 5 418 419 420
1005 2 2 2 5 418 420 424
1006 2 2 2 5 418 424 526
1007 2 2 2 5 420 419 421
1008 2 2 2 5 421 419 422
1009 2 2 2 5 422 419 520
1010 2 2 2 5 420 421 425
1011 2 2 2 5 421 422 423
1012 2 2 2 5 421 423 571
1013 2 2 2 5 425 421 571
1014 2 2 2 5 423 422 523
1015 2 2 2 5 423 523 530
1016 2 2 2 5 423 561 571
1017 2 2 2 5 526 424 562
1018 2 2 2 5 424 527 562
1019 2 2 2 5 426 427 514
1020 2 2 2 5 426 514 519
1021 2 2 2 5 429 428 507
1022 2 2 2 5 428 504 507
1023 2 2 2 5 429 507 513
1024 2 2 2 5 430 431 434
1025 2 2 2 5 431 432 433
1026 2 2 2 5 431 433 568
1027 2 2 2 5 434 431 568
1028 2 2 2 5 433 432 552
1029 2 2 2 5 433 559 568
1030 2 2 2 5 548 434 568
1031 2 2 2 5 435 471 488
1032 2 2 2 5 486 436 497
1033 2 2 2 5 438 437 439
1034 2 2 2 5 439 437 541
1035 2 2 2 5 438 439 543
1036 2 2 2 5 441 442 498
1037 2 2 2 5 442 452 498
1038 2 2 2 5 452 442 514
1039 2 2 2 5 514 442 519
1040 2 2 2 5 451 444 468
1041 2 2 2 5 474 445 502
1042 2 2 2 5 445 499 502
1043 2 2 2 5 447 446 448
1044 2 2 2 5 448 446 537
1045 2 2 2 5 447 448 539
1046 2 2 2 5 450 486 497
1047 2 2 2 5 451 469 472
1048 2 2 2 5 454 525 560
1049 2 2 2 5 499 456 502
1050 2 2 2 5 501 457 509
1051 2 2 2 5 509 457 510
1052 2 2 2 5 458 505 511
1053 2 2 2 5 503 459 504
1054 2 2 2 5 511 461 512
1055 2 2 2 5 462 512 516
1056 2 2 2 5 464 465 533
1057 2 2 2 5 534 466 567
1058 2 2 2 5 507 467 513
1059 2 2 2 5 469 470 472
1060 2 2 2 5 471 470 488
1061 2 2 2 5 501 474 502
1062 2 2 2 5 476 477 496
1063 2 2 2 5 476 496 500
1064 2 2 2 5 485 477 491
1065 2 2 2 5 477 485 495
1066 2 2 2 5 477 495 496
1067 2 2 2 5 479 531 570
1068 2 2 2 5 481 480 547
1069 2 2 2 5 493 487 508
1070 2 2 2 5 533 492 573
1071 2 2 2 5 496 493 500
1072 2 2 2 5 527 521 562
1073 2 2 2 6 1 915 10
1074 2 2 2 6 98 915 1
1075 2 2 2 6 26 917 3
1076 2 2 2 6 3 917 132
1077 2 2 2 6 46 916 5
1078 2 2 2 6 5 916 114
1079 2 2 2 6 7 918 62
1080 2 2 2 6 148 918 7
1081 2 2 2 6 10 598 11
1082 2 2 2 6 10 915 598
1083 2 2 2 6 11 901 12
1084 2 2 2 6 598 901 11
1085 2 2 2 6 12 590 13
1086 2 2 2 6 12 901 590
1087 2 2 2 6 13 808 14
1088 2 2 2 6 590 808 13
1089 2 2 2 6 14 585 15
1090 2 2 2 6 14 808 585
1091 2 2 2 6 15 898 16
1092 2 2 2 6 585 898 15
1093 2 2 2 6 16 817 17
1094 2 2 2 6 16 898 817
1095 2 2 2 6 17 577 18
1096 2 2 2 6 17 817 577
1097 2 2 2 6 18 894 19
1098 2 2 2 6 577 894 18
1099 2 2 2 6 19 589 20
1100 2 2 2 6 19 894 589
1101 2 2 2 6 20 788 21
1102 2 2 2 6 589 788 20
1103 2 2 2 6 21 578 22
1104 2 2 2 6 21 788 578
1105 2 2 2 6 22 893 23
1106 2 2 2 6 578 893 22
1107 2 2 2 6 23 593 24
1108 2 2 2 6 23 893 593
1109 2 2 2 6 24 890 25
1110 2 2 2 6 593 890 24
1111 2 2 2 6 25 600 26
1112 2 2 2 6 25 890 600
1113 2 2 2 6 600 917 26
1114 2 2 2 6 47 599 46
1115 2 2 2 6 599 916 46
1116 2 2 2 6 48 812 47
1117 2 2 2 6 47 812 599
1118 2 2 2 6 49 596 48
1119 2 2 2 6 596 812 48
1120 2 2 2 6 50 864 49
1121 2 2 2 6 49 864 596
1122 2 2 2 6 51 580 50
1123 2 2 2 6 580 864 50
1124 2 2 2 6 52 828 51
1125 2 2 2 6 51 828 580
1126 2 2 2 6 53 592 52
1127 2 2 2 6 592 828 52
1128 2 2 2 6 54 873 53
1129 2 2 2 6 53 873 592
1130 2 2 2 6 55 576 54
1131 2 2 2 6 576 873 54
1132 2 2 2 6 56 868 55
1133 2 2 2 6 55 868 576
1134 2 2 2 6 57 871 56
1135 2 2 2 6 56 871 868
1136 2 2 2 6 58 582 57
1137 2 2 2 6 582 871 57
1138 2 2 2 6 59 834 58
1139 2 2 2 6 58 834 582
1140 2 2 2 6 60 594 59
1141 2 2 2 6 594 834 59
1142 2 2 2 6 61 602 60
1143 2 2 2 6 60 602 594
1144 2 2 2 6 62 601 61
1145 2 2 2 6 601 602 61
1146 2 2 2 6 62 918 601
1147 2 2 2 6 99 882 98
1148 2 2 2 6 882 915 98
1149 2 2 2 6 100 806 99
1150 2 2 2 6 806 882 99
1151 2 2 2 6 101 591 100
1152 2 2 2 6 591 806 100
1153 2 2 2 6 102 825 101
1154 2 2 2 6 101 825 591
1155 2 2 2 6 103 581 102
1156 2 2 2 6 581 825 102
1157 2 2 2 6 104 811 103
1158 2 2 2 6 103 811 581
1159 2 2 2 6 105 587 104
1160 2 2 2 6 587 811 104
1161 2 2 2 6 106 909 105
1162 2 2 2 6 105 909 587
1163 2 2 2 6 107 575 106
1164 2 2 2 6 575 909 106
1165 2 2 2 6 108 903 107
1166 2 2 2 6 107 903 575
1167 2 2 2 6 109 923 108
1168 2 2 2 6 764 903 108
1169 2 2 2 6 108 923 764
1170 2 2 2 6 110 583 109
1171 2 2 2 6 583 923 109
1172 2 2 2 6 111 911 110
1173 2 2 2 6 110 911 583
1174 2 2 2 6 112 597 111
1175 2 2 2 6 597 911 111
1176 2 2 2 6 113 908 112
1177 2 2 2 6 112 908 597
1178 2 2 2 6 114 855 113
1179 2 2 2 6 855 908 113
1180 2 2 2 6 114 916 855
1181 2 2 2 6 132 883 133
1182 2 2 2 6 132 917 883
1183 2 2 2 6 133 824 134
1184 2 2 2 6 133 883 824
1185 2 2 2 6 134 595 135
1186 2 2 2 6 134 824 595
1187 2 2 2 6 135 826 136
1188 2 2 2 6 595 826 135
1189 2 2 2 6 136 584 137
1190 2 2 2 6 136 826 584
1191 2 2 2 6 137 906 138
1192 2 2 2 6 584 906 137
1193 2 2 2 6 138 878 139
1194 2 2 2 6 138 906 878
1195 2 2 2 6 139 574 140
1196 2 2 2 6 139 878 574
1197 2 2 2 6 140 835 141
1198 2 2 2 6 574 835 140
1199 2 2 2 6 141 586 142
1200 2 2 2 6 141 835 586
1201 2 2 2 6 142 805 143
1202 2 2 2 6 586 805 142
1203 2 2 2 6 143 579 144
1204 2 2 2 6 143 805 579
1205 2 2 2 6 144 912 145
1206 2 2 2 6 579 912 144
1207 2 2 2 6 145 588 146
1208 2 2 2 6 145 912 588
1209 2 2 2 6 146 907 147
1210 2 2 2 6 588 907 146
1211 2 2 2 6 147 766 148
1212 2 2 2 6 147 907 766
1213 2 2 2 6 766 918 148
1214 2 2 2 6 574 925 835
1215 2 2 2 6 878 910 574
1216 2 2 2 6 910 925 574
1217 2 2 2 6 575 760 759
1218 2 2 2 6 759 909 575
1219 2 2 2 6 575 761 760
1220 2 2 2 6 575 903 761
1221 2 2 2 6 576 866 807
1222 2 2 2 6 807 873 576
1223 2 2 2 6 576 868 866
1224 2 2 2 6 754 894 577
1225 2 2 2 6 577 896 754
1226 2 2 2 6 817 897 577
1227 2 2 2 6 577 897 896
1228 2 2 2 6 788 919 578
1229 2 2 2 6 578 892 822
1230 2 2 2 6 822 893 578
1231 2 2 2 6 578 919 892
1232 2 2 2 6 579 776 775
1233 2 2 2 6 775 912 579
1234 2 2 2 6 579 885 776
1235 2 2 2 6 805 885 579
1236 2 2 2 6 580 829 778
1237 2 2 2 6 778 864 580
1238 2 2 2 6 828 829 580
1239 2 2 2 6 581 811 756
1240 2 2 2 6 756 886 581
1241 2 2 2 6 581 886 825
1242 2 2 2 6 582 802 784
1243 2 2 2 6 784 871 582
1244 2 2 2 6 582 834 802
1245 2 2 2 6 583 800 796
1246 2 2 2 6 796 888 583
1247 2 2 2 6 583 911 800
1248 2 2 2 6 888 923 583
1249 2 2 2 6 826 887 584
1250 2 2 2 6 887 924 584
1251 2 2 2 6 584 924 906
1252 2 2 2 6 808 809 585
1253 2 2 2 6 809 920 585
1254 2 2 2 6 585 920 898
1255 2 2 2 6 750 805 586
1256 2 2 2 6 586 889 750
1257 2 2 2 6 835 889 586
1258 2 2 2 6 587 759 757
1259 2 2 2 6 757 902 587
1260 2 2 2 6 587 909 759
1261 2 2 2 6 587 902 811
1262 2 2 2 6 588 773 767
1263 2 2 2 6 767 907 588
1264 2 2 2 6 588 775 773
1265 2 2 2 6 588 912 775
1266 2 2 2 6 589 789 788
1267 2 2 2 6 589 922 789
1268 2 2 2 6 894 922 589
1269 2 2 2 6 590 901 755
1270 2 2 2 6 755 921 590
1271 2 2 2 6 590 810 808
1272 2 2 2 6 590 921 810
1273 2 2 2 6 591 825 749
1274 2 2 2 6 749 904 591
1275 2 2 2 6 591 904 806
1276 2 2 2 6 592 872 828
1277 2 2 2 6 869 872 592
1278 2 2 2 6 592 873 869
1279 2 2 2 6 752 890 593
1280 2 2 2 6 593 891 752
1281 2 2 2 6 822 891 593
1282 2 2 2 6 593 893 822
1283 2 2 2 6 602 603 594
1284 2 2 2 6 603 604 594
1285 2 2 2 6 604 834 594
1286 2 2 2 6 748 826 595
1287 2 2 2 6 595 905 748
1288 2 2 2 6 824 905 595
1289 2 2 2 6 596 813 812
1290 2 2 2 6 596 875 813
1291 2 2 2 6 864 875 596
1292 2 2 2 6 597 799 797
1293 2 2 2 6 797 800 597
1294 2 2 2 6 597 908 799
1295 2 2 2 6 800 911 597
1296 2 2 2 6 755 901 598
1297 2 2 2 6 598 914 755
1298 2 2 2 6 882 914 598
1299 2 2 2 6 598 915 882
1300 2 2 2 6 812 852 599
1301 2 2 2 6 852 855 599
1302 2 2 2 6 855 916 599
1303 2 2 2 6 600 890 752
1304 2 2 2 6 752 913 600
1305 2 2 2 6 600 913 883
1306 2 2 2 6 883 917 600
1307 2 2 2 6 601 765 602
1308 2 2 2 6 601 766 765
1309 2 2 2 6 601 918 766
1310 2 2 2 6 602 765 603
1311 2 2 2 6 603 605 604
1312 2 2 2 6 603 772 605
1313 2 2 2 6 765 772 603
1314 2 2 2 6 605 606 604
1315 2 2 2 6 606 802 604
1316 2 2 2 6 802 834 604
1317 2 2 2 6 605 607 606
1318 2 2 2 6 605 707 607
1319 2 2 2 6 605 772 707
1320 2 2 2 6 607 608 606
1321 2 2 2 6 608 771 606
1322 2 2 2 6 771 802 606
1323 2 2 2 6 607 609 608
1324 2 2 2 6 607 853 609
1325 2 2 2 6 707 853 607
1326 2 2 2 6 609 610 608
1327 2 2 2 6 610 653 608
1328 2 2 2 6 653 771 608
1329 2 2 2 6 609 611 610
1330 2 2 2 6 609 659 611
1331 2 2 2 6 609 853 659
1332 2 2 2 6 611 612 610
1333 2 2 2 6 612 837 610
1334 2 2 2 6 610 837 653
1335 2 2 2 6 611 613 612
1336 2 2 2 6 611 827 613
1337 2 2 2 6 659 827 611
1338 2 2 2 6 613 614 612
1339 2 2 2 6 614 634 612
1340 2 2 2 6 634 837 612
1341 2 2 2 6 613 615 614
1342 2 2 2 6 613 638 615
1343 2 2 2 6 613 827 638
1344 2 2 2 6 615 616 614
1345 2 2 2 6 616 840 614
1346 2 2 2 6 614 840 634
1347 2 2 2 6 615 617 616
1348 2 2 2 6 615 801 617
1349 2 2 2 6 638 801 615
1350 2 2 2 6 617 618 616
1351 2 2 2 6 618 847 616
1352 2 2 2 6 616 847 840
1353 2 2 2 6 617 619 618
1354 2 2 2 6 617 635 619
1355 2 2 2 6 617 801 635
1356 2 2 2 6 619 620 618
1357 2 2 2 6 620 621 618
1358 2 2 2 6 621 847 618
1359 2 2 2 6 619 851 620
1360 2 2 2 6 635 697 619
1361 2 2 2 6 697 851 619
1362 2 2 2 6 620 622 621
1363 2 2 2 6 620 624 622
1364 2 2 2 6 620 851 624
1365 2 2 2 6 622 623 621
1366 2 2 2 6 623 677 621
1367 2 2 2 6 677 847 621
1368 2 2 2 6 622 786 623
1369 2 2 2 6 624 625 622
1370 2 2 2 6 625 786 622
1371 2 2 2 6 623 790 677
1372 2 2 2 6 786 846 623
1373 2 2 2 6 623 846 790
1374 2 2 2 6 624 626 625
1375 2 2 2 6 624 838 626
1376 2 2 2 6 624 851 838
1377 2 2 2 6 626 627 625
1378 2 2 2 6 627 830 625
1379 2 2 2 6 625 830 786
1380 2 2 2 6 626 628 627
1381 2 2 2 6 626 629 628
1382 2 2 2 6 626 838 629
1383 2 2 2 6 628 630 627
1384 2 2 2 6 630 631 627
1385 2 2 2 6 631 830 627
1386 2 2 2 6 629 639 628
1387 2 2 2 6 628 804 630
1388 2 2 2 6 639 804 628
1389 2 2 2 6 629 640 639
1390 2 2 2 6 629 831 640
1391 2 2 2 6 629 838 831
1392 2 2 2 6 630 632 631
1393 2 2 2 6 630 636 632
1394 2 2 2 6 630 804 636
1395 2 2 2 6 632 633 631
1396 2 2 2 6 633 662 631
1397 2 2 2 6 662 830 631
1398 2 2 2 6 632 843 633
1399 2 2 2 6 636 637 632
1400 2 2 2 6 637 843 632
1401 2 2 2 6 633 663 662
1402 2 2 2 6 633 783 663
1403 2 2 2 6 633 843 783
1404 2 2 2 6 777 837 634
1405 2 2 2 6 634 859 777
1406 2 2 2 6 840 859 634
1407 2 2 2 6 635 865 697
1408 2 2 2 6 801 863 635
1409 2 2 2 6 863 865 635
1410 2 2 2 6 636 648 637
1411 2 2 2 6 636 836 648
1412 2 2 2 6 804 836 636
1413 2 2 2 6 648 649 637
1414 2 2 2 6 649 650 637
1415 2 2 2 6 650 843 637
1416 2 2 2 6 638 867 801
1417 2 2 2 6 827 874 638
1418 2 2 2 6 638 874 867
1419 2 2 2 6 640 641 639
1420 2 2 2 6 641 730 639
1421 2 2 2 6 730 804 639
1422 2 2 2 6 640 642 641
1423 2 2 2 6 640 643 642
1424 2 2 2 6 640 831 643
1425 2 2 2 6 642 849 641
1426 2 2 2 6 641 858 730
1427 2 2 2 6 849 858 641
1428 2 2 2 6 643 644 642
1429 2 2 2 6 644 657 642
1430 2 2 2 6 657 849 642
1431 2 2 2 6 643 645 644
1432 2 2 2 6 643 734 645
1433 2 2 2 6 643 831 734
1434 2 2 2 6 645 646 644
1435 2 2 2 6 646 814 644
1436 2 2 2 6 644 814 657
1437 2 2 2 6 645 647 646
1438 2 2 2 6 645 856 647
1439 2 2 2 6 734 856 645
1440 2 2 2 6 647 651 646
1441 2 2 2 6 651 656 646
1442 2 2 2 6 656 814 646
1443 2 2 2 6 647 654 651
1444 2 2 2 6 647 678 654
1445 2 2 2 6 647 856 678
1446 2 2 2 6 648 658 649
1447 2 2 2 6 648 661 658
1448 2 2 2 6 648 836 661
1449 2 2 2 6 649 652 650
1450 2 2 2 6 649 815 652
1451 2 2 2 6 658 815 649
1452 2 2 2 6 652 655 650
1453 2 2 2 6 655 818 650
1454 2 2 2 6 818 843 650
1455 2 2 2 6 654 819 651
1456 2 2 2 6 651 660 656
1457 2 2 2 6 651 819 660
1458 2 2 2 6 652 681 655
1459 2 2 2 6 652 682 681
1460 2 2 2 6 652 815 682
1461 2 2 2 6 768 769 653
1462 2 2 2 6 653 837 768
1463 2 2 2 6 769 771 653
1464 2 2 2 6 678 679 654
1465 2 2 2 6 679 709 654
1466 2 2 2 6 709 819 654
1467 2 2 2 6 681 700 655
1468 2 2 2 6 700 701 655
1469 2 2 2 6 701 818 655
1470 2 2 2 6 660 684 656
1471 2 2 2 6 684 710 656
1472 2 2 2 6 710 814 656
1473 2 2 2 6 814 844 657
1474 2 2 2 6 844 854 657
1475 2 2 2 6 657 854 849
1476 2 2 2 6 661 686 658
1477 2 2 2 6 686 816 658
1478 2 2 2 6 658 816 815
1479 2 2 2 6 659 876 827
1480 2 2 2 6 853 877 659
1481 2 2 2 6 659 877 876
1482 2 2 2 6 660 685 684
1483 2 2 2 6 660 698 685
1484 2 2 2 6 660 819 698
1485 2 2 2 6 661 687 686
1486 2 2 2 6 661 850 687
1487 2 2 2 6 836 850 661
1488 2 2 2 6 663 664 662
1489 2 2 2 6 664 845 662
1490 2 2 2 6 662 845 830
1491 2 2 2 6 663 665 664
1492 2 2 2 6 663 841 665
1493 2 2 2 6 783 841 663
1494 2 2 2 6 665 666 664
1495 2 2 2 6 666 711 664
1496 2 2 2 6 711 845 664
1497 2 2 2 6 665 667 666
1498 2 2 2 6 665 676 667
1499 2 2 2 6 665 841 676
1500 2 2 2 6 667 668 666
1501 2 2 2 6 668 832 666
1502 2 2 2 6 666 832 711
1503 2 2 2 6 667 669 668
1504 2 2 2 6 667 880 669
1505 2 2 2 6 676 880 667
1506 2 2 2 6 669 670 668
1507 2 2 2 6 670 671 668
1508 2 2 2 6 671 832 668
1509 2 2 2 6 669 848 670
1510 2 2 2 6 669 884 848
1511 2 2 2 6 880 884 669
1512 2 2 2 6 670 672 671
1513 2 2 2 6 670 674 672
1514 2 2 2 6 670 848 674
1515 2 2 2 6 672 673 671
1516 2 2 2 6 673 688 671
1517 2 2 2 6 688 832 671
1518 2 2 2 6 672 820 673
1519 2 2 2 6 674 675 672
1520 2 2 2 6 675 820 672
1521 2 2 2 6 673 689 688
1522 2 2 2 6 673 690 689
1523 2 2 2 6 673 820 690
1524 2 2 2 6 674 683 675
1525 2 2 2 6 674 708 683
1526 2 2 2 6 674 848 708
1527 2 2 2 6 683 696 675
1528 2 2 2 6 696 713 675
1529 2 2 2 6 713 820 675
1530 2 2 2 6 676 841 787
1531 2 2 2 6 787 879 676
1532 2 2 2 6 879 880 676
1533 2 2 2 6 790 791 677
1534 2 2 2 6 791 792 677
1535 2 2 2 6 792 847 677
1536 2 2 2 6 678 680 679
1537 2 2 2 6 678 733 680
1538 2 2 2 6 678 856 733
1539 2 2 2 6 680 702 679
1540 2 2 2 6 702 780 679
1541 2 2 2 6 679 780 709
1542 2 2 2 6 680 703 702
1543 2 2 2 6 680 785 703
1544 2 2 2 6 733 785 680
1545 2 2 2 6 682 705 681
1546 2 2 2 6 681 842 700
1547 2 2 2 6 705 842 681
1548 2 2 2 6 682 706 705
1549 2 2 2 6 682 712 706
1550 2 2 2 6 682 815 712
1551 2 2 2 6 683 704 696
1552 2 2 2 6 683 795 704
1553 2 2 2 6 708 795 683
1554 2 2 2 6 685 821 684
1555 2 2 2 6 684 744 710
1556 2 2 2 6 684 821 744
1557 2 2 2 6 698 723 685
1558 2 2 2 6 723 742 685
1559 2 2 2 6 742 821 685
1560 2 2 2 6 687 699 686
1561 2 2 2 6 699 727 686
1562 2 2 2 6 727 816 686
1563 2 2 2 6 687 724 699
1564 2 2 2 6 687 725 724
1565 2 2 2 6 687 850 725
1566 2 2 2 6 689 728 688
1567 2 2 2 6 728 794 688
1568 2 2 2 6 794 832 688
1569 2 2 2 6 690 691 689
1570 2 2 2 6 691 823 689
1571 2 2 2 6 689 823 728
1572 2 2 2 6 690 692 691
1573 2 2 2 6 690 833 692
1574 2 2 2 6 820 833 690
1575 2 2 2 6 692 693 691
1576 2 2 2 6 693 694 691
1577 2 2 2 6 694 823 691
1578 2 2 2 6 692 779 693
1579 2 2 2 6 692 870 779
1580 2 2 2 6 833 870 692
1581 2 2 2 6 693 695 694
1582 2 2 2 6 693 716 695
1583 2 2 2 6 693 779 716
1584 2 2 2 6 695 861 694
1585 2 2 2 6 793 823 694
1586 2 2 2 6 694 861 793
1587 2 2 2 6 716 717 695
1588 2 2 2 6 717 718 695
1589 2 2 2 6 718 861 695
1590 2 2 2 6 704 862 696
1591 2 2 2 6 696 714 713
1592 2 2 2 6 696 862 714
1593 2 2 2 6 697 857 851
1594 2 2 2 6 697 860 857
1595 2 2 2 6 697 865 860
1596 2 2 2 6 698 748 723
1597 2 2 2 6 698 839 748
1598 2 2 2 6 819 839 698
1599 2 2 2 6 724 897 699
1600 2 2 2 6 699 753 727
1601 2 2 2 6 699 897 753
1602 2 2 2 6 700 720 701
1603 2 2 2 6 700 756 720
1604 2 2 2 6 700 842 756
1605 2 2 2 6 720 721 701
1606 2 2 2 6 721 729 701
1607 2 2 2 6 729 818 701
1608 2 2 2 6 703 735 702
1609 2 2 2 6 735 739 702
1610 2 2 2 6 739 780 702
1611 2 2 2 6 703 736 735
1612 2 2 2 6 703 737 736
1613 2 2 2 6 703 785 737
1614 2 2 2 6 795 797 704
1615 2 2 2 6 797 798 704
1616 2 2 2 6 798 862 704
1617 2 2 2 6 706 722 705
1618 2 2 2 6 722 749 705
1619 2 2 2 6 749 842 705
1620 2 2 2 6 712 900 706
1621 2 2 2 6 706 746 722
1622 2 2 2 6 706 900 746
1623 2 2 2 6 772 773 707
1624 2 2 2 6 773 774 707
1625 2 2 2 6 774 853 707
1626 2 2 2 6 708 796 795
1627 2 2 2 6 708 881 796
1628 2 2 2 6 848 881 708
1629 2 2 2 6 780 782 709
1630 2 2 2 6 782 839 709
1631 2 2 2 6 709 839 819
1632 2 2 2 6 744 745 710
1633 2 2 2 6 745 844 710
1634 2 2 2 6 710 844 814
1635 2 2 2 6 711 832 794
1636 2 2 2 6 794 846 711
1637 2 2 2 6 711 846 845
1638 2 2 2 6 815 816 712
1639 2 2 2 6 816 899 712
1640 2 2 2 6 899 900 712
1641 2 2 2 6 714 715 713
1642 2 2 2 6 715 833 713
1643 2 2 2 6 713 833 820
1644 2 2 2 6 714 778 715
1645 2 2 2 6 714 875 778
1646 2 2 2 6 862 875 714
1647 2 2 2 6 778 829 715
1648 2 2 2 6 829 870 715
1649 2 2 2 6 715 870 833
1650 2 2 2 6 716 807 717
1651 2 2 2 6 779 869 716
1652 2 2 2 6 716 869 807
1653 2 2 2 6 717 719 718
1654 2 2 2 6 717 866 719
1655 2 2 2 6 807 866 717
1656 2 2 2 6 719 768 718
1657 2 2 2 6 768 777 718
1658 2 2 2 6 777 861 718
1659 2 2 2 6 719 769 768
1660 2 2 2 6 719 770 769
1661 2 2 2 6 719 866 770
1662 2 2 2 6 720 757 721
1663 2 2 2 6 756 902 720
1664 2 2 2 6 720 902 757
1665 2 2 2 6 721 787 729
1666 2 2 2 6 757 758 721
1667 2 2 2 6 758 787 721
1668 2 2 2 6 746 747 722
1669 2 2 2 6 747 904 722
1670 2 2 2 6 722 904 749
1671 2 2 2 6 723 743 742
1672 2 2 2 6 723 905 743
1673 2 2 2 6 748 905 723
1674 2 2 2 6 725 726 724
1675 2 2 2 6 726 896 724
1676 2 2 2 6 896 897 724
1677 2 2 2 6 725 731 726
1678 2 2 2 6 725 858 731
1679 2 2 2 6 850 858 725
1680 2 2 2 6 731 732 726
1681 2 2 2 6 732 754 726
1682 2 2 2 6 754 896 726
1683 2 2 2 6 753 920 727
1684 2 2 2 6 809 899 727
1685 2 2 2 6 727 920 809
1686 2 2 2 6 727 899 816
1687 2 2 2 6 728 791 790
1688 2 2 2 6 790 794 728
1689 2 2 2 6 728 823 791
1690 2 2 2 6 783 818 729
1691 2 2 2 6 729 841 783
1692 2 2 2 6 787 841 729
1693 2 2 2 6 730 836 804
1694 2 2 2 6 730 850 836
1695 2 2 2 6 730 858 850
1696 2 2 2 6 731 854 732
1697 2 2 2 6 849 854 731
1698 2 2 2 6 731 858 849
1699 2 2 2 6 732 922 754
1700 2 2 2 6 732 895 789
1701 2 2 2 6 789 922 732
1702 2 2 2 6 854 895 732
1703 2 2 2 6 733 865 785
1704 2 2 2 6 856 860 733
1705 2 2 2 6 860 865 733
1706 2 2 2 6 831 857 734
1707 2 2 2 6 734 860 856
1708 2 2 2 6 857 860 734
1709 2 2 2 6 736 803 735
1710 2 2 2 6 735 910 739
1711 2 2 2 6 803 910 735
1712 2 2 2 6 737 738 736
1713 2 2 2 6 738 740 736
1714 2 2 2 6 740 803 736
1715 2 2 2 6 737 867 738
1716 2 2 2 6 785 863 737
1717 2 2 2 6 863 867 737
1718 2 2 2 6 738 741 740
1719 2 2 2 6 738 874 741
1720 2 2 2 6 867 874 738
1721 2 2 2 6 739 781 780
1722 2 2 2 6 739 878 781
1723 2 2 2 6 739 910 878
1724 2 2 2 6 741 750 740
1725 2 2 2 6 750 889 740
1726 2 2 2 6 740 889 803
1727 2 2 2 6 741 751 750
1728 2 2 2 6 741 876 751
1729 2 2 2 6 874 876 741
1730 2 2 2 6 743 752 742
1731 2 2 2 6 752 891 742
1732 2 2 2 6 742 891 821
1733 2 2 2 6 743 913 752
1734 2 2 2 6 743 905 824
1735 2 2 2 6 824 913 743
1736 2 2 2 6 744 892 745
1737 2 2 2 6 821 822 744
1738 2 2 2 6 822 892 744
1739 2 2 2 6 789 895 745
1740 2 2 2 6 745 919 789
1741 2 2 2 6 745 895 844
1742 2 2 2 6 892 919 745
1743 2 2 2 6 746 755 747
1744 2 2 2 6 746 921 755
1745 2 2 2 6 900 921 746
1746 2 2 2 6 755 914 747
1747 2 2 2 6 806 904 747
1748 2 2 2 6 747 914 806
1749 2 2 2 6 748 887 826
1750 2 2 2 6 839 887 748
1751 2 2 2 6 825 886 749
1752 2 2 2 6 749 886 842
1753 2 2 2 6 751 885 750
1754 2 2 2 6 750 885 805
1755 2 2 2 6 751 877 776
1756 2 2 2 6 776 885 751
1757 2 2 2 6 876 877 751
1758 2 2 2 6 753 897 817
1759 2 2 2 6 817 898 753
1760 2 2 2 6 898 920 753
1761 2 2 2 6 754 922 894
1762 2 2 2 6 811 902 756
1763 2 2 2 6 842 886 756
1764 2 2 2 6 757 759 758
1765 2 2 2 6 759 760 758
1766 2 2 2 6 760 879 758
1767 2 2 2 6 758 879 787
1768 2 2 2 6 761 762 760
1769 2 2 2 6 762 879 760
1770 2 2 2 6 761 763 762
1771 2 2 2 6 761 764 763
1772 2 2 2 6 761 903 764
1773 2 2 2 6 763 884 762
1774 2 2 2 6 762 880 879
1775 2 2 2 6 762 884 880
1776 2 2 2 6 764 888 763
1777 2 2 2 6 881 884 763
1778 2 2 2 6 763 888 881
1779 2 2 2 6 764 923 888
1780 2 2 2 6 766 767 765
1781 2 2 2 6 767 772 765
1782 2 2 2 6 766 907 767
1783 2 2 2 6 767 773 772
1784 2 2 2 6 768 837 777
1785 2 2 2 6 770 784 769
1786 2 2 2 6 769 784 771
1787 2 2 2 6 770 871 784
1788 2 2 2 6 866 868 770
1789 2 2 2 6 868 871 770
1790 2 2 2 6 784 802 771
1791 2 2 2 6 773 775 774
1792 2 2 2 6 775 776 774
1793 2 2 2 6 776 877 774
1794 2 2 2 6 774 877 853
1795 2 2 2 6 859 861 777
1796 2 2 2 6 778 875 864
1797 2 2 2 6 779 872 869
1798 2 2 2 6 870 872 779
1799 2 2 2 6 781 782 780
1800 2 2 2 6 781 924 782
1801 2 2 2 6 878 906 781
1802 2 2 2 6 906 924 781
1803 2 2 2 6 782 887 839
1804 2 2 2 6 782 924 887
1805 2 2 2 6 783 843 818
1806 2 2 2 6 785 865 863
1807 2 2 2 6 830 845 786
1808 2 2 2 6 845 846 786
1809 2 2 2 6 789 919 788
1810 2 2 2 6 790 846 794
1811 2 2 2 6 791 793 792
1812 2 2 2 6 791 823 793
1813 2 2 2 6 793 859 792
1814 2 2 2 6 840 847 792
1815 2 2 2 6 792 859 840
1816 2 2 2 6 793 861 859
1817 2 2 2 6 796 800 795
1818 2 2 2 6 795 800 797
1819 2 2 2 6 881 888 796
1820 2 2 2 6 797 799 798
1821 2 2 2 6 799 852 798
1822 2 2 2 6 798 852 813
1823 2 2 2 6 813 862 798
1824 2 2 2 6 799 855 852
1825 2 2 2 6 799 908 855
1826 2 2 2 6 801 867 863
1827 2 2 2 6 889 925 803
1828 2 2 2 6 803 925 910
1829 2 2 2 6 806 914 882
1830 2 2 2 6 869 873 807
1831 2 2 2 6 808 810 809
1832 2 2 2 6 810 899 809
1833 2 2 2 6 810 900 899
1834 2 2 2 6 810 921 900
1835 2 2 2 6 813 852 812
1836 2 2 2 6 813 875 862
1837 2 2 2 6 821 891 822
1838 2 2 2 6 883 913 824
1839 2 2 2 6 827 876 874
1840 2 2 2 6 828 872 829
1841 2 2 2 6 829 872 870
1842 2 2 2 6 838 857 831
1843 2 2 2 6 835 925 889
1844 2 2 2 6 851 857 838
1845 2 2 2 6 844 895 854
1846 2 2 2 6 848 884 881
1847 4 2 1 1 626 468 624 625
1848 4 2 1 1 468 626 627 625
1849 4 2 1 1 718 717 695 363
1850 4 2 1 1 363 717 695 362
1851 4 2 1 1 363 718 717 367
1852 4 2 1 1 807 441 223 503
1853 4 2 1 1 717 441 807 362
1854 4 2 1 1 498 866 223 868
1855 4 2 1 1 807 362 441 503
1856 4 2 1 1 866 498 223 441
1857 4 2 1 1 441 717 807 866
1858 4 2 1 1 717 362 367 441
1859 4 2 1 1 719 717 367 441
1860 4 2 1 1 362 363 717 367
1861 4 2 1 1 576 866 868 223
1862 4 2 1 1 441 807 223 866
1863 4 2 1 1 223 807 873 576
1864 4 2 1 1 719 717 718 367
1865 4 2 1 1 807 223 873 503
1866 4 2 1 1 807 866 576 223
1867 4 2 1 1 467 225 828 513
1868 4 2 1 1 459 873 223 503
1869 4 2 1 1 717 719 866 441
1870 4 2 1 1 695 363 362 346
1871 4 2 1 1 828 513 507 467
1872 4 2 1 1 507 239 592 467
1873 4 2 1 1 592 459 239 504
1874 4 2 1 1 592 507 504 239
1875 4 2 1 1 362 807 716 503
1876 4 2 1 1 717 807 716 362
1877 4 2 1 1 716 695 717 362
1878 4 2 1 1 770 719 367 441
1879 4 2 1 1 770 452 498 442
1880 4 2 1 1 442 770 367 441
1881 4 2 1 1 719 770 866 441
1882 4 2 1 1 362 716 695 346
1883 4 2 1 1 507 592 828 467
1884 4 2 1 1 459 592 869 504
1885 4 2 1 1 503 716 362 361
1886 4 2 1 1 592 869 873 459
1887 4 2 1 1 866 770 498 441
1888 4 2 1 1 866 770 868 498
1889 4 2 1 1 807 869 716 503
1890 4 2 1 1 716 362 361 346
1891 4 2 1 1 503 869 716 361
1892 4 2 1 1 294 652 450 318
1893 4 2 1 1 459 869 873 503
1894 4 2 1 1 807 873 869 503
1895 4 2 1 1 442 498 770 441
1896 4 2 1 1 869 459 504 503
1897 4 2 1 1 503 504 869 361
1898 4 2 1 1 225 580 828 513
1899 4 2 1 1 507 592 504 872
1900 4 2 1 1 637 305 649 648
1901 4 2 1 1 872 592 828 507
1902 4 2 1 1 504 507 872 428
1903 4 2 1 1 716 693 695 346
1904 4 2 1 1 693 716 361 346
1905 4 2 1 1 592 872 869 504
1906 4 2 1 1 292 649 305 450
1907 4 2 1 1 649 292 305 637
1908 4 2 1 1 513 828 507 829
1909 4 2 1 1 452 770 498 871
1910 4 2 1 1 504 872 779 428
1911 4 2 1 1 580 829 828 513
1912 4 2 1 1 869 872 779 504
1913 4 2 1 1 345 695 693 346
1914 4 2 1 1 777 768 718 508
1915 4 2 1 1 871 868 770 498
1916 4 2 1 1 361 693 346 333
1917 4 2 1 1 694 695 693 345
1918 4 2 1 1 693 716 779 361
1919 4 2 1 1 504 779 869 361
1920 4 2 1 1 779 693 361 333
1921 4 2 1 1 779 716 869 361
1922 4 2 1 1 346 693 345 333
1923 4 2 1 1 429 507 829 513
1924 4 2 1 1 769 508 719 768
1925 4 2 1 1 872 828 829 507
1926 4 2 1 1 367 363 718 508
1927 4 2 1 1 367 718 719 508
1928 4 2 1 1 361 504 779 428
1929 4 2 1 1 333 361 779 428
1930 4 2 1 1 499 711 280 445
1931 4 2 1 1 768 719 718 508
1932 4 2 1 1 648 637 296 636
1933 4 2 1 1 637 296 305 648
1934 4 2 1 1 637 632 296 636
1935 4 2 1 1 632 296 292 637
1936 4 2 1 1 507 829 870 429
1937 4 2 1 1 230 784 871 582
1938 4 2 1 1 777 508 487 768
1939 4 2 1 1 872 829 870 507
1940 4 2 1 1 296 305 292 637
1941 4 2 1 1 507 870 872 428
1942 4 2 1 1 768 487 777 837
1943 4 2 1 1 841 489 287 509
1944 4 2 1 1 507 870 428 429
1945 4 2 1 1 428 870 332 429
1946 4 2 1 1 870 779 872 428
1947 4 2 1 1 508 769 719 519
1948 4 2 1 1 296 292 284 632
1949 4 2 1 1 784 230 871 514
1950 4 2 1 1 653 487 768 837
1951 4 2 1 1 681 318 682 652
1952 4 2 1 1 487 653 768 311
1953 4 2 1 1 829 715 429 513
1954 4 2 1 1 768 508 487 311
1955 4 2 1 1 345 693 691 333
1956 4 2 1 1 719 367 508 519
1957 4 2 1 1 508 768 769 311
1958 4 2 1 1 768 653 769 311
1959 4 2 1 1 694 693 691 345
1960 4 2 1 1 718 861 777 493
1961 4 2 1 1 508 718 777 493
1962 4 2 1 1 508 363 718 493
1963 4 2 1 1 487 258 612 256
1964 4 2 1 1 871 514 230 452
1965 4 2 1 1 610 837 612 487
1966 4 2 1 1 692 870 332 428
1967 4 2 1 1 829 715 870 429
1968 4 2 1 1 653 837 610 487
1969 4 2 1 1 333 691 345 313
1970 4 2 1 1 487 610 653 311
1971 4 2 1 1 870 692 779 428
1972 4 2 1 1 508 777 487 493
1973 4 2 1 1 718 500 493 363
1974 4 2 1 1 784 519 770 769
1975 4 2 1 1 611 610 612 256
1976 4 2 1 1 770 367 519 442
1977 4 2 1 1 367 770 519 719
1978 4 2 1 1 769 508 311 519
1979 4 2 1 1 333 779 692 428
1980 4 2 1 1 487 612 610 256
1981 4 2 1 1 693 779 692 333
1982 4 2 1 1 859 477 793 792
1983 4 2 1 1 519 784 770 514
1984 4 2 1 1 500 718 695 363
1985 4 2 1 1 363 695 500 346
1986 4 2 1 1 500 718 493 861
1987 4 2 1 1 311 487 610 256
1988 4 2 1 1 332 333 692 428
1989 4 2 1 1 333 692 691 313
1990 4 2 1 1 693 692 691 333
1991 4 2 1 1 691 345 313 475
1992 4 2 1 1 692 333 332 313
1993 4 2 1 1 429 833 332 443
1994 4 2 1 1 332 833 312 443
1995 4 2 1 1 793 331 477 476
1996 4 2 1 1 719 769 770 519
1997 4 2 1 1 718 695 861 500
1998 4 2 1 1 770 519 514 442
1999 4 2 1 1 345 823 691 694
2000 4 2 1 1 833 429 332 870
2001 4 2 1 1 694 793 500 476
2002 4 2 1 1 793 861 694 500
2003 4 2 1 1 345 694 500 476
2004 4 2 1 1 823 345 691 475
2005 4 2 1 1 663 277 283 633
2006 4 2 1 1 695 345 500 346
2007 4 2 1 1 477 677 791 792
2008 4 2 1 1 771 769 311 426
2009 4 2 1 1 771 769 653 311
2010 4 2 1 1 345 695 500 694
2011 4 2 1 1 770 514 452 442
2012 4 2 1 1 632 284 278 633
2013 4 2 1 1 308 642 644 657
2014 4 2 1 1 633 663 277 662
2015 4 2 1 1 331 793 477 791
2016 4 2 1 1 514 871 770 452
2017 4 2 1 1 278 632 633 631
2018 4 2 1 1 830 278 662 631
2019 4 2 1 1 845 277 664 662
2020 4 2 1 1 792 793 791 477
2021 4 2 1 1 345 823 694 476
2022 4 2 1 1 715 833 429 443
2023 4 2 1 1 283 287 277 663
2024 4 2 1 1 277 633 278 283
2025 4 2 1 1 793 694 823 476
2026 4 2 1 1 633 277 278 662
2027 4 2 1 1 663 287 277 664
2028 4 2 1 1 833 870 715 429
2029 4 2 1 1 313 689 475 298
2030 4 2 1 1 695 694 861 500
2031 4 2 1 1 519 311 769 426
2032 4 2 1 1 870 833 692 332
2033 4 2 1 1 284 283 278 633
2034 4 2 1 1 280 711 272 445
2035 4 2 1 1 519 769 784 426
2036 4 2 1 1 689 691 313 475
2037 4 2 1 1 769 771 784 426
2038 4 2 1 1 664 287 277 474
2039 4 2 1 1 823 345 475 476
2040 4 2 1 1 784 871 770 514
2041 4 2 1 1 426 784 519 514
2042 4 2 1 1 368 429 715 513
2043 4 2 1 1 360 665 502 501
2044 4 2 1 1 443 429 715 368
2045 4 2 1 1 836 648 328 636
2046 4 2 1 1 328 661 648 836
2047 4 2 1 1 664 287 665 663
2048 4 2 1 1 475 689 285 298
2049 4 2 1 1 833 690 332 312
2050 4 2 1 1 277 845 664 273
2051 4 2 1 1 841 509 287 665
2052 4 2 1 1 665 509 287 501
2053 4 2 1 1 662 278 633 631
2054 4 2 1 1 648 296 328 636
2055 4 2 1 1 296 648 328 305
2056 4 2 1 1 287 664 665 474
2057 4 2 1 1 841 287 663 665
2058 4 2 1 1 331 793 823 476
2059 4 2 1 1 311 771 608 653
2060 4 2 1 1 771 311 608 426
2061 4 2 1 1 823 791 793 331
2062 4 2 1 1 610 311 608 653
2063 4 2 1 1 662 663 277 664
2064 4 2 1 1 311 610 608 256
2065 4 2 1 1 287 665 501 474
2066 4 2 1 1 833 690 692 332
2067 4 2 1 1 846 711 273 272
2068 4 2 1 1 502 665 474 501
2069 4 2 1 1 691 689 823 475
2070 4 2 1 1 475 331 823 476
2071 4 2 1 1 728 689 285 475
2072 4 2 1 1 711 280 272 794
2073 4 2 1 1 426 311 608 254
2074 4 2 1 1 711 845 846 273
2075 4 2 1 1 254 311 608 256
2076 4 2 1 1 297 840 859 634
2077 4 2 1 1 614 634 840 297
2078 4 2 1 1 777 859 634 297
2079 4 2 1 1 614 612 634 297
2080 4 2 1 1 297 837 612 634
2081 4 2 1 1 332 690 692 313
2082 4 2 1 1 837 777 634 297
2083 4 2 1 1 837 297 612 487
2084 4 2 1 1 297 258 612 487
2085 4 2 1 1 612 614 258 297
2086 4 2 1 1 777 487 297 837
2087 4 2 1 1 711 273 272 445
2088 4 2 1 1 689 728 823 475
2089 4 2 1 1 273 664 277 474
2090 4 2 1 1 690 691 692 313
2091 4 2 1 1 802 784 426 427
2092 4 2 1 1 771 802 784 426
2093 4 2 1 1 715 829 516 513
2094 4 2 1 1 445 664 273 474
2095 4 2 1 1 711 664 273 445
2096 4 2 1 1 777 487 493 297
2097 4 2 1 1 313 332 690 312
2098 4 2 1 1 690 313 312 298
2099 4 2 1 1 460 443 713 351
2100 4 2 1 1 715 829 778 516
2101 4 2 1 1 279 794 846 272
2102 4 2 1 1 313 690 689 298
2103 4 2 1 1 833 715 713 443
2104 4 2 1 1 657 644 308 814
2105 4 2 1 1 784 426 427 514
2106 4 2 1 1 489 841 287 783
2107 4 2 1 1 691 690 689 313
2108 4 2 1 1 715 713 443 368
2109 4 2 1 1 711 846 794 272
2110 4 2 1 1 652 294 450 650
2111 4 2 1 1 649 652 450 650
2112 4 2 1 1 649 450 292 650
2113 4 2 1 1 650 292 649 637
2114 4 2 1 1 291 292 294 650
2115 4 2 1 1 450 294 292 650
2116 4 2 1 1 777 496 297 493
2117 4 2 1 1 278 830 662 274
2118 4 2 1 1 477 859 793 496
2119 4 2 1 1 351 443 713 368
2120 4 2 1 1 272 279 794 280
2121 4 2 1 1 516 368 715 513
2122 4 2 1 1 790 794 846 279
2123 4 2 1 1 496 777 297 859
2124 4 2 1 1 331 823 728 475
2125 4 2 1 1 280 279 794 285
2126 4 2 1 1 496 777 861 493
2127 4 2 1 1 784 802 230 427
2128 4 2 1 1 786 274 845 830
2129 4 2 1 1 784 802 582 230
2130 4 2 1 1 711 664 845 273
2131 4 2 1 1 728 791 823 331
2132 4 2 1 1 427 230 784 514
2133 4 2 1 1 728 285 331 475
2134 4 2 1 1 864 516 225 462
2135 4 2 1 1 777 861 859 496
2136 4 2 1 1 580 864 516 225
2137 4 2 1 1 793 477 496 476
2138 4 2 1 1 791 728 279 331
2139 4 2 1 1 225 516 580 513
2140 4 2 1 1 829 580 516 513
2141 4 2 1 1 252 608 253 254
2142 4 2 1 1 500 496 861 493
2143 4 2 1 1 728 794 279 285
2144 4 2 1 1 843 292 650 637
2145 4 2 1 1 820 443 713 460
2146 4 2 1 1 790 791 728 279
2147 4 2 1 1 608 606 771 426
2148 4 2 1 1 277 274 662 845
2149 4 2 1 1 274 278 277 662
2150 4 2 1 1 426 802 606 771
2151 4 2 1 1 802 426 606 427
2152 4 2 1 1 443 820 713 833
2153 4 2 1 1 793 500 496 861
2154 4 2 1 1 277 274 845 273
2155 4 2 1 1 500 793 496 476
2156 4 2 1 1 252 426 608 254
2157 4 2 1 1 580 864 778 516
2158 4 2 1 1 636 632 455 630
2159 4 2 1 1 632 292 843 637
2160 4 2 1 1 631 455 632 630
2161 4 2 1 1 632 455 296 636
2162 4 2 1 1 292 632 843 284
2163 4 2 1 1 292 843 650 291
2164 4 2 1 1 455 296 284 632
2165 4 2 1 1 278 632 455 284
2166 4 2 1 1 285 279 728 331
2167 4 2 1 1 632 278 455 631
2168 4 2 1 1 677 477 791 491
2169 4 2 1 1 580 778 829 516
2170 4 2 1 1 312 833 820 443
2171 4 2 1 1 841 663 287 783
2172 4 2 1 1 639 641 488 730
2173 4 2 1 1 608 606 426 252
2174 4 2 1 1 830 662 274 845
2175 4 2 1 1 861 793 859 496
2176 4 2 1 1 606 426 252 427
2177 4 2 1 1 820 312 443 460
2178 4 2 1 1 291 284 292 843
2179 4 2 1 1 728 794 790 279
2180 4 2 1 1 820 312 460 299
2181 4 2 1 1 802 483 230 427
2182 4 2 1 1 834 582 802 230
2183 4 2 1 1 274 786 845 271
2184 4 2 1 1 348 329 347 661
2185 4 2 1 1 690 833 820 312
2186 4 2 1 1 661 329 328 648
2187 4 2 1 1 305 328 329 648
2188 4 2 1 1 283 284 843 633
2189 4 2 1 1 632 843 284 633
2190 4 2 1 1 661 347 328 329
2191 4 2 1 1 730 330 639 804
2192 4 2 1 1 836 330 730 804
2193 4 2 1 1 330 639 804 628
2194 4 2 1 1 636 330 836 804
2195 4 2 1 1 330 804 630 628
2196 4 2 1 1 804 636 330 630
2197 4 2 1 1 283 291 489 783
2198 4 2 1 1 252 250 604 427
2199 4 2 1 1 802 606 604 427
2200 4 2 1 1 483 834 802 230
2201 4 2 1 1 283 284 291 843
2202 4 2 1 1 330 836 730 328
2203 4 2 1 1 836 328 330 636
2204 4 2 1 1 296 330 328 636
2205 4 2 1 1 783 283 291 843
2206 4 2 1 1 252 604 606 427
2207 4 2 1 1 681 317 318 655
2208 4 2 1 1 655 318 681 652
2209 4 2 1 1 655 294 318 652
2210 4 2 1 1 317 306 294 655
2211 4 2 1 1 317 294 318 655
2212 4 2 1 1 594 604 250 483
2213 4 2 1 1 460 713 675 351
2214 4 2 1 1 280 794 688 285
2215 4 2 1 1 285 689 688 298
2216 4 2 1 1 623 271 846 786
2217 4 2 1 1 843 783 283 633
2218 4 2 1 1 491 477 791 331
2219 4 2 1 1 663 283 287 783
2220 4 2 1 1 783 663 283 633
2221 4 2 1 1 271 623 846 269
2222 4 2 1 1 274 845 273 271
2223 4 2 1 1 330 730 639 488
2224 4 2 1 1 675 460 351 315
2225 4 2 1 1 794 728 688 285
2226 4 2 1 1 260 616 840 614
2227 4 2 1 1 728 689 688 285
2228 4 2 1 1 677 269 790 623
2229 4 2 1 1 312 820 673 299
2230 4 2 1 1 594 250 240 483
2231 4 2 1 1 604 594 834 483
2232 4 2 1 1 624 468 622 625
2233 4 2 1 1 652 655 294 650
2234 4 2 1 1 330 488 328 730
2235 4 2 1 1 846 273 271 272
2236 4 2 1 1 455 330 630 628
2237 4 2 1 1 636 455 330 630
2238 4 2 1 1 269 677 790 491
2239 4 2 1 1 675 460 315 301
2240 4 2 1 1 455 636 330 296
2241 4 2 1 1 273 846 271 845
2242 4 2 1 1 640 642 471 641
2243 4 2 1 1 713 675 820 460
2244 4 2 1 1 688 285 298 286
2245 4 2 1 1 690 820 673 312
2246 4 2 1 1 285 688 280 286
2247 4 2 1 1 260 614 840 297
2248 4 2 1 1 614 260 258 297
2249 4 2 1 1 456 666 499 502
2250 4 2 1 1 499 666 711 445
2251 4 2 1 1 664 445 666 474
2252 4 2 1 1 445 664 666 711
2253 4 2 1 1 445 499 666 502
2254 4 2 1 1 279 846 269 272
2255 4 2 1 1 502 666 445 474
2256 4 2 1 1 483 802 604 427
2257 4 2 1 1 604 250 483 427
2258 4 2 1 1 626 359 468 627
2259 4 2 1 1 298 673 688 286
2260 4 2 1 1 673 690 312 298
2261 4 2 1 1 846 279 269 790
2262 4 2 1 1 269 846 271 272
2263 4 2 1 1 665 502 474 666
2264 4 2 1 1 283 489 287 783
2265 4 2 1 1 689 673 688 298
2266 4 2 1 1 690 673 689 298
2267 4 2 1 1 664 666 665 474
2268 4 2 1 1 818 294 655 650
2269 4 2 1 1 294 818 655 306
2270 4 2 1 1 791 279 491 331
2271 4 2 1 1 627 830 468 625
2272 4 2 1 1 840 297 859 495
2273 4 2 1 1 802 483 604 834
2274 4 2 1 1 279 791 491 790
2275 4 2 1 1 673 298 299 286
2276 4 2 1 1 312 673 298 299
2277 4 2 1 1 818 291 294 650
2278 4 2 1 1 790 269 491 279
2279 4 2 1 1 306 291 294 818
2280 4 2 1 1 291 783 818 489
2281 4 2 1 1 786 846 845 271
2282 4 2 1 1 783 291 818 843
2283 4 2 1 1 604 252 251 250
2284 4 2 1 1 267 622 623 621
2285 4 2 1 1 711 499 280 832
2286 4 2 1 1 606 251 604 252
2287 4 2 1 1 460 672 299 301
2288 4 2 1 1 671 299 301 300
2289 4 2 1 1 291 818 843 650
2290 4 2 1 1 675 351 696 315
2291 4 2 1 1 623 790 846 269
2292 4 2 1 1 495 297 859 496
2293 4 2 1 1 351 675 696 713
2294 4 2 1 1 677 623 267 269
2295 4 2 1 1 672 460 299 820
2296 4 2 1 1 269 267 677 491
2297 4 2 1 1 859 792 495 477
2298 4 2 1 1 791 790 677 491
2299 4 2 1 1 291 306 489 818
2300 4 2 1 1 687 348 347 661
2301 4 2 1 1 628 359 626 627
2302 4 2 1 1 297 840 260 495
2303 4 2 1 1 630 359 628 627
2304 4 2 1 1 477 495 859 496
2305 4 2 1 1 832 711 794 280
2306 4 2 1 1 630 631 359 627
2307 4 2 1 1 631 830 359 627
2308 4 2 1 1 830 359 278 631
2309 4 2 1 1 622 267 623 268
2310 4 2 1 1 711 832 666 499
2311 4 2 1 1 666 456 499 668
2312 4 2 1 1 460 675 672 301
2313 4 2 1 1 251 606 604 605
2314 4 2 1 1 274 359 278 830
2315 4 2 1 1 315 351 696 334
2316 4 2 1 1 859 792 840 495
2317 4 2 1 1 359 630 628 455
2318 4 2 1 1 631 359 455 630
2319 4 2 1 1 455 278 359 631
2320 4 2 1 1 675 672 820 460
2321 4 2 1 1 280 688 832 286
2322 4 2 1 1 820 672 673 299
2323 4 2 1 1 794 688 832 280
2324 4 2 1 1 347 661 328 850
2325 4 2 1 1 621 677 623 267
2326 4 2 1 1 616 260 840 262
2327 4 2 1 1 642 308 644 304
2328 4 2 1 1 299 672 671 301
2329 4 2 1 1 286 832 280 499
2330 4 2 1 1 607 606 608 252
2331 4 2 1 1 253 607 608 252
2332 4 2 1 1 262 618 847 616
2333 4 2 1 1 830 468 359 627
2334 4 2 1 1 714 715 778 368
2335 4 2 1 1 661 328 850 836
2336 4 2 1 1 830 274 468 786
2337 4 2 1 1 351 713 714 368
2338 4 2 1 1 713 715 714 368
2339 4 2 1 1 646 303 645 644
2340 4 2 1 1 786 274 468 271
2341 4 2 1 1 274 468 359 830
2342 4 2 1 1 366 701 364 320
2343 4 2 1 1 317 320 306 701
2344 4 2 1 1 306 320 364 701
2345 4 2 1 1 611 609 610 256
2346 4 2 1 1 610 609 608 256
2347 4 2 1 1 675 696 683 315
2348 4 2 1 1 641 470 640 639
2349 4 2 1 1 470 629 639 628
2350 4 2 1 1 641 488 470 639
2351 4 2 1 1 251 604 250 603
2352 4 2 1 1 470 629 640 639
2353 4 2 1 1 268 267 623 269
2354 4 2 1 1 250 251 603 249
2355 4 2 1 1 368 778 365 516
2356 4 2 1 1 628 469 629 626
2357 4 2 1 1 672 671 673 299
2358 4 2 1 1 639 330 470 628
2359 4 2 1 1 315 696 683 334
2360 4 2 1 1 304 644 642 643
2361 4 2 1 1 470 641 640 471
2362 4 2 1 1 622 468 786 625
2363 4 2 1 1 470 471 488 641
2364 4 2 1 1 655 317 306 701
2365 4 2 1 1 468 622 786 268
2366 4 2 1 1 330 455 469 628
2367 4 2 1 1 677 621 485 267
2368 4 2 1 1 625 830 468 786
2369 4 2 1 1 647 288 678 856
2370 4 2 1 1 596 462 242 512
2371 4 2 1 1 596 864 462 512
2372 4 2 1 1 623 786 268 271
2373 4 2 1 1 251 606 607 252
2374 4 2 1 1 607 253 251 252
2375 4 2 1 1 485 840 262 847
2376 4 2 1 1 271 268 623 269
2377 4 2 1 1 488 330 470 639
2378 4 2 1 1 840 485 262 495
2379 4 2 1 1 328 850 836 730
2380 4 2 1 1 516 864 512 462
2381 4 2 1 1 864 516 512 778
2382 4 2 1 1 347 850 687 661
2383 4 2 1 1 251 604 603 605
2384 4 2 1 1 850 328 488 730
2385 4 2 1 1 714 696 713 351
2386 4 2 1 1 840 847 616 262
2387 4 2 1 1 621 847 677 485
2388 4 2 1 1 847 840 792 485
2389 4 2 1 1 485 840 792 495
2390 4 2 1 1 262 260 840 495
2391 4 2 1 1 644 646 310 814
2392 4 2 1 1 644 310 308 814
2393 4 2 1 1 329 348 350 661
2394 4 2 1 1 299 671 673 286
2395 4 2 1 1 607 605 606 251
2396 4 2 1 1 792 485 495 477
2397 4 2 1 1 668 666 832 499
2398 4 2 1 1 701 306 655 818
2399 4 2 1 1 359 628 626 469
2400 4 2 1 1 267 485 677 491
2401 4 2 1 1 671 688 673 286
2402 4 2 1 1 359 628 469 455
2403 4 2 1 1 729 306 701 818
2404 4 2 1 1 286 671 832 499
2405 4 2 1 1 268 786 468 271
2406 4 2 1 1 485 792 677 477
2407 4 2 1 1 306 729 701 364
2408 4 2 1 1 328 488 347 850
2409 4 2 1 1 365 696 351 334
2410 4 2 1 1 286 300 671 499
2411 4 2 1 1 300 671 299 286
2412 4 2 1 1 477 677 485 491
2413 4 2 1 1 688 671 832 286
2414 4 2 1 1 603 594 604 250
2415 4 2 1 1 864 596 875 512
2416 4 2 1 1 603 240 250 249
2417 4 2 1 1 729 489 306 818
2418 4 2 1 1 240 603 250 594
2419 4 2 1 1 778 864 875 512
2420 4 2 1 1 300 668 671 499
2421 4 2 1 1 661 497 350 329
2422 4 2 1 1 849 642 308 657
2423 4 2 1 1 629 470 469 628
2424 4 2 1 1 308 304 303 644
2425 4 2 1 1 364 489 306 729
2426 4 2 1 1 365 714 778 368
2427 4 2 1 1 365 351 714 368
2428 4 2 1 1 786 622 623 268
2429 4 2 1 1 258 257 612 256
2430 4 2 1 1 257 611 612 256
2431 4 2 1 1 489 729 783 818
2432 4 2 1 1 435 347 488 858
2433 4 2 1 1 330 469 470 628
2434 4 2 1 1 858 347 488 850
2435 4 2 1 1 778 365 516 512
2436 4 2 1 1 499 300 668 456
2437 4 2 1 1 497 329 661 648
2438 4 2 1 1 329 497 305 648
2439 4 2 1 1 488 858 850 730
2440 4 2 1 1 288 647 289 856
2441 4 2 1 1 509 489 729 841
2442 4 2 1 1 497 661 350 658
2443 4 2 1 1 618 262 847 264
2444 4 2 1 1 847 792 677 485
2445 4 2 1 1 841 489 729 783
2446 4 2 1 1 668 832 671 499
2447 4 2 1 1 696 365 351 714
2448 4 2 1 1 646 310 303 644
2449 4 2 1 1 310 644 308 303
2450 4 2 1 1 497 661 658 648
2451 4 2 1 1 365 875 778 714
2452 4 2 1 1 875 365 778 512
2453 4 2 1 1 435 849 471 309
2454 4 2 1 1 303 646 645 478
2455 4 2 1 1 858 488 641 730
2456 4 2 1 1 348 347 725 687
2457 4 2 1 1 642 308 304 849
2458 4 2 1 1 641 471 488 858
2459 4 2 1 1 849 435 471 858
2460 4 2 1 1 315 674 683 675
2461 4 2 1 1 701 366 364 721
2462 4 2 1 1 364 509 489 729
2463 4 2 1 1 641 642 471 849
2464 4 2 1 1 289 647 645 856
2465 4 2 1 1 674 675 315 301
2466 4 2 1 1 478 651 646 647
2467 4 2 1 1 649 305 497 648
2468 4 2 1 1 450 305 497 649
2469 4 2 1 1 609 611 257 256
2470 4 2 1 1 308 309 304 849
2471 4 2 1 1 348 347 349 725
2472 4 2 1 1 301 315 674 314
2473 4 2 1 1 255 254 608 256
2474 4 2 1 1 253 608 255 254
2475 4 2 1 1 471 641 849 858
2476 4 2 1 1 307 301 674 314
2477 4 2 1 1 324 307 674 314
2478 4 2 1 1 675 674 672 301
2479 4 2 1 1 468 624 622 444
2480 4 2 1 1 642 304 471 849
2481 4 2 1 1 725 347 850 687
2482 4 2 1 1 858 347 725 435
2483 4 2 1 1 347 858 725 850
2484 4 2 1 1 647 646 478 645
2485 4 2 1 1 497 658 649 648
2486 4 2 1 1 471 435 488 858
2487 4 2 1 1 608 253 255 607
2488 4 2 1 1 303 289 478 645
2489 4 2 1 1 255 608 609 256
2490 4 2 1 1 310 303 478 646
2491 4 2 1 1 309 471 304 849
2492 4 2 1 1 647 478 289 645
2493 4 2 1 1 468 626 624 451
2494 4 2 1 1 264 620 621 618
2495 4 2 1 1 359 626 468 451
2496 4 2 1 1 290 831 734 643
2497 4 2 1 1 290 644 304 643
2498 4 2 1 1 620 264 621 266
2499 4 2 1 1 264 262 847 485
2500 4 2 1 1 468 444 622 268
2501 4 2 1 1 620 444 622 624
2502 4 2 1 1 607 608 609 255
2503 4 2 1 1 646 353 310 814
2504 4 2 1 1 644 290 645 643
2505 4 2 1 1 682 318 815 652
2506 4 2 1 1 644 290 304 303
2507 4 2 1 1 814 646 353 656
2508 4 2 1 1 660 353 651 656
2509 4 2 1 1 838 451 624 626
2510 4 2 1 1 645 303 290 644
2511 4 2 1 1 444 620 622 266
2512 4 2 1 1 734 645 290 643
2513 4 2 1 1 485 621 264 267
2514 4 2 1 1 696 365 461 334
2515 4 2 1 1 621 485 264 847
2516 4 2 1 1 353 660 651 355
2517 4 2 1 1 609 257 255 256
2518 4 2 1 1 729 701 364 721
2519 4 2 1 1 435 349 347 725
2520 4 2 1 1 451 469 359 626
2521 4 2 1 1 838 451 444 624
2522 4 2 1 1 862 365 696 714
2523 4 2 1 1 714 875 862 365
2524 4 2 1 1 875 862 365 512
2525 4 2 1 1 248 240 603 249
2526 4 2 1 1 468 624 444 451
2527 4 2 1 1 603 602 240 248
2528 4 2 1 1 603 602 594 240
2529 4 2 1 1 352 629 831 640
2530 4 2 1 1 670 301 674 307
2531 4 2 1 1 621 264 267 266
2532 4 2 1 1 642 471 352 640
2533 4 2 1 1 643 642 352 640
2534 4 2 1 1 301 670 674 672
2535 4 2 1 1 643 352 831 640
2536 4 2 1 1 267 622 621 266
2537 4 2 1 1 510 509 676 457
2538 4 2 1 1 353 310 478 646
2539 4 2 1 1 266 267 622 268
2540 4 2 1 1 289 303 290 645
2541 4 2 1 1 318 450 815 652
2542 4 2 1 1 652 450 815 649
2543 4 2 1 1 815 450 497 649
2544 4 2 1 1 352 470 629 640
2545 4 2 1 1 471 352 304 642
2546 4 2 1 1 642 352 304 643
2547 4 2 1 1 629 469 472 626
2548 4 2 1 1 282 645 290 734
2549 4 2 1 1 671 301 670 300
2550 4 2 1 1 360 676 665 501
2551 4 2 1 1 301 671 670 672
2552 4 2 1 1 819 453 654 651
2553 4 2 1 1 470 352 471 640
2554 4 2 1 1 645 282 290 289
2555 4 2 1 1 497 658 815 649
2556 4 2 1 1 472 838 629 626
2557 4 2 1 1 266 622 444 268
2558 4 2 1 1 665 360 502 667
2559 4 2 1 1 651 353 478 646
2560 4 2 1 1 665 509 676 841
2561 4 2 1 1 509 665 676 501
2562 4 2 1 1 501 360 676 457
2563 4 2 1 1 847 621 618 264
2564 4 2 1 1 436 497 350 658
2565 4 2 1 1 838 831 472 629
2566 4 2 1 1 300 670 668 456
2567 4 2 1 1 651 453 654 647
2568 4 2 1 1 645 282 289 856
2569 4 2 1 1 651 478 453 647
2570 4 2 1 1 472 470 469 629
2571 4 2 1 1 501 676 509 457
2572 4 2 1 1 307 670 301 300
2573 4 2 1 1 358 654 709 819
2574 4 2 1 1 509 787 676 841
2575 4 2 1 1 671 670 668 300
2576 4 2 1 1 635 619 697 530
2577 4 2 1 1 856 645 282 734
2578 4 2 1 1 282 288 289 856
2579 4 2 1 1 290 352 831 643
2580 4 2 1 1 512 596 511 242
2581 4 2 1 1 300 307 670 456
2582 4 2 1 1 365 862 696 461
2583 4 2 1 1 282 281 856 860
2584 4 2 1 1 324 674 482 314
2585 4 2 1 1 666 667 665 502
2586 4 2 1 1 622 620 621 266
2587 4 2 1 1 596 512 511 875
2588 4 2 1 1 497 486 450 815
2589 4 2 1 1 646 651 353 656
2590 4 2 1 1 787 509 676 510
2591 4 2 1 1 510 364 366 721
2592 4 2 1 1 813 458 596 812
2593 4 2 1 1 729 364 509 787
2594 4 2 1 1 512 862 365 461
2595 4 2 1 1 282 281 288 856
2596 4 2 1 1 334 683 315 323
2597 4 2 1 1 318 450 486 815
2598 4 2 1 1 509 729 787 841
2599 4 2 1 1 838 472 451 626
2600 4 2 1 1 815 497 436 658
2601 4 2 1 1 469 451 472 626
2602 4 2 1 1 364 510 509 787
2603 4 2 1 1 352 290 304 643
2604 4 2 1 1 674 323 314 315
2605 4 2 1 1 674 323 315 683
2606 4 2 1 1 497 815 436 486
2607 4 2 1 1 734 282 856 860
2608 4 2 1 1 629 352 831 472
2609 4 2 1 1 458 511 596 242
2610 4 2 1 1 862 875 511 512
2611 4 2 1 1 819 660 355 651
2612 4 2 1 1 352 470 472 629
2613 4 2 1 1 667 666 456 502
2614 4 2 1 1 478 453 353 651
2615 4 2 1 1 666 668 667 456
2616 4 2 1 1 596 813 875 511
2617 4 2 1 1 654 358 453 819
2618 4 2 1 1 510 364 721 787
2619 4 2 1 1 353 453 355 651
2620 4 2 1 1 676 665 667 360
2621 4 2 1 1 453 819 355 651
2622 4 2 1 1 325 307 848 324
2623 4 2 1 1 862 875 813 511
2624 4 2 1 1 458 813 596 511
2625 4 2 1 1 307 848 670 325
2626 4 2 1 1 512 511 862 461
2627 4 2 1 1 360 667 456 502
2628 4 2 1 1 674 848 307 324
2629 4 2 1 1 721 364 729 787
2630 4 2 1 1 486 436 712 815
2631 4 2 1 1 440 435 858 725
2632 4 2 1 1 482 674 323 314
2633 4 2 1 1 440 435 849 858
2634 4 2 1 1 440 435 309 849
2635 4 2 1 1 435 440 349 725
2636 4 2 1 1 819 453 355 358
2637 4 2 1 1 674 848 670 307
2638 4 2 1 1 263 619 618 617
2639 4 2 1 1 617 615 616 263
2640 4 2 1 1 816 436 658 815
2641 4 2 1 1 708 323 674 683
2642 4 2 1 1 674 324 482 848
2643 4 2 1 1 654 293 678 647
2644 4 2 1 1 647 288 293 678
2645 4 2 1 1 647 288 289 293
2646 4 2 1 1 831 290 734 473
2647 4 2 1 1 494 253 607 255
2648 4 2 1 1 251 407 603 249
2649 4 2 1 1 603 605 772 251
2650 4 2 1 1 781 572 390 924
2651 4 2 1 1 816 712 436 815
2652 4 2 1 1 289 293 478 647
2653 4 2 1 1 511 862 398 813
2654 4 2 1 1 862 511 398 461
2655 4 2 1 1 674 482 323 708
2656 4 2 1 1 734 473 282 857
2657 4 2 1 1 473 290 352 831
2658 4 2 1 1 831 319 857 838
2659 4 2 1 1 616 618 263 262
2660 4 2 1 1 453 293 654 647
2661 4 2 1 1 486 436 342 712
2662 4 2 1 1 848 669 670 325
2663 4 2 1 1 253 707 607 251
2664 4 2 1 1 257 316 609 255
2665 4 2 1 1 605 607 707 251
2666 4 2 1 1 262 618 263 264
2667 4 2 1 1 334 683 704 696
2668 4 2 1 1 857 734 473 831
2669 4 2 1 1 293 453 478 647
2670 4 2 1 1 831 472 319 838
2671 4 2 1 1 444 319 451 838
2672 4 2 1 1 457 879 338 336
2673 4 2 1 1 674 482 708 848
2674 4 2 1 1 290 473 282 734
2675 4 2 1 1 879 510 676 457
2676 4 2 1 1 352 472 473 831
2677 4 2 1 1 461 704 696 334
2678 4 2 1 1 669 668 670 456
2679 4 2 1 1 880 879 457 336
2680 4 2 1 1 813 862 398 798
2681 4 2 1 1 472 451 319 838
2682 4 2 1 1 308 849 449 309
2683 4 2 1 1 849 308 449 657
2684 4 2 1 1 704 696 862 461
2685 4 2 1 1 683 334 704 323
2686 4 2 1 1 708 482 323 344
2687 4 2 1 1 517 709 358 654
2688 4 2 1 1 676 787 510 879
2689 4 2 1 1 849 440 449 309
2690 4 2 1 1 709 517 679 654
2691 4 2 1 1 510 879 338 457
2692 4 2 1 1 456 669 667 360
2693 4 2 1 1 616 618 617 263
2694 4 2 1 1 880 879 676 457
2695 4 2 1 1 669 667 668 456
2696 4 2 1 1 360 456 669 325
2697 4 2 1 1 683 795 708 323
2698 4 2 1 1 517 679 654 678
2699 4 2 1 1 319 831 857 473
2700 4 2 1 1 360 880 676 457
2701 4 2 1 1 407 603 772 251
2702 4 2 1 1 679 780 374 709
2703 4 2 1 1 854 849 449 657
2704 4 2 1 1 473 472 319 831
2705 4 2 1 1 317 681 318 321
2706 4 2 1 1 323 795 708 344
2707 4 2 1 1 517 358 453 654
2708 4 2 1 1 906 584 572 924
2709 4 2 1 1 682 322 318 681
2710 4 2 1 1 398 862 461 704
2711 4 2 1 1 605 707 772 251
2712 4 2 1 1 336 360 880 325
2713 4 2 1 1 318 682 815 322
2714 4 2 1 1 880 676 667 360
2715 4 2 1 1 360 669 880 325
2716 4 2 1 1 253 343 707 251
2717 4 2 1 1 704 795 683 323
2718 4 2 1 1 316 853 609 255
2719 4 2 1 1 293 654 678 517
2720 4 2 1 1 360 880 457 336
2721 4 2 1 1 322 318 486 815
2722 4 2 1 1 370 335 881 324
2723 4 2 1 1 334 461 704 339
2724 4 2 1 1 517 453 293 654
2725 4 2 1 1 398 862 704 798
2726 4 2 1 1 685 354 660 684
2727 4 2 1 1 253 607 707 494
2728 4 2 1 1 528 853 659 316
2729 4 2 1 1 669 880 667 360
2730 4 2 1 1 780 374 391 679
2731 4 2 1 1 774 707 853 494
2732 4 2 1 1 323 334 704 339
2733 4 2 1 1 853 774 494 528
2734 4 2 1 1 795 323 339 344
2735 4 2 1 1 709 517 358 374
2736 4 2 1 1 725 348 437 349
2737 4 2 1 1 322 815 712 682
2738 4 2 1 1 353 814 327 310
2739 4 2 1 1 814 353 327 656
2740 4 2 1 1 348 725 437 687
2741 4 2 1 1 316 494 853 255
2742 4 2 1 1 354 353 660 656
2743 4 2 1 1 815 322 712 486
2744 4 2 1 1 707 409 494 774
2745 4 2 1 1 355 354 353 660
2746 4 2 1 1 407 772 707 251
2747 4 2 1 1 679 374 517 709
2748 4 2 1 1 659 877 853 528
2749 4 2 1 1 339 461 704 398
2750 4 2 1 1 706 322 712 682
2751 4 2 1 1 609 659 853 316
2752 4 2 1 1 343 407 707 251
2753 4 2 1 1 712 342 322 706
2754 4 2 1 1 368 715 778 516
2755 4 2 1 1 607 853 707 494
2756 4 2 1 1 787 515 510 879
2757 4 2 1 1 437 725 724 687
2758 4 2 1 1 821 354 685 684
2759 4 2 1 1 440 438 349 725
2760 4 2 1 1 704 795 323 339
2761 4 2 1 1 879 515 510 338
2762 4 2 1 1 263 619 617 530
2763 4 2 1 1 774 409 494 528
2764 4 2 1 1 486 342 322 712
2765 4 2 1 1 848 884 325 324
2766 4 2 1 1 707 343 253 494
2767 4 2 1 1 619 263 618 265
2768 4 2 1 1 515 510 366 721
2769 4 2 1 1 619 620 851 265
2770 4 2 1 1 409 707 494 343
2771 4 2 1 1 880 884 336 325
2772 4 2 1 1 528 659 877 534
2773 4 2 1 1 684 354 660 656
2774 4 2 1 1 335 762 337 479
2775 4 2 1 1 721 515 510 787
2776 4 2 1 1 324 848 881 482
2777 4 2 1 1 881 370 324 482
2778 4 2 1 1 335 325 884 324
2779 4 2 1 1 322 321 318 681
2780 4 2 1 1 490 369 320 720
2781 4 2 1 1 774 853 877 528
2782 4 2 1 1 354 685 660 356
2783 4 2 1 1 378 348 437 687
2784 4 2 1 1 265 618 620 264
2785 4 2 1 1 620 265 264 266
2786 4 2 1 1 534 528 659 316
2787 4 2 1 1 528 494 853 316
2788 4 2 1 1 598 560 755 914
2789 4 2 1 1 265 263 618 264
2790 4 2 1 1 342 341 322 706
2791 4 2 1 1 787 758 515 879
2792 4 2 1 1 325 884 336 335
2793 4 2 1 1 603 248 249 404
2794 4 2 1 1 602 603 765 248
2795 4 2 1 1 848 708 881 482
2796 4 2 1 1 302 733 678 856
2797 4 2 1 1 701 320 366 720
2798 4 2 1 1 852 813 812 458
2799 4 2 1 1 720 366 701 721
2800 4 2 1 1 884 669 848 325
2801 4 2 1 1 353 354 327 656
2802 4 2 1 1 338 879 762 336
2803 4 2 1 1 437 349 438 725
2804 4 2 1 1 884 880 669 325
2805 4 2 1 1 458 813 511 505
2806 4 2 1 1 355 356 354 660
2807 4 2 1 1 619 618 620 265
2808 4 2 1 1 337 336 762 335
2809 4 2 1 1 356 354 685 821
2810 4 2 1 1 763 762 335 479
2811 4 2 1 1 498 175 868 223
2812 4 2 1 1 868 171 175 498
2813 4 2 1 1 576 868 175 223
2814 4 2 1 1 174 873 175 223
2815 4 2 1 1 174 873 223 459
2816 4 2 1 1 828 225 467 182
2817 4 2 1 1 873 576 175 223
2818 4 2 1 1 173 592 459 239
2819 4 2 1 1 592 174 173 459
2820 4 2 1 1 467 239 592 182
2821 4 2 1 1 239 173 592 182
2822 4 2 1 1 181 170 596 242
2823 4 2 1 1 462 181 596 242
2824 4 2 1 1 230 871 452 176
2825 4 2 1 1 174 592 873 459
2826 4 2 1 1 467 592 828 182
2827 4 2 1 1 864 172 181 225
2828 4 2 1 1 225 181 864 462
2829 4 2 1 1 181 596 864 462
2830 4 2 1 1 580 172 225 182
2831 4 2 1 1 225 828 580 182
2832 4 2 1 1 169 176 582 230
2833 4 2 1 1 230 871 176 582
2834 4 2 1 1 864 580 172 225
2835 4 2 1 1 871 176 171 452
2836 4 2 1 1 452 171 871 498
2837 4 2 1 1 868 871 171 498
2838 4 2 1 1 178 177 594 240
2839 4 2 1 1 240 177 594 483
2840 4 2 1 1 834 594 177 483
2841 4 2 1 1 582 834 169 230
2842 4 2 1 1 483 169 834 230
2843 4 2 1 1 177 169 834 483
2844 4 2 1 1 874 827 638 567
2845 4 2 1 1 326 657 814 844
2846 4 2 1 1 657 326 814 308
2847 4 2 1 1 281 856 302 288
2848 4 2 1 1 856 281 302 860
2849 4 2 1 1 661 687 348 686
2850 4 2 1 1 661 348 350 686
2851 4 2 1 1 350 658 661 686
2852 4 2 1 1 308 310 326 814
2853 4 2 1 1 812 599 852 458
2854 4 2 1 1 602 765 601 248
2855 4 2 1 1 599 852 458 245
2856 4 2 1 1 320 369 366 720
2857 4 2 1 1 344 797 339 795
2858 4 2 1 1 404 601 248 247
2859 4 2 1 1 567 876 827 534
2860 4 2 1 1 782 374 390 780
2861 4 2 1 1 658 350 436 686
2862 4 2 1 1 249 407 603 404
2863 4 2 1 1 780 782 374 709
2864 4 2 1 1 336 884 762 335
2865 4 2 1 1 704 798 797 398
2866 4 2 1 1 326 854 657 844
2867 4 2 1 1 398 511 813 505
2868 4 2 1 1 874 738 415 520
2869 4 2 1 1 758 879 760 338
2870 4 2 1 1 880 762 879 336
2871 4 2 1 1 801 638 615 261
2872 4 2 1 1 763 335 370 479
2873 4 2 1 1 709 358 819 373
2874 4 2 1 1 458 596 170 242
2875 4 2 1 1 596 458 170 812
2876 4 2 1 1 240 602 178 248
2877 4 2 1 1 178 594 602 240
2878 4 2 1 1 762 338 336 337
2879 4 2 1 1 342 712 900 706
2880 4 2 1 1 532 390 572 924
2881 4 2 1 1 515 721 758 787
2882 4 2 1 1 772 707 773 407
2883 4 2 1 1 686 436 658 816
2884 4 2 1 1 781 390 780 782
2885 4 2 1 1 398 813 798 505
2886 4 2 1 1 170 180 812 458
2887 4 2 1 1 168 178 602 248
2888 4 2 1 1 260 616 614 261
2889 4 2 1 1 261 260 616 262
2890 4 2 1 1 707 773 407 343
2891 4 2 1 1 616 615 614 261
2892 4 2 1 1 413 877 876 534
2893 4 2 1 1 572 584 532 924
2894 4 2 1 1 773 707 774 409
2895 4 2 1 1 339 704 797 398
2896 4 2 1 1 281 282 276 860
2897 4 2 1 1 795 797 339 704
2898 4 2 1 1 440 858 731 725
2899 4 2 1 1 858 849 440 731
2900 4 2 1 1 900 341 342 706
2901 4 2 1 1 473 276 282 857
2902 4 2 1 1 765 603 772 407
2903 4 2 1 1 449 308 326 657
2904 4 2 1 1 261 616 615 263
2905 4 2 1 1 860 276 281 697
2906 4 2 1 1 867 737 738 419
2907 4 2 1 1 263 261 616 262
2908 4 2 1 1 302 733 856 860
2909 4 2 1 1 598 882 560 914
2910 4 2 1 1 520 867 738 419
2911 4 2 1 1 413 528 877 534
2912 4 2 1 1 659 876 877 534
2913 4 2 1 1 320 700 317 490
2914 4 2 1 1 390 781 780 394
2915 4 2 1 1 681 700 317 655
2916 4 2 1 1 698 355 819 660
2917 4 2 1 1 773 707 409 343
2918 4 2 1 1 335 881 763 370
2919 4 2 1 1 700 320 317 701
2920 4 2 1 1 655 700 317 701
2921 4 2 1 1 854 326 657 449
2922 4 2 1 1 374 391 390 780
2923 4 2 1 1 884 762 880 336
2924 4 2 1 1 357 355 358 819
2925 4 2 1 1 530 263 619 265
2926 4 2 1 1 684 710 354 656
2927 4 2 1 1 755 560 377 914
2928 4 2 1 1 394 390 391 780
2929 4 2 1 1 338 762 760 337
2930 4 2 1 1 440 849 449 731
2931 4 2 1 1 697 860 276 857
2932 4 2 1 1 709 358 373 374
2933 4 2 1 1 482 708 796 344
2934 4 2 1 1 527 521 394 781
2935 4 2 1 1 615 638 613 259
2936 4 2 1 1 259 615 614 613
2937 4 2 1 1 259 612 614 258
2938 4 2 1 1 612 259 614 613
2939 4 2 1 1 638 827 613 259
2940 4 2 1 1 612 613 611 259
2941 4 2 1 1 260 259 614 258
2942 4 2 1 1 838 270 857 851
2943 4 2 1 1 763 762 884 335
2944 4 2 1 1 259 257 612 258
2945 4 2 1 1 257 612 611 259
2946 4 2 1 1 404 766 601 247
2947 4 2 1 1 852 599 855 245
2948 4 2 1 1 731 849 449 854
2949 4 2 1 1 611 659 257 466
2950 4 2 1 1 327 326 310 814
2951 4 2 1 1 619 635 617 530
2952 4 2 1 1 838 444 270 624
2953 4 2 1 1 838 270 851 624
2954 4 2 1 1 679 518 680 678
2955 4 2 1 1 276 473 319 857
2956 4 2 1 1 444 270 624 620
2957 4 2 1 1 882 525 192 185
2958 4 2 1 1 444 270 620 266
2959 4 2 1 1 270 851 624 620
2960 4 2 1 1 378 687 686 348
2961 4 2 1 1 795 796 708 344
2962 4 2 1 1 383 366 720 721
2963 4 2 1 1 348 378 350 686
2964 4 2 1 1 572 906 924 781
2965 4 2 1 1 806 560 882 914
2966 4 2 1 1 659 316 257 466
2967 4 2 1 1 781 924 390 782
2968 4 2 1 1 879 762 760 338
2969 4 2 1 1 710 814 327 656
2970 4 2 1 1 781 394 527 780
2971 4 2 1 1 686 436 379 350
2972 4 2 1 1 876 659 827 534
2973 4 2 1 1 288 518 293 678
2974 4 2 1 1 572 781 390 394
2975 4 2 1 1 874 876 827 567
2976 4 2 1 1 679 517 518 678
2977 4 2 1 1 391 527 394 780
2978 4 2 1 1 797 344 339 397
2979 4 2 1 1 601 248 168 602
2980 4 2 1 1 180 599 812 458
2981 4 2 1 1 383 366 369 720
2982 4 2 1 1 710 327 354 656
2983 4 2 1 1 726 437 725 724
2984 4 2 1 1 248 601 168 247
2985 4 2 1 1 458 180 599 245
2986 4 2 1 1 806 377 560 914
2987 4 2 1 1 270 838 857 319
2988 4 2 1 1 782 373 374 709
2989 4 2 1 1 687 724 437 699
2990 4 2 1 1 705 322 682 681
2991 4 2 1 1 370 796 482 881
2992 4 2 1 1 444 838 270 319
2993 4 2 1 1 757 515 721 758
2994 4 2 1 1 763 884 881 335
2995 4 2 1 1 390 373 374 782
2996 4 2 1 1 659 611 827 466
2997 4 2 1 1 436 686 379 816
2998 4 2 1 1 317 321 700 681
2999 4 2 1 1 490 317 321 700
3000 4 2 1 1 248 603 765 404
3001 4 2 1 1 396 449 381 895
3002 4 2 1 1 343 773 407 408
3003 4 2 1 1 852 813 458 505
3004 4 2 1 1 337 762 761 479
3005 4 2 1 1 398 797 339 397
3006 4 2 1 1 549 394 521 781
3007 4 2 1 1 438 440 731 725
3008 4 2 1 1 706 900 341 746
3009 4 2 1 1 796 881 708 482
3010 4 2 1 1 338 758 515 385
3011 4 2 1 1 376 341 900 746
3012 4 2 1 1 340 322 341 706
3013 4 2 1 1 852 798 813 505
3014 4 2 1 1 379 350 378 686
3015 4 2 1 1 228 208 211 584
3016 4 2 1 1 687 437 378 699
3017 4 2 1 1 505 458 852 245
3018 4 2 1 1 584 572 228 906
3019 4 2 1 1 205 210 552 595
3020 4 2 1 1 904 551 465 591
3021 4 2 1 1 343 409 773 408
3022 4 2 1 1 601 404 248 765
3023 4 2 1 1 865 571 561 733
3024 4 2 1 1 356 355 698 660
3025 4 2 1 1 407 765 603 404
3026 4 2 1 1 901 536 162 152
3027 4 2 1 1 774 775 773 409
3028 4 2 1 1 725 438 437 726
3029 4 2 1 1 682 706 322 705
3030 4 2 1 1 341 376 372 746
3031 4 2 1 1 921 376 537 900
3032 4 2 1 1 370 796 881 531
3033 4 2 1 1 747 551 904 806
3034 4 2 1 1 401 482 796 344
3035 4 2 1 1 876 874 415 567
3036 4 2 1 1 517 293 518 678
3037 4 2 1 1 796 370 482 401
3038 4 2 1 1 374 392 391 679
3039 4 2 1 1 372 551 465 904
3040 4 2 1 1 180 167 599 245
3041 4 2 1 1 168 601 179 247
3042 4 2 1 1 302 561 733 860
3043 4 2 1 1 737 420 736 419
3044 4 2 1 1 700 490 320 720
3045 4 2 1 1 701 700 320 720
3046 4 2 1 1 531 888 763 570
3047 4 2 1 1 762 763 761 479
3048 4 2 1 1 446 341 342 900
3049 4 2 1 1 321 322 705 681
3050 4 2 1 1 895 854 326 844
3051 4 2 1 1 531 763 370 479
3052 4 2 1 1 660 698 356 685
3053 4 2 1 1 737 420 703 736
3054 4 2 1 1 679 392 702 680
3055 4 2 1 1 341 706 746 722
3056 4 2 1 1 521 212 209 878
3057 4 2 1 1 449 396 731 854
3058 4 2 1 1 739 781 527 780
3059 4 2 1 1 449 396 440 731
3060 4 2 1 1 878 781 527 739
3061 4 2 1 1 702 393 735 703
3062 4 2 1 1 338 760 758 385
3063 4 2 1 1 776 775 774 409
3064 4 2 1 1 685 742 548 821
3065 4 2 1 1 408 588 775 773
3066 4 2 1 1 588 408 775 236
3067 4 2 1 1 699 378 379 753
3068 4 2 1 1 747 755 377 914
3069 4 2 1 1 341 446 376 900
3070 4 2 1 1 525 560 244 882
3071 4 2 1 1 709 839 373 819
3072 4 2 1 1 801 523 261 263
3073 4 2 1 1 561 302 281 860
3074 4 2 1 1 192 454 525 882
3075 4 2 1 1 344 797 795 400
3076 4 2 1 1 193 190 232 825
3077 4 2 1 1 796 888 881 531
3078 4 2 1 1 270 851 620 265
3079 4 2 1 1 238 192 187 591
3080 4 2 1 1 479 531 763 570
3081 4 2 1 1 720 757 383 721
3082 4 2 1 1 702 392 393 680
3083 4 2 1 1 370 881 763 531
3084 4 2 1 1 243 150 160 890
3085 4 2 1 1 760 338 337 385
3086 4 2 1 1 265 620 270 266
3087 4 2 1 1 561 865 733 860
3088 4 2 1 1 572 549 228 906
3089 4 2 1 1 505 852 855 245
3090 4 2 1 1 534 659 827 466
3091 4 2 1 1 150 243 430 890
3092 4 2 1 1 766 601 765 404
3093 4 2 1 1 773 767 772 407
3094 4 2 1 1 554 907 588 406
3095 4 2 1 1 798 799 797 398
3096 4 2 1 1 827 638 567 295
3097 4 2 1 1 392 374 517 679
3098 4 2 1 1 874 738 741 415
3099 4 2 1 1 591 904 551 806
3100 4 2 1 1 827 567 534 466
3101 4 2 1 1 527 521 781 878
3102 4 2 1 1 398 799 505 798
3103 4 2 1 1 739 393 424 735
3104 4 2 1 1 706 341 340 722
3105 4 2 1 1 900 921 376 746
3106 4 2 1 1 854 326 449 895
3107 4 2 1 1 745 844 326 710
3108 4 2 1 1 906 549 521 781
3109 4 2 1 1 574 212 222 878
3110 4 2 1 1 761 337 479 386
3111 4 2 1 1 560 454 882 525
3112 4 2 1 1 407 765 767 772
3113 4 2 1 1 160 159 480 893
3114 4 2 1 1 746 372 341 722
3115 4 2 1 1 575 760 761 386
3116 4 2 1 1 337 761 760 386
3117 4 2 1 1 358 373 357 819
3118 4 2 1 1 401 796 370 531
3119 4 2 1 1 908 597 399 553
3120 4 2 1 1 440 396 438 731
3121 4 2 1 1 532 390 924 782
3122 4 2 1 1 806 747 377 914
3123 4 2 1 1 163 585 538 155
3124 4 2 1 1 373 782 839 709
3125 4 2 1 1 878 527 562 739
3126 4 2 1 1 376 446 537 900
3127 4 2 1 1 826 228 211 584
3128 4 2 1 1 480 243 160 893
3129 4 2 1 1 881 888 763 531
3130 4 2 1 1 355 698 819 357
3131 4 2 1 1 773 588 406 408
3132 4 2 1 1 597 397 399 233
3133 4 2 1 1 588 406 408 236
3134 4 2 1 1 397 597 399 797
3135 4 2 1 1 466 257 611 259
3136 4 2 1 1 198 908 186 553
3137 4 2 1 1 747 377 551 806
3138 4 2 1 1 852 855 799 505
3139 4 2 1 1 259 615 638 261
3140 4 2 1 1 767 766 765 404
3141 4 2 1 1 615 259 614 261
3142 4 2 1 1 761 760 762 337
3143 4 2 1 1 614 259 260 261
3144 4 2 1 1 575 760 386 385
3145 4 2 1 1 554 766 907 406
3146 4 2 1 1 638 801 295 261
3147 4 2 1 1 687 378 686 699
3148 4 2 1 1 597 400 397 233
3149 4 2 1 1 400 797 597 397
3150 4 2 1 1 221 191 194 909
3151 4 2 1 1 372 340 722 749
3152 4 2 1 1 521 222 212 878
3153 4 2 1 1 855 506 505 245
3154 4 2 1 1 247 404 766 405
3155 4 2 1 1 415 876 567 534
3156 4 2 1 1 540 817 898 753
3157 4 2 1 1 409 775 773 408
3158 4 2 1 1 755 244 560 598
3159 4 2 1 1 755 901 244 598
3160 4 2 1 1 408 410 775 236
3161 4 2 1 1 659 534 316 466
3162 4 2 1 1 712 899 342 900
3163 4 2 1 1 388 536 244 901
3164 4 2 1 1 393 420 735 703
3165 4 2 1 1 377 372 746 747
3166 4 2 1 1 584 572 532 228
3167 4 2 1 1 549 572 394 781
3168 4 2 1 1 584 532 826 228
3169 4 2 1 1 390 532 373 782
3170 4 2 1 1 216 204 907 554
3171 4 2 1 1 735 739 393 702
3172 4 2 1 1 191 550 200 811
3173 4 2 1 1 909 759 221 587
3174 4 2 1 1 413 876 415 534
3175 4 2 1 1 216 907 588 554
3176 4 2 1 1 393 424 527 739
3177 4 2 1 1 377 376 388 746
3178 4 2 1 1 842 321 705 681
3179 4 2 1 1 597 908 198 553
3180 4 2 1 1 270 276 319 857
3181 4 2 1 1 842 700 321 681
3182 4 2 1 1 209 549 521 906
3183 4 2 1 1 536 388 590 901
3184 4 2 1 1 844 326 895 745
3185 4 2 1 1 908 399 506 553
3186 4 2 1 1 377 372 376 746
3187 4 2 1 1 437 726 896 724
3188 4 2 1 1 400 344 797 397
3189 4 2 1 1 710 354 546 684
3190 4 2 1 1 698 371 356 685
3191 4 2 1 1 731 438 725 726
3192 4 2 1 1 785 865 571 423
3193 4 2 1 1 372 722 904 749
3194 4 2 1 1 825 464 465 886
3195 4 2 1 1 899 446 342 900
3196 4 2 1 1 723 559 568 905
3197 4 2 1 1 903 575 761 386
3198 4 2 1 1 521 527 562 878
3199 4 2 1 1 760 575 759 385
3200 4 2 1 1 867 801 523 295
3201 4 2 1 1 406 407 773 408
3202 4 2 1 1 152 808 538 163
3203 4 2 1 1 699 379 378 686
3204 4 2 1 1 876 751 877 413
3205 4 2 1 1 415 738 416 520
3206 4 2 1 1 896 438 543 726
3207 4 2 1 1 424 562 527 739
3208 4 2 1 1 404 767 766 406
3209 4 2 1 1 405 404 766 406
3210 4 2 1 1 506 399 799 505
3211 4 2 1 1 506 799 855 505
3212 4 2 1 1 744 546 821 684
3213 4 2 1 1 767 773 588 406
3214 4 2 1 1 760 337 386 385
3215 4 2 1 1 912 588 775 236
3216 4 2 1 1 757 902 383 587
3217 4 2 1 1 902 573 384 811
3218 4 2 1 1 879 758 515 338
3219 4 2 1 1 917 246 565 883
3220 4 2 1 1 706 340 322 705
3221 4 2 1 1 597 797 799 399
3222 4 2 1 1 797 398 399 397
3223 4 2 1 1 571 865 785 733
3224 4 2 1 1 356 371 548 685
3225 4 2 1 1 549 209 218 906
3226 4 2 1 1 231 159 151 893
3227 4 2 1 1 384 522 902 811
3228 4 2 1 1 852 799 798 505
3229 4 2 1 1 581 232 190 825
3230 4 2 1 1 781 521 906 878
3231 4 2 1 1 765 407 767 404
3232 4 2 1 1 901 590 536 152
3233 4 2 1 1 490 321 375 700
3234 4 2 1 1 354 356 382 821
3235 4 2 1 1 599 916 855 245
3236 4 2 1 1 766 918 601 247
3237 4 2 1 1 222 521 562 878
3238 4 2 1 1 375 700 492 490
3239 4 2 1 1 597 198 911 557
3240 4 2 1 1 909 221 191 587
3241 4 2 1 1 276 275 281 697
3242 4 2 1 1 406 588 554 236
3243 4 2 1 1 518 679 680 392
3244 4 2 1 1 372 340 341 722
3245 4 2 1 1 902 383 369 720
3246 4 2 1 1 236 912 216 556
3247 4 2 1 1 826 532 403 463
3248 4 2 1 1 800 597 911 557
3249 4 2 1 1 776 885 227 411
3250 4 2 1 1 233 399 597 553
3251 4 2 1 1 244 882 915 525
3252 4 2 1 1 447 342 436 899
3253 4 2 1 1 371 723 698 748
3254 4 2 1 1 899 447 446 810
3255 4 2 1 1 392 517 518 679
3256 4 2 1 1 198 197 911 557
3257 4 2 1 1 356 355 357 698
3258 4 2 1 1 775 409 410 408
3259 4 2 1 1 232 550 573 811
3260 4 2 1 1 882 560 244 598
3261 4 2 1 1 726 437 896 438
3262 4 2 1 1 764 763 888 570
3263 4 2 1 1 686 727 379 816
3264 4 2 1 1 354 710 546 327
3265 4 2 1 1 727 699 379 753
3266 4 2 1 1 912 214 216 556
3267 4 2 1 1 232 464 193 825
3268 4 2 1 1 886 375 749 842
3269 4 2 1 1 389 379 378 753
3270 4 2 1 1 579 912 775 556
3271 4 2 1 1 522 383 384 902
3272 4 2 1 1 211 463 228 826
3273 4 2 1 1 228 208 584 906
3274 4 2 1 1 464 465 591 825
3275 4 2 1 1 723 548 371 685
3276 4 2 1 1 738 736 416 419
3277 4 2 1 1 722 746 372 747
3278 4 2 1 1 824 552 210 595
3279 4 2 1 1 210 203 432 883
3280 4 2 1 1 898 164 540 155
3281 4 2 1 1 597 557 400 233
3282 4 2 1 1 227 410 776 411
3283 4 2 1 1 430 431 246 600
3284 4 2 1 1 801 867 638 295
3285 4 2 1 1 522 383 902 587
3286 4 2 1 1 703 421 420 737
3287 4 2 1 1 153 577 542 156
3288 4 2 1 1 773 767 407 406
3289 4 2 1 1 698 723 371 685
3290 4 2 1 1 895 326 381 745
3291 4 2 1 1 885 805 412 558
3292 4 2 1 1 465 375 749 886
3293 4 2 1 1 466 827 567 295
3294 4 2 1 1 562 222 925 526
3295 4 2 1 1 238 192 591 806
3296 4 2 1 1 380 327 546 710
3297 4 2 1 1 776 579 775 410
3298 4 2 1 1 589 154 545 894
3299 4 2 1 1 398 799 797 399
3300 4 2 1 1 572 549 906 781
3301 4 2 1 1 357 371 698 748
3302 4 2 1 1 245 916 855 564
3303 4 2 1 1 247 766 918 566
3304 4 2 1 1 404 407 767 406
3305 4 2 1 1 799 398 505 399
3306 4 2 1 1 532 228 463 826
3307 4 2 1 1 732 731 396 854
3308 4 2 1 1 409 776 775 410
3309 4 2 1 1 867 737 419 422
3310 4 2 1 1 340 372 465 749
3311 4 2 1 1 410 776 579 227
3312 4 2 1 1 369 384 383 902
3313 4 2 1 1 839 357 373 819
3314 4 2 1 1 375 340 749 842
3315 4 2 1 1 231 480 159 893
3316 4 2 1 1 521 209 906 878
3317 4 2 1 1 150 430 246 600
3318 4 2 1 1 811 573 232 581
3319 4 2 1 1 244 536 162 901
3320 4 2 1 1 776 885 579 227
3321 4 2 1 1 731 396 438 726
3322 4 2 1 1 321 322 340 705
3323 4 2 1 1 419 520 867 422
3324 4 2 1 1 907 767 588 406
3325 4 2 1 1 825 465 749 886
3326 4 2 1 1 170 181 67 242
3327 4 2 1 1 467 225 69 182
3328 4 2 1 1 462 67 181 242
3329 4 2 1 1 225 172 69 182
3330 4 2 1 1 72 174 223 459
3331 4 2 1 1 175 72 174 223
3332 4 2 1 1 174 71 173 459
3333 4 2 1 1 71 173 459 239
3334 4 2 1 1 239 70 173 182
3335 4 2 1 1 70 239 467 182
3336 4 2 1 1 172 68 181 225
3337 4 2 1 1 68 181 225 462
3338 4 2 1 1 169 75 176 230
3339 4 2 1 1 171 176 74 452
3340 4 2 1 1 75 176 230 452
3341 4 2 1 1 74 171 452 498
3342 4 2 1 1 175 171 73 498
3343 4 2 1 1 73 175 498 223
3344 4 2 1 1 173 52 592 182
3345 4 2 1 1 171 55 868 175
3346 4 2 1 1 174 173 53 592
3347 4 2 1 1 55 576 868 175
3348 4 2 1 1 54 174 873 175
3349 4 2 1 1 576 54 873 175
3350 4 2 1 1 592 53 174 873
3351 4 2 1 1 49 181 170 596
3352 4 2 1 1 592 52 828 182
3353 4 2 1 1 51 172 580 182
3354 4 2 1 1 49 181 596 864
3355 4 2 1 1 172 181 50 864
3356 4 2 1 1 828 51 580 182
3357 4 2 1 1 176 582 57 169
3358 4 2 1 1 580 172 50 864
3359 4 2 1 1 57 871 582 176
3360 4 2 1 1 56 871 176 171
3361 4 2 1 1 871 56 868 171
3362 4 2 1 1 178 77 177 240
3363 4 2 1 1 177 594 59 178
3364 4 2 1 1 240 77 177 483
3365 4 2 1 1 59 834 594 177
3366 4 2 1 1 76 169 177 483
3367 4 2 1 1 169 834 58 177
3368 4 2 1 1 483 76 169 230
3369 4 2 1 1 834 58 582 169
3370 4 2 1 1 233 597 198 553
3371 4 2 1 1 430 150 890 600
3372 4 2 1 1 410 409 776 411
3373 4 2 1 1 525 244 563 915
3374 4 2 1 1 835 213 206 484
3375 4 2 1 1 538 808 585 163
3376 4 2 1 1 550 232 190 811
3377 4 2 1 1 908 597 799 399
3378 4 2 1 1 200 550 190 811
3379 4 2 1 1 302 561 571 733
3380 4 2 1 1 703 425 421 785
3381 4 2 1 1 479 763 761 570
3382 4 2 1 1 373 403 357 839
3383 4 2 1 1 557 597 198 233
3384 4 2 1 1 571 421 785 423
3385 4 2 1 1 901 244 388 755
3386 4 2 1 1 586 234 558 417
3387 4 2 1 1 800 797 597 400
3388 4 2 1 1 796 401 344 400
3389 4 2 1 1 904 465 372 749
3390 4 2 1 1 562 222 910 925
3391 4 2 1 1 749 340 705 842
3392 4 2 1 1 743 723 568 905
3393 4 2 1 1 588 216 554 236
3394 4 2 1 1 748 559 905 595
3395 4 2 1 1 424 562 739 910
3396 4 2 1 1 805 207 227 529
3397 4 2 1 1 904 722 372 747
3398 4 2 1 1 737 421 420 419
3399 4 2 1 1 586 835 206 234
3400 4 2 1 1 208 228 549 906
3401 4 2 1 1 532 826 403 887
3402 4 2 1 1 549 218 208 906
3403 4 2 1 1 373 532 403 839
3404 4 2 1 1 454 192 806 882
3405 4 2 1 1 206 215 586 529
3406 4 2 1 1 903 386 570 535
3407 4 2 1 1 420 735 736 418
3408 4 2 1 1 216 588 912 236
3409 4 2 1 1 244 560 388 755
3410 4 2 1 1 835 925 574 484
3411 4 2 1 1 590 388 537 921
3412 4 2 1 1 705 706 340 722
3413 4 2 1 1 393 420 424 735
3414 4 2 1 1 518 302 425 680
3415 4 2 1 1 520 415 874 567
3416 4 2 1 1 180 170 66 458
3417 4 2 1 1 48 170 180 812
3418 4 2 1 1 168 78 178 248
3419 4 2 1 1 178 602 60 168
3420 4 2 1 1 161 150 246 600
3421 4 2 1 1 207 805 215 529
3422 4 2 1 1 412 750 885 558
3423 4 2 1 1 458 170 66 242
3424 4 2 1 1 48 170 812 596
3425 4 2 1 1 240 178 78 248
3426 4 2 1 1 594 602 60 178
3427 4 2 1 1 340 705 722 749
3428 4 2 1 1 560 806 882 454
3429 4 2 1 1 710 546 380 744
3430 4 2 1 1 865 785 863 423
3431 4 2 1 1 386 761 903 570
3432 4 2 1 1 560 454 377 806
3433 4 2 1 1 749 904 465 591
3434 4 2 1 1 192 238 454 806
3435 4 2 1 1 375 340 465 749
3436 4 2 1 1 454 551 377 806
3437 4 2 1 1 782 924 532 887
3438 4 2 1 1 520 874 867 295
3439 4 2 1 1 723 742 548 685
3440 4 2 1 1 727 379 539 920
3441 4 2 1 1 270 275 697 265
3442 4 2 1 1 207 579 805 227
3443 4 2 1 1 767 907 766 406
3444 4 2 1 1 554 405 766 406
3445 4 2 1 1 392 425 393 680
3446 4 2 1 1 238 465 551 591
3447 4 2 1 1 532 584 826 887
3448 4 2 1 1 342 447 446 899
3449 4 2 1 1 232 190 811 581
3450 4 2 1 1 388 590 901 755
3451 4 2 1 1 371 357 403 748
3452 4 2 1 1 839 698 357 819
3453 4 2 1 1 782 532 373 839
3454 4 2 1 1 464 465 238 591
3455 4 2 1 1 591 465 749 825
3456 4 2 1 1 533 465 464 886
3457 4 2 1 1 591 551 238 806
3458 4 2 1 1 885 805 579 227
3459 4 2 1 1 887 403 532 839
3460 4 2 1 1 432 565 246 883
3461 4 2 1 1 386 479 761 570
3462 4 2 1 1 919 578 569 788
3463 4 2 1 1 797 800 795 400
3464 4 2 1 1 222 212 574 213
3465 4 2 1 1 920 898 226 585
3466 4 2 1 1 484 206 835 234
3467 4 2 1 1 396 543 438 726
3468 4 2 1 1 735 420 424 418
3469 4 2 1 1 587 902 522 811
3470 4 2 1 1 383 902 757 720
3471 4 2 1 1 805 885 750 558
3472 4 2 1 1 210 432 552 824
3473 4 2 1 1 917 600 246 883
3474 4 2 1 1 212 122 521 209
3475 4 2 1 1 578 544 569 788
3476 4 2 1 1 399 908 506 799
3477 4 2 1 1 855 908 799 506
3478 4 2 1 1 402 800 911 557
3479 4 2 1 1 420 393 425 703
3480 4 2 1 1 924 584 532 887
3481 4 2 1 1 432 246 431 913
3482 4 2 1 1 905 723 559 748
3483 4 2 1 1 811 902 573 756
3484 4 2 1 1 699 541 378 753
3485 4 2 1 1 888 796 583 402
3486 4 2 1 1 903 188 195 535
3487 4 2 1 1 326 381 449 895
3488 4 2 1 1 723 371 559 748
3489 4 2 1 1 562 878 739 910
3490 4 2 1 1 552 241 205 595
3491 4 2 1 1 801 523 295 261
3492 4 2 1 1 420 735 703 736
3493 4 2 1 1 196 188 764 535
3494 4 2 1 1 810 446 899 900
3495 4 2 1 1 447 448 446 810
3496 4 2 1 1 826 748 403 887
3497 4 2 1 1 543 396 732 726
3498 4 2 1 1 432 210 883 824
3499 4 2 1 1 204 766 907 554
3500 4 2 1 1 543 439 438 896
3501 4 2 1 1 817 235 541 753
3502 4 2 1 1 863 421 785 737
3503 4 2 1 1 375 465 533 886
3504 4 2 1 1 544 151 158 578
3505 4 2 1 1 568 371 559 723
3506 4 2 1 1 586 750 889 558
3507 4 2 1 1 557 800 597 400
3508 4 2 1 1 638 867 874 295
3509 4 2 1 1 560 377 388 755
3510 4 2 1 1 187 238 591 193
3511 4 2 1 1 863 785 421 423
3512 4 2 1 1 558 889 586 417
3513 4 2 1 1 421 703 785 737
3514 4 2 1 1 882 244 915 598
3515 4 2 1 1 727 379 699 686
3516 4 2 1 1 42 243 150 160
3517 4 2 1 1 532 782 887 839
3518 4 2 1 1 700 321 375 842
3519 4 2 1 1 454 238 551 806
3520 4 2 1 1 412 885 751 411
3521 4 2 1 1 700 375 492 842
3522 4 2 1 1 522 384 550 811
3523 4 2 1 1 415 414 741 413
3524 4 2 1 1 567 638 874 295
3525 4 2 1 1 416 741 738 415
3526 4 2 1 1 243 430 42 150
3527 4 2 1 1 874 520 567 295
3528 4 2 1 1 595 463 211 826
3529 4 2 1 1 241 211 205 595
3530 4 2 1 1 541 897 817 753
3531 4 2 1 1 389 539 379 920
3532 4 2 1 1 412 227 885 411
3533 4 2 1 1 885 776 751 411
3534 4 2 1 1 187 192 100 591
3535 4 2 1 1 210 205 134 595
3536 4 2 1 1 463 241 403 595
3537 4 2 1 1 925 222 574 484
3538 4 2 1 1 543 754 896 726
3539 4 2 1 1 356 357 371 698
3540 4 2 1 1 586 206 529 234
3541 4 2 1 1 703 680 425 785
3542 4 2 1 1 214 579 207 556
3543 4 2 1 1 887 748 403 839
3544 4 2 1 1 908 186 553 506
3545 4 2 1 1 566 247 766 405
3546 4 2 1 1 855 506 245 564
3547 4 2 1 1 700 756 492 720
3548 4 2 1 1 544 569 231 578
3549 4 2 1 1 437 439 541 896
3550 4 2 1 1 162 244 901 598
3551 4 2 1 1 742 548 568 723
3552 4 2 1 1 593 160 243 893
3553 4 2 1 1 748 403 559 595
3554 4 2 1 1 410 579 775 556
3555 4 2 1 1 542 224 157 894
3556 4 2 1 1 234 529 586 558
3557 4 2 1 1 18 157 894 156
3558 4 2 1 1 925 910 562 526
3559 4 2 1 1 193 102 190 825
3560 4 2 1 1 736 738 737 419
3561 4 2 1 1 424 910 735 803
3562 4 2 1 1 524 759 575 385
3563 4 2 1 1 578 158 544 788
3564 4 2 1 1 803 735 424 418
3565 4 2 1 1 158 154 545 589
3566 4 2 1 1 221 522 191 587
3567 4 2 1 1 224 154 157 894
3568 4 2 1 1 431 430 752 600
3569 4 2 1 1 276 270 275 697
3570 4 2 1 1 808 538 237 152
3571 4 2 1 1 593 243 160 890
3572 4 2 1 1 193 464 591 825
3573 4 2 1 1 139 209 212 878
3574 4 2 1 1 387 544 545 788
3575 4 2 1 1 159 480 41 160
3576 4 2 1 1 521 222 122 212
3577 4 2 1 1 424 910 803 526
3578 4 2 1 1 235 389 541 753
3579 4 2 1 1 569 481 231 892
3580 4 2 1 1 381 895 745 789
3581 4 2 1 1 411 751 412 413
3582 4 2 1 1 524 575 386 385
3583 4 2 1 1 226 538 585 155
3584 4 2 1 1 396 731 732 726
3585 4 2 1 1 912 579 214 556
3586 4 2 1 1 492 756 700 842
3587 4 2 1 1 744 710 546 684
3588 4 2 1 1 736 740 738 416
3589 4 2 1 1 742 568 752 743
3590 4 2 1 1 556 410 579 227
3591 4 2 1 1 757 383 555 587
3592 4 2 1 1 892 569 380 919
3593 4 2 1 1 865 275 561 423
3594 4 2 1 1 736 418 416 419
3595 4 2 1 1 150 246 43 161
3596 4 2 1 1 167 180 65 245
3597 4 2 1 1 167 47 180 599
3598 4 2 1 1 179 61 601 168
3599 4 2 1 1 168 179 79 247
3600 4 2 1 1 788 158 545 589
3601 4 2 1 1 544 231 151 578
3602 4 2 1 1 913 433 432 824
3603 4 2 1 1 558 750 889 417
3604 4 2 1 1 910 739 424 735
3605 4 2 1 1 540 226 898 155
3606 4 2 1 1 433 432 431 913
3607 4 2 1 1 585 898 226 155
3608 4 2 1 1 919 387 745 789
3609 4 2 1 1 194 909 195 524
3610 4 2 1 1 241 559 403 595
3611 4 2 1 1 190 232 85 193
3612 4 2 1 1 136 211 208 584
3613 4 2 1 1 911 197 402 557
3614 4 2 1 1 417 740 803 418
3615 4 2 1 1 243 41 480 160
3616 4 2 1 1 208 119 228 211
3617 4 2 1 1 523 422 867 295
3618 4 2 1 1 559 433 568 905
3619 4 2 1 1 738 874 867 520
3620 4 2 1 1 420 425 421 703
3621 4 2 1 1 295 259 638 261
3622 4 2 1 1 577 542 235 153
3623 4 2 1 1 909 194 221 524
3624 4 2 1 1 865 561 571 423
3625 4 2 1 1 800 583 796 402
3626 4 2 1 1 458 65 180 245
3627 4 2 1 1 602 601 61 168
3628 4 2 1 1 248 168 79 247
3629 4 2 1 1 47 180 599 812
3630 4 2 1 1 386 903 575 524
3631 4 2 1 1 742 434 548 891
3632 4 2 1 1 215 586 142 206
3633 4 2 1 1 751 741 414 413
3634 4 2 1 1 430 246 43 150
3635 4 2 1 1 591 238 464 193
3636 4 2 1 1 241 463 211 595
3637 4 2 1 1 545 544 158 788
3638 4 2 1 1 388 590 755 921
3639 4 2 1 1 222 574 910 925
3640 4 2 1 1 480 547 893 822
3641 4 2 1 1 557 402 800 400
3642 4 2 1 1 737 863 421 422
3643 4 2 1 1 803 736 735 418
3644 4 2 1 1 212 574 139 878
3645 4 2 1 1 224 545 154 894
3646 4 2 1 1 431 433 913 743
3647 4 2 1 1 809 920 226 585
3648 4 2 1 1 537 590 921 810
3649 4 2 1 1 761 764 903 570
3650 4 2 1 1 759 555 221 587
3651 4 2 1 1 380 745 710 744
3652 4 2 1 1 215 805 586 529
3653 4 2 1 1 522 221 555 587
3654 4 2 1 1 745 387 381 789
3655 4 2 1 1 190 103 200 811
3656 4 2 1 1 191 200 104 811
3657 4 2 1 1 913 246 431 600
3658 4 2 1 1 732 395 543 922
3659 4 2 1 1 437 438 439 896
3660 4 2 1 1 430 890 752 600
3661 4 2 1 1 162 12 901 152
3662 4 2 1 1 899 539 447 809
3663 4 2 1 1 484 889 925 526
3664 4 2 1 1 529 805 586 558
3665 4 2 1 1 425 392 518 680
3666 4 2 1 1 578 231 151 893
3667 4 2 1 1 578 569 231 892
3668 4 2 1 1 810 921 537 900
3669 4 2 1 1 389 378 541 753
3670 4 2 1 1 244 162 149 598
3671 4 2 1 1 903 386 535 524
3672 4 2 1 1 179 601 918 247
3673 4 2 1 1 245 916 167 599
3674 4 2 1 1 414 412 751 413
3675 4 2 1 1 743 568 433 905
3676 4 2 1 1 876 874 741 415
3677 4 2 1 1 568 742 723 743
3678 4 2 1 1 383 522 555 587
3679 4 2 1 1 888 583 923 402
3680 4 2 1 1 380 569 387 919
3681 4 2 1 1 371 568 548 723
3682 4 2 1 1 590 237 808 810
3683 4 2 1 1 163 14 585 155
3684 4 2 1 1 229 196 764 535
3685 4 2 1 1 883 913 432 824
3686 4 2 1 1 581 190 102 825
3687 4 2 1 1 371 403 559 748
3688 4 2 1 1 224 395 545 922
3689 4 2 1 1 326 380 381 745
3690 4 2 1 1 555 515 758 385
3691 4 2 1 1 387 545 395 789
3692 4 2 1 1 217 918 766 566
3693 4 2 1 1 855 916 199 564
3694 4 2 1 1 540 164 817 153
3695 4 2 1 1 211 118 241 205
3696 4 2 1 1 211 205 595 135
3697 4 2 1 1 376 537 388 921
3698 4 2 1 1 915 525 882 185
3699 4 2 1 1 920 226 539 809
3700 4 2 1 1 192 525 82 185
3701 4 2 1 1 745 380 387 919
3702 4 2 1 1 186 855 199 506
3703 4 2 1 1 591 101 187 193
3704 4 2 1 1 800 911 583 402
3705 4 2 1 1 186 908 855 506
3706 4 2 1 1 224 543 395 922
3707 4 2 1 1 724 897 541 699
3708 4 2 1 1 17 577 153 156
3709 4 2 1 1 130 217 204 554
3710 4 2 1 1 810 537 446 900
3711 4 2 1 1 543 732 754 726
3712 4 2 1 1 751 750 885 412
3713 4 2 1 1 418 736 420 419
3714 4 2 1 1 882 192 99 185
3715 4 2 1 1 20 154 158 589
3716 4 2 1 1 883 210 203 133
3717 4 2 1 1 161 246 565 917
3718 4 2 1 1 247 918 179 566
3719 4 2 1 1 916 245 167 564
3720 4 2 1 1 903 764 188 535
3721 4 2 1 1 759 757 555 587
3722 4 2 1 1 412 751 750 414
3723 4 2 1 1 571 421 425 785
3724 4 2 1 1 590 808 237 152
3725 4 2 1 1 417 750 740 414
3726 4 2 1 1 213 206 484 124
3727 4 2 1 1 241 552 824 595
3728 4 2 1 1 552 433 241 824
3729 4 2 1 1 899 727 539 809
3730 4 2 1 1 555 515 757 758
3731 4 2 1 1 740 736 418 416
3732 4 2 1 1 381 380 387 745
3733 4 2 1 1 40 231 159 151
3734 4 2 1 1 158 151 21 578
3735 4 2 1 1 37 224 154 157
3736 4 2 1 1 192 100 591 806
3737 4 2 1 1 206 215 529 125
3738 4 2 1 1 547 821 891 822
3739 4 2 1 1 526 803 424 418
3740 4 2 1 1 237 536 388 590
3741 4 2 1 1 824 210 134 595
3742 4 2 1 1 581 811 573 756
3743 4 2 1 1 579 207 556 227
3744 4 2 1 1 119 463 228 211
3745 4 2 1 1 563 244 149 915
3746 4 2 1 1 439 543 754 896
3747 4 2 1 1 396 395 543 732
3748 4 2 1 1 237 448 808 810
3749 4 2 1 1 763 764 761 570
3750 4 2 1 1 84 238 187 193
3751 4 2 1 1 537 237 388 590
3752 4 2 1 1 83 238 192 187
3753 4 2 1 1 434 382 548 891
3754 4 2 1 1 434 243 547 891
3755 4 2 1 1 211 136 826 584
3756 4 2 1 1 565 203 917 883
3757 4 2 1 1 915 563 525 185
3758 4 2 1 1 197 189 583 402
3759 4 2 1 1 590 537 237 810
3760 4 2 1 1 863 635 865 423
3761 4 2 1 1 431 752 913 600
3762 4 2 1 1 699 897 541 753
3763 4 2 1 1 896 439 541 897
3764 4 2 1 1 889 803 925 526
3765 4 2 1 1 164 540 817 898
3766 4 2 1 1 448 538 237 808
3767 4 2 1 1 805 529 412 558
3768 4 2 1 1 106 194 909 195
3769 4 2 1 1 893 547 593 822
3770 4 2 1 1 535 195 903 524
3771 4 2 1 1 910 424 562 526
3772 4 2 1 1 232 464 85 193
3773 4 2 1 1 752 568 431 743
3774 4 2 1 1 484 925 222 526
3775 4 2 1 1 224 543 922 754
3776 4 2 1 1 402 189 923 229
3777 4 2 1 1 742 568 434 752
3778 4 2 1 1 811 190 103 581
3779 4 2 1 1 835 889 925 484
3780 4 2 1 1 141 835 213 206
3781 4 2 1 1 803 526 417 418
3782 4 2 1 1 590 237 536 152
3783 4 2 1 1 894 542 224 577
3784 4 2 1 1 909 575 195 524
3785 4 2 1 1 788 20 158 589
3786 4 2 1 1 577 18 894 156
3787 4 2 1 1 764 903 570 535
3788 4 2 1 1 481 380 744 892
3789 4 2 1 1 21 158 578 788
3790 4 2 1 1 380 546 481 744
3791 4 2 1 1 908 112 198 186
3792 4 2 1 1 740 736 803 418
3793 4 2 1 1 152 13 808 163
3794 4 2 1 1 213 222 212 123
3795 4 2 1 1 543 732 922 754
3796 4 2 1 1 186 95 198 553
3797 4 2 1 1 380 745 892 919
3798 4 2 1 1 234 586 889 417
3799 4 2 1 1 922 732 395 789
3800 4 2 1 1 583 911 197 402
3801 4 2 1 1 821 382 547 891
3802 4 2 1 1 867 863 737 422
3803 4 2 1 1 548 568 434 742
3804 4 2 1 1 417 558 750 414
3805 4 2 1 1 40 231 480 159
3806 4 2 1 1 463 118 241 211
3807 4 2 1 1 163 538 32 155
3808 4 2 1 1 34 164 540 153
3809 4 2 1 1 36 542 157 156
3810 4 2 1 1 23 159 160 893
3811 4 2 1 1 151 159 22 893
3812 4 2 1 1 152 538 31 163
3813 4 2 1 1 153 542 35 156
3814 4 2 1 1 540 164 33 155
3815 4 2 1 1 750 586 805 558
3816 4 2 1 1 120 549 218 208
3817 4 2 1 1 224 542 439 577
3818 4 2 1 1 542 235 439 577
3819 4 2 1 1 224 754 894 577
3820 4 2 1 1 196 91 188 535
3821 4 2 1 1 194 191 105 909
3822 4 2 1 1 565 203 219 917
3823 4 2 1 1 183 179 918 566
3824 4 2 1 1 220 918 217 566
3825 4 2 1 1 184 916 167 564
3826 4 2 1 1 165 161 565 917
3827 4 2 1 1 915 201 563 185
3828 4 2 1 1 563 149 166 915
3829 4 2 1 1 916 202 199 564
3830 4 2 1 1 587 191 104 811
3831 4 2 1 1 515 383 555 757
3832 4 2 1 1 448 237 537 810
3833 4 2 1 1 243 547 891 593
3834 4 2 1 1 817 577 235 153
3835 4 2 1 1 206 484 124 234
3836 4 2 1 1 754 224 439 577
3837 4 2 1 1 86 200 550 190
3838 4 2 1 1 566 766 217 405
3839 4 2 1 1 506 855 199 564
3840 4 2 1 1 143 805 215 207
3841 4 2 1 1 125 529 206 234
3842 4 2 1 1 549 120 228 208
3843 4 2 1 1 901 12 590 152
3844 4 2 1 1 524 555 759 385
3845 4 2 1 1 915 244 149 598
3846 4 2 1 1 759 221 555 524
3847 4 2 1 1 554 216 204 129
3848 4 2 1 1 907 146 204 216
3849 4 2 1 1 232 86 550 190
3850 4 2 1 1 586 142 805 215
3851 4 2 1 1 151 39 544 158
3852 4 2 1 1 193 591 101 825
3853 4 2 1 1 432 116 203 210
3854 4 2 1 1 824 913 433 743
3855 4 2 1 1 738 416 520 419
3856 4 2 1 1 550 384 573 811
3857 4 2 1 1 585 808 14 163
3858 4 2 1 1 116 432 552 210
3859 4 2 1 1 246 161 600 917
3860 4 2 1 1 140 574 212 213
3861 4 2 1 1 135 595 211 826
3862 4 2 1 1 578 231 481 892
3863 4 2 1 1 910 925 803 526
3864 4 2 1 1 189 196 923 229
3865 4 2 1 1 906 218 208 137
3866 4 2 1 1 127 214 207 556
3867 4 2 1 1 209 121 549 218
3868 4 2 1 1 577 439 754 896
3869 4 2 1 1 203 565 432 883
3870 4 2 1 1 906 208 584 137
3871 4 2 1 1 200 87 550 191
3872 4 2 1 1 543 224 439 754
3873 4 2 1 1 529 215 207 126
3874 4 2 1 1 188 764 108 196
3875 4 2 1 1 380 745 744 892
3876 4 2 1 1 740 803 889 417
3877 4 2 1 1 128 216 214 556
3878 4 2 1 1 197 911 111 198
3879 4 2 1 1 195 188 90 535
3880 4 2 1 1 896 577 439 897
3881 4 2 1 1 740 741 416 414
3882 4 2 1 1 162 536 30 152
3883 4 2 1 1 448 539 226 809
3884 4 2 1 1 160 150 24 890
3885 4 2 1 1 920 539 727 809
3886 4 2 1 1 526 889 803 417
3887 4 2 1 1 416 417 740 414
3888 4 2 1 1 29 244 162 149
3889 4 2 1 1 906 209 218 138
3890 4 2 1 1 574 140 835 213
3891 4 2 1 1 161 25 150 600
3892 4 2 1 1 238 84 464 193
3893 4 2 1 1 198 94 197 557
3894 4 2 1 1 37 224 545 154
3895 4 2 1 1 389 226 539 920
3896 4 2 1 1 433 552 432 824
3897 4 2 1 1 157 154 19 894
3898 4 2 1 1 130 405 217 554
3899 4 2 1 1 29 244 536 162
3900 4 2 1 1 231 39 544 151
3901 4 2 1 1 890 150 25 600
3902 4 2 1 1 891 434 243 593
3903 4 2 1 1 547 382 821 822
3904 4 2 1 1 195 575 903 524
3905 4 2 1 1 741 740 750 414
3906 4 2 1 1 233 198 95 553
3907 4 2 1 1 908 198 112 597
3908 4 2 1 1 454 525 82 192
3909 4 2 1 1 422 520 867 295
3910 4 2 1 1 822 578 481 892
3911 4 2 1 1 15 164 898 155
3912 4 2 1 1 433 431 568 743
3913 4 2 1 1 234 889 484 417
3914 4 2 1 1 575 106 909 195
3915 4 2 1 1 210 552 117 205
3916 4 2 1 1 214 145 912 216
3917 4 2 1 1 238 454 83 192
3918 4 2 1 1 570 229 764 535
3919 4 2 1 1 419 737 421 422
3920 4 2 1 1 817 17 577 153
3921 4 2 1 1 806 192 99 882
3922 4 2 1 1 133 883 210 824
3923 4 2 1 1 549 521 121 209
3924 4 2 1 1 759 555 757 758
3925 4 2 1 1 835 141 586 206
3926 4 2 1 1 913 752 431 743
3927 4 2 1 1 146 907 588 216
3928 4 2 1 1 191 105 909 587
3929 4 2 1 1 129 554 216 236
3930 4 2 1 1 751 741 750 414
3931 4 2 1 1 754 922 224 894
3932 4 2 1 1 589 19 154 894
3933 4 2 1 1 216 128 236 556
3934 4 2 1 1 191 88 221 194
3935 4 2 1 1 863 423 422 523
3936 4 2 1 1 431 434 568 752
3937 4 2 1 1 198 911 111 597
3938 4 2 1 1 590 13 808 152
3939 4 2 1 1 558 412 750 414
3940 4 2 1 1 380 481 569 892
3941 4 2 1 1 817 235 540 153
3942 4 2 1 1 892 578 569 919
3943 4 2 1 1 585 15 898 155
3944 4 2 1 1 418 417 740 416
3945 4 2 1 1 421 863 423 422
3946 4 2 1 1 189 923 583 402
3947 4 2 1 1 593 891 434 752
3948 4 2 1 1 382 547 481 822
3949 4 2 1 1 91 196 229 535
3950 4 2 1 1 740 889 750 417
3951 4 2 1 1 557 198 94 233
3952 4 2 1 1 550 87 522 191
3953 4 2 1 1 888 923 764 229
3954 4 2 1 1 434 547 382 891
3955 4 2 1 1 526 484 889 417
3956 4 2 1 1 906 209 138 878
3957 4 2 1 1 547 891 593 822
3958 4 2 1 1 387 919 788 789
3959 4 2 1 1 189 92 196 229
3960 4 2 1 1 805 143 579 207
3961 4 2 1 1 743 433 824 905
3962 4 2 1 1 529 207 227 126
3963 4 2 1 1 145 588 912 216
3964 4 2 1 1 539 448 447 809
3965 4 2 1 1 207 127 556 227
3966 4 2 1 1 741 416 414 415
3967 4 2 1 1 381 387 395 789
3968 4 2 1 1 484 222 213 123
3969 4 2 1 1 108 903 764 188
3970 4 2 1 1 740 741 738 416
3971 4 2 1 1 154 545 38 158
3972 4 2 1 1 593 23 160 893
3973 4 2 1 1 538 31 237 152
3974 4 2 1 1 578 151 22 893
3975 4 2 1 1 36 542 224 157
3976 4 2 1 1 235 34 540 153
3977 4 2 1 1 538 226 32 155
3978 4 2 1 1 542 35 235 153
3979 4 2 1 1 226 540 33 155
3980 4 2 1 1 522 88 221 191
3981 4 2 1 1 448 537 446 810
3982 4 2 1 1 544 38 545 158
3983 4 2 1 1 536 237 30 152
3984 4 2 1 1 593 160 24 890
3985 4 2 1 1 92 189 402 229
3986 4 2 1 1 552 241 117 205
3987 4 2 1 1 430 434 431 752
3988 4 2 1 1 107 903 188 195
3989 4 2 1 1 817 164 16 153
3990 4 2 1 1 547 480 481 822
3991 4 2 1 1 891 742 434 752
3992 4 2 1 1 196 764 923 229
3993 4 2 1 1 535 90 195 524
3994 4 2 1 1 16 164 817 898
3995 4 2 1 1 822 481 744 892
3996 4 2 1 1 448 809 808 810
3997 4 2 1 1 220 183 918 566
3998 4 2 1 1 565 219 165 917
3999 4 2 1 1 202 916 184 564
4000 4 2 1 1 166 201 563 915
4001 4 2 1 1 203 219 917 132
4002 4 2 1 1 915 98 201 185
4003 4 2 1 1 201 81 563 185
4004 4 2 1 1 916 167 46 184
4005 4 2 1 1 167 64 184 564
4006 4 2 1 1 179 918 62 183
4007 4 2 1 1 183 80 179 566
4008 4 2 1 1 161 565 44 165
4009 4 2 1 1 575 903 107 195
4010 4 2 1 1 149 28 563 166
4011 4 2 1 1 166 149 10 915
4012 4 2 1 1 165 26 161 917
4013 4 2 1 1 203 115 565 219
4014 4 2 1 1 202 199 114 916
4015 4 2 1 1 97 199 202 564
4016 4 2 1 1 217 220 566 131
4017 4 2 1 1 148 918 217 220
4018 4 2 1 1 764 923 108 196
4019 4 2 1 1 64 167 245 564
4020 4 2 1 1 599 167 46 916
4021 4 2 1 1 601 918 62 179
4022 4 2 1 1 247 179 80 566
4023 4 2 1 1 246 565 44 161
4024 4 2 1 1 132 917 203 883
4025 4 2 1 1 915 882 98 185
4026 4 2 1 1 525 563 81 185
4027 4 2 1 1 196 923 109 189
4028 4 2 1 1 183 7 63 220
4029 4 2 1 1 183 63 8 220
4030 4 2 1 1 219 3 27 165
4031 4 2 1 1 27 4 219 165
4032 4 2 1 1 5 45 202 184
4033 4 2 1 1 45 6 202 184
4034 4 2 1 1 2 9 201 166
4035 4 2 1 1 201 9 1 166
4036 4 2 1 1 915 149 10 598
4037 4 2 1 1 565 432 115 203
4038 4 2 1 1 244 28 563 149
4039 4 2 1 1 600 161 26 917
4040 4 2 1 1 131 566 217 405
4041 4 2 1 1 148 918 766 217
4042 4 2 1 1 199 97 506 564
4043 4 2 1 1 916 199 114 855
4044 4 2 1 1 183 918 7 220
4045 4 2 1 1 8 183 220 566
4046 4 2 1 1 916 5 202 184
4047 4 2 1 1 184 6 202 564
4048 4 2 1 1 219 4 565 165
4049 4 2 1 1 165 219 3 917
4050 4 2 1 1 201 563 2 166
4051 4 2 1 1 1 201 166 915
4052 4 2 1 1 67 66 170 242
4053 4 2 1 1 175 73 72 223
4054 4 2 1 1 173 71 70 239
4055 4 2 1 1 181 68 67 462
4056 4 2 1 1 172 69 68 225
4057 4 2 1 1 174 72 71 459
4058 4 2 1 1 467 69 70 182
4059 4 2 1 1 576 55 54 175
4060 4 2 1 1 76 75 169 230
4061 4 2 1 1 176 75 74 452
4062 4 2 1 1 171 74 73 498
4063 4 2 1 1 56 55 868 171
4064 4 2 1 1 53 54 174 873
4065 4 2 1 1 52 51 828 182
4066 4 2 1 1 173 52 53 592
4067 4 2 1 1 170 48 49 596
4068 4 2 1 1 49 50 181 864
4069 4 2 1 1 172 50 51 580
4070 4 2 1 1 58 57 582 169
4071 4 2 1 1 57 56 871 176
4072 4 2 1 1 78 77 178 240
4073 4 2 1 1 60 59 594 178
4074 4 2 1 1 177 77 76 483
4075 4 2 1 1 834 59 58 177
4076 4 2 1 1 180 66 65 458
4077 4 2 1 1 180 47 48 812
4078 4 2 1 1 79 78 168 248
4079 4 2 1 1 61 60 602 168
4080 4 2 1 1 430 43 42 150
4081 4 2 1 1 121 521 122 209
4082 4 2 1 1 99 100 192 806
4083 4 2 1 1 134 133 210 824
4084 4 2 1 1 82 83 454 192
4085 4 2 1 1 138 209 139 878
4086 4 2 1 1 104 105 191 587
4087 4 2 1 1 246 44 43 161
4088 4 2 1 1 167 65 64 245
4089 4 2 1 1 46 47 167 599
4090 4 2 1 1 80 79 179 247
4091 4 2 1 1 601 62 61 179
4092 4 2 1 1 125 206 124 234
4093 4 2 1 1 590 12 13 152
4094 4 2 1 1 522 87 88 191
4095 4 2 1 1 144 579 143 207
4096 4 2 1 1 115 432 116 203
4097 4 2 1 1 198 95 94 233
4098 4 2 1 1 588 145 146 216
4099 4 2 1 1 189 93 92 402
4100 4 2 1 1 128 129 216 236
4101 4 2 1 1 111 112 198 597
4102 4 2 1 1 107 106 575 195
4103 4 2 1 1 141 142 586 206
4104 4 2 1 1 101 102 193 825
4105 4 2 1 1 148 766 147 217
4106 4 2 1 1 217 131 405 130
4107 4 2 1 1 199 113 114 855
4108 4 2 1 1 199 97 96 506
4109 4 2 1 1 207 127 227 126
4110 4 2 1 1 102 103 190 581
4111 4 2 1 1 463 119 118 211
4112 4 2 1 1 243 42 41 160
4113 4 2 1 1 136 135 211 826
4114 4 2 1 1 923 583 109 189
4115 4 2 1 1 158 21 20 788
4116 4 2 1 1 11 10 149 598
4117 4 2 1 1 14 15 585 155
4118 4 2 1 1 917 219 3 132
4119 4 2 1 1 563 2 81 201
4120 4 2 1 1 1 98 201 915
4121 4 2 1 1 918 7 62 183
4122 4 2 1 1 183 8 80 566
4123 4 2 1 1 565 4 44 165
4124 4 2 1 1 916 46 5 184
4125 4 2 1 1 184 64 6 564
4126 4 2 1 1 41 40 480 159
4127 4 2 1 1 244 29 28 149
4128 4 2 1 1 26 25 161 600
4129 4 2 1 1 154 20 19 589
4130 4 2 1 1 123 213 484 124
4131 4 2 1 1 231 40 39 151
4132 4 2 1 1 110 109 583 189
4133 4 2 1 1 595 205 134 135
4134 4 2 1 1 100 101 187 591
4135 4 2 1 1 164 16 15 898
4136 4 2 1 1 81 82 525 185
4137 4 2 1 1 117 241 118 205
4138 4 2 1 1 882 99 98 185
4139 4 2 1 1 203 132 883 133
4140 4 2 1 1 103 104 200 811
4141 4 2 1 1 577 17 18 156
4142 4 2 1 1 84 85 464 193
4143 4 2 1 1 165 3 26 917
4144 4 2 1 1 166 10 1 915
4145 4 2 1 1 563 28 2 166
4146 4 2 1 1 222 122 212 123
4147 4 2 1 1 808 13 14 163
4148 4 2 1 1 31 30 237 152
4149 4 2 1 1 24 23 160 593
4150 4 2 1 1 151 22 21 578
4151 4 2 1 1 37 36 224 157
4152 4 2 1 1 35 34 235 153
4153 4 2 1 1 33 32 226 155
4154 4 2 1 1 140 141 835 213
4155 4 2 1 1 565 115 4 219
4156 4 2 1 1 202 114 5 916
4157 4 2 1 1 6 97 202 564
4158 4 2 1 1 566 220 8 131
4159 4 2 1 1 7 918 148 220
4160 4 2 1 1 212 574 140 139
4161 4 2 1 1 232 85 86 190
4162 4 2 1 1 208 136 584 137
4163 4 2 1 1 817 16 17 153
4164 4 2 1 1 119 228 120 208
4165 4 2 1 1 143 805 142 215
4166 4 2 1 1 195 90 89 524
4167 4 2 1 1 238 83 84 187
4168 4 2 1 1 38 37 545 154
4169 4 2 1 1 157 19 18 894
4170 4 2 1 1 162 12 11 901
4171 4 2 1 1 544 39 38 158
4172 4 2 1 1 126 529 215 125
4173 4 2 1 1 116 552 117 210
4174 4 2 1 1 196 92 91 229
4175 4 2 1 1 25 24 150 890
4176 4 2 1 1 536 30 29 162
4177 4 2 1 1 204 130 554 129
4178 4 2 1 1 907 146 147 204
4179 4 2 1 1 109 108 923 196
4180 4 2 1 1 908 113 112 186
4181 4 2 1 1 96 95 186 553
4182 4 2 1 1 108 107 903 188
4183 4 2 1 1 159 23 22 893
4184 4 2 1 1 538 32 31 163
4185 4 2 1 1 542 36 35 156
4186 4 2 1 1 33 34 164 540
4187 4 2 1 1 221 88 89 194
4188 4 2 1 1 188 91 90 535
4189 4 2 1 1 194 105 106 909
4190 4 2 1 1 912 144 145 214
4191 4 2 1 1 120 549 121 218
4192 4 2 1 1 200 87 86 550
4193 4 2 1 1 94 93 197 557
4194 4 2 1 1 911 111 110 197
4195 4 2 1 1 137 906 218 138
4196 4 2 1 1 127 128 214 556
4197 4 2 1 1 670 325 456 307
4198 4 2 1 1 456 325 670 669
4199 4 2 1 1 801 263 530 523
4200 4 2 1 1 530 263 801 617
4201 4 2 1 1 801 635 530 617
4202 4 2 1 1 324 884 881 848
4203 4 2 1 1 324 881 884 335
4204 4 2 1 1 423 530 865 275
4205 4 2 1 1 423 865 530 635
4206 4 2 1 1 697 865 530 275
4207 4 2 1 1 697 530 865 635
4208 4 2 1 1 383 721 515 366
4209 4 2 1 1 515 721 383 757
4210 4 2 1 1 659 257 609 611
4211 4 2 1 1 609 257 659 316
4212 4 2 1 1 255 853 607 494
4213 4 2 1 1 255 607 853 609
4214 4 2 1 1 436 712 899 342
4215 4 2 1 1 436 899 712 816
4216 4 2 1 1 380 710 326 327
4217 4 2 1 1 326 710 380 745
4218 4 2 1 1 895 789 395 732
4219 4 2 1 1 395 789 895 381
4220 4 2 1 1 395 396 895 732
4221 4 2 1 1 895 396 395 381
4222 4 2 1 1 747 551 372 904
4223 4 2 1 1 747 372 551 377
4224 4 2 1 1 282 857 860 734
4225 4 2 1 1 860 857 282 276
4226 4 2 1 1 720 492 902 756
4227 4 2 1 1 720 902 492 369
4228 4 2 1 1 384 492 902 369
4229 4 2 1 1 569 788 387 919
4230 4 2 1 1 387 788 569 544
4231 4 2 1 1 377 755 746 388
4232 4 2 1 1 377 746 755 747
4233 4 2 1 1 302 678 680 518
4234 4 2 1 1 680 678 302 733
4235 4 2 1 1 288 678 302 518
4236 4 2 1 1 288 302 678 856
4237 4 2 1 1 413 741 876 751
4238 4 2 1 1 413 876 741 415
4239 4 2 1 1 263 615 801 617
4240 4 2 1 1 263 801 615 261
4241 4 2 1 1 302 680 571 425
4242 4 2 1 1 302 571 680 733
4243 4 2 1 1 785 571 680 425
4244 4 2 1 1 785 680 571 733
4245 4 2 1 1 570 888 229 531
4246 4 2 1 1 570 229 888 764
4247 4 2 1 1 894 156 542 577
4248 4 2 1 1 542 156 894 157
4249 4 2 1 1 523 867 863 801
4250 4 2 1 1 523 863 867 422
4251 4 2 1 1 393 680 703 702
4252 4 2 1 1 703 680 393 425
4253 4 2 1 1 697 265 530 619
4254 4 2 1 1 530 265 697 275
4255 4 2 1 1 697 865 561 860
4256 4 2 1 1 561 865 697 275
4257 4 2 1 1 561 281 697 860
4258 4 2 1 1 697 281 561 275
4259 4 2 1 1 854 396 895 449
4260 4 2 1 1 854 895 396 732
4261 4 2 1 1 789 545 788 387
4262 4 2 1 1 789 788 545 589
4263 4 2 1 1 699 437 541 724
4264 4 2 1 1 699 541 437 378
4265 4 2 1 1 776 877 528 774
4266 4 2 1 1 528 409 776 774
4267 4 2 1 1 776 409 528 411
4268 4 2 1 1 391 679 702 780
4269 4 2 1 1 702 679 391 392
4270 4 2 1 1 391 393 702 392
4271 4 2 1 1 522 811 191 587
4272 4 2 1 1 191 811 522 550
4273 4 2 1 1 883 246 913 600
4274 4 2 1 1 883 913 246 432
4275 4 2 1 1 753 540 920 898
4276 4 2 1 1 753 920 540 389
4277 4 2 1 1 226 920 540 898
4278 4 2 1 1 226 540 920 389
4279 4 2 1 1 796 531 402 888
4280 4 2 1 1 402 531 796 401
4281 4 2 1 1 490 720 492 369
4282 4 2 1 1 492 720 490 700
4283 4 2 1 1 827 295 259 638
4284 4 2 1 1 259 295 827 466
4285 4 2 1 1 436 899 379 447
4286 4 2 1 1 436 379 899 816
4287 4 2 1 1 727 899 379 816
4288 4 2 1 1 265 851 697 270
4289 4 2 1 1 265 697 851 619
4290 4 2 1 1 259 827 611 466
4291 4 2 1 1 259 611 827 613
4292 4 2 1 1 710 326 814 844
4293 4 2 1 1 710 814 326 327
4294 4 2 1 1 890 243 752 593
4295 4 2 1 1 890 752 243 430
4296 4 2 1 1 434 752 243 593
4297 4 2 1 1 434 243 752 430
4298 4 2 1 1 234 835 889 586
4299 4 2 1 1 234 889 835 484
4300 4 2 1 1 548 821 891 382
4301 4 2 1 1 891 821 548 742
4302 4 2 1 1 585 809 448 226
4303 4 2 1 1 448 809 585 808
4304 4 2 1 1 448 538 585 226
4305 4 2 1 1 585 538 448 808
4306 4 2 1 1 893 243 547 480
4307 4 2 1 1 893 547 243 593
4308 4 2 1 1 270 857 697 276
4309 4 2 1 1 697 857 270 851
4310 4 2 1 1 795 400 796 344
4311 4 2 1 1 796 400 795 800
4312 4 2 1 1 821 354 546 382
4313 4 2 1 1 546 354 821 684
4314 4 2 1 1 574 484 213 835
4315 4 2 1 1 213 484 574 222
4316 4 2 1 1 598 162 11 901
4317 4 2 1 1 598 11 162 149
4318 4 2 1 1 197 583 110 911
4319 4 2 1 1 197 110 583 189
4320 4 2 1 1 821 356 548 685
4321 4 2 1 1 821 548 356 382
4322 4 2 1 1 447 810 809 448
4323 4 2 1 1 809 810 447 899
4324 4 2 1 1 231 893 822 480
4325 4 2 1 1 822 893 231 578
4326 4 2 1 1 822 481 231 480
4327 4 2 1 1 231 481 822 578
4328 4 2 1 1 748 357 839 698
4329 4 2 1 1 748 839 357 403
4330 4 2 1 1 796 400 402 401
4331 4 2 1 1 402 400 796 800
4332 4 2 1 1 388 746 921 755
4333 4 2 1 1 921 746 388 376
4334 4 2 1 1 855 186 113 908
4335 4 2 1 1 113 186 855 199
4336 4 2 1 1 186 506 96 553
4337 4 2 1 1 96 506 186 199
4338 4 2 1 1 403 826 595 748
4339 4 2 1 1 595 826 403 463
4340 4 2 1 1 894 545 922 224
4341 4 2 1 1 894 922 545 589
4342 4 2 1 1 581 886 232 825
4343 4 2 1 1 464 232 886 825
4344 4 2 1 1 464 886 232 533
4345 4 2 1 1 379 753 920 727
4346 4 2 1 1 920 753 379 389
4347 4 2 1 1 524 194 89 195
4348 4 2 1 1 524 89 194 221
4349 4 2 1 1 821 546 481 382
4350 4 2 1 1 481 546 821 744
4351 4 2 1 1 481 822 821 382
4352 4 2 1 1 821 822 481 744
4353 4 2 1 1 756 492 886 842
4354 4 2 1 1 375 492 886 533
4355 4 2 1 1 375 886 492 842
4356 4 2 1 1 197 402 93 189
4357 4 2 1 1 197 93 402 557
4358 4 2 1 1 888 229 402 923
4359 4 2 1 1 402 229 888 531
4360 4 2 1 1 235 753 540 389
4361 4 2 1 1 540 753 235 817
4362 4 2 1 1 775 556 236 410
4363 4 2 1 1 236 556 775 912
4364 4 2 1 1 766 204 147 217
4365 4 2 1 1 147 204 766 907
4366 4 2 1 1 554 217 766 405
4367 4 2 1 1 554 766 217 204
4368 4 2 1 1 909 524 759 575
4369 4 2 1 1 759 524 909 221
4370 4 2 1 1 222 910 878 562
4371 4 2 1 1 878 910 222 574
4372 4 2 1 1 805 412 227 885
4373 4 2 1 1 227 412 805 529
4374 4 2 1 1 579 214 144 912
4375 4 2 1 1 144 214 579 207
4376 4 2 1 1 541 724 896 897
4377 4 2 1 1 896 724 541 437
4378 4 2 1 1 824 595 433 241
4379 4 2 1 1 824 433 595 905
4380 4 2 1 1 559 433 595 241
4381 4 2 1 1 559 595 433 905
4382 4 2 1 1 545 922 789 589
4383 4 2 1 1 789 922 545 395
4384 4 2 1 1 577 817 439 897
4385 4 2 1 1 577 439 817 235
4386 4 2 1 1 541 439 817 897
4387 4 2 1 1 541 817 439 235
4388 4 2 1 1 842 340 321 375
4389 4 2 1 1 842 321 340 705
4390 4 2 1 1 759 385 758 760
4391 4 2 1 1 758 385 759 555
4392 4 2 1 1 530 801 863 635
4393 4 2 1 1 863 801 530 523
4394 4 2 1 1 863 423 530 635
4395 4 2 1 1 530 423 863 523
4396 4 2 1 1 492 902 573 384
4397 4 2 1 1 492 573 902 756
4398 4 2 1 1 776 751 413 877
4399 4 2 1 1 413 751 776 411
4400 4 2 1 1 413 528 776 877
4401 4 2 1 1 776 528 413 411
4402 4 2 1 1 702 391 527 393
4403 4 2 1 1 527 391 702 780
4404 4 2 1 1 527 739 702 393
4405 4 2 1 1 702 739 527 780
4406 4 2 1 1 899 379 539 727
4407 4 2 1 1 899 539 379 447
4408 4 2 1 1 756 886 573 581
4409 4 2 1 1 232 573 886 581
4410 4 2 1 1 232 886 573 533
4411 4 2 1 1 492 886 573 756
4412 4 2 1 1 492 573 886 533
$EndElements
