$MeshFormat
2.2 0 8
$EndMeshFormat
$PhysicalNames
2
2 2 "pec"
3 1 "vacuum"
$EndPhysicalNames
$Nodes
865
1 -11 -11 7.7
2 -11 -11 0
3 -11 11 7.7
4 -11 11 0
5 11 -11 7.7
6 11 -11 0
7 11 11 7.7
8 11 11 0
9 -11 -11 1.540000000000003
10 -11 -11 3.080000000000008
11 -11 -11 4.620000000000008
12 -11 -11 6.160000000000003
13 -11 -9.166666666666666 7.7
14 -11 -7.333333333333333 7.7
15 -11 -5.499999999999999 7.7
16 -11 -3.666666666666666 7.7
17 -11 -1.833333333333334 7.7
18 -11 1.77635683940025e-15 7.7
19 -11 1.833333333333336 7.7
20 -11 3.666666666666668 7.7
21 -11 5.5 7.7
22 -11 7.333333333333332 7.7
23 -11 9.166666666666668 7.7
24 -11 11 1.540000000000003
25 -11 11 3.080000000000008
26 -11 11 4.620000000000008
27 -11 11 6.160000000000003
28 -11 -9.166666666666666 0
29 -11 -7.333333333333333 0
30 -11 -5.499999999999999 0
31 -11 -3.666666666666666 0
32 -11 -1.833333333333334 0
33 -11 1.77635683940025e-15 0
34 -11 1.833333333333336 0
35 -11 3.666666666666668 0
36 -11 5.5 0
37 -11 7.333333333333332 0
38 -11 9.166666666666668 0
39 11 -11 1.540000000000003
40 11 -11 3.080000000000008
41 11 -11 4.620000000000008
42 11 -11 6.160000000000003
43 11 -9.166666666666666 7.7
44 11 -7.333333333333333 7.7
45 11 -5.499999999999999 7.7
46 11 -3.666666666666666 7.7
47 11 -1.833333333333334 7.7
48 11 1.77635683940025e-15 7.7
49 11 1.833333333333336 7.7
50 11 3.666666666666668 7.7
51 11 5.5 7.7
52 11 7.333333333333332 7.7
53 11 9.166666666666668 7.7
54 11 11 1.540000000000003
55 11 11 3.080000000000008
56 11 11 4.620000000000008
57 11 11 6.160000000000003
58 11 -9.166666666666666 0
59 11 -7.333333333333333 0
60 11 -5.499999999999999 0
61 11 -3.666666666666666 0
62 11 -1.833333333333334 0
63 11 1.77635683940025e-15 0
64 11 1.833333333333336 0
65 11 3.666666666666668 0
66 11 5.5 0
67 11 7.333333333333332 0
68 11 9.166666666666668 0
69 -9.166666666666666 -11 0
70 -7.333333333333333 -11 0
71 -5.499999999999999 -11 0
72 -3.666666666666666 -11 0
73 -1.833333333333334 -11 0
74 1.77635683940025e-15 -11 0
75 1.833333333333336 -11 0
76 3.666666666666668 -11 0
77 5.5 -11 0
78 7.333333333333332 -11 0
79 9.166666666666668 -11 0
80 -9.166666666666666 -11 7.7
81 -7.333333333333333 -11 7.7
82 -5.499999999999999 -11 7.7
83 -3.666666666666666 -11 7.7
84 -1.833333333333334 -11 7.7
85 1.77635683940025e-15 -11 7.7
86 1.833333333333336 -11 7.7
87 3.666666666666668 -11 7.7
88 5.5 -11 7.7
89 7.333333333333332 -11 7.7
90 9.166666666666668 -11 7.7
91 -9.166666666666666 11 0
92 -7.333333333333333 11 0
93 -5.499999999999999 11 0
94 -3.666666666666666 11 0
95 -1.833333333333334 11 0
96 1.77635683940025e-15 11 0
97 1.833333333333336 11 0
98 3.666666666666668 11 0
99 5.5 11 0
100 7.333333333333332 11 0
101 9.166666666666668 11 0
102 -9.166666666666666 11 7.7
103 -7.333333333333333 11 7.7
104 -5.499999999999999 11 7.7
105 -3.666666666666666 11 7.7
106 -1.833333333333334 11 7.7
107 1.77635683940025e-15 11 7.7
108 1.833333333333336 11 7.7
109 3.666666666666668 11 7.7
110 5.5 11 7.7
111 7.333333333333332 11 7.7
112 9.166666666666668 11 7.7
113 -11 9.666320878171966 3.850000000000008
114 -11 -9.666320878171966 3.850000000000008
115 -11 -2.75 6.11228675972853
116 -11 2.66452322664251 1.52213285452892
117 -11 6.223869897505477 1.719284129388336
118 -11 -6.400430988162804 1.585173626379586
119 -11 4.58624375642021 6.116029551297046
120 -11 -0.9305167778951855 1.600969912228539
121 -11 0.9166666666666679 6.11228675972853
122 -11 -6.226778190433247 5.974636885566413
123 -11 8.333466656437981 6.099857896977674
124 -11 6.426363092680589 6.116309908474787
125 -11 5.427579759576652 4.582045560697282
126 -11 3.803198900869717 4.577875124857332
127 -11 4.597590089600121 2.961154062626855
128 -11 7.245965216786967 4.37794387326112
129 -11 8.311610260303134 1.585099977026521
130 -11 -4.587338736441902 1.581647758710564
131 -11 -5.427233737635419 3.110789888059848
132 -11 -3.675668241715697 3.116572769574201
133 -11 -7.221942471794163 3.321310677249314
134 -11 -4.490456681709677 4.803423064029368
135 -11 -8.318777783311942 1.622957723287313
136 -11 -2.760365717638463 1.580105716867366
137 -11 -1.858980875043837 3.129057490825128
138 -11 -0.02873098940417051 3.147891854833005
139 -11 -0.9574225102095397 4.794187283231313
140 -11 -8.31204572178887 6.113734083832657
141 -11 0.8902476029133286 1.584010918127511
142 -11 1.640335272912035 3.078535085923197
143 -11 2.846024166544538 6.161838967583056
144 -11 -9.737974801089761 2.372862913778269
145 -11 9.739279808597708 2.366553289401469
146 -11 -9.739375708424063 5.333252387408403
147 -11 9.740988629157535 5.33093968959924
148 -11 7.274500709038552 2.797505155187806
149 -11 -7.271931842770935 4.896734282537741
150 -11 -4.526780307761918 6.458069341864863
151 -11 4.441914321043056 1.432534833833041
152 -11 -2.74650566173575 4.391105473477707
153 -11 -0.9248178353752401 6.483752160537675
154 -11 0.7948901841703346 4.419496584898656
155 -11 6.101214865483463 3.26976119624107
156 -11 2.251170431417069 4.708179540466677
157 -11 -8.713342969899831 3.157426262862982
158 -11 8.721660071642678 4.54774829196761
159 -11 3.184262535051566 2.932966147954763
160 -11 -6.016363705981967 4.445500905526002
161 -11 8.493222824090164 3.254141764474089
162 -11 -8.487493265474972 4.445409615648517
163 -11 9.848224390452437 6.598159517315384
164 -11 9.843511347113498 1.098330653285599
165 -11 -9.844683850213674 1.107164127413117
166 -11 -9.84361761937592 6.601397294248213
167 11 9.666320878171966 3.850000000000008
168 11 -9.666320878171966 3.850000000000008
169 11 -2.75 6.11228675972853
170 11 2.66452322664251 1.52213285452892
171 11 6.223869897505477 1.719284129388336
172 11 -6.400430988162804 1.585173626379586
173 11 4.58624375642021 6.116029551297046
174 11 -0.9305167778951855 1.600969912228539
175 11 0.9166666666666679 6.11228675972853
176 11 -6.226778190433247 5.974636885566413
177 11 8.333466656437981 6.099857896977674
178 11 6.426363092680589 6.116309908474787
179 11 5.427579759576652 4.582045560697282
180 11 3.803198900869717 4.577875124857332
181 11 4.597590089600121 2.961154062626855
182 11 7.245965216786967 4.37794387326112
183 11 8.311610260303134 1.585099977026521
184 11 -4.587338736441902 1.581647758710564
185 11 -5.427233737635419 3.110789888059848
186 11 -3.675668241715697 3.116572769574201
187 11 -7.221942471794163 3.321310677249314
188 11 -4.490456681709677 4.803423064029368
189 11 -8.318777783311942 1.622957723287313
190 11 -2.760365717638463 1.580105716867366
191 11 -1.858980875043837 3.129057490825128
192 11 -0.02873098940417051 3.147891854833005
193 11 -0.9574225102095397 4.794187283231313
194 11 -8.31204572178887 6.113734083832657
195 11 0.8902476029133286 1.584010918127511
196 11 1.640335272912035 3.078535085923197
197 11 2.846024166544538 6.161838967583056
198 11 -9.737974801089761 2.372862913778269
199 11 9.739279808597708 2.366553289401469
200 11 -9.739375708424063 5.333252387408403
201 11 9.740988629157535 5.33093968959924
202 11 7.274500709038552 2.797505155187806
203 11 -7.271931842770935 4.896734282537741
204 11 -4.526780307761918 6.458069341864863
205 11 4.441914321043056 1.432534833833041
206 11 -2.74650566173575 4.391105473477707
207 11 -0.9248178353752401 6.483752160537675
208 11 0.7948901841703346 4.419496584898656
209 11 6.101214865483463 3.26976119624107
210 11 2.251170431417069 4.708179540466677
211 11 -8.713342969899831 3.157426262862982
212 11 8.721660071642678 4.54774829196761
213 11 3.184262535051566 2.932966147954763
214 11 -6.016363705981967 4.445500905526002
215 11 8.493222824090164 3.254141764474089
216 11 -8.487493265474972 4.445409615648517
217 11 9.848224390452437 6.598159517315384
218 11 9.843511347113498 1.098330653285599
219 11 -9.844683850213674 1.107164127413117
220 11 -9.84361761937592 6.601397294248213
221 9.666320878171966 -11 3.850000000000008
222 -9.666320878171966 -11 3.850000000000008
223 -2.953065990252933 -11 5.931763664359695
224 2.751215739049726 -11 6.112273424634624
225 6.403019317222892 -11 1.581767872725713
226 -6.40342134943481 -11 1.582244658001859
227 -0.9166666666666661 -11 1.58771324027147
228 6.416666666666668 -11 6.11228675972853
229 -6.223082501112074 -11 5.972062893208547
230 2.564110242623446 -11 1.706092692925615
231 4.553041787786507 -11 1.555681493978815
232 5.184744261431998 -11 3.082561165049605
233 7.169704384588595 -11 3.301926747453091
234 8.311473479686569 -11 1.619702054223011
235 -4.583594497595942 -11 1.573747564981312
236 -5.423725389577655 -11 3.102911848902661
237 -3.690766310978308 -11 3.139245619973154
238 -7.22078090363388 -11 3.319964999597474
239 -4.58248221604145 -11 4.771165755102877
240 -8.318947999371337 -11 1.622347059568803
241 4.584434060835131 -11 6.153139767972982
242 3.694043703569848 -11 4.392570796068124
243 1.769695420813399 -11 4.543054734663581
244 -8.311436789106381 -11 6.113288379287008
245 8.339181740464461 -11 6.133261694853475
246 0.9082511635133592 -11 6.111151600694464
247 -0.01131906952897133 -11 4.566560641641721
248 0.8163009688644252 -11 2.875148199681034
249 -0.9558163446140053 -11 6.087772721272833
250 -1.728683384428351 -11 4.52572503480084
251 -2.831818527234754 -11 1.536727125790116
252 9.736510689280173 -11 2.37232030226755
253 -9.737896956983668 -11 2.372761136491851
254 9.743908987285948 -11 5.336506989245207
255 -9.739244514484461 -11 5.333178103317461
256 7.24490786253714 -11 4.926050611937447
257 -7.269581606214124 -11 4.896226416969519
258 5.715750156604898 -11 4.661422641368296
259 -4.585059474814623 -11 6.414998462534225
260 3.678390292807398 -11 2.878088535238155
261 -0.8280503679854334 -11 3.294960689181965
262 0.8594155756309085 -11 1.233790826575624
263 8.701154400270866 -11 3.152789820788733
264 -8.713093484467407 -11 3.157014639131629
265 -6.059272546038901 -11 4.433698756632954
266 -2.265201834564692 -11 2.981386525042133
267 -8.486743029346371 -11 4.444945423050516
268 8.477529708886493 -11 4.450089310712993
269 2.449311680712917 -11 3.256711773894867
270 -3.163701537076616 -11 4.384281824900601
271 9.842930167126685 -11 1.106404471298113
272 -9.843469594051502 -11 6.601293296520893
273 -9.844702324604334 -11 1.107021639212132
274 9.849951478883419 -11 6.605953736819737
275 9.666320878171966 11 3.850000000000008
276 -9.666320878171966 11 3.850000000000008
277 -2.953065990252933 11 5.931763664359695
278 2.751215739049726 11 6.112273424634624
279 6.403019317222892 11 1.581767872725713
280 -6.40342134943481 11 1.582244658001859
281 -0.9166666666666661 11 1.58771324027147
282 6.416666666666668 11 6.11228675972853
283 -6.223082501112074 11 5.972062893208547
284 2.564110242623446 11 1.706092692925615
285 4.553041787786507 11 1.555681493978815
286 5.184744261431998 11 3.082561165049605
287 7.169704384588595 11 3.301926747453091
288 8.311473479686569 11 1.619702054223011
289 -4.583594497595942 11 1.573747564981312
290 -5.423725389577655 11 3.102911848902661
291 -3.690766310978308 11 3.139245619973154
292 -7.22078090363388 11 3.319964999597474
293 -4.58248221604145 11 4.771165755102877
294 -8.318947999371337 11 1.622347059568803
295 4.584434060835131 11 6.153139767972982
296 3.694043703569848 11 4.392570796068124
297 1.769695420813399 11 4.543054734663581
298 -8.311436789106381 11 6.113288379287008
299 8.339181740464461 11 6.133261694853475
300 0.9082511635133592 11 6.111151600694464
301 -0.01131906952897133 11 4.566560641641721
302 0.8163009688644252 11 2.875148199681034
303 -0.9558163446140053 11 6.087772721272833
304 -1.728683384428351 11 4.52572503480084
305 -2.831818527234754 11 1.536727125790116
306 9.736510689280173 11 2.37232030226755
307 -9.737896956983668 11 2.372761136491851
308 9.743908987285948 11 5.336506989245207
309 -9.739244514484461 11 5.333178103317461
310 7.24490786253714 11 4.926050611937447
311 -7.269581606214124 11 4.896226416969519
312 5.715750156604898 11 4.661422641368296
313 -4.585059474814623 11 6.414998462534225
314 3.678390292807398 11 2.878088535238155
315 -0.8280503679854334 11 3.294960689181965
316 0.8594155756309085 11 1.233790826575624
317 8.701154400270866 11 3.152789820788733
318 -8.713093484467407 11 3.157014639131629
319 -6.059272546038901 11 4.433698756632954
320 -2.265201834564692 11 2.981386525042133
321 -8.486743029346371 11 4.444945423050516
322 8.477529708886493 11 4.450089310712993
323 2.449311680712917 11 3.256711773894867
324 -3.163701537076616 11 4.384281824900601
325 9.842930167126685 11 1.106404471298113
326 -9.843469594051502 11 6.601293296520893
327 -9.844702324604334 11 1.107021639212132
328 9.849951478883419 11 6.605953736819737
329 -9.412286759728524 -0.9166666666666679 0
330 9.460045596309989 0.9053518223677219 0
331 0.889924929516825 -9.493733270422291 0
332 -0.873855622028314 9.380946899928162 0
333 -9.412286759728532 4.583333333333337 0
334 4.730686166233681 9.251863203653027 0
335 9.412286759728531 -4.583333333333333 0
336 -4.601226357784261 -9.370761016390945 0
337 9.412286759728531 4.583333333333334 0
338 -4.583333333333332 9.435541442341979 0
339 4.690493134607125 -9.314981409018657 0
340 -9.412286759728525 -4.583333333333335 0
341 9.479835548081461 -8.245697196686359 0
342 9.479835548081457 8.245697196686365 0
343 -9.447584584064309 8.242231489651726 0
344 -8.081653031728084 -9.339555046358546 0
345 -9.41816973045116 6.415371914941957 0
346 -7.825554014577499 5.499784208045888 0
347 -7.824736935310468 3.666630701340985 0
348 -6.237050931014565 4.583291373786711 0
349 -6.236860279185586 2.750000000000012 0
350 -4.649178814218947 3.666659673408912 0
351 -4.649152334798251 1.833332167790385 0
352 -3.061439977174141 2.749998640199898 0
353 -3.061433798642639 0.9166666666666892 0
354 -1.47372158812642 1.83333310670001 0
355 -1.473720729997041 -3.777219959033573e-08 0
356 0.1139924816701132 0.916666622599104 0
357 0.1139926819003136 -0.9166666666666288 0
358 -1.473720586975471 -1.833333339628677 0
359 0.1139924769027196 2.749999954883211 0
360 1.701705854633804 1.833333318469307 0
361 0.1139926771329343 -2.750000001049193 0
362 1.70170592137722 -1.833333333508161 0
363 -1.473720563933096 -3.666666667890738 0
364 -3.061433804337 -2.750000001253229 0
365 1.701705921244802 -3.66666666687064 0
366 3.289419162156332 -2.750000000063096 0
367 1.70170589899697 3.666666661566293 0
368 3.289419147324441 2.749999996672635 0
369 -3.047871948036837 4.559831170534304 0
370 -3.054623653064859 -4.595128855143235 0
371 3.293872521403561 -4.57561988904381 0
372 3.289419162443231 4.583333333333382 0
373 -4.64801201560019 -3.668632587177186 0
374 1.701705918309296 5.499999999149974 0
375 4.877874629160292 -3.665381092628889 0
376 4.877256107074498 -1.83311907100418 0
377 4.877132400194904 3.666666666112144 0
378 -1.448936624897755 -5.507720519670553 0
379 4.882451692778332 -5.490786719278077 0
380 4.877132402294736 5.499999999907619 0
381 -4.641012696644995 -5.514089095117095 0
382 -6.236861161832939 0.9166664724095117 0
383 1.702469255213538 -5.471482554840904 0
384 4.87713239977494 1.833333332686387 0
385 6.4459782547606 -2.749750027272134 0
386 6.464845642986173 2.750000000000052 0
387 6.452576015912634 -0.9324300761756668 0
388 -6.213865966460702 6.558707319817547 0
389 -6.23531538492173 -4.586009169271271 0
390 -6.23641362625594 -2.750773626074745 0
391 -6.235247073096733 -6.419460821842504 0
392 7.971374259440925 -1.867600470167249 0
393 -4.627373541921549 -7.394053915385491 0
394 -6.297790031775718 -8.271510611333586 0
395 -2.965160313339016 -8.261843342695684 0
396 -7.885957134770295 -7.351214992076795 0
397 -3.02165898901703 -6.434140025238532 0
398 -1.43372248302073 -7.296819753808808 0
399 -1.214601999421291 -9.243173782499714 0
400 -7.824241594924803 -3.667241577002114 0
401 -7.824443756546736 -1.833558089401699 0
402 3.314431265422543 6.373344432109079 0
403 1.748041188128621 7.593887156319607 0
404 0.113992681900287 6.416666666666707 0
405 4.881905484087476 7.296990149322202 0
406 6.464845642986173 6.41666666666671 0
407 6.464845642986184 8.250000000000039 0
408 6.454395621563901 -4.58286699866858 0
409 6.454731970941612 -6.416246719449017 0
410 4.827800386991299 -7.332173628926352 0
411 6.464845642986234 -8.249999999999934 0
412 3.158140563215547 -8.150640925149821 0
413 -6.236764356986813 -0.9168330960667088 0
414 0.1216104114375458 -4.574047742251686 0
415 9.435734395815437 2.749037853375945 0
416 -2.682929363399914 9.329065865843425 0
417 -3.666666666666653 7.824573519457061 0
418 -9.412286759728531 0.9166666666666661 0
419 -7.824536052380102 -6.522995426294642e-05 0
420 -7.824573519457066 1.833333333333332 0
421 0.9166666666666679 9.412286759728531 0
422 -3.061433832963393 -0.9166666742201226 0
423 -9.412209811821432 -2.750133277733969 0
424 9.430237084810742 -6.416405320498439 0
425 -7.834222451195104 -5.503987760032114 0
426 9.430237084810745 6.416405320498448 0
427 -6.31276328596161 9.503231836659882 0
428 0.1139926432278155 4.583333324822153 0
429 -1.457892080137091 5.472582200825578 0
430 -1.649625113071874 7.536008011272692 0
431 2.730343548289348 9.385427611505524 0
432 1.701705877411323 -9.851042648278963e-09 0
433 -4.631485403220102 5.419839453208816 0
434 3.28943977219622 -0.916630957959951 0
435 -4.649132087356357 -2.796612559841094e-05 0
436 -9.4123139957041 2.749994005779053 0
437 -9.432776456421593 -6.405327704172507 0
438 -1.472445791048401 3.664457448197178 0
439 6.46484564298618 4.583333333333378 0
440 -4.648864953916617 -1.833822325152934 0
441 -7.977514557442777 7.389307149156114 0
442 4.875111516731282 -0.002585573186660639 0
443 6.434319430240752 0.8977677207577166 0
444 3.289085761345333 0.9162416844717782 0
445 0.1140937734998211 -6.3518538423505 0
446 3.271240722244823 -6.376282085092404 0
447 1.706174620585216 -7.150449926892069 0
448 -8.099369360443234 9.278318985414582 0
449 -9.487418508371057 -8.185047806075913 0
450 9.474751110359271 -2.755711189472308 0
451 7.963873087191502 -0.01337405609179143 0
452 7.938566201357343 5.500000000000053 0
453 8.004721686703647 7.393487811427921 0
454 7.938566201357361 3.666666666666668 0
455 7.949564058983533 1.825908334512718 0
456 7.938117710250147 -5.499808728658205 0
457 8.002961326178365 -7.393385941667979 0
458 9.478340675550278 -0.9274445377828258 0
459 7.93848862309876 -3.666666666666593 0
460 8.125848050280986 9.390186082912972 0
461 8.125668421655963 -9.390175688039491 0
462 -5.372894252280659 8.058749137782598 0
463 -3.08498331111379 6.278531705897265 0
464 1.06581410364015e-14 8.052558883257674 0
465 0.2102679356589441 -8.011535461461932 0
466 2.749999999999996 -9.693539865735129 0
467 3.481081530432334 7.98030251058189 0
468 -6.36280055092428 -9.796365334816615 0
469 6.422868106516528 -9.791031419411617 0
470 6.421869280332913 9.777739892848619 0
471 -2.856197734108912 -9.775155628317268 0
472 -9.657906852790406 9.657906852790397 0
473 -9.657906852790392 -9.657906852790392 0
474 9.667241348315731 9.667241348315731 0
475 9.667241348315727 -9.667241348315734 0
476 -4.660920018418116 6.874885138775181 0
477 1.902914612519972 -8.542527066334712 0
478 -6.795281484517797 8.157662885766143 0
479 -9.412286759728524 -0.9166666666666679 7.7
480 9.460045596309989 0.9053518223677219 7.7
481 0.889924929516825 -9.493733270422291 7.7
482 -0.873855622028314 9.380946899928162 7.7
483 -9.412286759728532 4.583333333333337 7.7
484 4.730686166233681 9.251863203653027 7.7
485 9.412286759728531 -4.583333333333333 7.7
486 -4.601226357784261 -9.370761016390945 7.7
487 9.412286759728531 4.583333333333334 7.7
488 -4.583333333333332 9.435541442341979 7.7
489 4.690493134607125 -9.314981409018657 7.7
490 -9.412286759728525 -4.583333333333335 7.7
491 9.479835548081461 -8.245697196686359 7.7
492 9.479835548081457 8.245697196686365 7.7
493 -8.081653031728084 -9.339555046358546 7.7
494 -9.447584584064309 8.242231489651726 7.7
495 -9.41816973045116 6.415371914941957 7.7
496 -7.825554014577499 5.499784208045888 7.7
497 -7.824736935310468 3.666630701340985 7.7
498 -6.237050931014565 4.583291373786711 7.7
499 -6.236860279185586 2.750000000000012 7.7
500 -4.649178814218947 3.666659673408912 7.7
501 -4.649152334798251 1.833332167790385 7.7
502 -3.061439977174141 2.749998640199898 7.7
503 -3.061433798642639 0.9166666666666892 7.7
504 -1.47372158812642 1.83333310670001 7.7
505 -1.473720729997041 -3.777219959033573e-08 7.7
506 0.1139924816701132 0.916666622599104 7.7
507 0.1139926819003136 -0.9166666666666288 7.7
508 -1.473720586975471 -1.833333339628677 7.7
509 0.1139924769027196 2.749999954883211 7.7
510 1.701705854633804 1.833333318469307 7.7
511 0.1139926771329343 -2.750000001049193 7.7
512 1.70170592137722 -1.833333333508161 7.7
513 -1.473720563933096 -3.666666667890738 7.7
514 -3.061433804337 -2.750000001253229 7.7
515 1.701705921244802 -3.66666666687064 7.7
516 3.289419162156332 -2.750000000063096 7.7
517 1.70170589899697 3.666666661566293 7.7
518 3.289419147324441 2.749999996672635 7.7
519 -3.047871948036837 4.559831170534304 7.7
520 -3.054623653064859 -4.595128855143235 7.7
521 3.293872521403561 -4.57561988904381 7.7
522 3.289419162443231 4.583333333333382 7.7
523 -4.64801201560019 -3.668632587177186 7.7
524 1.701705918309296 5.499999999149974 7.7
525 4.877874629160292 -3.665381092628889 7.7
526 4.877256107074498 -1.83311907100418 7.7
527 4.877132400194904 3.666666666112144 7.7
528 -1.448936624897755 -5.507720519670553 7.7
529 4.882451692778332 -5.490786719278077 7.7
530 4.877132402294736 5.499999999907619 7.7
531 -4.641012696644995 -5.514089095117095 7.7
532 -6.236861161832939 0.9166664724095117 7.7
533 1.702469255213538 -5.471482554840904 7.7
534 4.87713239977494 1.833333332686387 7.7
535 6.4459782547606 -2.749750027272134 7.7
536 6.464845642986173 2.750000000000052 7.7
537 6.452576015912634 -0.9324300761756668 7.7
538 -6.213865966460702 6.558707319817547 7.7
539 -6.23531538492173 -4.586009169271271 7.7
540 -6.23641362625594 -2.750773626074745 7.7
541 -6.235247073096733 -6.419460821842504 7.7
542 7.971374259440925 -1.867600470167249 7.7
543 -4.627373541921549 -7.394053915385491 7.7
544 -6.297790031775718 -8.271510611333586 7.7
545 -2.965160313339016 -8.261843342695684 7.7
546 -7.885957134770295 -7.351214992076795 7.7
547 -3.02165898901703 -6.434140025238532 7.7
548 -1.43372248302073 -7.296819753808808 7.7
549 -1.214601999421291 -9.243173782499714 7.7
550 -7.824241594924803 -3.667241577002114 7.7
551 -7.824443756546736 -1.833558089401699 7.7
552 3.314431265422543 6.373344432109079 7.7
553 1.748041188128621 7.593887156319607 7.7
554 0.113992681900287 6.416666666666707 7.7
555 4.881905484087476 7.296990149322202 7.7
556 6.464845642986173 6.41666666666671 7.7
557 6.464845642986184 8.250000000000039 7.7
558 6.454395621563901 -4.58286699866858 7.7
559 6.454731970941612 -6.416246719449017 7.7
560 4.827800386991299 -7.332173628926352 7.7
561 6.464845642986234 -8.249999999999934 7.7
562 3.158140563215547 -8.150640925149821 7.7
563 -6.236764356986813 -0.9168330960667088 7.7
564 0.1216104114375458 -4.574047742251686 7.7
565 9.435734395815437 2.749037853375945 7.7
566 -2.682929363399914 9.329065865843425 7.7
567 -3.666666666666653 7.824573519457061 7.7
568 -9.412286759728531 0.9166666666666661 7.7
569 -7.824536052380102 -6.522995426294642e-05 7.7
570 -7.824573519457066 1.833333333333332 7.7
571 0.9166666666666679 9.412286759728531 7.7
572 -3.061433832963393 -0.9166666742201226 7.7
573 -9.412209811821432 -2.750133277733969 7.7
574 9.430237084810742 -6.416405320498439 7.7
575 -7.834222451195104 -5.503987760032114 7.7
576 9.430237084810745 6.416405320498448 7.7
577 -6.31276328596161 9.503231836659882 7.7
578 0.1139926432278155 4.583333324822153 7.7
579 -1.457892080137091 5.472582200825578 7.7
580 -1.649625113071874 7.536008011272692 7.7
581 2.730343548289348 9.385427611505524 7.7
582 1.701705877411323 -9.851042648278963e-09 7.7
583 -4.631485403220102 5.419839453208816 7.7
584 3.28943977219622 -0.916630957959951 7.7
585 -4.649132087356357 -2.796612559841094e-05 7.7
586 -9.4123139957041 2.749994005779053 7.7
587 -9.432776456421593 -6.405327704172507 7.7
588 -1.472445791048401 3.664457448197178 7.7
589 6.46484564298618 4.583333333333378 7.7
590 -4.648864953916617 -1.833822325152934 7.7
591 -7.977514557442777 7.389307149156114 7.7
592 4.875111516731282 -0.002585573186660639 7.7
593 6.434319430240752 0.8977677207577166 7.7
594 3.289085761345333 0.9162416844717782 7.7
595 0.1140937734998211 -6.3518538423505 7.7
596 3.271240722244823 -6.376282085092404 7.7
597 1.706174620585216 -7.150449926892069 7.7
598 -8.099369360443234 9.278318985414582 7.7
599 -9.487418508371057 -8.185047806075913 7.7
600 9.474751110359271 -2.755711189472308 7.7
601 7.963873087191502 -0.01337405609179143 7.7
602 7.938566201357343 5.500000000000053 7.7
603 8.004721686703647 7.393487811427921 7.7
604 7.938566201357361 3.666666666666668 7.7
605 7.949564058983533 1.825908334512718 7.7
606 7.938117710250147 -5.499808728658205 7.7
607 8.002961326178365 -7.393385941667979 7.7
608 9.478340675550278 -0.9274445377828258 7.7
609 7.93848862309876 -3.666666666666593 7.7
610 8.125848050280986 9.390186082912972 7.7
611 8.125668421655963 -9.390175688039491 7.7
612 -5.372894252280659 8.058749137782598 7.7
613 -3.08498331111379 6.278531705897265 7.7
614 1.06581410364015e-14 8.052558883257674 7.7
615 0.2102679356589441 -8.011535461461932 7.7
616 2.749999999999996 -9.693539865735129 7.7
617 3.481081530432334 7.98030251058189 7.7
618 -6.36280055092428 -9.796365334816615 7.7
619 6.422868106516528 -9.791031419411617 7.7
620 6.421869280332913 9.777739892848619 7.7
621 -2.856197734108912 -9.775155628317268 7.7
622 -9.657906852790406 9.657906852790397 7.7
623 -9.657906852790392 -9.657906852790392 7.7
624 9.667241348315731 9.667241348315731 7.7
625 9.667241348315727 -9.667241348315734 7.7
626 -4.660920018418116 6.874885138775181 7.7
627 1.902914612519972 -8.542527066334712 7.7
628 -6.795281484517797 8.157662885766143 7.7
629 -5.527568832341961 7.159705873147027 3.893387143115457
630 2.648108362848815 -7.085612171842009 3.85
631 7.10346838227089 5.800397316436233 3.85
632 -7.12084375290527 -6.372795478828287 3.79948890349724
633 0.6667609148138625 -3.625910666207194 3.850000000000001
634 1.172468021764299 0.9166666477338279 3.850000000000001
635 -3.59067649828028 1.833330869837279 3.850000000000001
636 5.925871438703576 -1.839189832794418 3.85
637 -6.765745814953681 -1.833904559313722 3.85
638 7.099277008553613 -5.800780086892815 3.85
639 -3.312450670970075 -7.118304773459403 3.85
640 5.713285115581705 2.104132443917996 3.85
641 -0.6260109236552005 4.404851630922048 3.85
642 3.182633668401256 5.413316998433278 3.85
643 -7.10220256858717 3.571925051568628 3.850000000000001
644 -2.872647912939308 -1.996428967074147 3.881608306306229
645 0.5638533596012046 7.607359073790302 4.326208123024349
646 3.775431580189715 -4.142799021005168 4.539704695300602
647 -0.3279098781916808 -7.878880012071559 3.117042286983665
648 -2.505476629820696 7.988336535313634 3.816674544717646
649 2.924411437555889 -1.538867855468831 3.039094933356163
650 -3.608674929290677 4.848799359607988 3.054269033537552
651 -8.228315993439097 8.16620899717052 3.978862017989848
652 4.378433889879012 8.042383802088905 2.903290270650723
653 -4.586994269184737 -4.423726616140496 3.004392554765776
654 8.00340763574407 0.2502025537563241 4.656729664259557
655 -7.975922097904071 0.8041598096195731 4.767959142676087
656 8.308781997113938 -8.30786449676704 3.750118247632881
657 -1.94604648557792 -4.662035780445692 4.873958847772141
658 8.270810687378571 8.319839815018611 3.746532060398706
659 -8.643028960773737 -8.285349782558564 3.837091160799462
660 5.375460582428984 -8.181519413397332 3.895798382229412
661 8.202424071904474 -3.31945888395129 4.842055429865916
662 8.161795178076868 3.292795647375933 4.837531036067245
663 -1.425871176252451 0.2486405701066992 2.85143035021562
664 3.120409389310115 2.743499888548524 4.852507959554272
665 -8.336283031324401 5.738897236199763 2.691325177752546
666 -5.944723921612914 0.6633550751754158 2.803035298740469
667 -5.668762719573896 -8.243445317218656 4.94101497488613
668 4.095764578391505 0.1076249858519738 4.998001727178943
669 -0.3867602361850268 -1.276838356234694 4.963627220500745
670 0.407826550945398 -6.0714034453509 5.011032393777553
671 -1.097690261918847 1.953924889052127 4.986223200532772
672 -8.277795204506118 -3.839408041599513 2.71369940332599
673 -4.765310701933934 -0.4015549530812381 5.011539656605475
674 1.586157548205104 3.337694328597845 2.692654524489247
675 8.347039219801536 -1.556072292280209 2.665783765962763
676 4.694326550506526 -5.821800597272331 2.657372378043886
677 5.263904005800988 4.382706667102065 5.160514504614821
678 3.525195923460721 1.195613945623141 2.636603026683847
679 5.257588557544401 4.446677444241619 2.507683911434233
680 2.956119106089662 8.515507136334282 5.126025221857795
681 -0.8628702428738018 -5.353301274852649 2.568679309882682
682 8.404320859309431 1.881811194181561 2.608921089371043
683 5.964617914280987 7.910680462812138 5.075661062670644
684 -6.055164983944179 -4.007815807767464 5.143304739832153
685 -7.476407013667859 5.954013621687987 5.149998430908508
686 -8.552353184237068 -3.164657633174943 5.232125645651287
687 1.056979157741195 -8.56338725995464 5.255588387394408
688 -4.818909551719589 3.768106784411541 5.098011138494257
689 -2.41756296049103 5.762645322877445 5.211146269351453
690 -8.490407514969144 -0.3991278586385398 2.500377451168534
691 1.029607125874954 5.848359091940465 2.498696682878941
692 6.931654787017288 -3.695855144351606 2.372303880802181
693 2.291856511959445 -4.992432340705956 2.435578018267488
694 0.4272969146304114 -1.477748544462044 2.478113128941229
695 -5.464700099409506 -7.522901280135188 2.454630977682408
696 -8.605799035274098 2.134184981248457 2.39604854854816
697 -1.787429460203462 2.749114291202358 2.33451835692056
698 6.510166471689338 0.1697012337208564 2.423858496032989
699 4.488113050175093 -6.384514838753 5.395402363213398
700 1.388202654134086 4.494060805217634 5.348746849319334
701 1.940175145053499 8.636505904778478 2.439459310214997
702 8.518671516827039 4.377014195623482 2.338987484641685
703 2.232470214291594 -2.331089211523332 5.307657589448165
704 -5.199497629712015 2.999413910616505 2.340582777179753
705 -1.645132826708334 -8.516605514633573 5.25267071227956
706 3.626023102574381 -8.658967479549004 2.308695351417931
707 -3.752098289482101 -0.3344438145361103 2.291126306705137
708 -6.538679188640708 8.708955899466073 2.338736664017525
709 -0.5842151087448374 8.619862652024274 2.357279167844088
710 4.525750152250249 -3.265688270600584 2.385339510275611
711 -2.409438455589203 -0.03172791367745973 5.461144067522305
712 -1.433201443375414 6.252537527222046 2.373903865947299
713 -5.948930053914326 5.332556010146728 2.31547410380765
714 5.915182861908764 -3.64129080732706 5.526006367679727
715 -8.749317721125133 -6.771894844701592 5.457540604714487
716 -1.389954068751306 -3.030330832191382 2.308614833089142
717 8.88719709472349 -6.530790062690761 4.986538256825972
718 8.71155082240894 6.652045067444091 5.419260130912805
719 -3.904550254587129 7.013520057922653 2.211789830931202
720 -8.800002410922367 3.810675826857978 5.519463053087147
721 -6.046518422480055 8.648457506506377 5.575477928749581
722 -5.866328878963767 1.660902938170994 5.467753848923898
723 -4.156184341501808 -5.454265324213994 5.353925145724935
724 8.927602026224747 6.527450237722589 2.635112266054839
725 8.779403887863216 -5.209181478973706 2.221454951871677
726 -8.739560384925092 -6.609793018556876 2.253330623689713
727 3.528390104823409 -8.773908699798756 5.372442380572992
728 -5.09281869273834 -2.25771906372663 2.262859808208734
729 6.901893981504035 -8.797897100720236 5.506285060872745
730 6.604942066802309 7.498186001922885 2.25567059897537
731 -2.421079690929844 -8.708542960253228 2.292251356206232
732 -4.178798894721885 -2.751009137350551 5.631937807131887
733 6.795647471958756 -7.427969479689247 2.178866518071195
734 -8.975527761420087 8.976030540133548 2.097572082119704
735 9.017141122826164 -9.018986728791409 5.62915543214794
736 -2.614541627890431 3.531129307798008 5.610087316307645
737 4.284156272061084 6.422646892232818 5.607558238984864
738 9.002795144753737 9.003099316755717 5.65292612931021
739 1.028289671453354 2.296402219891409 5.611813573695871
740 1.593974566902569 -7.876248018335321 2.064493590395909
741 1.869059669801573 -4.507145433903932 5.640056942168759
742 -9.07688326251145 -9.076805612180326 1.91556241468283
743 -4.561088105315164 6.149084108362284 5.610348406724003
744 -3.015081984308861 -5.738893331877621 2.120817251864044
745 0.1735624543968943 1.751341304991219 2.054125157001077
746 -9.021074758599971 -9.021022503879397 5.714919524669032
747 -1.083210424251064 8.767768806607769 5.473717937312942
748 4.411722147983805 -2.015460484765948 5.54268079911679
749 7.139518509569104 -1.517691153640904 5.67605453312582
750 -9.043124064042333 9.041463186951164 5.723152051574107
751 -4.485755582362136 8.941741178593519 3.113598442548743
752 9.060487686582572 -9.059516130113719 1.938978115288415
753 9.055400874290802 9.055882035753095 1.936540531207176
754 6.82858176877665 1.778923800465524 5.720744356102569
755 -3.728631491646782 8.832248668742551 5.605240825431157
756 -1.901712261514303 -2.652037514478111 5.722832445574753
757 2.003217600097452 -0.1747706470913029 5.546438164171768
758 -3.675878537530679 -8.97979799655665 4.81555937429833
759 -7.260199153836568 -0.9775589966907628 5.784518778110783
760 4.818466352546729 -1.140034514688916 2.056333860131638
761 -0.2609284169684787 5.900015222481239 5.375869372572139
762 2.132217218907208 6.528353950729588 5.381768447936156
763 -6.496224357968678 -4.902905252043047 2.119005667296283
764 -6.963722328114255 -9.055651974294122 2.306134844661611
765 -9.070390143769684 -5.350442635793659 3.942058780541466
766 -2.384860172128023 -6.574893668429662 5.678371676553241
767 3.595388145897568 3.224179146020316 2.03921793271099
768 1.811815530890021 -2.989549740698638 1.992013149519941
769 6.612315612799176 2.878025531959088 2.10279589841751
770 2.367281473274654 -6.517889487462206 5.831626258693159
771 7.206562170451868 4.924756685571436 5.76062837259564
772 4.020927169263323 6.126214958282721 2.009512994255531
773 -0.0640525064195944 -3.662783345105654 5.8177825544765
774 1.862620544431577 0.003014276566436996 2.091905005701163
775 -0.513796175159128 3.772658618611811 5.842332003211665
776 6.536954400534853 -6.740712480049363 5.633747914095605
777 2.140466312953914 -9.0391308611113 3.620763975688231
778 -3.584039536349482 1.833330892204573 1.780409609064752
779 -7.122710103984113 -2.34186452961025 1.877550815424712
780 -6.03445051226046 -6.311757269595505 5.629451369644377
781 -8.700392401589967 -1.307480780089596 4.342470915232861
782 -3.856336135429658 1.388101406609479 5.847465407655394
783 6.879379817376158 5.505961216720524 1.802369222303821
784 8.885973441950975 1.662897919620221 5.870933111527998
785 5.119156652995859 6.316668416096397 3.734339294916165
786 9.150139417461954 -1.840937006714563 5.896281685312362
787 -7.760252074466957 -4.993776019509725 5.714948691752873
788 5.629690913605642 -9.139829937790605 2.07429807745379
789 9.027986384065743 5.035152574040518 4.20732933906646
790 -6.757024800872709 3.666591602668242 5.90261062967305
791 4.793636571054189 1.904991510120875 5.663314767826401
792 -0.1944875149477582 3.947694686250566 1.911494602271518
793 6.068116147287514 9.145437951343769 3.405685676299364
794 9.129635222830336 0.1373593381231429 1.85453654065369
795 0.896005401871547 -6.287132664933608 3.074916402055836
796 -9.080065397189198 3.916934409872951 3.338935444537398
797 -9.195237918776193 7.034032112190559 5.377340270878888
798 6.012877167083792 0.1045314368731012 4.375964296853553
799 -4.364677997686457 -9.213928655649207 2.486242051519442
800 7.688242703097716 -5.071026054603994 5.731115575835204
801 -3.360291183524198 -3.234729151470054 1.933937020629322
802 -7.479147074352363 4.080258410931372 1.939281783185655
803 0.09755785561714303 0.5180611612661117 5.729360628343995
804 9.084890617201228 -3.254893331832234 1.901063171360204
805 3.353775837169833 4.651443982242861 5.699394932003523
806 5.579394331717722 -4.355548916748611 3.689002869034297
807 -9.113702764657379 -2.206561479669338 1.9264148068126
808 1.070413621733254 9.011004239023176 5.710453907634327
809 -2.829568854122142 8.725893306944897 1.94288377116225
810 -5.844544586350366 5.249477026835208 4.28689421227927
811 6.441512486954318 -5.520276696917871 1.76909084256499
812 6.632029044383292 -1.841753530626028 1.738738967264419
813 -2.092354683942533 -1.266329677762232 1.78257709517835
814 -6.713771766247041 -9.400924156258602 4.010144236108206
815 -9.272836397347898 -0.1956414643159549 5.868659706145705
816 -5.128431843897273 -6.133121216328053 3.79417291192512
817 6.587954393082256 3.855818351775948 3.817462827462624
818 3.207242637970961 -6.808948796420682 1.892134487962625
819 -9.413760902255532 6.892759813954554 3.542697383128506
820 2.554066536706133 4.856671086003279 1.788022083559447
821 2.638442204607073 7.276715617696832 3.652262781450287
822 8.727307950873929 -7.159374498240021 2.22964443464345
823 -2.18712529924181 4.565941934265095 1.749755629052289
824 -6.781929494694722 2.050597070797394 1.729570710237845
825 -1.257296717760308 -6.483585604743146 4.098864146325345
826 -7.028787468661879 6.887517932327084 1.764909711996109
827 7.121145047973553 9.276257667272585 5.721899211435204
828 -4.151718514954279 -7.346934151120284 5.725149996442052
829 5.259897939188832 1.525590734987909 1.86386350564305
830 -8.80701630318829 1.965038700938892 6.053931389443035
831 -7.082105691378682 -9.040722721679684 6.04055055442604
832 3.206773350045257 9.363983854357357 3.531351655607317
833 -9.105588566391175 7.142238565128366 1.705179862463622
834 5.199520883523896 -8.063257218995638 5.962613529921887
835 7.163154286148927 9.242282226716224 1.685818843769841
836 -1.604369373930216 -7.012892346762362 1.999641940478807
837 0.2140837970277931 -9.24607321962559 1.822373462804902
838 0.1886224007900827 -3.964739283206342 1.801724944945531
839 0.1343910456117168 2.665244855080148 3.722630973641856
840 -6.872832014533712 9.390091613906508 4.119623557874943
841 4.941161707411786 9.570481682322919 5.062542877247152
842 1.388406013074787 -1.180632447670943 4.07383082258584
843 -9.144104991695698 5.365396358490555 4.563964510961487
844 -3.651218972376268 6.509796246093952 4.005235609408507
845 0.7104577736545559 7.477603464915302 1.633742647444661
846 5.541899001507493 -0.603941806458269 6.050388769105465
847 -3.722597769031359 -7.455103032978574 1.678945684584911
848 -9.366123313538457 0.8749990288679681 3.534370377382979
849 9.207752454363664 -4.820808449824144 4.090867424102782
850 -5.170651327798097 -2.780062387513471 4.05213293279071
851 -4.864018139375757 -5.859568915803559 1.829932677382347
852 -5.967535320568624 -2.312596378341174 5.909828949096021
853 -0.9873728953649614 -2.817103250471551 4.111752311980151
854 -6.951787463011376 -6.66936181634874 1.708870115032527
855 -3.416720003949216 -3.724889806567852 4.255614983506224
856 -1.346025598242987 -9.291830008334069 3.636411570295218
857 -6.829674423995981 -0.5274100896299034 1.704379772555361
858 -2.342542346413194 3.729777403945982 3.79578300200785
859 -0.2768041817223493 -7.496812078538981 5.983936859414038
860 0.6533218102430902 7.282065751591721 6.16673608218764
861 2.444889550839314 -3.195423494871125 3.702469030427118
862 2.606860693243322 1.477875715505381 6.085792871044518
863 -2.416398757191569 7.506732019228051 5.962767787273796
864 4.431219219111547 8.431109079636988 6.175575077267075
865 3.56372483993799 9.228714909539789 1.684492862953893
$EndNodes
$Elements
4458
1 2 2 2 1 12 1 166
2 2 2 2 1 1 13 166
3 2 2 2 1 2 9 165
4 2 2 2 1 28 2 165
5 2 2 2 1 23 3 163
6 2 2 2 1 3 27 163
7 2 2 2 1 24 4 164
8 2 2 2 1 4 38 164
9 2 2 2 1 9 10 144
10 2 2 2 1 9 144 165
11 2 2 2 1 10 11 114
12 2 2 2 1 10 114 144
13 2 2 2 1 11 12 146
14 2 2 2 1 114 11 146
15 2 2 2 1 146 12 166
16 2 2 2 1 13 14 140
17 2 2 2 1 13 140 166
18 2 2 2 1 14 15 122
19 2 2 2 1 14 122 140
20 2 2 2 1 15 16 150
21 2 2 2 1 122 15 150
22 2 2 2 1 16 17 115
23 2 2 2 1 16 115 150
24 2 2 2 1 17 18 153
25 2 2 2 1 115 17 153
26 2 2 2 1 18 19 121
27 2 2 2 1 18 121 153
28 2 2 2 1 19 20 143
29 2 2 2 1 121 19 143
30 2 2 2 1 20 21 119
31 2 2 2 1 20 119 143
32 2 2 2 1 21 22 124
33 2 2 2 1 119 21 124
34 2 2 2 1 22 23 123
35 2 2 2 1 22 123 124
36 2 2 2 1 123 23 163
37 2 2 2 1 25 24 145
38 2 2 2 1 145 24 164
39 2 2 2 1 26 25 113
40 2 2 2 1 113 25 145
41 2 2 2 1 27 26 147
42 2 2 2 1 26 113 147
43 2 2 2 1 27 147 163
44 2 2 2 1 29 28 135
45 2 2 2 1 135 28 165
46 2 2 2 1 30 29 118
47 2 2 2 1 118 29 135
48 2 2 2 1 31 30 130
49 2 2 2 1 30 118 130
50 2 2 2 1 32 31 136
51 2 2 2 1 31 130 136
52 2 2 2 1 33 32 120
53 2 2 2 1 120 32 136
54 2 2 2 1 34 33 141
55 2 2 2 1 33 120 141
56 2 2 2 1 35 34 116
57 2 2 2 1 116 34 141
58 2 2 2 1 36 35 151
59 2 2 2 1 35 116 151
60 2 2 2 1 37 36 117
61 2 2 2 1 117 36 151
62 2 2 2 1 38 37 129
63 2 2 2 1 37 117 129
64 2 2 2 1 38 129 164
65 2 2 2 1 113 145 161
66 2 2 2 1 147 113 158
67 2 2 2 1 158 113 161
68 2 2 2 1 144 114 157
69 2 2 2 1 114 146 162
70 2 2 2 1 157 114 162
71 2 2 2 1 115 134 150
72 2 2 2 1 134 115 152
73 2 2 2 1 115 139 152
74 2 2 2 1 139 115 153
75 2 2 2 1 116 141 142
76 2 2 2 1 116 142 159
77 2 2 2 1 151 116 159
78 2 2 2 1 127 117 151
79 2 2 2 1 117 127 155
80 2 2 2 1 129 117 148
81 2 2 2 1 148 117 155
82 2 2 2 1 130 118 131
83 2 2 2 1 131 118 133
84 2 2 2 1 133 118 135
85 2 2 2 1 119 124 125
86 2 2 2 1 119 125 126
87 2 2 2 1 119 126 143
88 2 2 2 1 120 136 137
89 2 2 2 1 120 137 138
90 2 2 2 1 120 138 141
91 2 2 2 1 121 139 153
92 2 2 2 1 139 121 154
93 2 2 2 1 121 143 156
94 2 2 2 1 154 121 156
95 2 2 2 1 134 122 150
96 2 2 2 1 122 134 160
97 2 2 2 1 140 122 149
98 2 2 2 1 149 122 160
99 2 2 2 1 124 123 128
100 2 2 2 1 128 123 158
101 2 2 2 1 123 147 158
102 2 2 2 1 147 123 163
103 2 2 2 1 125 124 128
104 2 2 2 1 126 125 127
105 2 2 2 1 127 125 155
106 2 2 2 1 125 128 155
107 2 2 2 1 126 127 159
108 2 2 2 1 143 126 156
109 2 2 2 1 156 126 159
110 2 2 2 1 127 151 159
111 2 2 2 1 128 148 155
112 2 2 2 1 148 128 161
113 2 2 2 1 128 158 161
114 2 2 2 1 145 129 161
115 2 2 2 1 129 145 164
116 2 2 2 1 129 148 161
117 2 2 2 1 130 131 132
118 2 2 2 1 130 132 136
119 2 2 2 1 132 131 134
120 2 2 2 1 131 133 160
121 2 2 2 1 134 131 160
122 2 2 2 1 132 134 152
123 2 2 2 1 136 132 137
124 2 2 2 1 137 132 152
125 2 2 2 1 133 135 157
126 2 2 2 1 133 149 160
127 2 2 2 1 149 133 162
128 2 2 2 1 133 157 162
129 2 2 2 1 135 144 157
130 2 2 2 1 144 135 165
131 2 2 2 1 138 137 139
132 2 2 2 1 139 137 152
133 2 2 2 1 138 139 154
134 2 2 2 1 141 138 142
135 2 2 2 1 142 138 154
136 2 2 2 1 146 140 162
137 2 2 2 1 140 146 166
138 2 2 2 1 140 149 162
139 2 2 2 1 142 154 156
140 2 2 2 1 142 156 159
141 2 2 2 2 42 220 5
142 2 2 2 2 5 220 43
143 2 2 2 2 6 219 39
144 2 2 2 2 58 219 6
145 2 2 2 2 53 217 7
146 2 2 2 2 7 217 57
147 2 2 2 2 54 218 8
148 2 2 2 2 8 218 68
149 2 2 2 2 39 198 40
150 2 2 2 2 39 219 198
151 2 2 2 2 40 168 41
152 2 2 2 2 40 198 168
153 2 2 2 2 41 200 42
154 2 2 2 2 168 200 41
155 2 2 2 2 200 220 42
156 2 2 2 2 43 194 44
157 2 2 2 2 43 220 194
158 2 2 2 2 44 176 45
159 2 2 2 2 44 194 176
160 2 2 2 2 45 204 46
161 2 2 2 2 176 204 45
162 2 2 2 2 46 169 47
163 2 2 2 2 46 204 169
164 2 2 2 2 47 207 48
165 2 2 2 2 169 207 47
166 2 2 2 2 48 175 49
167 2 2 2 2 48 207 175
168 2 2 2 2 49 197 50
169 2 2 2 2 175 197 49
170 2 2 2 2 50 173 51
171 2 2 2 2 50 197 173
172 2 2 2 2 51 178 52
173 2 2 2 2 173 178 51
174 2 2 2 2 52 177 53
175 2 2 2 2 52 178 177
176 2 2 2 2 177 217 53
177 2 2 2 2 55 199 54
178 2 2 2 2 199 218 54
179 2 2 2 2 56 167 55
180 2 2 2 2 167 199 55
181 2 2 2 2 57 201 56
182 2 2 2 2 56 201 167
183 2 2 2 2 57 217 201
184 2 2 2 2 59 189 58
185 2 2 2 2 189 219 58
186 2 2 2 2 60 172 59
187 2 2 2 2 172 189 59
188 2 2 2 2 61 184 60
189 2 2 2 2 60 184 172
190 2 2 2 2 62 190 61
191 2 2 2 2 61 190 184
192 2 2 2 2 63 174 62
193 2 2 2 2 174 190 62
194 2 2 2 2 64 195 63
195 2 2 2 2 63 195 174
196 2 2 2 2 65 170 64
197 2 2 2 2 170 195 64
198 2 2 2 2 66 205 65
199 2 2 2 2 65 205 170
200 2 2 2 2 67 171 66
201 2 2 2 2 171 205 66
202 2 2 2 2 68 183 67
203 2 2 2 2 67 183 171
204 2 2 2 2 68 218 183
205 2 2 2 2 167 215 199
206 2 2 2 2 201 212 167
207 2 2 2 2 212 215 167
208 2 2 2 2 198 211 168
209 2 2 2 2 168 216 200
210 2 2 2 2 211 216 168
211 2 2 2 2 169 204 188
212 2 2 2 2 188 206 169
213 2 2 2 2 169 206 193
214 2 2 2 2 193 207 169
215 2 2 2 2 170 196 195
216 2 2 2 2 170 213 196
217 2 2 2 2 205 213 170
218 2 2 2 2 181 205 171
219 2 2 2 2 171 209 181
220 2 2 2 2 183 202 171
221 2 2 2 2 202 209 171
222 2 2 2 2 184 185 172
223 2 2 2 2 185 187 172
224 2 2 2 2 187 189 172
225 2 2 2 2 173 179 178
226 2 2 2 2 173 180 179
227 2 2 2 2 173 197 180
228 2 2 2 2 174 191 190
229 2 2 2 2 174 192 191
230 2 2 2 2 174 195 192
231 2 2 2 2 175 207 193
232 2 2 2 2 193 208 175
233 2 2 2 2 175 210 197
234 2 2 2 2 208 210 175
235 2 2 2 2 188 204 176
236 2 2 2 2 176 214 188
237 2 2 2 2 194 203 176
238 2 2 2 2 203 214 176
239 2 2 2 2 178 182 177
240 2 2 2 2 182 212 177
241 2 2 2 2 177 212 201
242 2 2 2 2 201 217 177
243 2 2 2 2 179 182 178
244 2 2 2 2 180 181 179
245 2 2 2 2 181 209 179
246 2 2 2 2 179 209 182
247 2 2 2 2 180 213 181
248 2 2 2 2 197 210 180
249 2 2 2 2 210 213 180
250 2 2 2 2 181 213 205
251 2 2 2 2 182 209 202
252 2 2 2 2 202 215 182
253 2 2 2 2 182 215 212
254 2 2 2 2 199 215 183
255 2 2 2 2 183 218 199
256 2 2 2 2 183 215 202
257 2 2 2 2 184 186 185
258 2 2 2 2 184 190 186
259 2 2 2 2 186 188 185
260 2 2 2 2 185 214 187
261 2 2 2 2 188 214 185
262 2 2 2 2 186 206 188
263 2 2 2 2 190 191 186
264 2 2 2 2 191 206 186
265 2 2 2 2 187 211 189
266 2 2 2 2 187 214 203
267 2 2 2 2 203 216 187
268 2 2 2 2 187 216 211
269 2 2 2 2 189 211 198
270 2 2 2 2 198 219 189
271 2 2 2 2 192 193 191
272 2 2 2 2 193 206 191
273 2 2 2 2 192 208 193
274 2 2 2 2 195 196 192
275 2 2 2 2 196 208 192
276 2 2 2 2 200 216 194
277 2 2 2 2 194 220 200
278 2 2 2 2 194 216 203
279 2 2 2 2 196 210 208
280 2 2 2 2 196 213 210
281 2 2 2 3 1 12 272
282 2 2 2 3 80 1 272
283 2 2 2 3 9 2 273
284 2 2 2 3 2 69 273
285 2 2 2 3 42 5 274
286 2 2 2 3 5 90 274
287 2 2 2 3 6 39 271
288 2 2 2 3 79 6 271
289 2 2 2 3 10 9 253
290 2 2 2 3 253 9 273
291 2 2 2 3 11 10 222
292 2 2 2 3 222 10 253
293 2 2 2 3 12 11 255
294 2 2 2 3 11 222 255
295 2 2 2 3 12 255 272
296 2 2 2 3 39 40 252
297 2 2 2 3 39 252 271
298 2 2 2 3 40 41 221
299 2 2 2 3 40 221 252
300 2 2 2 3 41 42 254
301 2 2 2 3 221 41 254
302 2 2 2 3 254 42 274
303 2 2 2 3 69 70 240
304 2 2 2 3 69 240 273
305 2 2 2 3 70 71 226
306 2 2 2 3 70 226 240
307 2 2 2 3 71 72 235
308 2 2 2 3 226 71 235
309 2 2 2 3 72 73 251
310 2 2 2 3 235 72 251
311 2 2 2 3 73 74 227
312 2 2 2 3 73 227 251
313 2 2 2 3 74 75 262
314 2 2 2 3 227 74 262
315 2 2 2 3 75 76 230
316 2 2 2 3 75 230 262
317 2 2 2 3 76 77 231
318 2 2 2 3 230 76 231
319 2 2 2 3 77 78 225
320 2 2 2 3 77 225 231
321 2 2 2 3 78 79 234
322 2 2 2 3 225 78 234
323 2 2 2 3 234 79 271
324 2 2 2 3 81 80 244
325 2 2 2 3 244 80 272
326 2 2 2 3 82 81 229
327 2 2 2 3 229 81 244
328 2 2 2 3 83 82 259
329 2 2 2 3 82 229 259
330 2 2 2 3 84 83 223
331 2 2 2 3 223 83 259
332 2 2 2 3 85 84 249
333 2 2 2 3 84 223 249
334 2 2 2 3 86 85 246
335 2 2 2 3 246 85 249
336 2 2 2 3 87 86 224
337 2 2 2 3 224 86 246
338 2 2 2 3 88 87 241
339 2 2 2 3 87 224 241
340 2 2 2 3 89 88 228
341 2 2 2 3 228 88 241
342 2 2 2 3 90 89 245
343 2 2 2 3 89 228 245
344 2 2 2 3 90 245 274
345 2 2 2 3 252 221 263
346 2 2 2 3 221 254 268
347 2 2 2 3 263 221 268
348 2 2 2 3 222 253 264
349 2 2 2 3 255 222 267
350 2 2 2 3 222 264 267
351 2 2 2 3 239 223 259
352 2 2 2 3 223 239 270
353 2 2 2 3 249 223 250
354 2 2 2 3 250 223 270
355 2 2 2 3 241 224 242
356 2 2 2 3 242 224 243
357 2 2 2 3 243 224 246
358 2 2 2 3 231 225 232
359 2 2 2 3 232 225 233
360 2 2 2 3 233 225 234
361 2 2 2 3 226 235 236
362 2 2 2 3 226 236 238
363 2 2 2 3 226 238 240
364 2 2 2 3 227 248 261
365 2 2 2 3 248 227 262
366 2 2 2 3 251 227 266
367 2 2 2 3 227 261 266
368 2 2 2 3 228 241 258
369 2 2 2 3 245 228 256
370 2 2 2 3 256 228 258
371 2 2 2 3 229 239 259
372 2 2 2 3 239 229 265
373 2 2 2 3 229 244 257
374 2 2 2 3 229 257 265
375 2 2 2 3 230 231 260
376 2 2 2 3 230 248 262
377 2 2 2 3 248 230 269
378 2 2 2 3 230 260 269
379 2 2 2 3 231 232 260
380 2 2 2 3 232 233 258
381 2 2 2 3 242 232 258
382 2 2 2 3 232 242 260
383 2 2 2 3 233 234 263
384 2 2 2 3 233 256 258
385 2 2 2 3 256 233 268
386 2 2 2 3 233 263 268
387 2 2 2 3 234 252 263
388 2 2 2 3 252 234 271
389 2 2 2 3 236 235 237
390 2 2 2 3 237 235 251
391 2 2 2 3 236 237 239
392 2 2 2 3 238 236 265
393 2 2 2 3 236 239 265
394 2 2 2 3 239 237 270
395 2 2 2 3 237 251 266
396 2 2 2 3 237 266 270
397 2 2 2 3 240 238 264
398 2 2 2 3 257 238 265
399 2 2 2 3 238 257 267
400 2 2 2 3 264 238 267
401 2 2 2 3 253 240 264
402 2 2 2 3 240 253 273
403 2 2 2 3 241 242 258
404 2 2 2 3 242 243 269
405 2 2 2 3 260 242 269
406 2 2 2 3 243 246 247
407 2 2 2 3 243 247 248
408 2 2 2 3 243 248 269
409 2 2 2 3 244 255 267
410 2 2 2 3 255 244 272
411 2 2 2 3 257 244 267
412 2 2 2 3 254 245 268
413 2 2 2 3 245 254 274
414 2 2 2 3 245 256 268
415 2 2 2 3 247 246 249
416 2 2 2 3 248 247 261
417 2 2 2 3 247 249 250
418 2 2 2 3 247 250 261
419 2 2 2 3 261 250 266
420 2 2 2 3 266 250 270
421 2 2 2 4 3 326 27
422 2 2 2 4 102 326 3
423 2 2 2 4 24 327 4
424 2 2 2 4 4 327 91
425 2 2 2 4 57 328 7
426 2 2 2 4 7 328 112
427 2 2 2 4 8 325 54
428 2 2 2 4 101 325 8
429 2 2 2 4 25 307 24
430 2 2 2 4 307 327 24
431 2 2 2 4 26 276 25
432 2 2 2 4 276 307 25
433 2 2 2 4 27 309 26
434 2 2 2 4 26 309 276
435 2 2 2 4 27 326 309
436 2 2 2 4 54 306 55
437 2 2 2 4 54 325 306
438 2 2 2 4 55 275 56
439 2 2 2 4 55 306 275
440 2 2 2 4 56 308 57
441 2 2 2 4 275 308 56
442 2 2 2 4 308 328 57
443 2 2 2 4 91 294 92
444 2 2 2 4 91 327 294
445 2 2 2 4 92 280 93
446 2 2 2 4 92 294 280
447 2 2 2 4 93 289 94
448 2 2 2 4 280 289 93
449 2 2 2 4 94 305 95
450 2 2 2 4 289 305 94
451 2 2 2 4 95 281 96
452 2 2 2 4 95 305 281
453 2 2 2 4 96 316 97
454 2 2 2 4 281 316 96
455 2 2 2 4 97 284 98
456 2 2 2 4 97 316 284
457 2 2 2 4 98 285 99
458 2 2 2 4 284 285 98
459 2 2 2 4 99 279 100
460 2 2 2 4 99 285 279
461 2 2 2 4 100 288 101
462 2 2 2 4 279 288 100
463 2 2 2 4 288 325 101
464 2 2 2 4 103 298 102
465 2 2 2 4 298 326 102
466 2 2 2 4 104 283 103
467 2 2 2 4 283 298 103
468 2 2 2 4 105 313 104
469 2 2 2 4 104 313 283
470 2 2 2 4 106 277 105
471 2 2 2 4 277 313 105
472 2 2 2 4 107 303 106
473 2 2 2 4 106 303 277
474 2 2 2 4 108 300 107
475 2 2 2 4 300 303 107
476 2 2 2 4 109 278 108
477 2 2 2 4 278 300 108
478 2 2 2 4 110 295 109
479 2 2 2 4 109 295 278
480 2 2 2 4 111 282 110
481 2 2 2 4 282 295 110
482 2 2 2 4 112 299 111
483 2 2 2 4 111 299 282
484 2 2 2 4 112 328 299
485 2 2 2 4 306 317 275
486 2 2 2 4 275 322 308
487 2 2 2 4 317 322 275
488 2 2 2 4 276 318 307
489 2 2 2 4 309 321 276
490 2 2 2 4 276 321 318
491 2 2 2 4 293 313 277
492 2 2 2 4 277 324 293
493 2 2 2 4 303 304 277
494 2 2 2 4 304 324 277
495 2 2 2 4 295 296 278
496 2 2 2 4 296 297 278
497 2 2 2 4 297 300 278
498 2 2 2 4 285 286 279
499 2 2 2 4 286 287 279
500 2 2 2 4 287 288 279
501 2 2 2 4 280 290 289
502 2 2 2 4 280 292 290
503 2 2 2 4 280 294 292
504 2 2 2 4 281 315 302
505 2 2 2 4 302 316 281
506 2 2 2 4 305 320 281
507 2 2 2 4 281 320 315
508 2 2 2 4 282 312 295
509 2 2 2 4 299 310 282
510 2 2 2 4 310 312 282
511 2 2 2 4 283 313 293
512 2 2 2 4 293 319 283
513 2 2 2 4 283 311 298
514 2 2 2 4 283 319 311
515 2 2 2 4 284 314 285
516 2 2 2 4 284 316 302
517 2 2 2 4 302 323 284
518 2 2 2 4 284 323 314
519 2 2 2 4 285 314 286
520 2 2 2 4 286 312 287
521 2 2 2 4 296 312 286
522 2 2 2 4 286 314 296
523 2 2 2 4 287 317 288
524 2 2 2 4 287 312 310
525 2 2 2 4 310 322 287
526 2 2 2 4 287 322 317
527 2 2 2 4 288 317 306
528 2 2 2 4 306 325 288
529 2 2 2 4 290 291 289
530 2 2 2 4 291 305 289
531 2 2 2 4 290 293 291
532 2 2 2 4 292 319 290
533 2 2 2 4 290 319 293
534 2 2 2 4 293 324 291
535 2 2 2 4 291 320 305
536 2 2 2 4 291 324 320
537 2 2 2 4 294 318 292
538 2 2 2 4 311 319 292
539 2 2 2 4 292 321 311
540 2 2 2 4 318 321 292
541 2 2 2 4 307 318 294
542 2 2 2 4 294 327 307
543 2 2 2 4 295 312 296
544 2 2 2 4 296 323 297
545 2 2 2 4 314 323 296
546 2 2 2 4 297 301 300
547 2 2 2 4 297 302 301
548 2 2 2 4 297 323 302
549 2 2 2 4 298 321 309
550 2 2 2 4 309 326 298
551 2 2 2 4 311 321 298
552 2 2 2 4 308 322 299
553 2 2 2 4 299 328 308
554 2 2 2 4 299 322 310
555 2 2 2 4 301 303 300
556 2 2 2 4 302 315 301
557 2 2 2 4 301 304 303
558 2 2 2 4 301 315 304
559 2 2 2 4 315 320 304
560 2 2 2 4 320 324 304
561 2 2 2 5 2 28 473
562 2 2 2 5 69 2 473
563 2 2 2 5 38 4 472
564 2 2 2 5 4 91 472
565 2 2 2 5 58 6 475
566 2 2 2 5 6 79 475
567 2 2 2 5 8 68 474
568 2 2 2 5 101 8 474
569 2 2 2 5 28 29 449
570 2 2 2 5 28 449 473
571 2 2 2 5 29 30 437
572 2 2 2 5 29 437 449
573 2 2 2 5 30 31 340
574 2 2 2 5 30 340 437
575 2 2 2 5 31 32 423
576 2 2 2 5 340 31 423
577 2 2 2 5 32 33 329
578 2 2 2 5 32 329 423
579 2 2 2 5 33 34 418
580 2 2 2 5 329 33 418
581 2 2 2 5 34 35 436
582 2 2 2 5 418 34 436
583 2 2 2 5 35 36 333
584 2 2 2 5 35 333 436
585 2 2 2 5 36 37 345
586 2 2 2 5 333 36 345
587 2 2 2 5 37 38 343
588 2 2 2 5 37 343 345
589 2 2 2 5 343 38 472
590 2 2 2 5 59 58 341
591 2 2 2 5 341 58 475
592 2 2 2 5 60 59 424
593 2 2 2 5 59 341 424
594 2 2 2 5 61 60 335
595 2 2 2 5 335 60 424
596 2 2 2 5 62 61 450
597 2 2 2 5 61 335 450
598 2 2 2 5 63 62 458
599 2 2 2 5 62 450 458
600 2 2 2 5 64 63 330
601 2 2 2 5 330 63 458
602 2 2 2 5 65 64 415
603 2 2 2 5 64 330 415
604 2 2 2 5 66 65 337
605 2 2 2 5 337 65 415
606 2 2 2 5 67 66 426
607 2 2 2 5 66 337 426
608 2 2 2 5 68 67 342
609 2 2 2 5 342 67 426
610 2 2 2 5 68 342 474
611 2 2 2 5 70 69 344
612 2 2 2 5 344 69 473
613 2 2 2 5 71 70 468
614 2 2 2 5 70 344 468
615 2 2 2 5 72 71 336
616 2 2 2 5 336 71 468
617 2 2 2 5 73 72 471
618 2 2 2 5 72 336 471
619 2 2 2 5 74 73 399
620 2 2 2 5 399 73 471
621 2 2 2 5 75 74 331
622 2 2 2 5 331 74 399
623 2 2 2 5 76 75 466
624 2 2 2 5 75 331 466
625 2 2 2 5 77 76 339
626 2 2 2 5 339 76 466
627 2 2 2 5 78 77 469
628 2 2 2 5 77 339 469
629 2 2 2 5 79 78 461
630 2 2 2 5 461 78 469
631 2 2 2 5 79 461 475
632 2 2 2 5 91 92 448
633 2 2 2 5 91 448 472
634 2 2 2 5 92 93 427
635 2 2 2 5 92 427 448
636 2 2 2 5 93 94 338
637 2 2 2 5 93 338 427
638 2 2 2 5 94 95 416
639 2 2 2 5 338 94 416
640 2 2 2 5 95 96 332
641 2 2 2 5 95 332 416
642 2 2 2 5 96 97 421
643 2 2 2 5 332 96 421
644 2 2 2 5 97 98 431
645 2 2 2 5 421 97 431
646 2 2 2 5 98 99 334
647 2 2 2 5 98 334 431
648 2 2 2 5 99 100 470
649 2 2 2 5 334 99 470
650 2 2 2 5 100 101 460
651 2 2 2 5 100 460 470
652 2 2 2 5 460 101 474
653 2 2 2 5 401 329 419
654 2 2 2 5 329 401 423
655 2 2 2 5 329 418 419
656 2 2 2 5 415 330 455
657 2 2 2 5 330 451 455
658 2 2 2 5 451 330 458
659 2 2 2 5 331 399 465
660 2 2 2 5 331 465 477
661 2 2 2 5 466 331 477
662 2 2 2 5 416 332 430
663 2 2 2 5 332 421 464
664 2 2 2 5 430 332 464
665 2 2 2 5 333 345 346
666 2 2 2 5 333 346 347
667 2 2 2 5 333 347 436
668 2 2 2 5 405 334 407
669 2 2 2 5 334 405 467
670 2 2 2 5 407 334 470
671 2 2 2 5 431 334 467
672 2 2 2 5 335 424 456
673 2 2 2 5 450 335 459
674 2 2 2 5 335 456 459
675 2 2 2 5 393 336 394
676 2 2 2 5 336 393 395
677 2 2 2 5 394 336 468
678 2 2 2 5 336 395 471
679 2 2 2 5 337 415 454
680 2 2 2 5 426 337 452
681 2 2 2 5 452 337 454
682 2 2 2 5 338 416 417
683 2 2 2 5 338 417 462
684 2 2 2 5 427 338 462
685 2 2 2 5 339 410 411
686 2 2 2 5 410 339 412
687 2 2 2 5 339 411 469
688 2 2 2 5 412 339 466
689 2 2 2 5 400 340 423
690 2 2 2 5 340 400 425
691 2 2 2 5 340 425 437
692 2 2 2 5 424 341 457
693 2 2 2 5 457 341 461
694 2 2 2 5 461 341 475
695 2 2 2 5 342 426 453
696 2 2 2 5 342 453 460
697 2 2 2 5 342 460 474
698 2 2 2 5 345 343 441
699 2 2 2 5 441 343 448
700 2 2 2 5 448 343 472
701 2 2 2 5 394 344 396
702 2 2 2 5 344 394 468
703 2 2 2 5 396 344 449
704 2 2 2 5 449 344 473
705 2 2 2 5 346 345 441
706 2 2 2 5 347 346 348
707 2 2 2 5 348 346 388
708 2 2 2 5 388 346 441
709 2 2 2 5 347 348 349
710 2 2 2 5 347 349 420
711 2 2 2 5 347 420 436
712 2 2 2 5 349 348 350
713 2 2 2 5 350 348 433
714 2 2 2 5 348 388 433
715 2 2 2 5 349 350 351
716 2 2 2 5 349 351 382
717 2 2 2 5 349 382 420
718 2 2 2 5 351 350 352
719 2 2 2 5 352 350 369
720 2 2 2 5 369 350 433
721 2 2 2 5 351 352 353
722 2 2 2 5 351 353 435
723 2 2 2 5 382 351 435
724 2 2 2 5 353 352 354
725 2 2 2 5 354 352 438
726 2 2 2 5 352 369 438
727 2 2 2 5 353 354 355
728 2 2 2 5 353 355 422
729 2 2 2 5 353 422 435
730 2 2 2 5 355 354 356
731 2 2 2 5 356 354 359
732 2 2 2 5 359 354 438
733 2 2 2 5 355 356 357
734 2 2 2 5 355 357 358
735 2 2 2 5 355 358 422
736 2 2 2 5 357 356 432
737 2 2 2 5 356 359 360
738 2 2 2 5 356 360 432
739 2 2 2 5 358 357 361
740 2 2 2 5 361 357 362
741 2 2 2 5 362 357 432
742 2 2 2 5 358 361 363
743 2 2 2 5 358 363 364
744 2 2 2 5 358 364 422
745 2 2 2 5 360 359 367
746 2 2 2 5 367 359 428
747 2 2 2 5 428 359 438
748 2 2 2 5 360 367 368
749 2 2 2 5 360 368 444
750 2 2 2 5 432 360 444
751 2 2 2 5 361 362 365
752 2 2 2 5 363 361 414
753 2 2 2 5 361 365 414
754 2 2 2 5 365 362 366
755 2 2 2 5 366 362 434
756 2 2 2 5 362 432 434
757 2 2 2 5 364 363 370
758 2 2 2 5 370 363 378
759 2 2 2 5 378 363 414
760 2 2 2 5 364 370 373
761 2 2 2 5 364 373 440
762 2 2 2 5 422 364 440
763 2 2 2 5 365 366 371
764 2 2 2 5 365 371 383
765 2 2 2 5 365 383 414
766 2 2 2 5 371 366 375
767 2 2 2 5 375 366 376
768 2 2 2 5 376 366 434
769 2 2 2 5 368 367 372
770 2 2 2 5 372 367 374
771 2 2 2 5 374 367 428
772 2 2 2 5 368 372 377
773 2 2 2 5 368 377 384
774 2 2 2 5 368 384 444
775 2 2 2 5 369 429 438
776 2 2 2 5 429 369 463
777 2 2 2 5 369 433 463
778 2 2 2 5 373 370 381
779 2 2 2 5 370 378 397
780 2 2 2 5 381 370 397
781 2 2 2 5 371 375 379
782 2 2 2 5 371 379 446
783 2 2 2 5 383 371 446
784 2 2 2 5 372 374 402
785 2 2 2 5 377 372 380
786 2 2 2 5 380 372 402
787 2 2 2 5 373 381 389
788 2 2 2 5 373 389 390
789 2 2 2 5 373 390 440
790 2 2 2 5 402 374 403
791 2 2 2 5 403 374 404
792 2 2 2 5 404 374 428
793 2 2 2 5 375 376 385
794 2 2 2 5 379 375 408
795 2 2 2 5 375 385 408
796 2 2 2 5 385 376 387
797 2 2 2 5 387 376 442
798 2 2 2 5 376 434 442
799 2 2 2 5 377 380 439
800 2 2 2 5 384 377 386
801 2 2 2 5 386 377 439
802 2 2 2 5 397 378 398
803 2 2 2 5 398 378 445
804 2 2 2 5 378 414 445
805 2 2 2 5 379 408 409
806 2 2 2 5 379 409 410
807 2 2 2 5 379 410 446
808 2 2 2 5 380 402 405
809 2 2 2 5 380 405 406
810 2 2 2 5 380 406 439
811 2 2 2 5 389 381 391
812 2 2 2 5 391 381 393
813 2 2 2 5 393 381 397
814 2 2 2 5 382 413 419
815 2 2 2 5 413 382 435
816 2 2 2 5 382 419 420
817 2 2 2 5 414 383 445
818 2 2 2 5 445 383 447
819 2 2 2 5 383 446 447
820 2 2 2 5 384 386 443
821 2 2 2 5 442 384 443
822 2 2 2 5 384 442 444
823 2 2 2 5 385 387 392
824 2 2 2 5 385 392 459
825 2 2 2 5 408 385 459
826 2 2 2 5 386 439 454
827 2 2 2 5 443 386 455
828 2 2 2 5 386 454 455
829 2 2 2 5 392 387 451
830 2 2 2 5 387 442 443
831 2 2 2 5 387 443 451
832 2 2 2 5 433 388 476
833 2 2 2 5 388 441 478
834 2 2 2 5 388 462 476
835 2 2 2 5 462 388 478
836 2 2 2 5 390 389 400
837 2 2 2 5 389 391 425
838 2 2 2 5 400 389 425
839 2 2 2 5 390 400 401
840 2 2 2 5 390 401 413
841 2 2 2 5 390 413 440
842 2 2 2 5 391 393 394
843 2 2 2 5 391 394 396
844 2 2 2 5 391 396 425
845 2 2 2 5 450 392 458
846 2 2 2 5 392 450 459
847 2 2 2 5 392 451 458
848 2 2 2 5 395 393 397
849 2 2 2 5 395 397 398
850 2 2 2 5 395 398 399
851 2 2 2 5 395 399 471
852 2 2 2 5 425 396 437
853 2 2 2 5 437 396 449
854 2 2 2 5 399 398 465
855 2 2 2 5 398 445 465
856 2 2 2 5 401 400 423
857 2 2 2 5 413 401 419
858 2 2 2 5 402 403 467
859 2 2 2 5 405 402 467
860 2 2 2 5 403 404 464
861 2 2 2 5 403 421 431
862 2 2 2 5 421 403 464
863 2 2 2 5 403 431 467
864 2 2 2 5 404 428 429
865 2 2 2 5 404 429 430
866 2 2 2 5 404 430 464
867 2 2 2 5 406 405 407
868 2 2 2 5 406 407 453
869 2 2 2 5 439 406 452
870 2 2 2 5 452 406 453
871 2 2 2 5 453 407 460
872 2 2 2 5 460 407 470
873 2 2 2 5 409 408 456
874 2 2 2 5 456 408 459
875 2 2 2 5 410 409 411
876 2 2 2 5 411 409 457
877 2 2 2 5 409 456 457
878 2 2 2 5 410 412 446
879 2 2 2 5 411 457 461
880 2 2 2 5 411 461 469
881 2 2 2 5 446 412 447
882 2 2 2 5 447 412 477
883 2 2 2 5 412 466 477
884 2 2 2 5 413 435 440
885 2 2 2 5 454 415 455
886 2 2 2 5 417 416 430
887 2 2 2 5 417 430 463
888 2 2 2 5 462 417 476
889 2 2 2 5 417 463 476
890 2 2 2 5 419 418 420
891 2 2 2 5 420 418 436
892 2 2 2 5 435 422 440
893 2 2 2 5 456 424 457
894 2 2 2 5 426 452 453
895 2 2 2 5 448 427 478
896 2 2 2 5 427 462 478
897 2 2 2 5 429 428 438
898 2 2 2 5 430 429 463
899 2 2 2 5 434 432 444
900 2 2 2 5 463 433 476
901 2 2 2 5 442 434 444
902 2 2 2 5 439 452 454
903 2 2 2 5 441 448 478
904 2 2 2 5 451 443 455
905 2 2 2 5 445 447 465
906 2 2 2 5 465 447 477
907 2 2 2 6 1 623 13
908 2 2 2 6 80 623 1
909 2 2 2 6 23 622 3
910 2 2 2 6 3 622 102
911 2 2 2 6 43 625 5
912 2 2 2 6 5 625 90
913 2 2 2 6 7 624 53
914 2 2 2 6 112 624 7
915 2 2 2 6 13 599 14
916 2 2 2 6 13 623 599
917 2 2 2 6 14 587 15
918 2 2 2 6 14 599 587
919 2 2 2 6 15 490 16
920 2 2 2 6 15 587 490
921 2 2 2 6 16 573 17
922 2 2 2 6 490 573 16
923 2 2 2 6 17 479 18
924 2 2 2 6 17 573 479
925 2 2 2 6 18 568 19
926 2 2 2 6 479 568 18
927 2 2 2 6 19 586 20
928 2 2 2 6 568 586 19
929 2 2 2 6 20 483 21
930 2 2 2 6 20 586 483
931 2 2 2 6 21 495 22
932 2 2 2 6 483 495 21
933 2 2 2 6 22 494 23
934 2 2 2 6 22 495 494
935 2 2 2 6 494 622 23
936 2 2 2 6 44 491 43
937 2 2 2 6 491 625 43
938 2 2 2 6 45 574 44
939 2 2 2 6 44 574 491
940 2 2 2 6 46 485 45
941 2 2 2 6 485 574 45
942 2 2 2 6 47 600 46
943 2 2 2 6 46 600 485
944 2 2 2 6 48 608 47
945 2 2 2 6 47 608 600
946 2 2 2 6 49 480 48
947 2 2 2 6 480 608 48
948 2 2 2 6 50 565 49
949 2 2 2 6 49 565 480
950 2 2 2 6 51 487 50
951 2 2 2 6 487 565 50
952 2 2 2 6 52 576 51
953 2 2 2 6 51 576 487
954 2 2 2 6 53 492 52
955 2 2 2 6 492 576 52
956 2 2 2 6 53 624 492
957 2 2 2 6 81 493 80
958 2 2 2 6 493 623 80
959 2 2 2 6 82 618 81
960 2 2 2 6 81 618 493
961 2 2 2 6 83 486 82
962 2 2 2 6 486 618 82
963 2 2 2 6 84 621 83
964 2 2 2 6 83 621 486
965 2 2 2 6 85 549 84
966 2 2 2 6 549 621 84
967 2 2 2 6 86 481 85
968 2 2 2 6 481 549 85
969 2 2 2 6 87 616 86
970 2 2 2 6 86 616 481
971 2 2 2 6 88 489 87
972 2 2 2 6 489 616 87
973 2 2 2 6 89 619 88
974 2 2 2 6 88 619 489
975 2 2 2 6 90 611 89
976 2 2 2 6 611 619 89
977 2 2 2 6 90 625 611
978 2 2 2 6 102 598 103
979 2 2 2 6 102 622 598
980 2 2 2 6 103 577 104
981 2 2 2 6 103 598 577
982 2 2 2 6 104 488 105
983 2 2 2 6 104 577 488
984 2 2 2 6 105 566 106
985 2 2 2 6 488 566 105
986 2 2 2 6 106 482 107
987 2 2 2 6 106 566 482
988 2 2 2 6 107 571 108
989 2 2 2 6 482 571 107
990 2 2 2 6 108 581 109
991 2 2 2 6 571 581 108
992 2 2 2 6 109 484 110
993 2 2 2 6 109 581 484
994 2 2 2 6 110 620 111
995 2 2 2 6 484 620 110
996 2 2 2 6 111 610 112
997 2 2 2 6 111 620 610
998 2 2 2 6 610 624 112
999 2 2 2 6 551 569 479
1000 2 2 2 6 479 573 551
1001 2 2 2 6 479 569 568
1002 2 2 2 6 565 605 480
1003 2 2 2 6 480 605 601
1004 2 2 2 6 601 608 480
1005 2 2 2 6 481 615 549
1006 2 2 2 6 481 627 615
1007 2 2 2 6 616 627 481
1008 2 2 2 6 566 580 482
1009 2 2 2 6 482 614 571
1010 2 2 2 6 580 614 482
1011 2 2 2 6 483 496 495
1012 2 2 2 6 483 497 496
1013 2 2 2 6 483 586 497
1014 2 2 2 6 555 557 484
1015 2 2 2 6 484 617 555
1016 2 2 2 6 557 620 484
1017 2 2 2 6 581 617 484
1018 2 2 2 6 485 606 574
1019 2 2 2 6 600 609 485
1020 2 2 2 6 485 609 606
1021 2 2 2 6 543 544 486
1022 2 2 2 6 486 545 543
1023 2 2 2 6 544 618 486
1024 2 2 2 6 486 621 545
1025 2 2 2 6 487 604 565
1026 2 2 2 6 576 602 487
1027 2 2 2 6 602 604 487
1028 2 2 2 6 488 567 566
1029 2 2 2 6 488 612 567
1030 2 2 2 6 577 612 488
1031 2 2 2 6 489 561 560
1032 2 2 2 6 560 562 489
1033 2 2 2 6 489 619 561
1034 2 2 2 6 562 616 489
1035 2 2 2 6 550 573 490
1036 2 2 2 6 490 575 550
1037 2 2 2 6 490 587 575
1038 2 2 2 6 574 607 491
1039 2 2 2 6 607 611 491
1040 2 2 2 6 611 625 491
1041 2 2 2 6 492 603 576
1042 2 2 2 6 492 610 603
1043 2 2 2 6 492 624 610
1044 2 2 2 6 544 546 493
1045 2 2 2 6 493 618 544
1046 2 2 2 6 546 599 493
1047 2 2 2 6 599 623 493
1048 2 2 2 6 495 591 494
1049 2 2 2 6 591 598 494
1050 2 2 2 6 598 622 494
1051 2 2 2 6 496 591 495
1052 2 2 2 6 497 498 496
1053 2 2 2 6 498 538 496
1054 2 2 2 6 538 591 496
1055 2 2 2 6 497 499 498
1056 2 2 2 6 497 570 499
1057 2 2 2 6 497 586 570
1058 2 2 2 6 499 500 498
1059 2 2 2 6 500 583 498
1060 2 2 2 6 498 583 538
1061 2 2 2 6 499 501 500
1062 2 2 2 6 499 532 501
1063 2 2 2 6 499 570 532
1064 2 2 2 6 501 502 500
1065 2 2 2 6 502 519 500
1066 2 2 2 6 519 583 500
1067 2 2 2 6 501 503 502
1068 2 2 2 6 501 585 503
1069 2 2 2 6 532 585 501
1070 2 2 2 6 503 504 502
1071 2 2 2 6 504 588 502
1072 2 2 2 6 502 588 519
1073 2 2 2 6 503 505 504
1074 2 2 2 6 503 572 505
1075 2 2 2 6 503 585 572
1076 2 2 2 6 505 506 504
1077 2 2 2 6 506 509 504
1078 2 2 2 6 509 588 504
1079 2 2 2 6 505 507 506
1080 2 2 2 6 505 508 507
1081 2 2 2 6 505 572 508
1082 2 2 2 6 507 582 506
1083 2 2 2 6 506 510 509
1084 2 2 2 6 506 582 510
1085 2 2 2 6 508 511 507
1086 2 2 2 6 511 512 507
1087 2 2 2 6 512 582 507
1088 2 2 2 6 508 513 511
1089 2 2 2 6 508 514 513
1090 2 2 2 6 508 572 514
1091 2 2 2 6 510 517 509
1092 2 2 2 6 517 578 509
1093 2 2 2 6 578 588 509
1094 2 2 2 6 510 518 517
1095 2 2 2 6 510 594 518
1096 2 2 2 6 582 594 510
1097 2 2 2 6 511 515 512
1098 2 2 2 6 513 564 511
1099 2 2 2 6 511 564 515
1100 2 2 2 6 515 516 512
1101 2 2 2 6 516 584 512
1102 2 2 2 6 512 584 582
1103 2 2 2 6 514 520 513
1104 2 2 2 6 520 528 513
1105 2 2 2 6 528 564 513
1106 2 2 2 6 514 523 520
1107 2 2 2 6 514 590 523
1108 2 2 2 6 572 590 514
1109 2 2 2 6 515 521 516
1110 2 2 2 6 515 533 521
1111 2 2 2 6 515 564 533
1112 2 2 2 6 521 525 516
1113 2 2 2 6 525 526 516
1114 2 2 2 6 526 584 516
1115 2 2 2 6 518 522 517
1116 2 2 2 6 522 524 517
1117 2 2 2 6 524 578 517
1118 2 2 2 6 518 527 522
1119 2 2 2 6 518 534 527
1120 2 2 2 6 518 594 534
1121 2 2 2 6 519 588 579
1122 2 2 2 6 579 613 519
1123 2 2 2 6 519 613 583
1124 2 2 2 6 523 531 520
1125 2 2 2 6 520 547 528
1126 2 2 2 6 531 547 520
1127 2 2 2 6 521 529 525
1128 2 2 2 6 521 596 529
1129 2 2 2 6 533 596 521
1130 2 2 2 6 522 552 524
1131 2 2 2 6 527 530 522
1132 2 2 2 6 530 552 522
1133 2 2 2 6 523 539 531
1134 2 2 2 6 523 540 539
1135 2 2 2 6 523 590 540
1136 2 2 2 6 552 553 524
1137 2 2 2 6 553 554 524
1138 2 2 2 6 554 578 524
1139 2 2 2 6 525 535 526
1140 2 2 2 6 529 558 525
1141 2 2 2 6 525 558 535
1142 2 2 2 6 535 537 526
1143 2 2 2 6 537 592 526
1144 2 2 2 6 526 592 584
1145 2 2 2 6 527 589 530
1146 2 2 2 6 534 536 527
1147 2 2 2 6 536 589 527
1148 2 2 2 6 547 548 528
1149 2 2 2 6 548 595 528
1150 2 2 2 6 528 595 564
1151 2 2 2 6 529 559 558
1152 2 2 2 6 529 560 559
1153 2 2 2 6 529 596 560
1154 2 2 2 6 530 555 552
1155 2 2 2 6 530 556 555
1156 2 2 2 6 530 589 556
1157 2 2 2 6 539 541 531
1158 2 2 2 6 541 543 531
1159 2 2 2 6 543 547 531
1160 2 2 2 6 532 569 563
1161 2 2 2 6 563 585 532
1162 2 2 2 6 532 570 569
1163 2 2 2 6 564 595 533
1164 2 2 2 6 595 597 533
1165 2 2 2 6 533 597 596
1166 2 2 2 6 534 593 536
1167 2 2 2 6 592 593 534
1168 2 2 2 6 534 594 592
1169 2 2 2 6 535 542 537
1170 2 2 2 6 535 609 542
1171 2 2 2 6 558 609 535
1172 2 2 2 6 536 604 589
1173 2 2 2 6 593 605 536
1174 2 2 2 6 536 605 604
1175 2 2 2 6 542 601 537
1176 2 2 2 6 537 593 592
1177 2 2 2 6 537 601 593
1178 2 2 2 6 583 626 538
1179 2 2 2 6 538 628 591
1180 2 2 2 6 538 626 612
1181 2 2 2 6 612 628 538
1182 2 2 2 6 540 550 539
1183 2 2 2 6 539 575 541
1184 2 2 2 6 550 575 539
1185 2 2 2 6 540 551 550
1186 2 2 2 6 540 563 551
1187 2 2 2 6 540 590 563
1188 2 2 2 6 541 544 543
1189 2 2 2 6 541 546 544
1190 2 2 2 6 541 575 546
1191 2 2 2 6 600 608 542
1192 2 2 2 6 542 609 600
1193 2 2 2 6 542 608 601
1194 2 2 2 6 545 547 543
1195 2 2 2 6 545 548 547
1196 2 2 2 6 545 549 548
1197 2 2 2 6 545 621 549
1198 2 2 2 6 575 587 546
1199 2 2 2 6 587 599 546
1200 2 2 2 6 549 615 548
1201 2 2 2 6 548 615 595
1202 2 2 2 6 551 573 550
1203 2 2 2 6 563 569 551
1204 2 2 2 6 552 617 553
1205 2 2 2 6 555 617 552
1206 2 2 2 6 553 614 554
1207 2 2 2 6 553 581 571
1208 2 2 2 6 571 614 553
1209 2 2 2 6 553 617 581
1210 2 2 2 6 554 579 578
1211 2 2 2 6 554 580 579
1212 2 2 2 6 554 614 580
1213 2 2 2 6 556 557 555
1214 2 2 2 6 556 603 557
1215 2 2 2 6 589 602 556
1216 2 2 2 6 602 603 556
1217 2 2 2 6 603 610 557
1218 2 2 2 6 610 620 557
1219 2 2 2 6 559 606 558
1220 2 2 2 6 606 609 558
1221 2 2 2 6 560 561 559
1222 2 2 2 6 561 607 559
1223 2 2 2 6 559 607 606
1224 2 2 2 6 560 596 562
1225 2 2 2 6 561 611 607
1226 2 2 2 6 561 619 611
1227 2 2 2 6 596 597 562
1228 2 2 2 6 597 627 562
1229 2 2 2 6 562 627 616
1230 2 2 2 6 563 590 585
1231 2 2 2 6 604 605 565
1232 2 2 2 6 567 580 566
1233 2 2 2 6 567 613 580
1234 2 2 2 6 612 626 567
1235 2 2 2 6 567 626 613
1236 2 2 2 6 569 570 568
1237 2 2 2 6 570 586 568
1238 2 2 2 6 585 590 572
1239 2 2 2 6 606 607 574
1240 2 2 2 6 576 603 602
1241 2 2 2 6 598 628 577
1242 2 2 2 6 577 628 612
1243 2 2 2 6 579 588 578
1244 2 2 2 6 580 613 579
1245 2 2 2 6 584 594 582
1246 2 2 2 6 613 626 583
1247 2 2 2 6 592 594 584
1248 2 2 2 6 589 604 602
1249 2 2 2 6 591 628 598
1250 2 2 2 6 601 605 593
1251 2 2 2 6 595 615 597
1252 2 2 2 6 615 627 597
1253 4 2 1 1 208 682 654 784
1254 4 2 1 1 664 677 640 679
1255 4 2 1 1 356 663 357 694
1256 4 2 1 1 356 663 694 745
1257 4 2 1 1 113 276 651 734
1258 4 2 1 1 360 678 674 774
1259 4 2 1 1 529 646 525 714
1260 4 2 1 1 640 664 679 767
1261 4 2 1 1 645 648 712 761
1262 4 2 1 1 637 666 655 673
1263 4 2 1 1 173 662 487 789
1264 4 2 1 1 642 677 664 679
1265 4 2 1 1 315 648 709 747
1266 4 2 1 1 529 699 646 714
1267 4 2 1 1 655 830 796 848
1268 4 2 1 1 529 521 525 646
1269 4 2 1 1 637 673 655 759
1270 4 2 1 1 485 600 204 661
1271 4 2 1 1 360 674 745 774
1272 4 2 1 1 664 642 679 767
1273 4 2 1 1 206 675 661 786
1274 4 2 1 1 113 651 276 750
1275 4 2 1 1 662 771 487 789
1276 4 2 1 1 556 683 718 771
1277 4 2 1 1 684 763 672 850
1278 4 2 1 1 591 721 685 797
1279 4 2 1 1 192 654 208 682
1280 4 2 1 1 645 301 709 747
1281 4 2 1 1 643 666 655 824
1282 4 2 1 1 652 793 835 865
1283 4 2 1 1 485 661 204 800
1284 4 2 1 1 436 333 796 802
1285 4 2 1 1 556 737 683 771
1286 4 2 1 1 643 655 696 824
1287 4 2 1 1 315 304 648 747
1288 4 2 1 1 191 675 206 786
1289 4 2 1 1 521 646 529 699
1290 4 2 1 1 772 821 701 845
1291 4 2 1 1 302 645 701 808
1292 4 2 1 1 661 675 206 804
1293 4 2 1 1 591 750 721 797
1294 4 2 1 1 655 796 696 848
1295 4 2 1 1 204 800 661 849
1296 4 2 1 1 643 696 655 796
1297 4 2 1 1 689 712 648 761
1298 4 2 1 1 436 796 696 802
1299 4 2 1 1 704 778 350 823
1300 4 2 1 1 630 646 693 741
1301 4 2 1 1 691 821 772 845
1302 4 2 1 1 192 654 682 794
1303 4 2 1 1 637 684 672 850
1304 4 2 1 1 410 733 676 788
1305 4 2 1 1 512 511 669 703
1306 4 2 1 1 655 666 643 722
1307 4 2 1 1 643 666 704 722
1308 4 2 1 1 487 771 718 789
1309 4 2 1 1 150 715 765 787
1310 4 2 1 1 173 197 487 662
1311 4 2 1 1 634 668 649 678
1312 4 2 1 1 208 210 682 784
1313 4 2 1 1 650 704 350 823
1314 4 2 1 1 315 709 301 747
1315 4 2 1 1 691 772 402 845
1316 4 2 1 1 340 672 130 726
1317 4 2 1 1 630 741 693 795
1318 4 2 1 1 356 745 694 774
1319 4 2 1 1 565 487 197 662
1320 4 2 1 1 116 696 436 796
1321 4 2 1 1 516 525 521 646
1322 4 2 1 1 743 790 685 810
1323 4 2 1 1 301 645 302 808
1324 4 2 1 1 516 525 646 748
1325 4 2 1 1 173 487 718 789
1326 4 2 1 1 402 772 691 820
1327 4 2 1 1 629 651 665 685
1328 4 2 1 1 167 658 275 753
1329 4 2 1 1 350 704 650 713
1330 4 2 1 1 674 678 360 767
1331 4 2 1 1 716 744 681 855
1332 4 2 1 1 167 275 658 738
1333 4 2 1 1 669 703 511 773
1334 4 2 1 1 152 781 672 807
1335 4 2 1 1 221 656 168 752
1336 4 2 1 1 436 333 151 796
1337 4 2 1 1 608 601 784 786
1338 4 2 1 1 721 750 651 797
1339 4 2 1 1 302 645 301 709
1340 4 2 1 1 666 673 637 728
1341 4 2 1 1 685 721 651 797
1342 4 2 1 1 233 656 752 788
1343 4 2 1 1 649 668 634 842
1344 4 2 1 1 629 665 651 826
1345 4 2 1 1 656 660 233 729
1346 4 2 1 1 659 667 632 715
1347 4 2 1 1 654 784 601 786
1348 4 2 1 1 152 686 672 781
1349 4 2 1 1 666 707 673 728
1350 4 2 1 1 302 701 297 808
1351 4 2 1 1 321 276 318 651
1352 4 2 1 1 683 771 737 785
1353 4 2 1 1 528 670 657 773
1354 4 2 1 1 356 694 357 774
1355 4 2 1 1 512 703 669 757
1356 4 2 1 1 350 778 352 823
1357 4 2 1 1 635 673 707 711
1358 4 2 1 1 221 168 656 735
1359 4 2 1 1 733 752 656 788
1360 4 2 1 1 647 777 687 856
1361 4 2 1 1 247 687 777 856
1362 4 2 1 1 485 204 717 800
1363 4 2 1 1 233 660 656 788
1364 4 2 1 1 635 704 666 722
1365 4 2 1 1 635 707 663 711
1366 4 2 1 1 516 646 521 741
1367 4 2 1 1 507 512 669 757
1368 4 2 1 1 192 675 654 794
1369 4 2 1 1 516 703 646 741
1370 4 2 1 1 302 701 645 709
1371 4 2 1 1 655 673 666 722
1372 4 2 1 1 356 355 357 663
1373 4 2 1 1 717 800 204 849
1374 4 2 1 1 668 757 634 842
1375 4 2 1 1 445 740 795 836
1376 4 2 1 1 285 835 793 865
1377 4 2 1 1 652 835 334 865
1378 4 2 1 1 628 685 591 721
1379 4 2 1 1 631 771 683 785
1380 4 2 1 1 445 795 383 838
1381 4 2 1 1 647 837 777 856
1382 4 2 1 1 507 512 511 669
1383 4 2 1 1 150 490 715 787
1384 4 2 1 1 699 714 529 776
1385 4 2 1 1 701 772 467 865
1386 4 2 1 1 113 158 161 651
1387 4 2 1 1 116 436 151 796
1388 4 2 1 1 635 688 704 722
1389 4 2 1 1 242 660 260 706
1390 4 2 1 1 643 704 688 722
1391 4 2 1 1 652 730 334 835
1392 4 2 1 1 657 716 681 855
1393 4 2 1 1 647 795 740 836
1394 4 2 1 1 318 651 276 734
1395 4 2 1 1 685 721 538 743
1396 4 2 1 1 648 645 747 761
1397 4 2 1 1 363 681 716 744
1398 4 2 1 1 350 650 433 713
1399 4 2 1 1 114 659 222 742
1400 4 2 1 1 657 670 528 766
1401 4 2 1 1 662 682 210 784
1402 4 2 1 1 657 681 744 855
1403 4 2 1 1 556 683 603 718
1404 4 2 1 1 206 675 191 804
1405 4 2 1 1 462 719 708 826
1406 4 2 1 1 156 796 830 848
1407 4 2 1 1 498 685 743 790
1408 4 2 1 1 640 654 682 754
1409 4 2 1 1 338 462 719 751
1410 4 2 1 1 558 529 714 776
1411 4 2 1 1 640 682 662 754
1412 4 2 1 1 186 661 206 804
1413 4 2 1 1 644 707 673 711
1414 4 2 1 1 667 715 659 831
1415 4 2 1 1 716 801 744 855
1416 4 2 1 1 628 538 685 721
1417 4 2 1 1 297 808 701 832
1418 4 2 1 1 646 703 516 748
1419 4 2 1 1 634 664 668 678
1420 4 2 1 1 646 710 649 748
1421 4 2 1 1 660 676 733 788
1422 4 2 1 1 196 192 208 682
1423 4 2 1 1 657 723 520 732
1424 4 2 1 1 708 719 462 751
1425 4 2 1 1 663 707 644 711
1426 4 2 1 1 476 719 462 826
1427 4 2 1 1 645 712 691 761
1428 4 2 1 1 591 628 721 750
1429 4 2 1 1 320 315 648 709
1430 4 2 1 1 113 158 651 750
1431 4 2 1 1 213 682 662 702
1432 4 2 1 1 648 761 747 863
1433 4 2 1 1 496 483 495 843
1434 4 2 1 1 370 744 716 801
1435 4 2 1 1 662 682 654 754
1436 4 2 1 1 632 715 667 780
1437 4 2 1 1 156 796 720 830
1438 4 2 1 1 363 716 370 744
1439 4 2 1 1 650 778 704 823
1440 4 2 1 1 193 654 675 786
1441 4 2 1 1 354 353 663 778
1442 4 2 1 1 208 210 196 682
1443 4 2 1 1 649 710 636 748
1444 4 2 1 1 340 425 672 726
1445 4 2 1 1 371 693 676 710
1446 4 2 1 1 654 749 675 786
1447 4 2 1 1 572 673 711 732
1448 4 2 1 1 630 670 741 795
1449 4 2 1 1 678 668 760 798
1450 4 2 1 1 551 686 573 815
1451 4 2 1 1 370 716 363 801
1452 4 2 1 1 649 646 748 861
1453 4 2 1 1 646 649 710 861
1454 4 2 1 1 657 732 520 756
1455 4 2 1 1 445 465 740 836
1456 4 2 1 1 532 722 673 759
1457 4 2 1 1 315 304 320 648
1458 4 2 1 1 479 551 573 815
1459 4 2 1 1 737 771 677 785
1460 4 2 1 1 639 657 744 855
1461 4 2 1 1 222 659 114 746
1462 4 2 1 1 641 691 712 761
1463 4 2 1 1 130 726 672 765
1464 4 2 1 1 646 741 630 770
1465 4 2 1 1 152 672 132 807
1466 4 2 1 1 691 761 700 762
1467 4 2 1 1 119 495 483 843
1468 4 2 1 1 536 754 677 771
1469 4 2 1 1 333 665 796 802
1470 4 2 1 1 532 673 563 759
1471 4 2 1 1 461 752 733 788
1472 4 2 1 1 530 737 556 771
1473 4 2 1 1 632 684 672 787
1474 4 2 1 1 528 564 670 773
1475 4 2 1 1 378 681 363 744
1476 4 2 1 1 324 648 304 755
1477 4 2 1 1 445 447 383 795
1478 4 2 1 1 675 749 661 786
1479 4 2 1 1 496 495 797 843
1480 4 2 1 1 434 760 678 774
1481 4 2 1 1 634 668 664 862
1482 4 2 1 1 688 519 736 743
1483 4 2 1 1 644 673 707 850
1484 4 2 1 1 681 795 445 838
1485 4 2 1 1 639 744 653 855
1486 4 2 1 1 383 795 693 838
1487 4 2 1 1 371 676 379 710
1488 4 2 1 1 496 720 483 843
1489 4 2 1 1 357 694 663 813
1490 4 2 1 1 192 193 654 675
1491 4 2 1 1 673 728 707 850
1492 4 2 1 1 672 684 632 763
1493 4 2 1 1 204 600 169 661
1494 4 2 1 1 634 678 649 774
1495 4 2 1 1 354 663 697 778
1496 4 2 1 1 693 741 633 795
1497 4 2 1 1 601 754 749 846
1498 4 2 1 1 480 608 601 784
1499 4 2 1 1 301 747 645 808
1500 4 2 1 1 297 301 302 808
1501 4 2 1 1 639 653 723 855
1502 4 2 1 1 175 784 654 786
1503 4 2 1 1 354 353 355 663
1504 4 2 1 1 647 740 465 836
1505 4 2 1 1 661 804 186 849
1506 4 2 1 1 684 686 672 787
1507 4 2 1 1 667 780 715 831
1508 4 2 1 1 601 654 749 754
1509 4 2 1 1 113 651 161 734
1510 4 2 1 1 434 444 678 760
1511 4 2 1 1 672 684 637 686
1512 4 2 1 1 652 793 730 835
1513 4 2 1 1 530 677 737 771
1514 4 2 1 1 636 649 668 760
1515 4 2 1 1 445 740 447 795
1516 4 2 1 1 629 721 685 743
1517 4 2 1 1 678 760 698 798
1518 4 2 1 1 168 656 211 752
1519 4 2 1 1 275 658 317 753
1520 4 2 1 1 648 689 761 863
1521 4 2 1 1 673 722 655 759
1522 4 2 1 1 263 656 221 752
1523 4 2 1 1 338 751 719 809
1524 4 2 1 1 357 663 355 813
1525 4 2 1 1 639 723 657 855
1526 4 2 1 1 213 702 662 789
1527 4 2 1 1 644 707 728 850
1528 4 2 1 1 213 210 662 682
1529 4 2 1 1 321 276 651 750
1530 4 2 1 1 532 569 570 655
1531 4 2 1 1 638 676 660 699
1532 4 2 1 1 570 532 655 722
1533 4 2 1 1 333 665 151 796
1534 4 2 1 1 311 721 750 840
1535 4 2 1 1 150 715 122 765
1536 4 2 1 1 572 732 711 756
1537 4 2 1 1 691 645 761 762
1538 4 2 1 1 369 350 352 823
1539 4 2 1 1 569 655 532 759
1540 4 2 1 1 532 655 722 759
1541 4 2 1 1 285 334 835 865
1542 4 2 1 1 565 604 487 662
1543 4 2 1 1 495 119 124 843
1544 4 2 1 1 167 658 212 738
1545 4 2 1 1 242 232 260 660
1546 4 2 1 1 551 759 686 815
1547 4 2 1 1 338 708 462 751
1548 4 2 1 1 603 718 683 827
1549 4 2 1 1 655 666 637 690
1550 4 2 1 1 236 265 239 814
1551 4 2 1 1 496 797 685 843
1552 4 2 1 1 549 687 705 859
1553 4 2 1 1 649 678 668 760
1554 4 2 1 1 646 676 630 693
1555 4 2 1 1 463 719 650 823
1556 4 2 1 1 525 714 646 748
1557 4 2 1 1 636 668 649 748
1558 4 2 1 1 723 732 657 855
1559 4 2 1 1 435 351 666 778
1560 4 2 1 1 714 776 699 806
1561 4 2 1 1 642 691 674 700
1562 4 2 1 1 150 686 490 787
1563 4 2 1 1 631 718 683 771
1564 4 2 1 1 701 808 680 832
1565 4 2 1 1 259 667 486 758
1566 4 2 1 1 609 600 485 661
1567 4 2 1 1 629 685 665 810
1568 4 2 1 1 713 719 476 826
1569 4 2 1 1 680 701 645 808
1570 4 2 1 1 652 772 701 865
1571 4 2 1 1 528 766 670 859
1572 4 2 1 1 674 678 634 774
1573 4 2 1 1 378 363 370 744
1574 4 2 1 1 379 710 676 811
1575 4 2 1 1 498 685 538 743
1576 4 2 1 1 626 743 612 755
1577 4 2 1 1 646 630 676 699
1578 4 2 1 1 415 682 170 702
1579 4 2 1 1 653 728 373 763
1580 4 2 1 1 149 160 715 765
1581 4 2 1 1 192 682 196 794
1582 4 2 1 1 504 736 671 782
1583 4 2 1 1 604 487 662 771
1584 4 2 1 1 242 660 706 727
1585 4 2 1 1 645 648 709 712
1586 4 2 1 1 193 675 191 786
1587 4 2 1 1 435 728 707 857
1588 4 2 1 1 682 698 455 794
1589 4 2 1 1 634 669 663 694
1590 4 2 1 1 663 813 694 853
1591 4 2 1 1 637 728 673 850
1592 4 2 1 1 375 710 379 811
1593 4 2 1 1 455 698 682 769
1594 4 2 1 1 132 672 152 686
1595 4 2 1 1 638 660 656 776
1596 4 2 1 1 419 696 690 824
1597 4 2 1 1 641 674 691 700
1598 4 2 1 1 674 634 745 774
1599 4 2 1 1 689 736 519 743
1600 4 2 1 1 234 233 752 788
1601 4 2 1 1 137 781 152 807
1602 4 2 1 1 678 798 698 829
1603 4 2 1 1 434 678 444 774
1604 4 2 1 1 646 636 710 748
1605 4 2 1 1 434 649 366 760
1606 4 2 1 1 663 707 353 813
1607 4 2 1 1 130 672 340 807
1608 4 2 1 1 634 669 694 842
1609 4 2 1 1 442 678 444 760
1610 4 2 1 1 649 710 366 760
1611 4 2 1 1 663 353 707 778
1612 4 2 1 1 247 777 248 856
1613 4 2 1 1 536 677 754 791
1614 4 2 1 1 236 667 799 814
1615 4 2 1 1 728 779 763 850
1616 4 2 1 1 496 685 720 843
1617 4 2 1 1 167 215 212 658
1618 4 2 1 1 643 655 790 830
1619 4 2 1 1 628 538 591 685
1620 4 2 1 1 504 671 711 782
1621 4 2 1 1 749 754 654 846
1622 4 2 1 1 590 673 572 732
1623 4 2 1 1 451 455 698 794
1624 4 2 1 1 532 585 563 673
1625 4 2 1 1 654 640 682 698
1626 4 2 1 1 633 670 657 681
1627 4 2 1 1 338 462 417 719
1628 4 2 1 1 169 661 600 786
1629 4 2 1 1 629 665 713 810
1630 4 2 1 1 157 659 114 742
1631 4 2 1 1 264 222 659 742
1632 4 2 1 1 630 741 670 770
1633 4 2 1 1 463 433 650 719
1634 4 2 1 1 648 747 304 755
1635 4 2 1 1 672 726 425 763
1636 4 2 1 1 601 593 754 846
1637 4 2 1 1 528 564 595 670
1638 4 2 1 1 366 649 434 768
1639 4 2 1 1 558 776 714 800
1640 4 2 1 1 672 686 132 765
1641 4 2 1 1 693 710 371 768
1642 4 2 1 1 443 698 455 769
1643 4 2 1 1 206 661 186 849
1644 4 2 1 1 669 663 711 803
1645 4 2 1 1 130 131 726 765
1646 4 2 1 1 368 360 678 767
1647 4 2 1 1 435 666 707 778
1648 4 2 1 1 334 652 405 730
1649 4 2 1 1 671 711 663 803
1650 4 2 1 1 574 485 717 800
1651 4 2 1 1 338 289 708 751
1652 4 2 1 1 375 371 379 710
1653 4 2 1 1 640 678 664 767
1654 4 2 1 1 663 644 813 853
1655 4 2 1 1 463 650 433 823
1656 4 2 1 1 477 466 740 837
1657 4 2 1 1 215 658 167 753
1658 4 2 1 1 445 795 681 836
1659 4 2 1 1 643 655 722 790
1660 4 2 1 1 665 629 713 826
1661 4 2 1 1 248 777 837 856
1662 4 2 1 1 612 743 721 755
1663 4 2 1 1 324 291 648 751
1664 4 2 1 1 355 663 353 813
1665 4 2 1 1 632 764 659 854
1666 4 2 1 1 634 674 664 678
1667 4 2 1 1 632 695 764 854
1668 4 2 1 1 565 662 197 784
1669 4 2 1 1 670 633 741 795
1670 4 2 1 1 495 124 797 843
1671 4 2 1 1 351 382 435 666
1672 4 2 1 1 663 694 669 853
1673 4 2 1 1 249 549 687 705
1674 4 2 1 1 434 649 362 768
1675 4 2 1 1 698 760 678 829
1676 4 2 1 1 216 211 168 656
1677 4 2 1 1 487 576 173 718
1678 4 2 1 1 691 700 642 762
1679 4 2 1 1 150 490 122 715
1680 4 2 1 1 663 669 634 803
1681 4 2 1 1 664 674 642 767
1682 4 2 1 1 646 630 699 770
1683 4 2 1 1 434 442 444 760
1684 4 2 1 1 650 704 778 858
1685 4 2 1 1 641 700 691 761
1686 4 2 1 1 663 669 644 853
1687 4 2 1 1 480 175 608 784
1688 4 2 1 1 420 696 419 824
1689 4 2 1 1 311 721 298 750
1690 4 2 1 1 630 660 706 818
1691 4 2 1 1 631 677 771 785
1692 4 2 1 1 435 413 728 857
1693 4 2 1 1 418 690 419 696
1694 4 2 1 1 362 649 434 774
1695 4 2 1 1 635 778 704 858
1696 4 2 1 1 730 772 406 783
1697 4 2 1 1 114 222 144 742
1698 4 2 1 1 213 662 180 789
1699 4 2 1 1 519 688 583 743
1700 4 2 1 1 173 180 662 789
1701 4 2 1 1 162 659 149 715
1702 4 2 1 1 634 694 663 745
1703 4 2 1 1 419 824 690 857
1704 4 2 1 1 641 712 689 761
1705 4 2 1 1 366 710 649 768
1706 4 2 1 1 133 715 659 765
1707 4 2 1 1 661 675 636 749
1708 4 2 1 1 640 664 678 791
1709 4 2 1 1 668 678 664 791
1710 4 2 1 1 173 180 197 662
1711 4 2 1 1 666 673 635 722
1712 4 2 1 1 630 676 660 818
1713 4 2 1 1 640 678 668 791
1714 4 2 1 1 498 743 688 790
1715 4 2 1 1 661 714 609 749
1716 4 2 1 1 536 527 677 791
1717 4 2 1 1 634 757 668 862
1718 4 2 1 1 275 322 317 658
1719 4 2 1 1 268 221 263 656
1720 4 2 1 1 642 674 664 700
1721 4 2 1 1 351 666 778 824
1722 4 2 1 1 654 636 675 749
1723 4 2 1 1 636 675 661 692
1724 4 2 1 1 635 673 666 707
1725 4 2 1 1 141 690 418 696
1726 4 2 1 1 607 729 717 735
1727 4 2 1 1 149 659 133 715
1728 4 2 1 1 275 306 167 753
1729 4 2 1 1 632 672 765 787
1730 4 2 1 1 366 371 710 768
1731 4 2 1 1 609 661 485 800
1732 4 2 1 1 216 656 168 735
1733 4 2 1 1 573 686 115 815
1734 4 2 1 1 663 634 671 803
1735 4 2 1 1 221 168 198 752
1736 4 2 1 1 694 745 634 774
1737 4 2 1 1 636 760 668 798
1738 4 2 1 1 320 324 291 648
1739 4 2 1 1 663 671 635 711
1740 4 2 1 1 697 778 650 823
1741 4 2 1 1 676 693 371 818
1742 4 2 1 1 259 229 486 667
1743 4 2 1 1 324 751 648 755
1744 4 2 1 1 193 191 206 786
1745 4 2 1 1 652 680 737 864
1746 4 2 1 1 688 790 743 810
1747 4 2 1 1 517 664 700 805
1748 4 2 1 1 654 675 636 798
1749 4 2 1 1 644 669 663 711
1750 4 2 1 1 517 700 664 739
1751 4 2 1 1 402 691 374 820
1752 4 2 1 1 589 536 677 771
1753 4 2 1 1 334 730 407 835
1754 4 2 1 1 675 698 636 798
1755 4 2 1 1 654 698 675 798
1756 4 2 1 1 652 737 683 864
1757 4 2 1 1 368 360 444 678
1758 4 2 1 1 607 717 729 776
1759 4 2 1 1 133 659 726 765
1760 4 2 1 1 375 692 710 811
1761 4 2 1 1 433 713 650 719
1762 4 2 1 1 660 676 630 699
1763 4 2 1 1 527 791 518 805
1764 4 2 1 1 651 685 629 721
1765 4 2 1 1 638 699 660 776
1766 4 2 1 1 677 771 754 817
1767 4 2 1 1 322 658 275 738
1768 4 2 1 1 234 225 233 788
1769 4 2 1 1 660 733 656 788
1770 4 2 1 1 635 671 663 697
1771 4 2 1 1 532 585 673 722
1772 4 2 1 1 650 712 689 858
1773 4 2 1 1 662 754 604 771
1774 4 2 1 1 536 604 754 771
1775 4 2 1 1 656 660 638 733
1776 4 2 1 1 528 670 595 859
1777 4 2 1 1 535 609 714 749
1778 4 2 1 1 754 771 662 817
1779 4 2 1 1 422 707 440 801
1780 4 2 1 1 666 643 704 824
1781 4 2 1 1 255 222 114 746
1782 4 2 1 1 704 778 666 824
1783 4 2 1 1 570 722 655 830
1784 4 2 1 1 505 669 508 711
1785 4 2 1 1 279 793 285 835
1786 4 2 1 1 351 778 704 824
1787 4 2 1 1 660 729 656 776
1788 4 2 1 1 276 147 113 750
1789 4 2 1 1 518 664 517 805
1790 4 2 1 1 144 222 253 742
1791 4 2 1 1 174 675 458 804
1792 4 2 1 1 186 206 191 804
1793 4 2 1 1 338 719 417 809
1794 4 2 1 1 437 340 130 726
1795 4 2 1 1 173 576 178 718
1796 4 2 1 1 667 758 239 799
1797 4 2 1 1 420 418 419 696
1798 4 2 1 1 688 736 500 782
1799 4 2 1 1 653 763 684 850
1800 4 2 1 1 504 502 736 782
1801 4 2 1 1 354 697 663 745
1802 4 2 1 1 487 602 718 771
1803 4 2 1 1 652 683 841 864
1804 4 2 1 1 256 656 233 729
1805 4 2 1 1 236 667 239 799
1806 4 2 1 1 422 707 801 813
1807 4 2 1 1 689 712 641 858
1808 4 2 1 1 258 660 727 834
1809 4 2 1 1 289 427 338 708
1810 4 2 1 1 684 686 550 852
1811 4 2 1 1 221 656 268 735
1812 4 2 1 1 149 133 160 765
1813 4 2 1 1 170 330 195 682
1814 4 2 1 1 715 780 546 831
1815 4 2 1 1 236 239 667 814
1816 4 2 1 1 629 708 719 826
1817 4 2 1 1 188 204 661 849
1818 4 2 1 1 415 330 170 682
1819 4 2 1 1 117 665 333 833
1820 4 2 1 1 652 841 680 864
1821 4 2 1 1 440 435 413 728
1822 4 2 1 1 638 676 699 806
1823 4 2 1 1 302 301 315 709
1824 4 2 1 1 650 778 697 858
1825 4 2 1 1 636 692 661 806
1826 4 2 1 1 517 739 664 862
1827 4 2 1 1 137 152 132 807
1828 4 2 1 1 502 500 736 782
1829 4 2 1 1 646 693 741 861
1830 4 2 1 1 414 445 383 838
1831 4 2 1 1 649 634 774 842
1832 4 2 1 1 454 682 415 702
1833 4 2 1 1 233 660 258 729
1834 4 2 1 1 518 517 664 862
1835 4 2 1 1 167 201 275 738
1836 4 2 1 1 654 640 698 798
1837 4 2 1 1 175 208 654 784
1838 4 2 1 1 722 790 655 830
1839 4 2 1 1 362 768 649 774
1840 4 2 1 1 366 434 362 768
1841 4 2 1 1 202 724 215 753
1842 4 2 1 1 435 707 666 857
1843 4 2 1 1 654 682 662 784
1844 4 2 1 1 652 701 772 821
1845 4 2 1 1 463 433 369 823
1846 4 2 1 1 130 340 136 807
1847 4 2 1 1 388 713 476 826
1848 4 2 1 1 504 711 503 782
1849 4 2 1 1 221 198 252 752
1850 4 2 1 1 648 751 291 809
1851 4 2 1 1 688 689 650 743
1852 4 2 1 1 162 715 149 746
1853 4 2 1 1 518 791 664 805
1854 4 2 1 1 119 483 720 843
1855 4 2 1 1 249 687 247 705
1856 4 2 1 1 320 304 324 648
1857 4 2 1 1 307 276 113 734
1858 4 2 1 1 504 711 671 803
1859 4 2 1 1 320 709 648 809
1860 4 2 1 1 375 408 692 811
1861 4 2 1 1 382 666 351 824
1862 4 2 1 1 653 639 723 816
1863 4 2 1 1 689 650 743 844
1864 4 2 1 1 340 423 136 807
1865 4 2 1 1 306 199 167 753
1866 4 2 1 1 418 141 329 690
1867 4 2 1 1 367 674 360 767
1868 4 2 1 1 601 749 654 786
1869 4 2 1 1 434 649 760 774
1870 4 2 1 1 707 728 440 801
1871 4 2 1 1 405 406 730 772
1872 4 2 1 1 268 656 256 729
1873 4 2 1 1 644 711 673 732
1874 4 2 1 1 527 677 791 805
1875 4 2 1 1 180 213 210 662
1876 4 2 1 1 633 741 693 861
1877 4 2 1 1 501 500 688 722
1878 4 2 1 1 345 117 333 833
1879 4 2 1 1 612 538 721 743
1880 4 2 1 1 539 684 723 780
1881 4 2 1 1 657 639 744 825
1882 4 2 1 1 650 689 688 736
1883 4 2 1 1 444 678 360 774
1884 4 2 1 1 242 727 706 777
1885 4 2 1 1 657 681 670 825
1886 4 2 1 1 658 683 631 718
1887 4 2 1 1 504 505 711 803
1888 4 2 1 1 658 310 793 827
1889 4 2 1 1 572 590 585 673
1890 4 2 1 1 711 732 644 756
1891 4 2 1 1 213 196 210 682
1892 4 2 1 1 187 822 717 849
1893 4 2 1 1 443 451 455 698
1894 4 2 1 1 289 280 427 708
1895 4 2 1 1 550 686 684 787
1896 4 2 1 1 329 141 120 690
1897 4 2 1 1 239 667 259 758
1898 4 2 1 1 146 255 114 746
1899 4 2 1 1 130 118 437 726
1900 4 2 1 1 379 676 371 818
1901 4 2 1 1 519 500 583 688
1902 4 2 1 1 636 661 714 806
1903 4 2 1 1 410 676 733 811
1904 4 2 1 1 486 667 229 831
1905 4 2 1 1 451 675 698 812
1906 4 2 1 1 683 737 652 785
1907 4 2 1 1 147 276 309 750
1908 4 2 1 1 508 711 669 756
1909 4 2 1 1 653 763 373 851
1910 4 2 1 1 461 733 411 788
1911 4 2 1 1 451 698 675 794
1912 4 2 1 1 640 662 682 817
1913 4 2 1 1 507 757 669 803
1914 4 2 1 1 668 703 649 748
1915 4 2 1 1 453 730 724 753
1916 4 2 1 1 678 640 798 829
1917 4 2 1 1 596 521 699 770
1918 4 2 1 1 570 655 569 830
1919 4 2 1 1 655 696 690 848
1920 4 2 1 1 187 717 214 849
1921 4 2 1 1 114 659 162 746
1922 4 2 1 1 367 360 368 767
1923 4 2 1 1 222 267 659 746
1924 4 2 1 1 667 695 639 799
1925 4 2 1 1 330 195 682 794
1926 4 2 1 1 598 721 628 750
1927 4 2 1 1 468 764 226 799
1928 4 2 1 1 686 765 672 787
1929 4 2 1 1 337 702 171 724
1930 4 2 1 1 638 699 776 806
1931 4 2 1 1 653 684 763 816
1932 4 2 1 1 632 763 684 816
1933 4 2 1 1 499 688 500 722
1934 4 2 1 1 645 709 648 747
1935 4 2 1 1 689 736 650 858
1936 4 2 1 1 440 707 435 728
1937 4 2 1 1 203 717 216 735
1938 4 2 1 1 133 659 157 742
1939 4 2 1 1 233 656 263 752
1940 4 2 1 1 151 333 117 665
1941 4 2 1 1 667 639 758 799
1942 4 2 1 1 380 406 772 783
1943 4 2 1 1 308 275 201 738
1944 4 2 1 1 501 722 688 782
1945 4 2 1 1 194 491 574 717
1946 4 2 1 1 293 319 751 840
1947 4 2 1 1 661 692 804 849
1948 4 2 1 1 573 490 150 686
1949 4 2 1 1 657 670 633 773
1950 4 2 1 1 221 200 168 735
1951 4 2 1 1 645 691 712 845
1952 4 2 1 1 539 723 531 780
1953 4 2 1 1 407 334 405 730
1954 4 2 1 1 551 550 686 852
1955 4 2 1 1 634 664 674 839
1956 4 2 1 1 652 737 680 821
1957 4 2 1 1 650 736 688 858
1958 4 2 1 1 442 678 760 829
1959 4 2 1 1 425 400 340 672
1960 4 2 1 1 683 718 658 827
1961 4 2 1 1 621 259 486 758
1962 4 2 1 1 247 705 687 856
1963 4 2 1 1 627 727 687 770
1964 4 2 1 1 653 728 763 850
1965 4 2 1 1 667 659 814 831
1966 4 2 1 1 293 721 319 840
1967 4 2 1 1 587 122 490 715
1968 4 2 1 1 556 557 603 683
1969 4 2 1 1 654 675 698 794
1970 4 2 1 1 645 712 709 845
1971 4 2 1 1 514 520 732 756
1972 4 2 1 1 426 337 171 724
1973 4 2 1 1 320 648 291 809
1974 4 2 1 1 249 481 246 687
1975 4 2 1 1 505 507 508 669
1976 4 2 1 1 150 122 134 765
1977 4 2 1 1 688 736 689 743
1978 4 2 1 1 242 706 260 777
1979 4 2 1 1 646 710 636 806
1980 4 2 1 1 654 698 682 794
1981 4 2 1 1 307 113 145 734
1982 4 2 1 1 175 654 193 786
1983 4 2 1 1 515 511 703 773
1984 4 2 1 1 694 813 716 853
1985 4 2 1 1 404 691 712 792
1986 4 2 1 1 660 676 638 733
1987 4 2 1 1 668 678 640 798
1988 4 2 1 1 501 688 500 782
1989 4 2 1 1 233 256 268 656
1990 4 2 1 1 523 723 684 732
1991 4 2 1 1 732 756 657 855
1992 4 2 1 1 643 790 720 830
1993 4 2 1 1 454 682 702 769
1994 4 2 1 1 115 686 781 815
1995 4 2 1 1 523 520 723 732
1996 4 2 1 1 373 370 801 851
1997 4 2 1 1 636 646 714 748
1998 4 2 1 1 661 692 675 804
1999 4 2 1 1 584 668 748 757
2000 4 2 1 1 316 421 701 709
2001 4 2 1 1 634 739 664 839
2002 4 2 1 1 631 683 658 730
2003 4 2 1 1 450 174 458 804
2004 4 2 1 1 174 450 190 804
2005 4 2 1 1 176 717 204 849
2006 4 2 1 1 501 499 500 722
2007 4 2 1 1 650 704 688 810
2008 4 2 1 1 661 692 638 806
2009 4 2 1 1 646 636 714 806
2010 4 2 1 1 584 748 703 757
2011 4 2 1 1 157 162 114 659
2012 4 2 1 1 192 191 193 675
2013 4 2 1 1 222 267 264 659
2014 4 2 1 1 508 669 511 756
2015 4 2 1 1 226 235 468 799
2016 4 2 1 1 297 701 323 832
2017 4 2 1 1 515 511 512 703
2018 4 2 1 1 359 360 674 745
2019 4 2 1 1 359 360 367 674
2020 4 2 1 1 638 692 661 849
2021 4 2 1 1 208 192 193 654
2022 4 2 1 1 513 528 657 773
2023 4 2 1 1 333 436 347 802
2024 4 2 1 1 589 536 527 677
2025 4 2 1 1 361 694 358 716
2026 4 2 1 1 598 298 721 750
2027 4 2 1 1 600 661 609 786
2028 4 2 1 1 498 583 688 743
2029 4 2 1 1 612 626 538 743
2030 4 2 1 1 587 715 490 787
2031 4 2 1 1 232 660 233 788
2032 4 2 1 1 141 690 696 848
2033 4 2 1 1 519 500 688 736
2034 4 2 1 1 664 677 642 805
2035 4 2 1 1 170 682 213 702
2036 4 2 1 1 479 573 115 815
2037 4 2 1 1 194 491 717 735
2038 4 2 1 1 149 715 133 765
2039 4 2 1 1 607 717 491 735
2040 4 2 1 1 549 481 249 687
2041 4 2 1 1 158 161 651 819
2042 4 2 1 1 230 740 466 837
2043 4 2 1 1 637 655 690 781
2044 4 2 1 1 564 533 670 741
2045 4 2 1 1 661 749 609 786
2046 4 2 1 1 185 725 822 849
2047 4 2 1 1 310 658 322 827
2048 4 2 1 1 616 687 627 727
2049 4 2 1 1 520 513 657 756
2050 4 2 1 1 570 790 722 830
2051 4 2 1 1 689 712 650 844
2052 4 2 1 1 441 708 478 734
2053 4 2 1 1 504 671 509 803
2054 4 2 1 1 669 711 505 803
2055 4 2 1 1 637 666 728 857
2056 4 2 1 1 185 822 187 849
2057 4 2 1 1 629 651 708 826
2058 4 2 1 1 706 740 230 777
2059 4 2 1 1 388 476 462 826
2060 4 2 1 1 663 671 634 839
2061 4 2 1 1 621 223 259 758
2062 4 2 1 1 254 200 221 735
2063 4 2 1 1 404 712 428 792
2064 4 2 1 1 603 683 557 827
2065 4 2 1 1 511 756 669 773
2066 4 2 1 1 714 748 535 749
2067 4 2 1 1 182 212 658 738
2068 4 2 1 1 520 723 657 766
2069 4 2 1 1 647 777 740 795
2070 4 2 1 1 676 693 646 710
2071 4 2 1 1 695 764 394 799
2072 4 2 1 1 385 375 692 710
2073 4 2 1 1 215 724 658 753
2074 4 2 1 1 149 162 133 659
2075 4 2 1 1 486 758 667 828
2076 4 2 1 1 224 687 616 727
2077 4 2 1 1 535 749 748 846
2078 4 2 1 1 555 683 556 737
2079 4 2 1 1 661 638 800 806
2080 4 2 1 1 507 511 508 669
2081 4 2 1 1 400 672 425 763
2082 4 2 1 1 759 781 686 815
2083 4 2 1 1 322 310 287 658
2084 4 2 1 1 258 727 241 834
2085 4 2 1 1 428 712 429 792
2086 4 2 1 1 563 673 590 852
2087 4 2 1 1 621 545 705 758
2088 4 2 1 1 185 187 214 849
2089 4 2 1 1 237 731 758 856
2090 4 2 1 1 372 679 772 820
2091 4 2 1 1 664 678 674 767
2092 4 2 1 1 595 564 533 670
2093 4 2 1 1 157 114 144 742
2094 4 2 1 1 256 233 258 729
2095 4 2 1 1 699 727 562 770
2096 4 2 1 1 264 253 222 742
2097 4 2 1 1 258 660 242 727
2098 4 2 1 1 372 767 679 820
2099 4 2 1 1 230 777 740 837
2100 4 2 1 1 405 730 652 772
2101 4 2 1 1 661 800 714 806
2102 4 2 1 1 630 706 660 727
2103 4 2 1 1 478 708 441 826
2104 4 2 1 1 258 729 660 834
2105 4 2 1 1 317 753 658 835
2106 4 2 1 1 430 719 712 809
2107 4 2 1 1 659 715 162 746
2108 4 2 1 1 629 719 713 826
2109 4 2 1 1 563 585 590 673
2110 4 2 1 1 726 764 742 854
2111 4 2 1 1 115 153 479 815
2112 4 2 1 1 542 609 749 786
2113 4 2 1 1 507 669 505 803
2114 4 2 1 1 370 744 801 851
2115 4 2 1 1 205 415 170 702
2116 4 2 1 1 379 371 446 818
2117 4 2 1 1 230 706 466 740
2118 4 2 1 1 426 183 342 724
2119 4 2 1 1 454 455 415 682
2120 4 2 1 1 633 703 669 773
2121 4 2 1 1 630 740 777 795
2122 4 2 1 1 602 556 718 771
2123 4 2 1 1 721 743 629 755
2124 4 2 1 1 130 132 672 807
2125 4 2 1 1 372 679 380 772
2126 4 2 1 1 373 801 653 851
2127 4 2 1 1 358 716 694 813
2128 4 2 1 1 637 690 666 857
2129 4 2 1 1 609 714 661 800
2130 4 2 1 1 224 246 616 687
2131 4 2 1 1 509 671 739 803
2132 4 2 1 1 499 688 722 790
2133 4 2 1 1 663 697 671 839
2134 4 2 1 1 520 657 528 766
2135 4 2 1 1 562 727 699 834
2136 4 2 1 1 603 738 718 827
2137 4 2 1 1 630 687 670 795
2138 4 2 1 1 466 477 331 837
2139 4 2 1 1 678 760 649 774
2140 4 2 1 1 461 411 469 788
2141 4 2 1 1 672 781 637 807
2142 4 2 1 1 258 228 729 834
2143 4 2 1 1 607 574 491 717
2144 4 2 1 1 321 651 318 840
2145 4 2 1 1 289 751 338 809
2146 4 2 1 1 558 559 529 776
2147 4 2 1 1 551 686 759 852
2148 4 2 1 1 742 764 396 854
2149 4 2 1 1 528 520 513 657
2150 4 2 1 1 633 681 657 853
2151 4 2 1 1 670 687 647 795
2152 4 2 1 1 373 728 653 801
2153 4 2 1 1 652 785 737 821
2154 4 2 1 1 317 306 275 753
2155 4 2 1 1 506 504 509 803
2156 4 2 1 1 130 136 132 807
2157 4 2 1 1 657 744 681 825
2158 4 2 1 1 287 658 310 793
2159 4 2 1 1 640 679 677 817
2160 4 2 1 1 651 734 318 840
2161 4 2 1 1 216 717 656 735
2162 4 2 1 1 173 718 179 789
2163 4 2 1 1 549 481 687 859
2164 4 2 1 1 211 198 168 752
2165 4 2 1 1 465 740 647 837
2166 4 2 1 1 455 682 454 769
2167 4 2 1 1 654 754 601 784
2168 4 2 1 1 646 714 699 806
2169 4 2 1 1 428 691 792 820
2170 4 2 1 1 293 751 721 840
2171 4 2 1 1 221 252 263 752
2172 4 2 1 1 604 662 565 784
2173 4 2 1 1 311 283 298 721
2174 4 2 1 1 293 721 751 755
2175 4 2 1 1 604 754 662 784
2176 4 2 1 1 629 751 755 844
2177 4 2 1 1 385 710 692 812
2178 4 2 1 1 619 729 228 834
2179 4 2 1 1 336 468 235 799
2180 4 2 1 1 707 728 666 857
2181 4 2 1 1 368 767 678 829
2182 4 2 1 1 444 678 442 829
2183 4 2 1 1 372 377 380 679
2184 4 2 1 1 133 726 659 742
2185 4 2 1 1 382 435 666 857
2186 4 2 1 1 134 132 686 765
2187 4 2 1 1 572 514 732 756
2188 4 2 1 1 458 675 174 794
2189 4 2 1 1 443 698 769 829
2190 4 2 1 1 476 713 433 719
2191 4 2 1 1 142 696 796 848
2192 4 2 1 1 639 653 744 816
2193 4 2 1 1 647 836 465 837
2194 4 2 1 1 546 780 715 787
2195 4 2 1 1 645 701 680 821
2196 4 2 1 1 596 699 562 770
2197 4 2 1 1 182 718 658 724
2198 4 2 1 1 372 377 679 767
2199 4 2 1 1 589 677 530 771
2200 4 2 1 1 726 742 396 854
2201 4 2 1 1 453 724 342 753
2202 4 2 1 1 425 763 726 854
2203 4 2 1 1 364 422 440 801
2204 4 2 1 1 315 301 304 747
2205 4 2 1 1 681 716 657 853
2206 4 2 1 1 404 428 691 792
2207 4 2 1 1 688 704 643 810
2208 4 2 1 1 659 632 726 765
2209 4 2 1 1 691 762 642 821
2210 4 2 1 1 649 636 710 760
2211 4 2 1 1 540 684 550 852
2212 4 2 1 1 621 705 223 758
2213 4 2 1 1 205 171 337 702
2214 4 2 1 1 708 734 441 826
2215 4 2 1 1 667 695 799 814
2216 4 2 1 1 337 415 205 702
2217 4 2 1 1 639 731 825 856
2218 4 2 1 1 665 685 651 819
2219 4 2 1 1 183 342 724 753
2220 4 2 1 1 564 741 670 773
2221 4 2 1 1 650 713 704 810
2222 4 2 1 1 645 762 691 821
2223 4 2 1 1 594 668 584 757
2224 4 2 1 1 535 748 526 846
2225 4 2 1 1 659 715 632 765
2226 4 2 1 1 193 175 208 654
2227 4 2 1 1 648 712 689 844
2228 4 2 1 1 405 380 406 772
2229 4 2 1 1 546 715 575 787
2230 4 2 1 1 259 239 229 667
2231 4 2 1 1 142 796 156 848
2232 4 2 1 1 430 463 712 719
2233 4 2 1 1 463 712 719 823
2234 4 2 1 1 665 685 643 810
2235 4 2 1 1 673 722 585 782
2236 4 2 1 1 237 266 731 856
2237 4 2 1 1 158 113 147 750
2238 4 2 1 1 633 670 681 795
2239 4 2 1 1 672 686 637 781
2240 4 2 1 1 209 182 724 789
2241 4 2 1 1 392 458 675 804
2242 4 2 1 1 656 729 268 735
2243 4 2 1 1 562 727 627 770
2244 4 2 1 1 640 767 679 829
2245 4 2 1 1 657 853 716 855
2246 4 2 1 1 640 677 664 791
2247 4 2 1 1 651 797 158 819
2248 4 2 1 1 233 232 258 660
2249 4 2 1 1 462 338 427 708
2250 4 2 1 1 334 405 652 865
2251 4 2 1 1 677 754 640 817
2252 4 2 1 1 556 589 530 771
2253 4 2 1 1 358 361 357 694
2254 4 2 1 1 373 381 370 851
2255 4 2 1 1 134 132 152 686
2256 4 2 1 1 629 719 708 751
2257 4 2 1 1 182 658 718 738
2258 4 2 1 1 725 804 692 849
2259 4 2 1 1 453 730 753 835
2260 4 2 1 1 478 708 448 734
2261 4 2 1 1 363 716 681 838
2262 4 2 1 1 317 658 287 835
2263 4 2 1 1 647 825 731 856
2264 4 2 1 1 362 694 768 774
2265 4 2 1 1 671 736 504 775
2266 4 2 1 1 282 484 295 841
2267 4 2 1 1 672 637 779 807
2268 4 2 1 1 563 759 673 852
2269 4 2 1 1 414 681 445 838
2270 4 2 1 1 629 755 743 844
2271 4 2 1 1 660 699 630 727
2272 4 2 1 1 212 215 182 658
2273 4 2 1 1 680 617 762 864
2274 4 2 1 1 618 486 229 831
2275 4 2 1 1 428 792 367 820
2276 4 2 1 1 567 626 612 755
2277 4 2 1 1 633 669 703 842
2278 4 2 1 1 207 175 193 786
2279 4 2 1 1 629 751 721 755
2280 4 2 1 1 499 500 688 790
2281 4 2 1 1 358 694 357 813
2282 4 2 1 1 643 685 665 843
2283 4 2 1 1 385 376 710 812
2284 4 2 1 1 640 682 769 817
2285 4 2 1 1 249 246 247 687
2286 4 2 1 1 521 529 596 699
2287 4 2 1 1 278 581 680 864
2288 4 2 1 1 540 539 550 684
2289 4 2 1 1 662 702 682 817
2290 4 2 1 1 496 720 685 790
2291 4 2 1 1 601 749 537 846
2292 4 2 1 1 635 663 707 778
2293 4 2 1 1 346 665 333 802
2294 4 2 1 1 211 752 656 822
2295 4 2 1 1 772 783 730 785
2296 4 2 1 1 141 418 116 696
2297 4 2 1 1 237 758 731 799
2298 4 2 1 1 700 762 761 860
2299 4 2 1 1 640 754 677 791
2300 4 2 1 1 373 763 389 851
2301 4 2 1 1 188 204 169 661
2302 4 2 1 1 717 776 607 800
2303 4 2 1 1 451 392 675 812
2304 4 2 1 1 724 730 453 783
2305 4 2 1 1 459 692 456 725
2306 4 2 1 1 572 711 508 756
2307 4 2 1 1 605 754 604 784
2308 4 2 1 1 418 436 116 696
2309 4 2 1 1 650 688 743 810
2310 4 2 1 1 718 738 658 827
2311 4 2 1 1 258 241 228 834
2312 4 2 1 1 167 212 201 738
2313 4 2 1 1 392 450 458 804
2314 4 2 1 1 465 836 398 837
2315 4 2 1 1 385 376 375 710
2316 4 2 1 1 456 725 692 811
2317 4 2 1 1 706 727 630 777
2318 4 2 1 1 632 659 726 854
2319 4 2 1 1 264 764 659 814
2320 4 2 1 1 477 466 706 740
2321 4 2 1 1 579 736 689 775
2322 4 2 1 1 436 696 347 802
2323 4 2 1 1 426 342 453 724
2324 4 2 1 1 487 602 576 718
2325 4 2 1 1 620 827 557 864
2326 4 2 1 1 616 246 481 687
2327 4 2 1 1 635 697 663 778
2328 4 2 1 1 638 725 692 849
2329 4 2 1 1 674 700 641 839
2330 4 2 1 1 348 704 350 713
2331 4 2 1 1 648 755 751 844
2332 4 2 1 1 422 801 364 813
2333 4 2 1 1 307 318 276 734
2334 4 2 1 1 690 824 666 857
2335 4 2 1 1 572 585 503 782
2336 4 2 1 1 297 680 808 832
2337 4 2 1 1 591 598 628 750
2338 4 2 1 1 572 503 711 782
2339 4 2 1 1 567 743 626 755
2340 4 2 1 1 173 178 179 718
2341 4 2 1 1 613 689 519 743
2342 4 2 1 1 595 670 533 770
2343 4 2 1 1 191 675 174 804
2344 4 2 1 1 632 726 672 763
2345 4 2 1 1 516 515 703 741
2346 4 2 1 1 277 324 304 755
2347 4 2 1 1 194 574 176 717
2348 4 2 1 1 190 191 174 804
2349 4 2 1 1 638 656 717 776
2350 4 2 1 1 459 456 692 811
2351 4 2 1 1 682 698 640 769
2352 4 2 1 1 359 674 367 792
2353 4 2 1 1 289 290 708 751
2354 4 2 1 1 499 722 570 790
2355 4 2 1 1 379 676 410 811
2356 4 2 1 1 592 584 594 668
2357 4 2 1 1 385 375 408 692
2358 4 2 1 1 650 810 743 844
2359 4 2 1 1 666 635 707 778
2360 4 2 1 1 754 798 654 846
2361 4 2 1 1 635 671 697 858
2362 4 2 1 1 302 323 297 701
2363 4 2 1 1 663 634 745 839
2364 4 2 1 1 492 178 576 718
2365 4 2 1 1 601 537 593 846
2366 4 2 1 1 592 668 594 791
2367 4 2 1 1 668 757 594 862
2368 4 2 1 1 724 730 658 753
2369 4 2 1 1 665 643 713 810
2370 4 2 1 1 635 671 736 782
2371 4 2 1 1 640 679 769 829
2372 4 2 1 1 656 729 717 776
2373 4 2 1 1 316 701 302 709
2374 4 2 1 1 352 778 697 823
2375 4 2 1 1 376 366 710 760
2376 4 2 1 1 211 216 187 656
2377 4 2 1 1 378 363 681 838
2378 4 2 1 1 359 745 674 792
2379 4 2 1 1 584 748 668 846
2380 4 2 1 1 410 733 409 811
2381 4 2 1 1 457 733 461 752
2382 4 2 1 1 588 504 736 775
2383 4 2 1 1 761 860 747 863
2384 4 2 1 1 277 304 747 755
2385 4 2 1 1 404 429 428 712
2386 4 2 1 1 263 233 268 656
2387 4 2 1 1 154 830 815 848
2388 4 2 1 1 580 860 761 863
2389 4 2 1 1 504 503 502 782
2390 4 2 1 1 430 712 709 809
2391 4 2 1 1 664 791 677 805
2392 4 2 1 1 292 318 734 840
2393 4 2 1 1 539 550 684 787
2394 4 2 1 1 764 799 695 814
2395 4 2 1 1 340 437 425 726
2396 4 2 1 1 278 295 581 864
2397 4 2 1 1 258 232 242 660
2398 4 2 1 1 597 595 770 859
2399 4 2 1 1 486 545 621 758
2400 4 2 1 1 215 167 199 753
2401 4 2 1 1 400 763 389 779
2402 4 2 1 1 639 825 731 836
2403 4 2 1 1 264 742 659 764
2404 4 2 1 1 223 621 249 705
2405 4 2 1 1 454 769 702 783
2406 4 2 1 1 602 556 603 718
2407 4 2 1 1 500 498 583 688
2408 4 2 1 1 691 820 772 821
2409 4 2 1 1 647 731 825 836
2410 4 2 1 1 639 825 705 856
2411 4 2 1 1 651 750 721 840
2412 4 2 1 1 635 711 671 782
2413 4 2 1 1 243 687 224 727
2414 4 2 1 1 646 699 676 806
2415 4 2 1 1 674 691 642 820
2416 4 2 1 1 663 745 697 839
2417 4 2 1 1 155 665 819 843
2418 4 2 1 1 657 670 766 825
2419 4 2 1 1 695 799 336 847
2420 4 2 1 1 441 478 448 734
2421 4 2 1 1 515 703 741 773
2422 4 2 1 1 673 732 590 852
2423 4 2 1 1 670 770 595 859
2424 4 2 1 1 718 724 182 789
2425 4 2 1 1 268 729 256 735
2426 4 2 1 1 501 500 502 782
2427 4 2 1 1 509 671 504 775
2428 4 2 1 1 705 758 545 828
2429 4 2 1 1 211 656 187 822
2430 4 2 1 1 631 683 730 785
2431 4 2 1 1 627 616 481 687
2432 4 2 1 1 456 725 811 822
2433 4 2 1 1 516 703 584 748
2434 4 2 1 1 658 730 683 793
2435 4 2 1 1 421 701 709 845
2436 4 2 1 1 390 400 389 779
2437 4 2 1 1 690 637 781 807
2438 4 2 1 1 659 742 726 764
2439 4 2 1 1 336 695 394 799
2440 4 2 1 1 649 748 703 861
2441 4 2 1 1 744 801 653 855
2442 4 2 1 1 451 675 392 794
2443 4 2 1 1 127 151 665 796
2444 4 2 1 1 667 780 544 828
2445 4 2 1 1 713 719 629 844
2446 4 2 1 1 650 719 713 844
2447 4 2 1 1 562 699 560 834
2448 4 2 1 1 437 118 449 726
2449 4 2 1 1 322 287 317 658
2450 4 2 1 1 685 629 743 810
2451 4 2 1 1 717 729 656 735
2452 4 2 1 1 452 724 453 783
2453 4 2 1 1 249 621 549 705
2454 4 2 1 1 399 836 731 837
2455 4 2 1 1 286 285 793 865
2456 4 2 1 1 690 779 637 807
2457 4 2 1 1 651 665 819 833
2458 4 2 1 1 656 717 187 822
2459 4 2 1 1 146 114 162 746
2460 4 2 1 1 697 778 635 858
2461 4 2 1 1 222 255 267 746
2462 4 2 1 1 180 210 197 662
2463 4 2 1 1 357 694 362 774
2464 4 2 1 1 650 713 810 844
2465 4 2 1 1 659 764 726 854
2466 4 2 1 1 356 357 432 774
2467 4 2 1 1 115 573 150 686
2468 4 2 1 1 415 455 330 682
2469 4 2 1 1 142 696 159 796
2470 4 2 1 1 247 687 243 777
2471 4 2 1 1 669 757 703 842
2472 4 2 1 1 597 627 687 770
2473 4 2 1 1 672 726 632 765
2474 4 2 1 1 454 439 769 783
2475 4 2 1 1 667 695 632 816
2476 4 2 1 1 380 772 679 783
2477 4 2 1 1 243 687 727 777
2478 4 2 1 1 459 692 804 812
2479 4 2 1 1 655 815 569 830
2480 4 2 1 1 651 734 708 826
2481 4 2 1 1 488 721 313 755
2482 4 2 1 1 629 651 721 840
2483 4 2 1 1 629 810 713 844
2484 4 2 1 1 674 642 767 820
2485 4 2 1 1 666 704 635 778
2486 4 2 1 1 574 606 485 800
2487 4 2 1 1 197 662 210 784
2488 4 2 1 1 639 695 667 816
2489 4 2 1 1 653 801 744 851
2490 4 2 1 1 644 716 813 853
2491 4 2 1 1 264 659 267 814
2492 4 2 1 1 596 560 562 699
2493 4 2 1 1 646 710 693 861
2494 4 2 1 1 142 159 156 796
2495 4 2 1 1 702 769 682 817
2496 4 2 1 1 673 635 722 782
2497 4 2 1 1 584 668 592 846
2498 4 2 1 1 488 577 313 721
2499 4 2 1 1 715 746 659 831
2500 4 2 1 1 709 712 430 845
2501 4 2 1 1 651 734 826 833
2502 4 2 1 1 544 546 780 831
2503 4 2 1 1 704 713 643 810
2504 4 2 1 1 687 705 647 856
2505 4 2 1 1 361 694 716 838
2506 4 2 1 1 509 739 671 775
2507 4 2 1 1 551 540 550 852
2508 4 2 1 1 654 636 749 798
2509 4 2 1 1 321 309 276 750
2510 4 2 1 1 703 748 668 757
2511 4 2 1 1 183 426 171 724
2512 4 2 1 1 584 703 512 757
2513 4 2 1 1 161 734 651 819
2514 4 2 1 1 486 545 758 828
2515 4 2 1 1 516 521 515 741
2516 4 2 1 1 439 679 377 769
2517 4 2 1 1 674 367 792 820
2518 4 2 1 1 637 686 684 852
2519 4 2 1 1 459 804 392 812
2520 4 2 1 1 428 374 691 820
2521 4 2 1 1 427 280 448 708
2522 4 2 1 1 535 542 609 749
2523 4 2 1 1 672 763 400 779
2524 4 2 1 1 728 637 779 850
2525 4 2 1 1 591 685 496 797
2526 4 2 1 1 651 750 158 797
2527 4 2 1 1 597 770 687 859
2528 4 2 1 1 348 704 713 802
2529 4 2 1 1 678 767 640 829
2530 4 2 1 1 115 686 152 781
2531 4 2 1 1 707 644 728 801
2532 4 2 1 1 670 741 533 770
2533 4 2 1 1 650 823 712 858
2534 4 2 1 1 647 687 670 859
2535 4 2 1 1 375 379 408 811
2536 4 2 1 1 670 687 630 770
2537 4 2 1 1 192 191 675 794
2538 4 2 1 1 544 667 486 831
2539 4 2 1 1 677 679 642 785
2540 4 2 1 1 509 739 506 803
2541 4 2 1 1 553 680 617 762
2542 4 2 1 1 673 711 635 782
2543 4 2 1 1 289 290 280 708
2544 4 2 1 1 579 761 689 863
2545 4 2 1 1 176 204 188 849
2546 4 2 1 1 422 353 707 813
2547 4 2 1 1 348 349 704 802
2548 4 2 1 1 434 366 376 760
2549 4 2 1 1 651 826 665 833
2550 4 2 1 1 356 360 745 774
2551 4 2 1 1 664 642 700 805
2552 4 2 1 1 640 654 754 798
2553 4 2 1 1 321 311 750 840
2554 4 2 1 1 133 162 157 659
2555 4 2 1 1 700 761 524 860
2556 4 2 1 1 702 724 452 783
2557 4 2 1 1 257 267 746 814
2558 4 2 1 1 513 657 756 773
2559 4 2 1 1 286 793 652 865
2560 4 2 1 1 178 492 177 718
2561 4 2 1 1 579 689 761 775
2562 4 2 1 1 639 657 723 766
2563 4 2 1 1 579 519 689 736
2564 4 2 1 1 680 821 701 832
2565 4 2 1 1 662 754 654 784
2566 4 2 1 1 459 692 408 811
2567 4 2 1 1 700 524 762 860
2568 4 2 1 1 365 383 693 838
2569 4 2 1 1 538 498 496 685
2570 4 2 1 1 658 718 631 724
2571 4 2 1 1 647 705 687 859
2572 4 2 1 1 496 685 498 790
2573 4 2 1 1 588 736 579 775
2574 4 2 1 1 827 841 683 864
2575 4 2 1 1 733 752 457 822
2576 4 2 1 1 138 137 690 781
2577 4 2 1 1 642 772 820 821
2578 4 2 1 1 127 665 155 843
2579 4 2 1 1 451 698 387 812
2580 4 2 1 1 642 820 691 821
2581 4 2 1 1 504 505 503 711
2582 4 2 1 1 669 711 644 756
2583 4 2 1 1 593 791 754 846
2584 4 2 1 1 639 758 731 856
2585 4 2 1 1 650 719 712 823
2586 4 2 1 1 135 449 726 742
2587 4 2 1 1 393 695 336 847
2588 4 2 1 1 507 582 512 757
2589 4 2 1 1 292 734 708 840
2590 4 2 1 1 316 332 421 709
2591 4 2 1 1 177 718 492 738
2592 4 2 1 1 399 398 836 837
2593 4 2 1 1 174 675 191 794
2594 4 2 1 1 293 313 721 755
2595 4 2 1 1 195 196 170 682
2596 4 2 1 1 458 392 675 794
2597 4 2 1 1 484 620 557 864
2598 4 2 1 1 135 449 118 726
2599 4 2 1 1 376 760 710 812
2600 4 2 1 1 501 585 722 782
2601 4 2 1 1 130 131 118 726
2602 4 2 1 1 683 737 555 864
2603 4 2 1 1 490 686 550 787
2604 4 2 1 1 523 684 540 852
2605 4 2 1 1 705 545 766 828
2606 4 2 1 1 145 113 161 734
2607 4 2 1 1 658 738 322 827
2608 4 2 1 1 587 599 140 715
2609 4 2 1 1 324 293 751 755
2610 4 2 1 1 652 832 286 865
2611 4 2 1 1 710 806 676 811
2612 4 2 1 1 448 708 294 734
2613 4 2 1 1 290 751 319 840
2614 4 2 1 1 638 717 656 822
2615 4 2 1 1 730 785 683 793
2616 4 2 1 1 679 783 772 785
2617 4 2 1 1 679 767 642 820
2618 4 2 1 1 365 693 371 768
2619 4 2 1 1 540 523 539 684
2620 4 2 1 1 441 826 734 833
2621 4 2 1 1 707 644 801 813
2622 4 2 1 1 194 717 203 735
2623 4 2 1 1 709 712 648 809
2624 4 2 1 1 636 714 661 749
2625 4 2 1 1 410 676 379 818
2626 4 2 1 1 135 133 157 742
2627 4 2 1 1 126 720 156 796
2628 4 2 1 1 543 544 780 828
2629 4 2 1 1 448 280 294 708
2630 4 2 1 1 414 378 445 681
2631 4 2 1 1 236 799 764 814
2632 4 2 1 1 593 592 791 846
2633 4 2 1 1 655 759 569 815
2634 4 2 1 1 532 501 585 722
2635 4 2 1 1 322 275 308 738
2636 4 2 1 1 359 697 354 745
2637 4 2 1 1 594 791 668 862
2638 4 2 1 1 357 362 432 774
2639 4 2 1 1 637 759 655 781
2640 4 2 1 1 366 371 375 710
2641 4 2 1 1 471 731 395 799
2642 4 2 1 1 424 341 172 822
2643 4 2 1 1 633 693 795 838
2644 4 2 1 1 698 798 640 829
2645 4 2 1 1 356 432 360 774
2646 4 2 1 1 459 408 456 811
2647 4 2 1 1 641 712 823 858
2648 4 2 1 1 675 692 636 812
2649 4 2 1 1 446 371 693 818
2650 4 2 1 1 295 484 581 864
2651 4 2 1 1 496 497 720 790
2652 4 2 1 1 591 496 495 797
2653 4 2 1 1 606 607 776 800
2654 4 2 1 1 639 705 758 856
2655 4 2 1 1 587 490 575 787
2656 4 2 1 1 583 498 538 743
2657 4 2 1 1 700 739 517 775
2658 4 2 1 1 234 233 263 752
2659 4 2 1 1 445 681 378 836
2660 4 2 1 1 558 714 609 800
2661 4 2 1 1 665 713 643 802
2662 4 2 1 1 418 329 419 690
2663 4 2 1 1 137 690 781 807
2664 4 2 1 1 589 604 536 771
2665 4 2 1 1 442 387 698 760
2666 4 2 1 1 524 700 578 761
2667 4 2 1 1 348 350 433 713
2668 4 2 1 1 635 688 722 782
2669 4 2 1 1 692 806 710 811
2670 4 2 1 1 633 716 681 853
2671 4 2 1 1 160 122 715 765
2672 4 2 1 1 628 612 538 721
2673 4 2 1 1 697 823 650 858
2674 4 2 1 1 641 691 674 792
2675 4 2 1 1 549 615 481 859
2676 4 2 1 1 520 547 723 766
2677 4 2 1 1 558 529 525 714
2678 4 2 1 1 579 580 761 863
2679 4 2 1 1 426 453 452 724
2680 4 2 1 1 710 768 693 861
2681 4 2 1 1 527 530 677 805
2682 4 2 1 1 645 821 691 845
2683 4 2 1 1 161 148 734 819
2684 4 2 1 1 335 172 184 725
2685 4 2 1 1 305 289 338 809
2686 4 2 1 1 419 329 401 690
2687 4 2 1 1 697 745 359 792
2688 4 2 1 1 335 424 172 725
2689 4 2 1 1 399 465 398 837
2690 4 2 1 1 179 182 209 789
2691 4 2 1 1 630 693 676 818
2692 4 2 1 1 644 707 663 813
2693 4 2 1 1 725 638 811 822
2694 4 2 1 1 580 747 860 863
2695 4 2 1 1 692 725 459 804
2696 4 2 1 1 216 168 200 735
2697 4 2 1 1 250 705 247 856
2698 4 2 1 1 422 355 353 813
2699 4 2 1 1 409 733 457 811
2700 4 2 1 1 505 508 572 711
2701 4 2 1 1 566 277 747 755
2702 4 2 1 1 498 688 500 790
2703 4 2 1 1 286 285 279 793
2704 4 2 1 1 721 751 629 840
2705 4 2 1 1 659 746 267 814
2706 4 2 1 1 635 736 688 782
2707 4 2 1 1 361 362 694 768
2708 4 2 1 1 510 582 803 862
2709 4 2 1 1 251 731 471 799
2710 4 2 1 1 354 359 438 697
2711 4 2 1 1 321 750 651 840
2712 4 2 1 1 573 550 490 686
2713 4 2 1 1 314 286 832 865
2714 4 2 1 1 329 401 690 807
2715 4 2 1 1 629 708 651 840
2716 4 2 1 1 733 811 638 822
2717 4 2 1 1 652 785 730 793
2718 4 2 1 1 386 769 377 829
2719 4 2 1 1 743 844 755 863
2720 4 2 1 1 433 476 388 713
2721 4 2 1 1 815 830 655 848
2722 4 2 1 1 438 697 359 792
2723 4 2 1 1 546 746 715 831
2724 4 2 1 1 251 471 235 799
2725 4 2 1 1 615 687 481 859
2726 4 2 1 1 417 719 430 809
2727 4 2 1 1 155 127 117 665
2728 4 2 1 1 644 732 673 850
2729 4 2 1 1 749 654 798 846
2730 4 2 1 1 206 661 169 786
2731 4 2 1 1 156 830 154 848
2732 4 2 1 1 520 531 523 723
2733 4 2 1 1 652 793 286 832
2734 4 2 1 1 637 759 686 852
2735 4 2 1 1 183 724 202 753
2736 4 2 1 1 557 556 555 683
2737 4 2 1 1 598 577 628 721
2738 4 2 1 1 743 755 567 863
2739 4 2 1 1 135 726 133 742
2740 4 2 1 1 151 117 127 665
2741 4 2 1 1 349 704 802 824
2742 4 2 1 1 643 722 688 790
2743 4 2 1 1 512 584 516 703
2744 4 2 1 1 712 719 648 809
2745 4 2 1 1 633 795 681 838
2746 4 2 1 1 383 446 371 693
2747 4 2 1 1 442 760 698 829
2748 4 2 1 1 633 657 773 853
2749 4 2 1 1 559 776 558 800
2750 4 2 1 1 643 665 796 843
2751 4 2 1 1 643 720 685 843
2752 4 2 1 1 557 827 683 864
2753 4 2 1 1 688 736 635 858
2754 4 2 1 1 116 151 159 796
2755 4 2 1 1 214 717 176 849
2756 4 2 1 1 687 727 630 770
2757 4 2 1 1 264 238 764 814
2758 4 2 1 1 396 726 449 742
2759 4 2 1 1 691 404 712 845
2760 4 2 1 1 283 313 577 721
2761 4 2 1 1 254 221 268 735
2762 4 2 1 1 592 668 791 846
2763 4 2 1 1 679 642 772 820
2764 4 2 1 1 544 780 667 831
2765 4 2 1 1 247 248 261 856
2766 4 2 1 1 652 683 785 793
2767 4 2 1 1 597 595 533 770
2768 4 2 1 1 641 712 691 792
2769 4 2 1 1 115 781 139 815
2770 4 2 1 1 747 761 645 860
2771 4 2 1 1 539 684 780 787
2772 4 2 1 1 439 679 769 783
2773 4 2 1 1 430 417 463 719
2774 4 2 1 1 645 701 821 845
2775 4 2 1 1 192 174 191 794
2776 4 2 1 1 653 684 723 855
2777 4 2 1 1 155 665 117 819
2778 4 2 1 1 447 445 465 740
2779 4 2 1 1 605 601 754 784
2780 4 2 1 1 346 802 713 826
2781 4 2 1 1 409 457 456 811
2782 4 2 1 1 658 724 631 730
2783 4 2 1 1 291 751 289 809
2784 4 2 1 1 513 564 528 773
2785 4 2 1 1 509 517 739 775
2786 4 2 1 1 330 682 455 794
2787 4 2 1 1 731 836 647 837
2788 4 2 1 1 523 732 684 852
2789 4 2 1 1 420 347 696 824
2790 4 2 1 1 649 768 694 774
2791 4 2 1 1 281 332 709 809
2792 4 2 1 1 257 814 746 831
2793 4 2 1 1 428 367 374 820
2794 4 2 1 1 685 720 643 790
2795 4 2 1 1 589 527 530 677
2796 4 2 1 1 347 802 696 824
2797 4 2 1 1 675 636 698 812
2798 4 2 1 1 224 243 246 687
2799 4 2 1 1 367 674 767 820
2800 4 2 1 1 205 170 213 702
2801 4 2 1 1 520 514 513 756
2802 4 2 1 1 120 141 138 690
2803 4 2 1 1 337 454 415 702
2804 4 2 1 1 361 768 694 838
2805 4 2 1 1 379 410 409 811
2806 4 2 1 1 181 702 213 789
2807 4 2 1 1 534 593 592 791
2808 4 2 1 1 419 690 401 857
2809 4 2 1 1 188 169 206 661
2810 4 2 1 1 294 708 292 734
2811 4 2 1 1 676 638 733 811
2812 4 2 1 1 457 411 461 733
2813 4 2 1 1 657 766 639 825
2814 4 2 1 1 401 690 807 857
2815 4 2 1 1 635 736 671 858
2816 4 2 1 1 116 159 696 796
2817 4 2 1 1 478 462 708 826
2818 4 2 1 1 446 693 383 818
2819 4 2 1 1 420 347 436 696
2820 4 2 1 1 731 758 639 799
2821 4 2 1 1 712 719 650 844
2822 4 2 1 1 203 194 176 717
2823 4 2 1 1 652 772 730 785
2824 4 2 1 1 270 758 250 856
2825 4 2 1 1 579 588 519 736
2826 4 2 1 1 137 120 690 807
2827 4 2 1 1 646 676 710 806
2828 4 2 1 1 381 373 389 851
2829 4 2 1 1 366 365 371 768
2830 4 2 1 1 329 690 120 807
2831 4 2 1 1 582 757 507 803
2832 4 2 1 1 316 281 332 709
2833 4 2 1 1 396 742 344 764
2834 4 2 1 1 401 807 779 857
2835 4 2 1 1 570 499 532 722
2836 4 2 1 1 675 392 804 812
2837 4 2 1 1 248 777 230 837
2838 4 2 1 1 553 680 762 860
2839 4 2 1 1 613 519 583 743
2840 4 2 1 1 633 842 694 853
2841 4 2 1 1 647 670 825 859
2842 4 2 1 1 31 136 130 340
2843 4 2 1 1 587 575 715 787
2844 4 2 1 1 316 421 284 701
2845 4 2 1 1 206 188 661 849
2846 4 2 1 1 455 386 443 769
2847 4 2 1 1 518 517 522 805
2848 4 2 1 1 287 658 793 835
2849 4 2 1 1 340 31 136 423
2850 4 2 1 1 281 709 320 809
2851 4 2 1 1 119 495 21 483
2852 4 2 1 1 681 716 633 838
2853 4 2 1 1 443 442 387 698
2854 4 2 1 1 664 791 518 862
2855 4 2 1 1 357 361 362 694
2856 4 2 1 1 550 573 551 686
2857 4 2 1 1 171 702 181 724
2858 4 2 1 1 365 693 768 838
2859 4 2 1 1 380 679 439 783
2860 4 2 1 1 336 235 471 799
2861 4 2 1 1 173 487 51 576
2862 4 2 1 1 241 258 242 727
2863 4 2 1 1 514 590 572 732
2864 4 2 1 1 458 451 392 794
2865 4 2 1 1 554 761 580 860
2866 4 2 1 1 530 737 677 805
2867 4 2 1 1 553 808 680 860
2868 4 2 1 1 394 336 393 695
2869 4 2 1 1 523 514 520 732
2870 4 2 1 1 757 803 582 862
2871 4 2 1 1 538 496 591 685
2872 4 2 1 1 138 137 120 690
2873 4 2 1 1 779 807 690 857
2874 4 2 1 1 644 728 801 850
2875 4 2 1 1 249 247 250 705
2876 4 2 1 1 138 690 141 848
2877 4 2 1 1 530 555 556 737
2878 4 2 1 1 658 753 730 835
2879 4 2 1 1 637 673 759 852
2880 4 2 1 1 633 773 669 853
2881 4 2 1 1 189 172 341 822
2882 4 2 1 1 429 792 712 823
2883 4 2 1 1 510 803 739 862
2884 4 2 1 1 535 609 558 714
2885 4 2 1 1 689 641 761 775
2886 4 2 1 1 130 437 30 340
2887 4 2 1 1 395 799 731 847
2888 4 2 1 1 708 734 651 840
2889 4 2 1 1 653 723 684 816
2890 4 2 1 1 269 260 706 777
2891 4 2 1 1 378 414 363 838
2892 4 2 1 1 348 349 350 704
2893 4 2 1 1 303 482 747 808
2894 4 2 1 1 636 748 714 749
2895 4 2 1 1 668 748 636 798
2896 4 2 1 1 578 700 517 775
2897 4 2 1 1 138 781 690 848
2898 4 2 1 1 633 694 842 861
2899 4 2 1 1 195 196 682 794
2900 4 2 1 1 382 824 419 857
2901 4 2 1 1 638 656 733 822
2902 4 2 1 1 644 850 801 855
2903 4 2 1 1 615 597 627 687
2904 4 2 1 1 615 597 687 859
2905 4 2 1 1 377 439 380 679
2906 4 2 1 1 160 134 122 765
2907 4 2 1 1 346 665 802 826
2908 4 2 1 1 633 768 694 861
2909 4 2 1 1 390 728 413 779
2910 4 2 1 1 634 664 739 862
2911 4 2 1 1 748 798 668 846
2912 4 2 1 1 672 779 400 807
2913 4 2 1 1 604 602 487 771
2914 4 2 1 1 748 636 798 846
2915 4 2 1 1 386 439 377 769
2916 4 2 1 1 464 709 430 845
2917 4 2 1 1 148 734 819 833
2918 4 2 1 1 303 300 482 808
2919 4 2 1 1 290 293 319 751
2920 4 2 1 1 582 506 510 803
2921 4 2 1 1 630 727 699 770
2922 4 2 1 1 510 739 517 862
2923 4 2 1 1 633 716 694 838
2924 4 2 1 1 33 329 418 141
2925 4 2 1 1 541 544 546 780
2926 4 2 1 1 471 395 336 799
2927 4 2 1 1 705 250 758 856
2928 4 2 1 1 384 386 377 829
2929 4 2 1 1 174 450 62 190
2930 4 2 1 1 450 174 62 458
2931 4 2 1 1 128 158 797 819
2932 4 2 1 1 442 698 443 829
2933 4 2 1 1 647 825 705 859
2934 4 2 1 1 470 334 407 835
2935 4 2 1 1 703 748 646 861
2936 4 2 1 1 692 710 636 812
2937 4 2 1 1 430 712 404 845
2938 4 2 1 1 592 594 534 791
2939 4 2 1 1 399 471 251 731
2940 4 2 1 1 378 681 414 838
2941 4 2 1 1 548 766 528 859
2942 4 2 1 1 544 486 618 831
2943 4 2 1 1 211 189 752 822
2944 4 2 1 1 339 410 706 788
2945 4 2 1 1 492 718 603 738
2946 4 2 1 1 182 718 177 738
2947 4 2 1 1 411 733 410 788
2948 4 2 1 1 329 33 120 141
2949 4 2 1 1 179 718 182 789
2950 4 2 1 1 533 741 521 770
2951 4 2 1 1 684 732 723 855
2952 4 2 1 1 483 586 143 720
2953 4 2 1 1 605 536 604 754
2954 4 2 1 1 680 762 737 864
2955 4 2 1 1 413 779 728 857
2956 4 2 1 1 601 542 749 786
2957 4 2 1 1 644 716 853 855
2958 4 2 1 1 140 122 587 715
2959 4 2 1 1 365 383 371 693
2960 4 2 1 1 335 172 60 184
2961 4 2 1 1 495 21 124 119
2962 4 2 1 1 172 335 60 424
2963 4 2 1 1 670 741 633 773
2964 4 2 1 1 119 483 143 720
2965 4 2 1 1 303 566 277 747
2966 4 2 1 1 294 292 318 734
2967 4 2 1 1 571 482 300 808
2968 4 2 1 1 576 51 173 178
2969 4 2 1 1 236 226 764 799
2970 4 2 1 1 305 291 289 809
2971 4 2 1 1 566 755 747 863
2972 4 2 1 1 467 431 701 865
2973 4 2 1 1 578 761 700 775
2974 4 2 1 1 495 124 494 797
2975 4 2 1 1 376 366 375 710
2976 4 2 1 1 247 243 248 777
2977 4 2 1 1 612 721 488 755
2978 4 2 1 1 364 716 358 813
2979 4 2 1 1 261 248 837 856
2980 4 2 1 1 645 709 701 845
2981 4 2 1 1 766 825 670 859
2982 4 2 1 1 209 724 181 789
2983 4 2 1 1 278 680 581 808
2984 4 2 1 1 633 669 842 853
2985 4 2 1 1 614 580 747 860
2986 4 2 1 1 648 719 712 844
2987 4 2 1 1 213 170 196 682
2988 4 2 1 1 228 619 611 729
2989 4 2 1 1 694 842 669 853
2990 4 2 1 1 182 177 212 738
2991 4 2 1 1 504 506 505 803
2992 4 2 1 1 522 527 518 805
2993 4 2 1 1 388 346 713 826
2994 4 2 1 1 140 715 599 746
2995 4 2 1 1 644 801 716 855
2996 4 2 1 1 465 445 398 836
2997 4 2 1 1 118 437 30 130
2998 4 2 1 1 643 713 704 802
2999 4 2 1 1 671 839 697 858
3000 4 2 1 1 633 694 716 853
3001 4 2 1 1 791 798 754 846
3002 4 2 1 1 385 692 459 812
3003 4 2 1 1 702 783 769 817
3004 4 2 1 1 435 707 353 778
3005 4 2 1 1 185 725 172 822
3006 4 2 1 1 679 785 677 817
3007 4 2 1 1 362 434 432 774
3008 4 2 1 1 539 780 541 787
3009 4 2 1 1 588 504 502 736
3010 4 2 1 1 223 250 270 758
3011 4 2 1 1 631 724 718 789
3012 4 2 1 1 476 417 462 719
3013 4 2 1 1 205 181 171 702
3014 4 2 1 1 570 497 790 830
3015 4 2 1 1 477 706 412 740
3016 4 2 1 1 444 360 432 774
3017 4 2 1 1 607 611 729 735
3018 4 2 1 1 637 850 673 852
3019 4 2 1 1 553 581 680 808
3020 4 2 1 1 223 705 250 758
3021 4 2 1 1 519 502 500 736
3022 4 2 1 1 681 744 378 836
3023 4 2 1 1 662 640 754 817
3024 4 2 1 1 526 748 584 846
3025 4 2 1 1 183 171 202 724
3026 4 2 1 1 537 749 535 846
3027 4 2 1 1 636 710 692 806
3028 4 2 1 1 531 780 723 828
3029 4 2 1 1 390 440 413 728
3030 4 2 1 1 599 715 546 746
3031 4 2 1 1 740 777 647 837
3032 4 2 1 1 364 801 716 813
3033 4 2 1 1 518 510 517 862
3034 4 2 1 1 202 209 182 724
3035 4 2 1 1 536 534 527 791
3036 4 2 1 1 422 435 440 707
3037 4 2 1 1 358 364 363 716
3038 4 2 1 1 634 803 669 842
3039 4 2 1 1 547 520 528 766
3040 4 2 1 1 726 763 632 854
3041 4 2 1 1 667 814 229 831
3042 4 2 1 1 181 724 702 789
3043 4 2 1 1 658 793 683 827
3044 4 2 1 1 286 832 793 841
3045 4 2 1 1 186 804 725 849
3046 4 2 1 1 597 562 627 770
3047 4 2 1 1 430 709 332 809
3048 4 2 1 1 489 241 727 834
3049 4 2 1 1 127 796 665 843
3050 4 2 1 1 424 172 725 822
3051 4 2 1 1 370 381 744 851
3052 4 2 1 1 341 172 59 424
3053 4 2 1 1 617 553 581 680
3054 4 2 1 1 674 792 691 820
3055 4 2 1 1 348 713 346 802
3056 4 2 1 1 665 685 819 843
3057 4 2 1 1 424 725 456 822
3058 4 2 1 1 512 516 515 703
3059 4 2 1 1 631 677 785 817
3060 4 2 1 1 451 443 387 698
3061 4 2 1 1 436 418 420 696
3062 4 2 1 1 708 629 751 840
3063 4 2 1 1 553 617 552 762
3064 4 2 1 1 653 850 684 855
3065 4 2 1 1 539 541 575 787
3066 4 2 1 1 349 351 704 824
3067 4 2 1 1 639 816 667 828
3068 4 2 1 1 406 453 730 783
3069 4 2 1 1 227 837 731 856
3070 4 2 1 1 638 661 800 849
3071 4 2 1 1 636 698 760 798
3072 4 2 1 1 387 698 760 812
3073 4 2 1 1 339 466 231 706
3074 4 2 1 1 231 706 260 788
3075 4 2 1 1 269 260 230 706
3076 4 2 1 1 699 727 660 834
3077 4 2 1 1 495 124 22 494
3078 4 2 1 1 737 785 642 821
3079 4 2 1 1 354 697 352 778
3080 4 2 1 1 269 706 230 777
3081 4 2 1 1 662 789 702 817
3082 4 2 1 1 139 115 152 781
3083 4 2 1 1 633 741 703 773
3084 4 2 1 1 140 149 715 746
3085 4 2 1 1 548 705 545 766
3086 4 2 1 1 303 482 566 747
3087 4 2 1 1 278 297 680 808
3088 4 2 1 1 641 671 775 858
3089 4 2 1 1 115 139 153 815
3090 4 2 1 1 416 281 305 809
3091 4 2 1 1 421 431 284 701
3092 4 2 1 1 578 517 509 775
3093 4 2 1 1 45 574 485 204
3094 4 2 1 1 641 700 775 839
3095 4 2 1 1 245 228 611 729
3096 4 2 1 1 488 313 277 755
3097 4 2 1 1 224 616 241 727
3098 4 2 1 1 494 750 591 797
3099 4 2 1 1 537 535 526 846
3100 4 2 1 1 382 420 419 824
3101 4 2 1 1 305 338 416 809
3102 4 2 1 1 665 826 346 833
3103 4 2 1 1 496 497 483 720
3104 4 2 1 1 630 727 687 777
3105 4 2 1 1 350 704 351 778
3106 4 2 1 1 576 492 52 178
3107 4 2 1 1 239 758 237 799
3108 4 2 1 1 639 847 816 851
3109 4 2 1 1 524 578 554 761
3110 4 2 1 1 793 832 652 841
3111 4 2 1 1 613 689 743 863
3112 4 2 1 1 410 412 706 818
3113 4 2 1 1 739 775 700 839
3114 4 2 1 1 648 755 844 863
3115 4 2 1 1 631 789 771 817
3116 4 2 1 1 181 213 180 789
3117 4 2 1 1 554 579 580 761
3118 4 2 1 1 662 771 789 817
3119 4 2 1 1 531 723 547 828
3120 4 2 1 1 281 416 332 809
3121 4 2 1 1 632 684 780 816
3122 4 2 1 1 643 685 790 810
3123 4 2 1 1 446 410 379 818
3124 4 2 1 1 687 770 670 859
3125 4 2 1 1 399 398 731 836
3126 4 2 1 1 531 520 547 723
3127 4 2 1 1 320 281 315 709
3128 4 2 1 1 421 709 464 845
3129 4 2 1 1 245 256 729 735
3130 4 2 1 1 517 700 524 805
3131 4 2 1 1 336 799 395 847
3132 4 2 1 1 667 632 780 816
3133 4 2 1 1 301 303 747 808
3134 4 2 1 1 593 605 601 754
3135 4 2 1 1 443 769 386 829
3136 4 2 1 1 231 466 230 706
3137 4 2 1 1 640 769 698 829
3138 4 2 1 1 358 357 355 813
3139 4 2 1 1 394 396 764 854
3140 4 2 1 1 117 819 665 833
3141 4 2 1 1 290 708 751 840
3142 4 2 1 1 243 727 242 777
3143 4 2 1 1 248 269 230 777
3144 4 2 1 1 692 725 638 811
3145 4 2 1 1 293 313 283 721
3146 4 2 1 1 639 695 816 847
3147 4 2 1 1 269 242 260 777
3148 4 2 1 1 563 569 532 759
3149 4 2 1 1 700 762 524 805
3150 4 2 1 1 702 789 631 817
3151 4 2 1 1 642 737 677 785
3152 4 2 1 1 649 768 710 861
3153 4 2 1 1 685 797 651 819
3154 4 2 1 1 364 363 716 801
3155 4 2 1 1 489 241 616 727
3156 4 2 1 1 388 346 348 713
3157 4 2 1 1 34 418 436 116
3158 4 2 1 1 631 785 679 817
3159 4 2 1 1 647 705 825 856
3160 4 2 1 1 506 739 510 803
3161 4 2 1 1 816 847 695 851
3162 4 2 1 1 452 454 702 783
3163 4 2 1 1 352 697 438 823
3164 4 2 1 1 695 639 799 847
3165 4 2 1 1 763 816 632 854
3166 4 2 1 1 557 683 555 864
3167 4 2 1 1 571 300 278 808
3168 4 2 1 1 613 626 567 743
3169 4 2 1 1 382 413 435 857
3170 4 2 1 1 451 387 392 812
3171 4 2 1 1 554 524 761 860
3172 4 2 1 1 188 214 176 849
3173 4 2 1 1 543 780 531 828
3174 4 2 1 1 477 466 412 706
3175 4 2 1 1 440 728 373 801
3176 4 2 1 1 121 815 154 830
3177 4 2 1 1 211 187 189 822
3178 4 2 1 1 656 752 733 822
3179 4 2 1 1 763 851 816 854
3180 4 2 1 1 427 448 478 708
3181 4 2 1 1 116 34 418 141
3182 4 2 1 1 605 604 565 784
3183 4 2 1 1 572 508 514 756
3184 4 2 1 1 227 399 731 837
3185 4 2 1 1 715 780 632 787
3186 4 2 1 1 637 686 759 781
3187 4 2 1 1 587 599 14 140
3188 4 2 1 1 432 434 444 774
3189 4 2 1 1 141 116 142 696
3190 4 2 1 1 184 725 186 804
3191 4 2 1 1 596 533 521 770
3192 4 2 1 1 363 361 358 716
3193 4 2 1 1 603 610 738 827
3194 4 2 1 1 527 522 530 805
3195 4 2 1 1 801 850 653 855
3196 4 2 1 1 214 187 203 717
3197 4 2 1 1 385 459 392 812
3198 4 2 1 1 141 696 142 848
3199 4 2 1 1 694 774 634 842
3200 4 2 1 1 367 767 372 820
3201 4 2 1 1 621 545 549 705
3202 4 2 1 1 720 790 497 830
3203 4 2 1 1 527 534 518 791
3204 4 2 1 1 276 26 113 147
3205 4 2 1 1 167 201 56 275
3206 4 2 1 1 459 725 335 804
3207 4 2 1 1 736 775 671 858
3208 4 2 1 1 123 494 124 797
3209 4 2 1 1 712 792 641 823
3210 4 2 1 1 264 240 742 764
3211 4 2 1 1 552 762 737 805
3212 4 2 1 1 276 25 307 113
3213 4 2 1 1 10 144 114 222
3214 4 2 1 1 168 40 221 198
3215 4 2 1 1 613 743 567 863
3216 4 2 1 1 367 368 372 767
3217 4 2 1 1 449 437 29 118
3218 4 2 1 1 164 327 145 734
3219 4 2 1 1 571 108 278 300
3220 4 2 1 1 145 327 307 734
3221 4 2 1 1 463 476 433 719
3222 4 2 1 1 275 55 167 306
3223 4 2 1 1 389 400 425 763
3224 4 2 1 1 518 791 534 862
3225 4 2 1 1 517 524 522 805
3226 4 2 1 1 552 524 762 805
3227 4 2 1 1 478 462 427 708
3228 4 2 1 1 64 170 415 330
3229 4 2 1 1 200 41 221 168
3230 4 2 1 1 579 761 578 775
3231 4 2 1 1 222 114 11 255
3232 4 2 1 1 280 292 294 708
3233 4 2 1 1 568 569 815 830
3234 4 2 1 1 20 143 483 586
3235 4 2 1 1 816 851 695 854
3236 4 2 1 1 748 749 636 846
3237 4 2 1 1 681 795 670 825
3238 4 2 1 1 548 528 595 859
3239 4 2 1 1 491 44 194 574
3240 4 2 1 1 588 509 504 775
3241 4 2 1 1 644 669 756 853
3242 4 2 1 1 426 183 67 342
3243 4 2 1 1 639 816 744 851
3244 4 2 1 1 170 64 195 330
3245 4 2 1 1 185 172 187 822
3246 4 2 1 1 639 744 847 851
3247 4 2 1 1 710 760 636 812
3248 4 2 1 1 631 730 783 785
3249 4 2 1 1 675 804 692 812
3250 4 2 1 1 344 226 468 764
3251 4 2 1 1 382 666 824 857
3252 4 2 1 1 584 512 582 757
3253 4 2 1 1 594 584 582 757
3254 4 2 1 1 50 565 487 197
3255 4 2 1 1 20 143 119 483
3256 4 2 1 1 171 181 209 724
3257 4 2 1 1 197 487 50 173
3258 4 2 1 1 631 730 724 783
3259 4 2 1 1 713 802 665 826
3260 4 2 1 1 614 747 482 808
3261 4 2 1 1 365 414 383 838
3262 4 2 1 1 639 667 758 828
3263 4 2 1 1 399 251 227 731
3264 4 2 1 1 639 744 825 836
3265 4 2 1 1 594 518 534 862
3266 4 2 1 1 444 442 384 829
3267 4 2 1 1 769 783 679 817
3268 4 2 1 1 594 534 791 862
3269 4 2 1 1 631 783 679 785
3270 4 2 1 1 334 467 405 865
3271 4 2 1 1 463 429 712 823
3272 4 2 1 1 643 802 704 824
3273 4 2 1 1 93 338 289 427
3274 4 2 1 1 403 467 431 701
3275 4 2 1 1 631 783 702 817
3276 4 2 1 1 598 298 103 577
3277 4 2 1 1 633 694 768 838
3278 4 2 1 1 560 699 776 834
3279 4 2 1 1 513 756 511 773
3280 4 2 1 1 542 600 609 786
3281 4 2 1 1 278 680 296 841
3282 4 2 1 1 217 328 308 738
3283 4 2 1 1 634 739 671 803
3284 4 2 1 1 59 189 172 341
3285 4 2 1 1 637 728 779 857
3286 4 2 1 1 492 576 603 718
3287 4 2 1 1 289 93 427 280
3288 4 2 1 1 394 764 695 854
3289 4 2 1 1 183 202 215 753
3290 4 2 1 1 526 584 592 846
3291 4 2 1 1 723 766 547 828
3292 4 2 1 1 643 796 720 843
3293 4 2 1 1 312 793 310 827
3294 4 2 1 1 277 488 105 313
3295 4 2 1 1 484 295 841 864
3296 4 2 1 1 579 689 613 863
3297 4 2 1 1 516 526 525 748
3298 4 2 1 1 349 351 350 704
3299 4 2 1 1 386 455 454 769
3300 4 2 1 1 695 632 816 854
3301 4 2 1 1 245 729 611 735
3302 4 2 1 1 447 446 383 818
3303 4 2 1 1 308 201 217 738
3304 4 2 1 1 541 543 544 780
3305 4 2 1 1 680 737 762 821
3306 4 2 1 1 144 10 253 222
3307 4 2 1 1 634 671 739 839
3308 4 2 1 1 459 456 335 725
3309 4 2 1 1 245 268 256 735
3310 4 2 1 1 250 223 249 705
3311 4 2 1 1 641 839 671 858
3312 4 2 1 1 124 123 22 494
3313 4 2 1 1 281 320 305 809
3314 4 2 1 1 201 308 56 275
3315 4 2 1 1 723 780 684 816
3316 4 2 1 1 391 695 393 851
3317 4 2 1 1 236 235 226 799
3318 4 2 1 1 252 221 40 198
3319 4 2 1 1 396 437 449 726
3320 4 2 1 1 283 319 293 721
3321 4 2 1 1 668 791 664 862
3322 4 2 1 1 236 239 237 799
3323 4 2 1 1 613 579 519 689
3324 4 2 1 1 317 288 753 835
3325 4 2 1 1 92 448 427 280
3326 4 2 1 1 296 680 297 832
3327 4 2 1 1 668 640 791 798
3328 4 2 1 1 158 128 161 819
3329 4 2 1 1 401 400 779 807
3330 4 2 1 1 534 754 593 791
3331 4 2 1 1 653 801 728 850
3332 4 2 1 1 747 755 648 863
3333 4 2 1 1 508 511 513 756
3334 4 2 1 1 352 354 438 697
3335 4 2 1 1 301 300 303 808
3336 4 2 1 1 681 795 647 836
3337 4 2 1 1 274 220 254 735
3338 4 2 1 1 642 677 737 805
3339 4 2 1 1 276 26 147 309
3340 4 2 1 1 150 134 115 686
3341 4 2 1 1 536 754 534 791
3342 4 2 1 1 601 608 542 786
3343 4 2 1 1 254 41 221 200
3344 4 2 1 1 373 440 390 728
3345 4 2 1 1 298 283 103 577
3346 4 2 1 1 428 374 404 691
3347 4 2 1 1 361 716 363 838
3348 4 2 1 1 25 145 307 113
3349 4 2 1 1 278 297 296 680
3350 4 2 1 1 246 243 247 687
3351 4 2 1 1 410 412 339 706
3352 4 2 1 1 321 311 298 750
3353 4 2 1 1 306 55 167 199
3354 4 2 1 1 238 264 267 814
3355 4 2 1 1 643 696 802 824
3356 4 2 1 1 731 799 639 847
3357 4 2 1 1 684 850 732 855
3358 4 2 1 1 131 133 726 765
3359 4 2 1 1 186 725 185 849
3360 4 2 1 1 559 606 607 776
3361 4 2 1 1 435 422 353 707
3362 4 2 1 1 255 114 11 146
3363 4 2 1 1 178 492 52 177
3364 4 2 1 1 262 248 230 837
3365 4 2 1 1 424 456 457 822
3366 4 2 1 1 140 162 149 746
3367 4 2 1 1 244 257 267 746
3368 4 2 1 1 385 408 459 692
3369 4 2 1 1 426 66 171 337
3370 4 2 1 1 345 36 333 117
3371 4 2 1 1 324 293 291 751
3372 4 2 1 1 107 482 303 300
3373 4 2 1 1 391 695 851 854
3374 4 2 1 1 107 571 482 300
3375 4 2 1 1 316 302 281 709
3376 4 2 1 1 189 341 752 822
3377 4 2 1 1 184 335 725 804
3378 4 2 1 1 607 729 561 776
3379 4 2 1 1 278 581 571 808
3380 4 2 1 1 150 573 16 490
3381 4 2 1 1 454 439 386 769
3382 4 2 1 1 731 837 647 856
3383 4 2 1 1 242 243 224 727
3384 4 2 1 1 732 673 850 852
3385 4 2 1 1 747 808 614 860
3386 4 2 1 1 200 254 220 735
3387 4 2 1 1 186 184 185 725
3388 4 2 1 1 61 335 184 804
3389 4 2 1 1 394 695 391 854
3390 4 2 1 1 464 430 404 845
3391 4 2 1 1 637 779 690 857
3392 4 2 1 1 143 156 720 830
3393 4 2 1 1 139 815 781 848
3394 4 2 1 1 562 616 627 727
3395 4 2 1 1 412 740 706 818
3396 4 2 1 1 652 772 785 821
3397 4 2 1 1 642 785 772 821
3398 4 2 1 1 232 231 260 788
3399 4 2 1 1 674 745 634 839
3400 4 2 1 1 421 332 464 709
3401 4 2 1 1 397 378 744 836
3402 4 2 1 1 574 45 176 204
3403 4 2 1 1 177 182 178 718
3404 4 2 1 1 684 632 780 787
3405 4 2 1 1 515 741 564 773
3406 4 2 1 1 552 737 530 805
3407 4 2 1 1 173 179 180 789
3408 4 2 1 1 312 793 827 841
3409 4 2 1 1 394 396 344 764
3410 4 2 1 1 124 119 125 843
3411 4 2 1 1 539 531 541 780
3412 4 2 1 1 347 346 333 802
3413 4 2 1 1 135 449 29 118
3414 4 2 1 1 197 49 565 784
3415 4 2 1 1 118 133 135 726
3416 4 2 1 1 338 289 305 94
3417 4 2 1 1 634 739 757 862
3418 4 2 1 1 108 581 571 278
3419 4 2 1 1 272 146 166 746
3420 4 2 1 1 480 565 49 784
3421 4 2 1 1 303 277 304 747
3422 4 2 1 1 697 641 792 823
3423 4 2 1 1 633 768 693 838
3424 4 2 1 1 631 724 702 783
3425 4 2 1 1 78 225 234 469
3426 4 2 1 1 257 746 244 831
3427 4 2 1 1 683 827 793 841
3428 4 2 1 1 237 731 251 799
3429 4 2 1 1 194 203 216 735
3430 4 2 1 1 226 344 240 764
3431 4 2 1 1 642 679 772 785
3432 4 2 1 1 648 751 719 844
3433 4 2 1 1 526 516 584 748
3434 4 2 1 1 548 705 766 859
3435 4 2 1 1 581 617 680 864
3436 4 2 1 1 410 411 409 733
3437 4 2 1 1 129 161 148 734
3438 4 2 1 1 255 146 272 746
3439 4 2 1 1 693 630 795 818
3440 4 2 1 1 231 339 706 788
3441 4 2 1 1 329 120 32 807
3442 4 2 1 1 719 751 629 844
3443 4 2 1 1 73 399 471 251
3444 4 2 1 1 641 823 697 858
3445 4 2 1 1 122 587 14 140
3446 4 2 1 1 394 393 391 695
3447 4 2 1 1 639 766 705 825
3448 4 2 1 1 681 825 744 836
3449 4 2 1 1 668 798 791 846
3450 4 2 1 1 634 757 739 803
3451 4 2 1 1 430 463 429 712
3452 4 2 1 1 284 701 431 865
3453 4 2 1 1 292 321 318 840
3454 4 2 1 1 499 570 497 790
3455 4 2 1 1 231 230 260 706
3456 4 2 1 1 67 171 183 426
3457 4 2 1 1 314 285 286 865
3458 4 2 1 1 176 194 44 574
3459 4 2 1 1 204 485 46 600
3460 4 2 1 1 70 468 344 226
3461 4 2 1 1 140 149 122 715
3462 4 2 1 1 642 762 737 821
3463 4 2 1 1 452 454 337 702
3464 4 2 1 1 401 423 400 807
3465 4 2 1 1 163 147 309 750
3466 4 2 1 1 61 450 335 804
3467 4 2 1 1 643 796 665 802
3468 4 2 1 1 154 815 139 848
3469 4 2 1 1 536 593 534 754
3470 4 2 1 1 61 184 190 804
3471 4 2 1 1 645 680 762 821
3472 4 2 1 1 163 309 326 750
3473 4 2 1 1 266 227 731 856
3474 4 2 1 1 640 769 679 817
3475 4 2 1 1 683 793 652 841
3476 4 2 1 1 245 256 228 729
3477 4 2 1 1 92 448 280 294
3478 4 2 1 1 716 801 644 813
3479 4 2 1 1 407 405 406 730
3480 4 2 1 1 139 781 138 848
3481 4 2 1 1 441 734 343 833
3482 4 2 1 1 699 660 776 834
3483 4 2 1 1 364 370 363 801
3484 4 2 1 1 671 641 775 839
3485 4 2 1 1 634 757 803 842
3486 4 2 1 1 638 676 806 811
3487 4 2 1 1 543 541 531 780
3488 4 2 1 1 330 455 451 794
3489 4 2 1 1 224 86 616 246
3490 4 2 1 1 488 277 566 755
3491 4 2 1 1 126 119 720 843
3492 4 2 1 1 552 530 522 805
3493 4 2 1 1 350 351 352 778
3494 4 2 1 1 435 353 351 778
3495 4 2 1 1 395 731 398 836
3496 4 2 1 1 35 436 333 151
3497 4 2 1 1 99 470 279 285
3498 4 2 1 1 658 730 793 835
3499 4 2 1 1 126 156 159 796
3500 4 2 1 1 452 439 454 783
3501 4 2 1 1 461 78 234 469
3502 4 2 1 1 349 382 351 824
3503 4 2 1 1 164 472 327 734
3504 4 2 1 1 406 452 453 783
3505 4 2 1 1 495 494 591 797
3506 4 2 1 1 746 814 659 831
3507 4 2 1 1 403 701 421 845
3508 4 2 1 1 599 587 546 715
3509 4 2 1 1 453 753 460 835
3510 4 2 1 1 354 352 353 778
3511 4 2 1 1 744 816 653 851
3512 4 2 1 1 641 697 839 858
3513 4 2 1 1 457 752 341 822
3514 4 2 1 1 143 720 586 830
3515 4 2 1 1 680 652 832 841
3516 4 2 1 1 329 32 423 807
3517 4 2 1 1 151 333 36 117
3518 4 2 1 1 205 171 66 337
3519 4 2 1 1 651 819 734 833
3520 4 2 1 1 631 679 783 817
3521 4 2 1 1 391 389 763 851
3522 4 2 1 1 559 606 776 800
3523 4 2 1 1 631 702 724 789
3524 4 2 1 1 398 445 378 836
3525 4 2 1 1 71 468 226 235
3526 4 2 1 1 580 566 747 863
3527 4 2 1 1 151 35 436 116
3528 4 2 1 1 283 721 311 840
3529 4 2 1 1 156 121 154 830
3530 4 2 1 1 225 469 77 788
3531 4 2 1 1 364 440 373 801
3532 4 2 1 1 65 205 337 415
3533 4 2 1 1 568 570 569 830
3534 4 2 1 1 546 587 575 715
3535 4 2 1 1 594 757 582 862
3536 4 2 1 1 669 803 757 842
3537 4 2 1 1 252 198 219 752
3538 4 2 1 1 391 763 425 854
3539 4 2 1 1 545 548 549 705
3540 4 2 1 1 181 205 213 702
3541 4 2 1 1 532 499 501 722
3542 4 2 1 1 282 312 827 841
3543 4 2 1 1 19 586 568 830
3544 4 2 1 1 633 703 741 861
3545 4 2 1 1 397 395 836 847
3546 4 2 1 1 252 219 271 752
3547 4 2 1 1 19 143 586 830
3548 4 2 1 1 120 136 32 807
3549 4 2 1 1 643 790 688 810
3550 4 2 1 1 389 425 391 763
3551 4 2 1 1 295 278 581 109
3552 4 2 1 1 493 746 546 831
3553 4 2 1 1 564 515 533 741
3554 4 2 1 1 636 760 698 812
3555 4 2 1 1 488 612 577 721
3556 4 2 1 1 228 241 88 619
3557 4 2 1 1 577 104 488 313
3558 4 2 1 1 578 524 517 700
3559 4 2 1 1 647 670 795 825
3560 4 2 1 1 325 218 199 753
3561 4 2 1 1 165 144 253 742
3562 4 2 1 1 619 561 729 834
3563 4 2 1 1 158 750 123 797
3564 4 2 1 1 182 179 178 718
3565 4 2 1 1 503 505 572 711
3566 4 2 1 1 261 837 227 856
3567 4 2 1 1 468 71 336 235
3568 4 2 1 1 447 740 412 818
3569 4 2 1 1 138 139 137 781
3570 4 2 1 1 199 306 325 753
3571 4 2 1 1 797 819 685 843
3572 4 2 1 1 129 734 148 833
3573 4 2 1 1 273 165 253 742
3574 4 2 1 1 123 750 494 797
3575 4 2 1 1 639 836 731 847
3576 4 2 1 1 743 689 844 863
3577 4 2 1 1 205 65 170 415
3578 4 2 1 1 633 842 703 861
3579 4 2 1 1 560 596 529 699
3580 4 2 1 1 395 399 398 731
3581 4 2 1 1 430 464 332 709
3582 4 2 1 1 740 795 630 818
3583 4 2 1 1 718 771 631 789
3584 4 2 1 1 631 771 677 817
3585 4 2 1 1 547 766 545 828
3586 4 2 1 1 302 315 281 709
3587 4 2 1 1 470 99 334 285
3588 4 2 1 1 486 543 545 828
3589 4 2 1 1 428 359 367 792
3590 4 2 1 1 61 190 450 804
3591 4 2 1 1 395 731 836 847
3592 4 2 1 1 421 403 431 701
3593 4 2 1 1 641 792 674 839
3594 4 2 1 1 781 815 655 848
3595 4 2 1 1 217 624 328 738
3596 4 2 1 1 396 425 437 726
3597 4 2 1 1 549 705 548 859
3598 4 2 1 1 552 522 524 805
3599 4 2 1 1 509 510 506 739
3600 4 2 1 1 638 806 692 811
3601 4 2 1 1 690 781 655 848
3602 4 2 1 1 251 237 266 731
3603 4 2 1 1 281 95 416 305
3604 4 2 1 1 264 238 240 764
3605 4 2 1 1 489 727 562 834
3606 4 2 1 1 316 284 302 701
3607 4 2 1 1 349 802 347 824
3608 4 2 1 1 478 388 462 826
3609 4 2 1 1 131 160 133 765
3610 4 2 1 1 484 295 581 109
3611 4 2 1 1 523 590 732 852
3612 4 2 1 1 467 402 405 772
3613 4 2 1 1 586 720 497 830
3614 4 2 1 1 667 816 780 828
3615 4 2 1 1 441 346 826 833
3616 4 2 1 1 429 404 430 712
3617 4 2 1 1 425 726 396 854
3618 4 2 1 1 274 625 220 735
3619 4 2 1 1 397 370 381 744
3620 4 2 1 1 290 292 708 840
3621 4 2 1 1 612 488 567 755
3622 4 2 1 1 754 791 640 798
3623 4 2 1 1 348 433 388 713
3624 4 2 1 1 477 740 465 837
3625 4 2 1 1 543 531 547 828
3626 4 2 1 1 126 143 156 720
3627 4 2 1 1 607 491 611 735
3628 4 2 1 1 756 853 657 855
3629 4 2 1 1 338 305 416 94
3630 4 2 1 1 86 481 616 246
3631 4 2 1 1 641 700 761 775
3632 4 2 1 1 471 72 251 235
3633 4 2 1 1 136 423 32 807
3634 4 2 1 1 339 77 469 788
3635 4 2 1 1 646 741 703 861
3636 4 2 1 1 317 287 288 835
3637 4 2 1 1 571 614 482 808
3638 4 2 1 1 448 343 441 734
3639 4 2 1 1 397 378 370 744
3640 4 2 1 1 499 498 500 790
3641 4 2 1 1 739 803 757 862
3642 4 2 1 1 630 740 706 777
3643 4 2 1 1 696 796 643 802
3644 4 2 1 1 559 558 606 800
3645 4 2 1 1 453 407 730 835
3646 4 2 1 1 641 697 792 839
3647 4 2 1 1 344 396 449 742
3648 4 2 1 1 639 744 836 847
3649 4 2 1 1 240 70 344 226
3650 4 2 1 1 105 488 277 566
3651 4 2 1 1 159 142 116 696
3652 4 2 1 1 603 576 602 718
3653 4 2 1 1 115 134 152 686
3654 4 2 1 1 607 611 561 729
3655 4 2 1 1 280 290 292 708
3656 4 2 1 1 442 376 387 760
3657 4 2 1 1 489 88 241 619
3658 4 2 1 1 633 693 768 861
3659 4 2 1 1 506 582 507 803
3660 4 2 1 1 438 792 429 823
3661 4 2 1 1 72 471 336 235
3662 4 2 1 1 606 609 485 800
3663 4 2 1 1 456 424 335 725
3664 4 2 1 1 551 759 563 852
3665 4 2 1 1 697 792 438 823
3666 4 2 1 1 310 322 299 827
3667 4 2 1 1 720 796 126 843
3668 4 2 1 1 344 742 240 764
3669 4 2 1 1 644 853 756 855
3670 4 2 1 1 397 744 381 851
3671 4 2 1 1 397 381 847 851
3672 4 2 1 1 359 354 356 745
3673 4 2 1 1 627 481 615 687
3674 4 2 1 1 700 642 762 805
3675 4 2 1 1 404 691 374 845
3676 4 2 1 1 729 776 660 834
3677 4 2 1 1 483 497 586 720
3678 4 2 1 1 361 365 768 838
3679 4 2 1 1 626 583 538 743
3680 4 2 1 1 430 332 416 809
3681 4 2 1 1 599 546 493 746
3682 4 2 1 1 380 439 406 783
3683 4 2 1 1 339 412 466 706
3684 4 2 1 1 647 795 681 825
3685 4 2 1 1 397 847 744 851
3686 4 2 1 1 387 760 376 812
3687 4 2 1 1 632 765 715 787
3688 4 2 1 1 104 577 283 313
3689 4 2 1 1 490 550 575 787
3690 4 2 1 1 506 507 505 803
3691 4 2 1 1 239 270 237 758
3692 4 2 1 1 648 844 689 863
3693 4 2 1 1 395 398 397 836
3694 4 2 1 1 95 416 332 281
3695 4 2 1 1 680 652 821 832
3696 4 2 1 1 227 251 266 731
3697 4 2 1 1 610 492 603 738
3698 4 2 1 1 274 245 625 735
3699 4 2 1 1 496 498 497 790
3700 4 2 1 1 361 365 362 768
3701 4 2 1 1 482 580 566 747
3702 4 2 1 1 391 851 763 854
3703 4 2 1 1 278 296 295 841
3704 4 2 1 1 706 740 630 818
3705 4 2 1 1 299 328 624 738
3706 4 2 1 1 294 327 472 734
3707 4 2 1 1 510 509 517 739
3708 4 2 1 1 126 125 119 843
3709 4 2 1 1 438 428 429 792
3710 4 2 1 1 494 598 591 750
3711 4 2 1 1 481 85 249 246
3712 4 2 1 1 115 573 16 150
3713 4 2 1 1 149 160 122 715
3714 4 2 1 1 229 265 257 814
3715 4 2 1 1 322 738 299 827
3716 4 2 1 1 323 302 284 701
3717 4 2 1 1 603 557 610 827
3718 4 2 1 1 225 77 231 788
3719 4 2 1 1 131 133 118 726
3720 4 2 1 1 323 701 284 832
3721 4 2 1 1 535 558 525 714
3722 4 2 1 1 305 320 291 809
3723 4 2 1 1 542 537 601 749
3724 4 2 1 1 551 563 540 852
3725 4 2 1 1 637 684 850 852
3726 4 2 1 1 562 489 616 727
3727 4 2 1 1 249 223 84 621
3728 4 2 1 1 560 776 559 834
3729 4 2 1 1 84 549 249 621
3730 4 2 1 1 352 438 369 823
3731 4 2 1 1 186 191 190 804
3732 4 2 1 1 434 376 442 760
3733 4 2 1 1 669 773 756 853
3734 4 2 1 1 63 458 174 794
3735 4 2 1 1 719 751 648 809
3736 4 2 1 1 597 615 595 859
3737 4 2 1 1 195 192 196 794
3738 4 2 1 1 172 189 187 822
3739 4 2 1 1 671 775 739 839
3740 4 2 1 1 148 155 117 819
3741 4 2 1 1 554 578 579 761
3742 4 2 1 1 649 774 694 842
3743 4 2 1 1 477 412 447 740
3744 4 2 1 1 348 347 349 802
3745 4 2 1 1 339 411 410 788
3746 4 2 1 1 638 776 717 800
3747 4 2 1 1 614 554 580 860
3748 4 2 1 1 137 132 136 807
3749 4 2 1 1 749 798 636 846
3750 4 2 1 1 457 461 341 752
3751 4 2 1 1 424 457 341 822
3752 4 2 1 1 272 166 623 746
3753 4 2 1 1 283 319 721 840
3754 4 2 1 1 266 261 227 856
3755 4 2 1 1 397 836 744 847
3756 4 2 1 1 745 792 697 839
3757 4 2 1 1 359 356 360 745
3758 4 2 1 1 705 825 766 859
3759 4 2 1 1 277 303 106 566
3760 4 2 1 1 399 73 227 251
3761 4 2 1 1 184 172 185 725
3762 4 2 1 1 332 96 316 421
3763 4 2 1 1 127 155 125 843
3764 4 2 1 1 303 106 566 482
3765 4 2 1 1 342 460 453 753
3766 4 2 1 1 523 540 590 852
3767 4 2 1 1 129 472 164 734
3768 4 2 1 1 128 125 819 843
3769 4 2 1 1 393 847 381 851
3770 4 2 1 1 372 368 377 767
3771 4 2 1 1 224 616 87 241
3772 4 2 1 1 303 304 301 747
3773 4 2 1 1 407 406 453 730
3774 4 2 1 1 339 231 77 788
3775 4 2 1 1 489 87 616 241
3776 4 2 1 1 177 624 217 738
3777 4 2 1 1 644 756 732 855
3778 4 2 1 1 391 381 389 851
3779 4 2 1 1 296 314 286 832
3780 4 2 1 1 169 204 46 600
3781 4 2 1 1 393 695 847 851
3782 4 2 1 1 638 800 717 849
3783 4 2 1 1 539 575 550 787
3784 4 2 1 1 681 647 825 836
3785 4 2 1 1 553 762 524 860
3786 4 2 1 1 63 174 195 794
3787 4 2 1 1 239 259 223 758
3788 4 2 1 1 639 723 816 828
3789 4 2 1 1 393 397 381 847
3790 4 2 1 1 128 819 797 843
3791 4 2 1 1 561 559 776 834
3792 4 2 1 1 243 242 269 777
3793 4 2 1 1 283 311 319 840
3794 4 2 1 1 163 326 622 750
3795 4 2 1 1 236 764 238 814
3796 4 2 1 1 63 330 458 794
3797 4 2 1 1 450 392 459 804
3798 4 2 1 1 230 466 75 262
3799 4 2 1 1 266 270 250 856
3800 4 2 1 1 125 126 127 843
3801 4 2 1 1 737 762 642 805
3802 4 2 1 1 533 515 521 741
3803 4 2 1 1 761 762 645 860
3804 4 2 1 1 480 601 605 784
3805 4 2 1 1 194 220 625 735
3806 4 2 1 1 127 159 151 796
3807 4 2 1 1 197 175 49 784
3808 4 2 1 1 553 552 524 762
3809 4 2 1 1 756 773 657 853
3810 4 2 1 1 119 143 126 720
3811 4 2 1 1 249 549 85 481
3812 4 2 1 1 137 139 152 781
3813 4 2 1 1 580 579 613 863
3814 4 2 1 1 480 49 175 784
3815 4 2 1 1 228 256 258 729
3816 4 2 1 1 331 75 466 262
3817 4 2 1 1 332 96 281 316
3818 4 2 1 1 63 195 330 794
3819 4 2 1 1 402 372 380 772
3820 4 2 1 1 399 395 471 731
3821 4 2 1 1 278 300 297 808
3822 4 2 1 1 561 776 729 834
3823 4 2 1 1 397 398 378 836
3824 4 2 1 1 124 125 797 843
3825 4 2 1 1 394 344 468 764
3826 4 2 1 1 126 796 127 843
3827 4 2 1 1 19 568 121 830
3828 4 2 1 1 441 345 346 833
3829 4 2 1 1 206 186 188 849
3830 4 2 1 1 571 614 808 860
3831 4 2 1 1 402 372 772 820
3832 4 2 1 1 284 832 701 865
3833 4 2 1 1 780 816 723 828
3834 4 2 1 1 289 291 290 751
3835 4 2 1 1 743 810 629 844
3836 4 2 1 1 680 832 296 841
3837 4 2 1 1 645 808 747 860
3838 4 2 1 1 614 580 482 747
3839 4 2 1 1 588 502 519 736
3840 4 2 1 1 511 515 564 773
3841 4 2 1 1 241 242 224 727
3842 4 2 1 1 362 365 366 768
3843 4 2 1 1 154 139 138 848
3844 4 2 1 1 547 548 545 766
3845 4 2 1 1 148 819 117 833
3846 4 2 1 1 19 121 143 830
3847 4 2 1 1 597 596 562 770
3848 4 2 1 1 76 231 339 466
3849 4 2 1 1 443 386 384 829
3850 4 2 1 1 229 814 257 831
3851 4 2 1 1 290 291 293 751
3852 4 2 1 1 282 295 312 841
3853 4 2 1 1 588 579 578 775
3854 4 2 1 1 325 474 218 753
3855 4 2 1 1 620 282 111 827
3856 4 2 1 1 111 610 620 827
3857 4 2 1 1 189 475 219 752
3858 4 2 1 1 163 622 123 750
3859 4 2 1 1 325 288 474 753
3860 4 2 1 1 234 271 475 752
3861 4 2 1 1 219 475 271 752
3862 4 2 1 1 296 832 286 841
3863 4 2 1 1 312 287 310 793
3864 4 2 1 1 608 47 600 786
3865 4 2 1 1 420 349 347 824
3866 4 2 1 1 723 639 766 828
3867 4 2 1 1 165 473 135 742
3868 4 2 1 1 701 821 652 832
3869 4 2 1 1 240 473 273 742
3870 4 2 1 1 128 797 125 843
3871 4 2 1 1 653 816 763 851
3872 4 2 1 1 590 514 523 732
3873 4 2 1 1 140 623 166 746
3874 4 2 1 1 83 621 259 486
3875 4 2 1 1 477 447 465 740
3876 4 2 1 1 244 272 623 746
3877 4 2 1 1 155 819 125 843
3878 4 2 1 1 613 583 626 743
3879 4 2 1 1 607 561 559 776
3880 4 2 1 1 619 489 561 834
3881 4 2 1 1 111 299 610 827
3882 4 2 1 1 301 297 300 808
3883 4 2 1 1 129 343 472 734
3884 4 2 1 1 314 323 284 832
3885 4 2 1 1 732 850 644 855
3886 4 2 1 1 448 294 472 734
3887 4 2 1 1 298 622 326 750
3888 4 2 1 1 287 793 279 835
3889 4 2 1 1 273 473 165 742
3890 4 2 1 1 577 612 628 721
3891 4 2 1 1 619 561 611 729
3892 4 2 1 1 299 111 282 827
3893 4 2 1 1 537 542 535 749
3894 4 2 1 1 401 390 413 779
3895 4 2 1 1 479 18 568 815
3896 4 2 1 1 655 781 759 815
3897 4 2 1 1 177 492 624 738
3898 4 2 1 1 553 571 581 808
3899 4 2 1 1 556 602 589 771
3900 4 2 1 1 413 401 779 857
3901 4 2 1 1 128 158 123 797
3902 4 2 1 1 608 207 47 786
3903 4 2 1 1 232 233 225 788
3904 4 2 1 1 183 218 474 753
3905 4 2 1 1 611 625 245 735
3906 4 2 1 1 552 555 737 864
3907 4 2 1 1 621 259 223 83
3908 4 2 1 1 331 477 465 837
3909 4 2 1 1 674 792 745 839
3910 4 2 1 1 364 373 370 801
3911 4 2 1 1 293 324 277 755
3912 4 2 1 1 194 625 491 735
3913 4 2 1 1 570 586 497 830
3914 4 2 1 1 610 299 624 738
3915 4 2 1 1 466 76 231 230
3916 4 2 1 1 299 308 328 738
3917 4 2 1 1 476 463 417 719
3918 4 2 1 1 416 338 417 809
3919 4 2 1 1 293 277 313 755
3920 4 2 1 1 294 307 327 734
3921 4 2 1 1 561 560 559 834
3922 4 2 1 1 558 609 606 800
3923 4 2 1 1 299 738 610 827
3924 4 2 1 1 701 832 652 865
3925 4 2 1 1 410 446 412 818
3926 4 2 1 1 329 423 401 807
3927 4 2 1 1 274 254 245 735
3928 4 2 1 1 384 442 443 829
3929 4 2 1 1 299 322 308 738
3930 4 2 1 1 552 617 555 864
3931 4 2 1 1 567 755 566 863
3932 4 2 1 1 132 134 131 765
3933 4 2 1 1 422 364 358 813
3934 4 2 1 1 447 412 446 818
3935 4 2 1 1 547 528 548 766
3936 4 2 1 1 284 314 832 865
3937 4 2 1 1 238 236 226 764
3938 4 2 1 1 361 363 414 838
3939 4 2 1 1 129 343 734 833
3940 4 2 1 1 489 562 560 834
3941 4 2 1 1 135 473 449 742
3942 4 2 1 1 209 181 179 789
3943 4 2 1 1 341 475 189 752
3944 4 2 1 1 649 703 842 861
3945 4 2 1 1 494 123 622 750
3946 4 2 1 1 623 140 599 746
3947 4 2 1 1 268 245 254 735
3948 4 2 1 1 514 508 513 756
3949 4 2 1 1 121 568 815 830
3950 4 2 1 1 129 164 145 734
3951 4 2 1 1 503 585 501 782
3952 4 2 1 1 571 553 614 860
3953 4 2 1 1 175 210 208 784
3954 4 2 1 1 411 457 409 733
3955 4 2 1 1 543 547 545 828
3956 4 2 1 1 502 503 501 782
3957 4 2 1 1 428 438 359 792
3958 4 2 1 1 237 251 235 799
3959 4 2 1 1 571 808 553 860
3960 4 2 1 1 393 336 395 847
3961 4 2 1 1 581 484 617 864
3962 4 2 1 1 390 401 400 779
3963 4 2 1 1 479 153 18 815
3964 4 2 1 1 189 58 219 475
3965 4 2 1 1 177 217 201 738
3966 4 2 1 1 184 186 190 804
3967 4 2 1 1 161 129 145 734
3968 4 2 1 1 138 141 142 848
3969 4 2 1 1 28 473 135 165
3970 4 2 1 1 287 286 279 793
3971 4 2 1 1 463 369 429 823
3972 4 2 1 1 348 346 347 802
3973 4 2 1 1 387 376 385 812
3974 4 2 1 1 214 203 176 717
3975 4 2 1 1 307 294 318 734
3976 4 2 1 1 146 162 140 746
3977 4 2 1 1 530 552 555 737
3978 4 2 1 1 183 474 342 753
3979 4 2 1 1 267 255 244 746
3980 4 2 1 1 589 602 604 771
3981 4 2 1 1 450 459 335 804
3982 4 2 1 1 215 199 183 753
3983 4 2 1 1 37 345 343 833
3984 4 2 1 1 248 243 269 777
3985 4 2 1 1 461 234 475 752
3986 4 2 1 1 474 288 460 753
3987 4 2 1 1 536 605 593 754
3988 4 2 1 1 513 511 564 773
3989 4 2 1 1 402 380 405 772
3990 4 2 1 1 229 81 618 831
3991 4 2 1 1 622 298 598 750
3992 4 2 1 1 361 414 365 838
3993 4 2 1 1 381 391 393 851
3994 4 2 1 1 309 321 298 750
3995 4 2 1 1 177 624 53 217
3996 4 2 1 1 220 254 42 274
3997 4 2 1 1 217 328 57 308
3998 4 2 1 1 551 569 563 759
3999 4 2 1 1 253 165 9 144
4000 4 2 1 1 198 39 252 219
4001 4 2 1 1 273 165 9 253
4002 4 2 1 1 563 590 540 852
4003 4 2 1 1 37 343 129 833
4004 4 2 1 1 216 200 194 735
4005 4 2 1 1 473 240 344 742
4006 4 2 1 1 123 163 23 622
4007 4 2 1 1 27 147 309 163
4008 4 2 1 1 568 569 479 815
4009 4 2 1 1 57 217 308 201
4010 4 2 1 1 288 325 474 101
4011 4 2 1 1 271 234 475 79
4012 4 2 1 1 12 166 272 146
4013 4 2 1 1 219 39 252 271
4014 4 2 1 1 124 125 128 797
4015 4 2 1 1 326 27 309 163
4016 4 2 1 1 201 212 177 738
4017 4 2 1 1 194 200 220 735
4018 4 2 1 1 171 209 202 724
4019 4 2 1 1 549 548 615 859
4020 4 2 1 1 143 121 156 830
4021 4 2 1 1 404 374 403 845
4022 4 2 1 1 128 125 155 819
4023 4 2 1 1 169 600 47 786
4024 4 2 1 1 345 37 117 833
4025 4 2 1 1 157 144 135 742
4026 4 2 1 1 253 264 240 742
4027 4 2 1 1 328 624 112 299
4028 4 2 1 1 245 274 625 90
4029 4 2 1 1 493 244 623 746
4030 4 2 1 1 255 12 272 146
4031 4 2 1 1 200 254 42 220
4032 4 2 1 1 198 211 189 752
4033 4 2 1 1 145 327 24 307
4034 4 2 1 1 317 288 306 753
4035 4 2 1 1 164 327 24 145
4036 4 2 1 1 218 199 54 325
4037 4 2 1 1 220 43 194 625
4038 4 2 1 1 179 181 180 789
4039 4 2 1 1 199 306 54 325
4040 4 2 1 1 183 218 68 474
4041 4 2 1 1 226 240 238 764
4042 4 2 1 1 234 263 252 752
4043 4 2 1 1 270 239 223 758
4044 4 2 1 1 493 244 746 831
4045 4 2 1 1 411 339 469 788
4046 4 2 1 1 453 460 407 835
4047 4 2 1 1 147 123 158 750
4048 4 2 1 1 137 136 120 807
4049 4 2 1 1 166 13 623 140
4050 4 2 1 1 129 472 38 164
4051 4 2 1 1 147 163 123 750
4052 4 2 1 1 488 566 567 755
4053 4 2 1 1 417 430 416 809
4054 4 2 1 1 18 121 568 815
4055 4 2 1 1 240 473 69 273
4056 4 2 1 1 140 166 146 746
4057 4 2 1 1 244 255 272 746
4058 4 2 1 1 229 244 81 831
4059 4 2 1 1 588 578 509 775
4060 4 2 1 1 413 419 401 857
4061 4 2 1 1 28 473 449 135
4062 4 2 1 1 58 189 341 475
4063 4 2 1 1 207 169 47 786
4064 4 2 1 1 236 238 265 814
4065 4 2 1 1 596 597 533 770
4066 4 2 1 1 472 91 327 294
4067 4 2 1 1 460 753 288 835
4068 4 2 1 1 379 409 408 811
4069 4 2 1 1 593 537 592 846
4070 4 2 1 1 189 219 198 752
4071 4 2 1 1 195 174 192 794
4072 4 2 1 1 464 403 421 845
4073 4 2 1 1 309 298 326 750
4074 4 2 1 1 325 306 288 753
4075 4 2 1 1 422 358 355 813
4076 4 2 1 1 493 618 81 831
4077 4 2 1 1 234 252 271 752
4078 4 2 1 1 37 129 117 833
4079 4 2 1 1 620 610 557 827
4080 4 2 1 1 399 227 74 837
4081 4 2 1 1 493 81 244 831
4082 4 2 1 1 279 470 100 835
4083 4 2 1 1 229 257 244 831
4084 4 2 1 1 240 273 253 742
4085 4 2 1 1 165 135 144 742
4086 4 2 1 1 382 419 413 857
4087 4 2 1 1 684 732 850 852
4088 4 2 1 1 286 793 312 841
4089 4 2 1 1 492 624 53 177
4090 4 2 1 1 494 123 23 622
4091 4 2 1 1 510 594 582 862
4092 4 2 1 1 282 312 310 827
4093 4 2 1 1 238 267 257 814
4094 4 2 1 1 330 451 458 794
4095 4 2 1 1 623 80 272 244
4096 4 2 1 1 296 297 323 832
4097 4 2 1 1 183 199 218 753
4098 4 2 1 1 460 288 100 835
4099 4 2 1 1 197 210 175 784
4100 4 2 1 1 557 555 484 864
4101 4 2 1 1 13 599 623 140
4102 4 2 1 1 98 334 285 865
4103 4 2 1 1 43 194 625 491
4104 4 2 1 1 290 319 292 840
4105 4 2 1 1 288 279 100 835
4106 4 2 1 1 342 183 68 474
4107 4 2 1 1 399 74 331 837
4108 4 2 1 1 343 472 38 129
4109 4 2 1 1 261 250 247 856
4110 4 2 1 1 448 472 343 734
4111 4 2 1 1 161 128 148 819
4112 4 2 1 1 326 298 102 622
4113 4 2 1 1 611 491 625 735
4114 4 2 1 1 480 605 565 784
4115 4 2 1 1 346 388 441 826
4116 4 2 1 1 460 100 470 835
4117 4 2 1 1 353 352 351 778
4118 4 2 1 1 261 248 227 837
4119 4 2 1 1 156 154 142 848
4120 4 2 1 1 234 461 475 79
4121 4 2 1 1 101 474 288 460
4122 4 2 1 1 402 374 372 820
4123 4 2 1 1 18 153 121 815
4124 4 2 1 1 456 408 409 811
4125 4 2 1 1 90 625 245 611
4126 4 2 1 1 610 624 492 738
4127 4 2 1 1 610 112 624 299
4128 4 2 1 1 292 311 321 840
4129 4 2 1 1 129 148 117 833
4130 4 2 1 1 542 608 600 786
4131 4 2 1 1 206 169 193 786
4132 4 2 1 1 349 420 382 824
4133 4 2 1 1 91 472 448 294
4134 4 2 1 1 580 567 566 863
4135 4 2 1 1 227 262 74 837
4136 4 2 1 1 287 279 288 835
4137 4 2 1 1 128 123 124 797
4138 4 2 1 1 374 367 372 820
4139 4 2 1 1 344 473 69 240
4140 4 2 1 1 497 498 499 790
4141 4 2 1 1 284 431 98 865
4142 4 2 1 1 385 392 387 812
4143 4 2 1 1 160 131 134 765
4144 4 2 1 1 221 41 40 168
4145 4 2 1 1 276 26 25 113
4146 4 2 1 1 167 56 55 275
4147 4 2 1 1 11 10 114 222
4148 4 2 1 1 493 546 544 831
4149 4 2 1 1 554 553 524 860
4150 4 2 1 1 335 60 61 184
4151 4 2 1 1 30 31 130 340
4152 4 2 1 1 331 74 262 837
4153 4 2 1 1 406 439 452 783
4154 4 2 1 1 98 431 334 865
4155 4 2 1 1 119 21 20 483
4156 4 2 1 1 51 50 487 173
4157 4 2 1 1 237 235 236 799
4158 4 2 1 1 32 33 120 329
4159 4 2 1 1 284 98 285 865
4160 4 2 1 1 31 32 136 423
4161 4 2 1 1 396 394 391 854
4162 4 2 1 1 391 425 396 854
4163 4 2 1 1 537 526 592 846
4164 4 2 1 1 34 33 418 141
4165 4 2 1 1 599 493 623 746
4166 4 2 1 1 298 102 622 598
4167 4 2 1 1 510 518 594 862
4168 4 2 1 1 312 286 287 793
4169 4 2 1 1 80 623 493 244
4170 4 2 1 1 186 185 188 849
4171 4 2 1 1 296 286 312 841
4172 4 2 1 1 586 570 568 830
4173 4 2 1 1 231 232 225 788
4174 4 2 1 1 399 331 465 837
4175 4 2 1 1 450 61 62 190
4176 4 2 1 1 282 310 299 827
4177 4 2 1 1 622 598 494 750
4178 4 2 1 1 458 62 63 174
4179 4 2 1 1 195 64 63 330
4180 4 2 1 1 560 561 489 834
4181 4 2 1 1 35 34 436 116
4182 4 2 1 1 461 475 341 752
4183 4 2 1 1 121 139 154 815
4184 4 2 1 1 124 22 21 495
4185 4 2 1 1 473 344 449 742
4186 4 2 1 1 369 438 429 823
4187 4 2 1 1 474 460 342 753
4188 4 2 1 1 388 478 441 826
4189 4 2 1 1 52 51 576 178
4190 4 2 1 1 143 20 19 586
4191 4 2 1 1 159 127 126 796
4192 4 2 1 1 172 60 59 424
4193 4 2 1 1 336 71 72 235
4194 4 2 1 1 437 30 29 118
4195 4 2 1 1 284 285 314 865
4196 4 2 1 1 170 65 64 415
4197 4 2 1 1 37 36 345 117
4198 4 2 1 1 595 615 548 859
4199 4 2 1 1 94 338 289 93
4200 4 2 1 1 441 343 345 833
4201 4 2 1 1 171 67 66 426
4202 4 2 1 1 193 169 207 786
4203 4 2 1 1 44 45 176 574
4204 4 2 1 1 50 49 565 197
4205 4 2 1 1 587 14 15 122
4206 4 2 1 1 107 108 571 300
4207 4 2 1 1 580 613 567 863
4208 4 2 1 1 448 92 91 294
4209 4 2 1 1 188 185 214 849
4210 4 2 1 1 23 22 123 494
4211 4 2 1 1 106 105 277 566
4212 4 2 1 1 92 427 93 280
4213 4 2 1 1 449 29 28 135
4214 4 2 1 1 189 59 58 341
4215 4 2 1 1 262 227 248 837
4216 4 2 1 1 312 295 296 841
4217 4 2 1 1 397 393 395 847
4218 4 2 1 1 577 283 103 104
4219 4 2 1 1 492 53 52 177
4220 4 2 1 1 89 90 245 611
4221 4 2 1 1 610 111 112 299
4222 4 2 1 1 109 484 295 110
4223 4 2 1 1 99 98 334 285
4224 4 2 1 1 460 470 407 835
4225 4 2 1 1 97 98 284 431
4226 4 2 1 1 305 95 416 94
4227 4 2 1 1 573 16 17 115
4228 4 2 1 1 461 234 78 79
4229 4 2 1 1 100 101 288 460
4230 4 2 1 1 334 431 467 865
4231 4 2 1 1 344 69 70 240
4232 4 2 1 1 489 88 87 241
4233 4 2 1 1 36 35 333 151
4234 4 2 1 1 205 66 65 337
4235 4 2 1 1 121 153 139 815
4236 4 2 1 1 121 19 18 568
4237 4 2 1 1 9 10 253 144
4238 4 2 1 1 252 40 39 198
4239 4 2 1 1 77 76 231 339
4240 4 2 1 1 96 95 332 281
4241 4 2 1 1 145 24 25 307
4242 4 2 1 1 308 56 57 201
4243 4 2 1 1 46 47 169 600
4244 4 2 1 1 54 55 306 199
4245 4 2 1 1 278 108 581 109
4246 4 2 1 1 26 27 147 309
4247 4 2 1 1 74 73 227 399
4248 4 2 1 1 303 106 482 107
4249 4 2 1 1 7 624 328 217
4250 4 2 1 1 42 41 254 200
4251 4 2 1 1 255 11 12 146
4252 4 2 1 1 343 38 37 129
4253 4 2 1 1 266 250 261 856
4254 4 2 1 1 85 549 249 84
4255 4 2 1 1 5 220 274 625
4256 4 2 1 1 163 326 3 622
4257 4 2 1 1 618 493 544 831
4258 4 2 1 1 2 473 165 273
4259 4 2 1 1 271 219 6 475
4260 4 2 1 1 4 472 327 164
4261 4 2 1 1 8 218 325 474
4262 4 2 1 1 623 1 166 272
4263 4 2 1 1 102 298 103 598
4264 4 2 1 1 238 257 265 814
4265 4 2 1 1 49 48 480 175
4266 4 2 1 1 464 404 403 845
4267 4 2 1 1 13 14 599 140
4268 4 2 1 1 194 43 44 491
4269 4 2 1 1 68 67 183 342
4270 4 2 1 1 46 45 485 204
4271 4 2 1 1 150 16 15 490
4272 4 2 1 1 82 83 259 486
4273 4 2 1 1 148 128 155 819
4274 4 2 1 1 104 105 488 313
4275 4 2 1 1 479 17 18 153
4276 4 2 1 1 296 323 314 832
4277 4 2 1 1 493 81 80 244
4278 4 2 1 1 311 292 319 840
4279 4 2 1 1 223 84 621 83
4280 4 2 1 1 484 555 617 864
4281 4 2 1 1 111 620 110 282
4282 4 2 1 1 89 228 88 619
4283 4 2 1 1 138 142 154 848
4284 4 2 1 1 481 86 85 246
4285 4 2 1 1 97 316 96 421
4286 4 2 1 1 618 81 229 82
4287 4 2 1 1 470 279 100 99
4288 4 2 1 1 553 554 614 860
4289 4 2 1 1 78 77 225 469
4290 4 2 1 1 70 71 468 226
4291 4 2 1 1 47 48 207 608
4292 4 2 1 1 75 76 466 230
4293 4 2 1 1 471 72 73 251
4294 4 2 1 1 87 86 616 224
4295 4 2 1 1 163 3 23 622
4296 4 2 1 1 624 7 53 217
4297 4 2 1 1 473 28 2 165
4298 4 2 1 1 219 58 6 475
4299 4 2 1 1 623 1 13 166
4300 4 2 1 1 472 4 38 164
4301 4 2 1 1 220 5 43 625
4302 4 2 1 1 218 8 68 474
4303 4 2 1 1 624 112 7 328
4304 4 2 1 1 625 274 5 90
4305 4 2 1 1 474 325 8 101
4306 4 2 1 1 6 271 475 79
4307 4 2 1 1 328 57 7 217
4308 4 2 1 1 220 42 5 274
4309 4 2 1 1 6 39 219 271
4310 4 2 1 1 218 54 8 325
4311 4 2 1 1 326 3 27 163
4312 4 2 1 1 9 2 165 273
4313 4 2 1 1 327 24 4 164
4314 4 2 1 1 166 1 12 272
4315 4 2 1 1 473 2 69 273
4316 4 2 1 1 1 623 80 272
4317 4 2 1 1 4 472 91 327
4318 4 2 1 1 3 326 102 622
4319 4 2 1 1 331 74 75 262
4320 4 2 1 1 824 655 690 666
4321 4 2 1 1 824 690 655 696
4322 4 2 1 1 672 850 779 637
4323 4 2 1 1 779 850 672 763
4324 4 2 1 1 830 643 796 720
4325 4 2 1 1 830 796 643 655
4326 4 2 1 1 402 845 701 403
4327 4 2 1 1 701 845 402 772
4328 4 2 1 1 701 467 402 403
4329 4 2 1 1 402 467 701 772
4330 4 2 1 1 795 693 447 383
4331 4 2 1 1 818 447 693 383
4332 4 2 1 1 814 239 229 265
4333 4 2 1 1 814 229 239 667
4334 4 2 1 1 333 833 346 345
4335 4 2 1 1 346 833 333 665
4336 4 2 1 1 788 234 461 752
4337 4 2 1 1 786 175 608 207
4338 4 2 1 1 786 608 175 784
4339 4 2 1 1 764 632 814 695
4340 4 2 1 1 764 814 632 659
4341 4 2 1 1 667 814 632 695
4342 4 2 1 1 667 632 814 659
4343 4 2 1 1 765 150 686 134
4344 4 2 1 1 765 686 150 787
4345 4 2 1 1 770 646 521 699
4346 4 2 1 1 770 521 646 741
4347 4 2 1 1 795 818 447 693
4348 4 2 1 1 447 818 795 740
4349 4 2 1 1 845 402 374 403
4350 4 2 1 1 845 374 402 691
4351 4 2 1 1 858 704 688 650
4352 4 2 1 1 858 688 704 635
4353 4 2 1 1 823 433 350 650
4354 4 2 1 1 823 350 433 369
4355 4 2 1 1 410 818 788 676
4356 4 2 1 1 410 788 818 706
4357 4 2 1 1 660 788 818 676
4358 4 2 1 1 660 818 788 706
4359 4 2 1 1 842 668 703 649
4360 4 2 1 1 842 703 668 757
4361 4 2 1 1 724 337 452 426
4362 4 2 1 1 724 452 337 702
4363 4 2 1 1 724 215 182 202
4364 4 2 1 1 724 182 215 658
4365 4 2 1 1 356 663 354 355
4366 4 2 1 1 356 354 663 745
4367 4 2 1 1 777 795 687 630
4368 4 2 1 1 687 795 777 647
4369 4 2 1 1 765 130 132 672
4370 4 2 1 1 765 132 130 131
4371 4 2 1 1 799 468 394 336
4372 4 2 1 1 799 394 468 764
4373 4 2 1 1 717 216 187 203
4374 4 2 1 1 717 187 216 656
4375 4 2 1 1 723 539 523 684
4376 4 2 1 1 723 523 539 531
4377 4 2 1 1 865 772 405 652
4378 4 2 1 1 865 405 772 467
4379 4 2 1 1 807 340 400 672
4380 4 2 1 1 807 400 340 423
4381 4 2 1 1 839 664 700 739
4382 4 2 1 1 839 700 664 674
4383 4 2 1 1 115 479 17 573
4384 4 2 1 1 115 17 479 153
4385 4 2 1 1 829 368 377 384
4386 4 2 1 1 829 377 368 767
4387 4 2 1 1 608 175 48 207
4388 4 2 1 1 48 175 608 480
4389 4 2 1 1 856 237 270 758
4390 4 2 1 1 856 270 237 266
4391 4 2 1 1 782 572 673 711
4392 4 2 1 1 782 673 572 585
4393 4 2 1 1 829 444 368 384
4394 4 2 1 1 829 368 444 678
4395 4 2 1 1 822 849 638 717
4396 4 2 1 1 638 849 822 725
4397 4 2 1 1 864 620 841 484
4398 4 2 1 1 864 841 620 827
4399 4 2 1 1 282 841 620 484
4400 4 2 1 1 282 620 841 827
4401 4 2 1 1 389 779 728 390
4402 4 2 1 1 728 779 389 763
4403 4 2 1 1 728 373 389 390
4404 4 2 1 1 389 373 728 763
4405 4 2 1 1 800 806 776 714
4406 4 2 1 1 776 806 800 638
4407 4 2 1 1 748 535 525 714
4408 4 2 1 1 748 525 535 526
4409 4 2 1 1 811 457 822 733
4410 4 2 1 1 811 822 457 456
4411 4 2 1 1 298 577 721 283
4412 4 2 1 1 721 577 298 598
4413 4 2 1 1 800 574 607 717
4414 4 2 1 1 800 607 574 606
4415 4 2 1 1 229 486 82 259
4416 4 2 1 1 82 486 229 618
4417 4 2 1 1 829 679 377 767
4418 4 2 1 1 829 377 679 769
4419 4 2 1 1 776 529 560 559
4420 4 2 1 1 776 560 529 699
4421 4 2 1 1 484 282 110 620
4422 4 2 1 1 110 282 484 295
4423 4 2 1 1 828 544 486 543
4424 4 2 1 1 828 486 544 667
4425 4 2 1 1 619 241 834 228
4426 4 2 1 1 619 834 241 489
4427 4 2 1 1 861 694 649 768
4428 4 2 1 1 861 649 694 842
4429 4 2 1 1 260 788 660 232
4430 4 2 1 1 660 788 260 706
4431 4 2 1 1 285 470 835 334
4432 4 2 1 1 285 835 470 279
4433 4 2 1 1 864 552 762 737
4434 4 2 1 1 864 762 552 617
4435 4 2 1 1 490 122 15 150
4436 4 2 1 1 15 122 490 587
4437 4 2 1 1 815 551 569 479
4438 4 2 1 1 815 569 551 759
4439 4 2 1 1 828 705 639 766
4440 4 2 1 1 828 639 705 758
4441 4 2 1 1 574 204 717 485
4442 4 2 1 1 717 204 574 176
4443 4 2 1 1 787 541 546 780
4444 4 2 1 1 787 546 541 575
4445 4 2 1 1 860 680 645 808
4446 4 2 1 1 860 645 680 762
4447 4 2 1 1 775 858 689 641
4448 4 2 1 1 689 858 775 736
4449 4 2 1 1 611 228 89 619
4450 4 2 1 1 611 89 228 245
4451 4 2 1 1 234 469 788 461
4452 4 2 1 1 788 469 234 225
4453 4 2 1 1 262 466 837 230
4454 4 2 1 1 262 837 466 331
4455 4 2 1 1 421 284 97 316
4456 4 2 1 1 421 97 284 431
4457 4 2 1 1 841 278 864 295
4458 4 2 1 1 841 864 278 680
$EndElements
