$MeshFormat
2.2 0 8
$EndMeshFormat
$PhysicalNames
2
2 2 "pec"
3 1 "vacuum"
$EndPhysicalNames
$Nodes
2356
1 -11 -11 7.7
2 -11 -11 0
3 -11 11 7.7
4 -11 11 0
5 11 -11 7.7
6 11 -11 0
7 11 11 7.7
8 11 11 0
9 -11 -11 1.100000000000001
10 -11 -11 2.200000000000004
11 -11 -11 3.300000000000004
12 -11 -11 4.400000000000005
13 -11 -11 5.500000000000005
14 -11 -11 6.600000000000002
15 -11 -9.777777777777779 7.7
16 -11 -8.555555555555555 7.7
17 -11 -7.333333333333334 7.7
18 -11 -6.111111111111111 7.7
19 -11 -4.888888888888889 7.7
20 -11 -3.666666666666667 7.7
21 -11 -2.444444444444445 7.7
22 -11 -1.222222222222221 7.7
23 -11 0 7.7
24 -11 1.222222222222221 7.7
25 -11 2.444444444444445 7.7
26 -11 3.666666666666666 7.7
27 -11 4.888888888888889 7.7
28 -11 6.111111111111111 7.7
29 -11 7.333333333333332 7.7
30 -11 8.555555555555557 7.7
31 -11 9.777777777777779 7.7
32 -11 11 1.100000000000001
33 -11 11 2.200000000000004
34 -11 11 3.300000000000004
35 -11 11 4.400000000000005
36 -11 11 5.500000000000005
37 -11 11 6.600000000000002
38 -11 -9.777777777777779 0
39 -11 -8.555555555555555 0
40 -11 -7.333333333333334 0
41 -11 -6.111111111111111 0
42 -11 -4.888888888888889 0
43 -11 -3.666666666666667 0
44 -11 -2.444444444444445 0
45 -11 -1.222222222222221 0
46 -11 0 0
47 -11 1.222222222222221 0
48 -11 2.444444444444445 0
49 -11 3.666666666666666 0
50 -11 4.888888888888889 0
51 -11 6.111111111111111 0
52 -11 7.333333333333332 0
53 -11 8.555555555555557 0
54 -11 9.777777777777779 0
55 11 -11 1.100000000000001
56 11 -11 2.200000000000004
57 11 -11 3.300000000000004
58 11 -11 4.400000000000005
59 11 -11 5.500000000000005
60 11 -11 6.600000000000002
61 11 -9.777777777777779 7.7
62 11 -8.555555555555555 7.7
63 11 -7.333333333333334 7.7
64 11 -6.111111111111111 7.7
65 11 -4.888888888888889 7.7
66 11 -3.666666666666667 7.7
67 11 -2.444444444444445 7.7
68 11 -1.222222222222221 7.7
69 11 0 7.7
70 11 1.222222222222221 7.7
71 11 2.444444444444445 7.7
72 11 3.666666666666666 7.7
73 11 4.888888888888889 7.7
74 11 6.111111111111111 7.7
75 11 7.333333333333332 7.7
76 11 8.555555555555557 7.7
77 11 9.777777777777779 7.7
78 11 11 1.100000000000001
79 11 11 2.200000000000004
80 11 11 3.300000000000004
81 11 11 4.400000000000005
82 11 11 5.500000000000005
83 11 11 6.600000000000002
84 11 -9.777777777777779 0
85 11 -8.555555555555555 0
86 11 -7.333333333333334 0
87 11 -6.111111111111111 0
88 11 -4.888888888888889 0
89 11 -3.666666666666667 0
90 11 -2.444444444444445 0
91 11 -1.222222222222221 0
92 11 0 0
93 11 1.222222222222221 0
94 11 2.444444444444445 0
95 11 3.666666666666666 0
96 11 4.888888888888889 0
97 11 6.111111111111111 0
98 11 7.333333333333332 0
99 11 8.555555555555557 0
100 11 9.777777777777779 0
101 -9.777777777777779 -11 0
102 -8.555555555555555 -11 0
103 -7.333333333333334 -11 0
104 -6.111111111111111 -11 0
105 -4.888888888888889 -11 0
106 -3.666666666666667 -11 0
107 -2.444444444444445 -11 0
108 -1.222222222222221 -11 0
109 0 -11 0
110 1.222222222222221 -11 0
111 2.444444444444445 -11 0
112 3.666666666666666 -11 0
113 4.888888888888889 -11 0
114 6.111111111111111 -11 0
115 7.333333333333332 -11 0
116 8.555555555555557 -11 0
117 9.777777777777779 -11 0
118 -9.777777777777779 -11 7.7
119 -8.555555555555555 -11 7.7
120 -7.333333333333334 -11 7.7
121 -6.111111111111111 -11 7.7
122 -4.888888888888889 -11 7.7
123 -3.666666666666667 -11 7.7
124 -2.444444444444445 -11 7.7
125 -1.222222222222221 -11 7.7
126 0 -11 7.7
127 1.222222222222221 -11 7.7
128 2.444444444444445 -11 7.7
129 3.666666666666666 -11 7.7
130 4.888888888888889 -11 7.7
131 6.111111111111111 -11 7.7
132 7.333333333333332 -11 7.7
133 8.555555555555557 -11 7.7
134 9.777777777777779 -11 7.7
135 -9.777777777777779 11 0
136 -8.555555555555555 11 0
137 -7.333333333333334 11 0
138 -6.111111111111111 11 0
139 -4.888888888888889 11 0
140 -3.666666666666667 11 0
141 -2.444444444444445 11 0
142 -1.222222222222221 11 0
143 0 11 0
144 1.222222222222221 11 0
145 2.444444444444445 11 0
146 3.666666666666666 11 0
147 4.888888888888889 11 0
148 6.111111111111111 11 0
149 7.333333333333332 11 0
150 8.555555555555557 11 0
151 9.777777777777779 11 0
152 -9.777777777777779 11 7.7
153 -8.555555555555555 11 7.7
154 -7.333333333333334 11 7.7
155 -6.111111111111111 11 7.7
156 -4.888888888888889 11 7.7
157 -3.666666666666667 11 7.7
158 -2.444444444444445 11 7.7
159 -1.222222222222221 11 7.7
160 0 11 7.7
161 1.222222222222221 11 7.7
162 2.444444444444445 11 7.7
163 3.666666666666666 11 7.7
164 4.888888888888889 11 7.7
165 6.111111111111111 11 7.7
166 7.333333333333332 11 7.7
167 8.555555555555557 11 7.7
168 9.777777777777779 11 7.7
169 -11 10.13801926120698 3.840752420292889
170 -11 -10.10885640913728 3.847449673936479
171 -11 2.005177207864239 6.604346993043438
172 -11 -5.5 6.641524506485687
173 -11 -1.833333333333334 1.058475493514313
174 -11 5.516298377290536 6.618941024679874
175 -11 3.064331479993587 1.061221969554129
176 -11 -6.708813454974308 1.10065921599
177 -11 6.734513652337746 1.057252624275836
178 -11 -2.074114934371671 6.779184330648045
179 -11 -4.262373458539695 1.100447232546545
180 -11 0.6111111111111125 1.058475493514313
181 -11 -7.944444444444445 6.641524506485687
182 -11 7.947657058719262 6.699815975088708
183 -11 -9.107054004088823 1.080402578371621
184 -11 9.111755254715241 1.077940118963629
185 -11 9.93071654839645 5.987113082458887
186 -11 -10.05108298877559 6.012876073924053
187 -11 7.939438763994751 1.053274388365184
188 -11 7.349107136879045 2.101603587521038
189 -11 6.143730742953242 2.113711648694395
190 -11 6.761351879109966 3.151087539229419
191 -11 5.556113589335698 3.165196098788544
192 -11 6.174690238366392 4.197648825334066
193 -11 4.965454083417891 4.218174430911621
194 -11 7.375672846164491 4.182914388371009
195 -11 4.345198679070812 3.179171144335014
196 -11 3.751158373037255 4.237037686135785
197 -11 3.12831223649785 3.191498185316906
198 -11 2.53267095847742 4.254940076701067
199 -11 1.908560350201464 3.207263916541711
200 -11 1.312609391907394 4.272077921692688
201 -11 0.687643010073721 3.219190892904571
202 -11 0.09135722843581817 4.28827625150317
203 -11 -0.5338477052295918 3.234870567178837
204 -11 -1.13016840449488 4.304670072336451
205 -11 -1.755833193315 3.245445979821448
206 -11 -2.351957005760735 4.277446888936977
207 -11 -2.976836870065007 3.254355612707882
208 -11 -3.572285475598353 4.284890804182297
209 -11 -4.19659131696023 3.267726421202053
210 -11 -4.790266573017457 4.340774585562912
211 -11 -5.413541758157648 3.292518097364063
212 -11 -6.006154983232151 4.367691089700513
213 -11 -6.631225526873177 3.316398686880609
214 -11 -7.213075362852353 4.380328817178006
215 -11 -7.872764339738882 3.248691387821621
216 -11 3.156388709600096 5.229415930153383
217 -11 -0.4591735997393727 5.41237093025229
218 -11 -8.388166338022895 4.331230640952946
219 -11 -4.024256281011865 5.321213294755356
220 -11 6.795525678267616 5.223944549938482
221 -11 -6.599755194906099 5.418041322417501
222 -11 7.99218937786739 5.204525140930498
223 -11 8.503991712910228 4.197096796524077
224 -11 -6.05008711522288 2.240766059519001
225 -11 -3.609121486404158 2.202796991386756
226 -11 9.167122061438182 5.176056730948772
227 -11 -1.163332237166005 2.181050620350549
228 -11 1.280190424995048 2.152700437599605
229 -11 3.715501814190112 2.129050211531307
230 -11 7.964099883317189 3.15424627833752
231 -11 8.541847526250201 2.09757401237757
232 -11 9.67112490966273 2.106139291293435
233 -11 9.193274240026753 3.241353646155583
234 -11 5.520227967958906 1.067520093145184
235 -11 -7.938842227868826 1.055241052266322
236 -11 -8.515946272545319 2.133357816828394
237 -11 -9.664999553185172 2.113993463360758
238 -11 -9.145838128840204 3.286457177540042
239 -11 -7.286279822870565 2.182519036550991
240 -11 -5.481699555524822 1.121843149758883
241 -11 -7.802009808284196 5.430734689106155
242 -11 -8.977072415817902 5.441537723358359
243 -11 -6.731060968973233 6.646627559301685
244 -11 6.744674116337638 6.722261810434891
245 -11 -4.828853140537243 2.187765316382533
246 -11 -3.039704456553137 1.098033574896963
247 -11 -5.337029951230052 5.423904035179519
248 -11 -2.384244712324715 2.148513800625882
249 -11 -0.596662579610026 1.081006571094069
250 -11 -1.851744357359637 5.540997624302374
251 -11 4.32472271656105 5.240065980510723
252 -11 3.723095182169693 6.315657170579125
253 -11 0.6705236498036022 5.317720676750088
254 -11 0.1205921034987707 6.404870245195612
255 -11 -4.27777777777778 6.64152450648569
256 -11 -3.168869421417973 6.115462557581047
257 -11 1.838867677243456 1.061362435819351
258 -11 0.05702553832700019 2.15190736562288
259 -11 1.91497604355702 5.362874664437858
260 -11 5.526495656921249 5.365729653993262
261 -11 2.499444492491158 2.140935097888821
262 -11 4.304021732448879 1.06329936283732
263 -11 -10.04737205583712 4.950000000000006
264 -11 4.930799087659604 2.11965809322196
265 -11 -9.247795071494563 6.735794968721945
266 -11 9.164914697001038 6.818260627931381
267 -11 10.11711012629955 4.898561032948037
268 -11 2.879342852120022 6.851351285185686
269 -11 -0.8497227032382444 6.720175349483023
270 -11 -2.993822508229712 5.108002233951609
271 -11 10.20048368217929 2.937649071548383
272 -11 -10.18393881823253 2.949580062967458
273 -11 -10.07979398233071 1.235502341345669
274 -11 10.07990054486623 1.230797537725032
275 -11 -9.333461069531081 4.371335043157567
276 -11 8.601275964392535 5.96501363199558
277 -11 4.696679182998061 6.103606933180302
278 -11 7.381632586016682 5.95330571101529
279 -11 -10.21533116760959 6.9497342085292
280 -11 10.1808372465961 6.918831508563583
281 -11 1.139217771962159 6.257968750519373
282 -11 -3.055555555555553 7.021523716972437
283 -11 6.256487679754294 5.923162004098002
284 -11 9.403735987139605 4.316425995262396
285 -11 4.498325659602768 6.88764102568786
286 -11 2.735795999062214 6.072729208679898
287 11 10.10035993498774 3.876603274573768
288 11 -10.12979283342679 3.845306741324169
289 11 1.83333333333333 6.641524506485687
290 11 -4.293407163622809 1.056983269949433
291 11 5.494944935153001 6.708456035213526
292 11 -1.833333333333334 6.641524506485687
293 11 3.055555555555555 1.058475493514313
294 11 -5.484901440019656 6.630835903941226
295 11 -0.6111111111111107 1.058475493514313
296 11 6.704478625631033 1.063621305783159
297 11 -6.727466781768651 1.054321042998457
298 11 -7.942422199102908 6.703291187178564
299 11 7.940618468612239 6.680148689806444
300 11 -9.10149435204732 1.085934535633565
301 11 9.261793024004177 1.063042648157444
302 11 10.06070879155173 5.990184781561
303 11 -9.873643250427671 5.967342501002089
304 11 -7.930486530579634 1.05568875801053
305 11 -7.331120766034788 2.096495964704702
306 11 -6.130323480351012 2.104660351101323
307 11 -6.73682560450977 3.141914869414011
308 11 -5.532068535596526 3.151729911707915
309 11 -6.14381157274737 4.191901101862802
310 11 -4.932520245843537 4.203020792284486
311 11 -7.345634553467457 4.180355866570931
312 11 -4.320333862811387 3.155550660949171
313 11 -3.716812541901502 4.21145243755603
314 11 -3.101921569582403 3.162195293731563
315 11 -2.497449691619583 4.219017458627644
316 11 -1.881794360091082 3.167893214213572
317 11 -1.276774924567121 4.225946545537639
318 11 -0.6607510633772122 3.173496000651722
319 11 -0.05543022474543235 4.232494417515047
320 11 0.5609735772546234 3.179691923379835
321 11 1.166750964142551 4.170201162961079
322 11 1.782990239181462 3.172430951103986
323 11 2.423755444090354 4.314262357408797
324 11 3.011143323124417 3.200140400886742
325 11 3.664631920307267 4.236285974309099
326 11 4.226010848358108 3.196748749252098
327 11 4.839267499717867 4.25255691401976
328 11 5.444766180570774 3.191421262874084
329 11 6.047044926755262 4.255418112785826
330 11 6.654889287772864 3.200228892465346
331 11 7.250276137974048 4.256102889820473
332 11 7.851648877788687 3.225167376421523
333 11 4.847844990968309 2.125756672612367
334 11 1.177403587513332 2.121890011941162
335 11 -2.474365886567275 2.112127380434814
336 11 -3.11307344087874 5.205081945256307
337 11 0.5497677883067329 5.293361439371791
338 11 4.287150823367202 5.147694065655685
339 11 -6.759262862247196 5.228572932344067
340 11 6.653951047448523 5.273708504989796
341 11 8.392395002573927 4.28489606418877
342 11 -7.96130658419825 5.216986653790256
343 11 -8.47758227306347 4.201510740154193
344 11 -9.064819360424144 5.105477832173849
345 11 7.278388504245498 2.142161419842494
346 11 8.456212397355596 2.1993372342093
347 11 -8.521621741949545 2.098686718434473
348 11 -9.661585711645683 2.113588928845187
349 11 -9.177910354817636 3.241951557096105
350 11 9.133858813520476 3.311568559918793
351 11 9.658252732941222 2.206012093941094
352 11 7.93162690668753 1.078027101332066
353 11 7.854290689107909 5.260895379144296
354 11 9.048724497985862 5.370000622985848
355 11 -5.512704993111832 1.055117326004392
356 11 6.066549587309673 2.127287789418246
357 11 -6.732995151322056 6.730284856908835
358 11 6.72168280041226 6.699130309555139
359 11 5.455384314566484 5.19251452234133
360 11 -7.931782548973778 3.160152619395736
361 11 2.399449939673397 2.128223264038144
362 11 -4.285728539105668 5.224642598035359
363 11 -3.730311062793367 6.323811101032331
364 11 -0.6241482609782274 5.259663510195958
365 11 -0.06687016344738161 6.348312007886562
366 11 3.05554363301834 6.711522804625403
367 11 2.444444444444438 5.583117944160488
368 11 4.272266677201831 6.719925901453045
369 11 4.264202772167803 1.059920069972705
370 11 -1.845673716413705 1.056065526020777
371 11 3.629487311797648 2.133112299567663
372 11 -5.491920747428058 5.366176529572778
373 11 -1.852603271613768 5.351588235388619
374 11 1.829436817147368 1.053710494569184
375 11 0.6031752420385743 1.05459547445741
376 11 -0.04461066939822267 2.128546724761119
377 11 -4.916014242958871 2.107075253114355
378 11 -1.253051134493102 2.116100723266053
379 11 -3.07196754999576 1.057264362563153
380 11 -3.696335045923085 2.108532703457081
381 11 5.480512662679466 1.062764306297746
382 11 10.06262272175866 4.950000000000005
383 11 -9.149134649946973 6.818503855020446
384 11 9.158131640889451 6.624031821375029
385 11 -10.07395415222594 4.865599373203034
386 11 10.20889245102144 1.409589239358146
387 11 -2.834715638901224 6.834603547194662
388 11 -10.19385777997802 2.940169445453094
389 11 0.837266867701949 6.698327518818186
390 11 1.478235074425109 5.791149610603711
391 11 -10.07945335995012 1.250541035776184
392 11 10.17849429628989 2.978836785686733
393 11 9.339771489818858 4.396589864148055
394 11 -8.55972558598879 5.955653828873301
395 11 -4.654127913424906 6.116832393653962
396 11 -0.997613228096764 6.130764563910127
397 11 3.287807580283062 5.109880235965464
398 11 -7.353254962171485 5.960138013268467
399 11 -10.17544206985578 6.928811142737077
400 11 10.19932364204379 6.922843320587207
401 11 -6.216048138417309 5.940918625381278
402 11 -9.380235961788557 4.312459003530432
403 11 8.442232886426375 6.001302873694671
404 11 -4.484979194358697 6.894295879725504
405 11 7.321354253571357 5.999369578041618
406 11 -2.591996577452818 6.003887023449302
407 11 -0.8240077894199391 6.904120215656476
408 11 1.69161178338774 4.960389382590082
409 11 6.094967548775571 5.987316421376552
410 11 4.878561521111394 5.959807058511021
411 11 3.68585939510433 5.936127206064696
412 11 10.31787039994592 0.633942029338326
413 10.08986250237289 -11 3.806211693244361
414 -10.13846645827239 -11 3.859039701017275
415 1.83333333333333 -11 1.058475493514313
416 -5.498629226073056 -11 1.065710455990909
417 5.544155173466528 -11 1.072792282274911
418 -2.002165870063143 -11 1.094170397633938
419 -0.6331392073562618 -11 6.626891898323484
420 3.029663651311743 -11 6.594085731784494
421 -4.291838250965561 -11 6.634630762460137
422 6.700509465612214 -11 6.621737532011382
423 -6.734596432971007 -11 6.642971845725474
424 -7.948071457068487 -11 1.000191857817055
425 7.944444444444439 -11 1.058475493514313
426 -9.111741846232363 -11 6.622107716813721
427 9.270913352812816 -11 6.633742149331527
428 10.0517711503345 -11 1.687252658447611
429 -9.931396006670486 -11 1.71277041358461
430 -7.939449880585666 -11 6.646921958071144
431 -7.349619264077848 -11 5.598440093834711
432 -6.143124238529677 -11 5.587276999022636
433 -6.761667049529851 -11 4.548324305186979
434 -5.553653590681547 -11 4.534185594254248
435 -6.173910947775804 -11 3.500049052983425
436 -4.962407773341013 -11 3.479193754763237
437 -7.376796190262079 -11 3.515527030196041
438 -4.340514850221888 -11 4.51889012353082
439 -3.746447464034069 -11 3.460151652673323
440 -3.12288156499305 -11 4.506107801066905
441 -2.527462191352107 -11 3.443176611937199
442 -1.90339589968263 -11 4.492048198250226
443 -1.307059981499822 -11 3.426431529035464
444 -0.6821304119803102 -11 4.475821301438202
445 -0.0858104706041658 -11 3.409628115007314
446 0.5394386997989109 -11 4.459335255767421
447 1.088657291956199 -11 3.336192606495626
448 1.753723588950685 -11 4.433110964221314
449 2.368319682099491 -11 3.164518116256205
450 2.983762572844286 -11 4.388504420196118
451 3.579185912397048 -11 3.359836500320422
452 4.203598512755173 -11 4.401361707725825
453 4.798925121434321 -11 3.343818122903379
454 5.421414215191696 -11 4.418780646915929
455 6.014520875360077 -11 3.336521795647539
456 6.632720866399239 -11 4.404442107098769
457 7.21939635692901 -11 3.327410848634472
458 7.826961846349157 -11 4.358427617251182
459 4.839024066781459 -11 5.513258248414994
460 1.168112574648582 -11 5.520062219837254
461 -2.499497907602182 -11 5.556964060941978
462 -3.151247657815985 -11 2.467561403986141
463 0.4091883241770091 -11 2.219607861216432
464 8.361615794386292 -11 3.316727432139348
465 4.175189527956995 -11 2.295984390405573
466 -6.796870060894608 -11 2.473395220372137
467 6.567949915838252 -11 2.266457230316242
468 -7.994387057276035 -11 2.493529331724647
469 -8.505487181262382 -11 3.501757290015512
470 7.267774259033285 -11 5.503221681731067
471 8.485724446557573 -11 5.462082475776707
472 -9.169783200840367 -11 2.522588443586845
473 -7.965647764848997 -11 4.545022600732377
474 -8.542145084630224 -11 5.60239251134383
475 -9.671136942285798 -11 5.593904138323115
476 -9.194047256732429 -11 4.458144012320441
477 7.946153495801951 -11 6.625687534913184
478 9.667128047688429 -11 5.508682614625199
479 6.056394074512738 -11 5.549227034336037
480 7.765165296112144 -11 2.268798825490764
481 8.972726673199244 -11 2.248974391808024
482 -5.517785948805691 -11 6.638456368963197
483 -6.742929694925174 -11 0.9758091080716208
484 6.76923054503817 -11 1.068396093490829
485 5.40072481157144 -11 2.288939022954493
486 3.620402497354856 -11 5.505055087201355
487 2.388588402658687 -11 5.491595908601015
488 1.803065510403988 -11 6.594999683409675
489 -4.319922309978253 -11 2.455617067805628
490 -3.77796309815777 -11 1.348903020885399
491 -0.6746251017595739 -11 2.369347059369351
492 -0.1150392145318317 -11 1.293466218850539
493 -0.04897276170413178 -11 5.546050288982042
494 3.160273650903832 -11 1.289028043946248
495 2.444444444444443 -11 2.116881713235249
496 4.328460184346154 -11 1.084302416031914
497 4.263251480675034 -11 6.622326704557369
498 -1.849188479827038 -11 6.631992889244204
499 -1.269387444692095 -11 5.554961439530023
500 -5.522245295114331 -11 2.329289649201066
501 -1.910680486904837 -11 2.334506219892688
502 -3.071953048400897 -11 6.63482035415009
503 9.132113016284109 -11 4.355628036580582
504 -3.717146820227242 -11 5.565861889184927
505 10.07294396734542 -11 2.757073123916669
506 -4.927343949905268 -11 5.579883622902661
507 0.5872121358914555 -11 6.625459411485942
508 5.476529847930237 -11 6.617758253219962
509 9.247185474651271 -11 0.9626451725343973
510 -9.165552857614639 -11 0.8817567746752668
511 -10.11811615829172 -11 2.801062920327291
512 -2.888617446375838 -11 0.8407949892468143
513 10.2117417574917 -11 6.304346652901481
514 0.8297514091642419 -11 0.9322434585776332
515 -10.20073013145812 -11 4.762217570332168
516 1.495615747529117 -11 2.137986541549243
517 -10.07990085983255 -11 6.469216368237996
518 10.17782071326909 -11 4.714104468890031
519 9.323303478165887 -11 3.300000000000014
520 -8.60273080665524 -11 1.734400935842392
521 -4.679307541420238 -11 1.565628220377201
522 10.21534688055271 -11 0.7499795661964019
523 -10.1808372465961 -11 0.7811684914364331
524 -7.382320965468376 -11 1.745385111620204
525 -1.136967254615566 -11 1.438547407709236
526 3.211427155074347 -11 2.468840332923302
527 -6.255704295255704 -11 1.774923223899884
528 -9.40518713883365 -11 3.382483289342629
529 10.31909179130091 -11 7.067151918595206
530 -4.502291084241324 -11 0.7960483394507016
531 -2.690624123487414 -11 1.658248441010636
532 -10.13303474667803 11 3.843437870801749
533 10.10067489684829 11 3.876780434215026
534 1.83333333333333 11 6.641524506485687
535 -1.833333333333334 11 6.641524506485687
536 5.49581398408889 11 6.709426805909491
537 -5.484372505452956 11 6.62865802894185
538 3.055555555555555 11 1.058475493514313
539 -0.6111111111111107 11 1.058475493514313
540 -4.29340716362281 11 1.056983269949433
541 6.70447862563103 11 1.06362130578315
542 -6.727466781768651 11 1.054321042998458
543 -7.941670604991428 11 6.70285725411598
544 7.941078654132703 11 6.680836958022486
545 -9.106888906368766 11 1.080420758934619
546 9.26179302400417 11 1.063042648157419
547 10.06165073065291 11 5.990668722058833
548 -9.873643250427671 11 5.967342501002089
549 -7.934364491092946 11 1.05369475487053
550 -7.337913071616588 11 2.099819795594223
551 -6.13155919597065 11 2.105064840784194
552 -6.74133071874652 11 3.147267461279108
553 -5.533025340572592 11 3.152689425299243
554 -6.145427422351121 11 4.192584685419313
555 -4.933508085194435 11 4.202676709486527
556 -7.349821824810718 11 4.186093100910896
557 -4.320418230623712 11 3.155577361230015
558 -3.717127373912236 11 4.211008352679556
559 -3.101988102886248 11 3.16212572963229
560 -2.497513261981453 11 4.218931833824701
561 -1.881816044035366 11 3.167867349396536
562 -1.276788942838142 11 4.225891348556034
563 -0.6607540992798739 11 3.173489107641635
564 -0.05543286685159998 11 4.232447470445142
565 0.5609726309198226 11 3.179682950033177
566 1.166750366069053 11 4.17019184289166
567 1.782989447094582 11 3.172530602869367
568 2.42375530223725 11 4.314271574928803
569 3.011142632782253 11 3.200261246435698
570 3.664631781608055 11 4.236307651487267
571 4.226010848358102 11 3.196748749252109
572 4.838087868132082 11 4.253237575843209
573 5.44456957530647 11 3.191534706511321
574 6.045635945477667 11 4.25622751265635
575 6.654621690015873 11 3.200382699716624
576 7.253287341801645 11 4.263877063066053
577 7.852106145467111 11 3.226488706504309
578 4.847821585579689 11 2.12577017780728
579 1.177403587513336 11 2.121890011941174
580 -2.474380589441967 11 2.112111475615428
581 -3.113380825067923 11 5.204548535084705
582 0.5497677883067187 11 5.2933614393718
583 4.284830990540719 11 5.148532720521333
584 -6.759262862247196 11 5.228572932344068
585 6.654080181623339 11 5.275856112039563
586 8.393630900834243 11 4.290428742694832
587 -7.961306584198251 11 5.216986653790257
588 -8.484884213989936 11 4.205667096902063
589 -9.066036350578555 11 5.106170558298494
590 7.278420115899063 11 2.142407276064822
591 8.456212397355579 11 2.199337234209263
592 -8.533263491724295 11 2.099199793643676
593 -9.667722477771928 11 2.108437622722811
594 -9.18450389821888 11 3.245381498134229
595 9.134184800942805 11 3.312724863644164
596 9.658280452960113 11 2.206110419087767
597 7.93163217529645 11 1.078068077369109
598 -7.938619536517822 11 3.163904791077366
599 7.854464206898712 11 5.277051643793152
600 9.049329909884055 11 5.37333224587058
601 -5.512910945715106 11 1.055184740951537
602 6.066473587850279 11 2.127375558135871
603 -6.730377771554545 11 6.727789634221209
604 6.727916541514187 11 6.703490066192716
605 5.452957599716825 11 5.194959646056569
606 2.399446731560424 11 2.128839468046456
607 -4.287014738677857 11 5.223581355030595
608 -3.7317895307251 11 6.322942184263317
609 -0.6242089048582038 11 5.259581347963918
610 -0.06705974893753286 11 6.348201142292841
611 3.05554363301834 11 6.711522804625401
612 2.444444444444439 11 5.583117944160488
613 4.269515576516458 11 6.751420062145699
614 -1.845676166892822 11 1.056062875217546
615 4.264199985812009 11 1.059921677734007
616 3.629484753107199 11 2.133176258965076
617 -5.492653715561492 11 5.364579001731699
618 -1.852664773115324 11 5.351473408859885
619 1.829436677964344 11 1.053967162307833
620 0.6031752302032807 11 1.054617299945395
621 -0.04461066939821379 11 2.128546724761119
622 -4.916428049794088 11 2.10731827286472
623 -1.253058113359895 11 2.116092171024429
624 -3.071970408888061 11 1.057261269959384
625 -3.696432090876149 11 2.108562896541878
626 5.480495630812168 11 1.062781453243384
627 10.06423870876489 11 4.950000000000006
628 -9.149009384261726 11 6.818431532843349
629 9.158417968531104 11 6.624687442845224
630 -10.07469730279355 11 4.86540334913674
631 10.20889641102413 11 1.409603285807659
632 -2.835162936419287 11 6.834330379251615
633 -10.19705222453377 11 2.939451398331759
634 0.8371880530772309 11 6.698281929631606
635 1.478223815193004 11 5.791143097862773
636 -10.07978617310396 11 1.235847123666184
637 10.17862803015025 11 2.979123143389393
638 9.340187367148694 11 4.397907037714096
639 -8.559782274381737 11 5.955684907354128
640 -4.654721653639037 11 6.115718406529036
641 -0.9976755742710992 11 6.130706700668561
642 3.287638475809391 11 5.10994361421357
643 -7.35278750306273 11 5.958638211097619
644 10.19956929539235 11 6.923071232980812
645 -10.17543554831865 11 6.928807377525857
646 -6.216273575358848 11 5.936001419981658
647 -9.38487077863044 11 4.288142671815639
648 8.442471133663581 11 6.003653692629394
649 -4.485287849074531 11 6.893463723946841
650 -2.592230421002043 11 6.003660862163487
651 7.323284115471427 11 6.008643736842326
652 -0.8240581757528389 11 6.904086469889418
653 6.098508388934 11 5.991932848142595
654 1.691610558983788 11 4.960388707560458
655 4.878046894566859 11 5.96653458130028
656 3.685370052882384 11 5.939454052713989
657 10.31787080402783 11 0.6339434626494982
658 -0.6476696070307 -10.16983855982934 0
659 -0.5359229009331621 9.966820318608267 0
660 9.941524506485688 0.6111111111111178 0
661 -9.941524506485687 0.6111111111111107 0
662 9.941524506485692 -4.277777777777787 0
663 -9.941524506485687 -4.277777777777779 0
664 4.410010272466391 9.858901112630665 0
665 -4.266502299795234 10.08945178132067 0
666 3.08136931263115 -10.02963735276061 0
667 9.941524506485688 4.277777777777779 0
668 -10.00720544875575 4.330097483861282 0
669 -4.266502299795228 -10.0894517813207 0
670 6.734785759872612 -9.91368955442438 0
671 1.83333333333333 9.941524506485688 0
672 -9.941524506485687 -1.833333333333334 0
673 6.733469109909137 9.914002974677885 0
674 -9.941524506485687 -6.722222222222222 0
675 -6.688220848878439 -9.961155208538536 0
676 9.941524506485692 -1.833333333333336 0
677 9.941524506485685 6.722222222222221 0
678 -6.722222222222222 9.941524506485688 0
679 9.941524506485688 -6.722222222222231 0
680 -9.976998652364518 6.722222222222221 0
681 -9.921718837231381 -9.033431651806362 0
682 -9.968815627937005 9.119397057717453 0
683 9.968815627937005 -9.119397057717453 0
684 9.968815627937005 9.119397057717464 0
685 9.946073026727568 7.936566176286245 0
686 8.88380709967835 7.332020288640297 0
687 8.883175360755871 6.110892270328929 0
688 7.824720925205636 6.721966907976338 0
689 7.824619145045908 5.499920974161967 0
690 6.766130197832322 6.11105538776377 0
691 6.766110992189155 4.888866430691305 0
692 5.707630055451105 5.499986969742491 0
693 5.707625947306621 4.277771863035245 0
694 4.649148861897604 4.888885731388864 0
695 4.649147911891072 3.666665154626218 0
696 3.590671994726558 4.277776999521013 0
697 3.590671765783767 3.055555173839338 0
698 2.533586890203523 3.664257664034725 0
699 2.532427895002503 2.444042880386402 0
700 1.487745641089003 3.031263399707926 0
701 1.476096712676998 1.829217713349038 0
702 0.4303425134732279 2.418294896376249 0
703 0.4181573320105745 1.217178027546787 0
704 1.473949994954028 0.6107137152925173 0
705 0.4157686821463074 -0.0009069317490215667 0
706 1.473846067349911 -0.6113284990390646 0
707 -0.6402288093624247 1.828134376209377 0
708 0.4153532525682486 -1.22240960883507 0
709 1.473730697232192 -1.833350894355707 0
710 0.4152647859522851 -2.444478602383667 0
711 -0.6432091105229567 -1.833370257425367 0
712 -0.5748936633822073 3.243628920342928 0
713 -1.689816191410038 2.474923512388319 0
714 -0.6432235887857729 -3.055567402560786 0
715 -1.701701229170713 -2.444452572960682 0
716 2.532218659858799 -1.222261380380623 0
717 2.532201509691234 -2.444453897641251 0
718 -1.701705922171744 3.666666666666632 0
719 -2.758199793892443 3.060635400212833 0
720 -1.701704000026282 -3.666669995920266 0
721 -2.760180313161632 -3.055557465183892 0
722 3.590676223029668 -1.833341435225876 0
723 3.590671985122681 -3.055556317177866 0
724 -0.6432289683212353 -4.277780307154261 0
725 -2.759851145387128 4.278624418553955 0
726 -3.818271593851613 3.667654414238882 0
727 -3.818262419676643 2.445455709815997 0
728 -2.760180911574393 -4.277778650924793 0
729 -3.818656641427675 -3.66666713046259 0
730 -3.818537644925767 4.889194620280259 0
731 -3.818656780552955 -4.888889111712743 0
732 2.398069924835863 5.031196561670125 0
733 -3.81865668081751 -2.444444840015187 0
734 4.64914722114095 2.44444412881832 0
735 4.649147891806262 -2.444445921696929 0
736 4.649147254349977 -3.666667039812473 0
737 3.590671654592949 -4.277777966905802 0
738 4.649147093018971 -4.888888982601201 0
739 -1.73850719685732 4.832574023458452 0
740 -4.877132402714683 3.055555555555513 0
741 -4.877066654460728 1.833501877561886 0
742 -4.877132381189107 -3.055555592838967 0
743 -2.760181310226187 -5.500000182661835 0
744 3.590671572616159 -5.500000047140059 0
745 -5.935596938186671 2.444472535149162 0
746 -5.935595111846283 1.222254994711065 0
747 -5.935606069888611 3.66667134845075 0
748 6.766100756130175 3.666661937843294 0
749 5.707622710483118 -3.055555863955277 0
750 5.70762270425292 -1.833333630942043 0
751 4.649147052467672 -6.111111134586515 0
752 5.707622543704854 -5.500000019531296 0
753 4.698567192226555 6.111854504118813 0
754 -3.818656870182462 -6.111111178692092 0
755 -4.87713237477044 -5.500000048400844 0
756 -1.699224030495628 1.226435574025517 0
757 -2.7601813916064 -6.722222263929384 0
758 -4.877132391554294 -6.722222241552565 0
759 -5.935607889711532 -6.111111122399684 0
760 5.707622533505702 -6.722222224088067 0
761 3.590671552194809 -6.722222233991472 0
762 2.532196057554071 -6.111111120929332 0
763 -6.99408125901286 3.05556101763699 0
764 -6.958608584352679 4.277779468421997 0
765 -4.87713236106327 -1.833333405475727 0
766 -5.935607885699487 -2.444444462682117 0
767 -3.818656864194653 -1.222222300174444 0
768 3.590676093000349 -0.6111189877862806 0
769 6.766098084255965 -2.444444545445858 0
770 6.766098064299047 -1.22222228865725 0
771 6.766098028001714 -6.111111114677316 0
772 2.532196053962775 -7.333333336931249 0
773 1.473720559662178 -6.722222224458248 0
774 1.473720558932579 -7.944444445416772 0
775 0.4152450651656228 -7.333333333868064 0
776 6.766098026465464 -7.333333334238688 0
777 -5.964858429096349 -7.387915581339154 0
778 -6.998958477468262 -6.731319265438001 0
779 -6.994895903277868 -5.501516175750769 0
780 6.766127955549088 7.333281493734436 0
781 5.704054547390154 -7.953597656629432 0
782 5.707622567458579 -0.6111111717850761 0
783 6.766098029126617 -5.514595002864553e-09 0
784 -5.93560788753217 -1.222222237285605 0
785 -6.99408338890917 -1.833333334778143 0
786 -6.994083388154813 -0.6111111138625152 0
787 -6.994083387849352 -3.055555558836009 0
788 6.766098028165331 -4.888888892738485 0
789 -3.818580202904091 1.222418857155541 0
790 -5.929695124273833 4.888889950960243 0
791 -6.951711314306856 5.500000458785891 0
792 -5.927560421663737 6.111111364587288 0
793 -6.950205985530876 6.722222340932525 0
794 -5.926953749766056 7.333333395364381 0
795 -4.877132402714699 6.722222222222182 0
796 -1.701701586982487 -1.222229730990293 0
797 1.473720559531127 -5.500000002009047 0
798 7.824573526380433 -0.6111111231027131 0
799 7.824573521141598 0.6111111081934144 0
800 6.766098026754147 1.222222220816828 0
801 -1.701705900581807 -6.111111148505955 0
802 7.824573520170667 -5.50000000123598 0
803 -1.70170592019034 -7.333333336765177 0
804 7.824573519873042 1.833333332612819 0
805 7.824573519946441 -4.277777778625384 0
806 -2.760181411342515 -7.944444451967639 0
807 3.602913477848269 -7.923482526722108 0
808 -6.939357463237711 7.882739197573642 0
809 -7.03513940629111 -7.971270552451531 0
810 -4.877649459333233 7.922741773148935 0
811 -3.818743085303473 7.329716221450692 0
812 -4.877132402714632 -7.944444444444498 0
813 -8.024739921424224 -7.339320525203862 0
814 -8.036551484154145 -8.521298849535381 0
815 -8.017084736924099 -2.444444445232033 0
816 -8.011172379340863 -3.666666667344719 0
817 -8.129047987952839 3.798814738143472 0
818 -8.065306712251754 2.466470033370783 0
819 -8.052558883257637 6.111111111111061 0
820 -1.743841723979784 -8.546588930553014 0
821 -2.800660509105825 -9.091778486958647 0
822 0.4216739327776882 -8.548789218407128 0
823 1.530071916229332 -9.096330342080705 0
824 -9.112488111436344 2.893026813123489 0
825 -9.117522694804267 -7.929652566345412 0
826 -9.111034376771915 -3.055555555555627 0
827 -3.784109677278183 8.466227405592605 0
828 -2.760181415686056 7.944444444444358 0
829 -2.712146742266837 6.723835082629911 0
830 -1.639974104619865 7.399795609442357 0
831 -2.801007481513969 9.078384898211311 0
832 -9.037406182781506 1.606212437378653 0
833 -8.006938009879409 1.188039671050792 0
834 6.756716665540182 -8.58779669427989 0
835 7.823009959477091 -7.949817967716077 0
836 7.824573519457072 -9.166666666666689 0
837 5.660221038848167 -9.166803554802515 0
838 4.649147038914144 -8.562092983285233 0
839 4.446188463829888 -9.856034790760674 0
840 -5.957942528285114 8.715830123958753 0
841 8.888481967704731 8.546145401922153 0
842 9.00927430401002 9.874106673994344 0
843 7.824573519457065 9.166666666666696 0
844 7.825634915589596 7.942606052415904 0
845 6.757273775588658 8.586008356869169 0
846 5.716198421730255 7.958634847117228 0
847 5.625924144736892 9.180314317381416 0
848 4.602338532680216 8.514841923032243 0
849 3.454990186514459 8.919640782313522 0
850 3.666722416659752 7.772122925712146 0
851 2.552784359882198 8.119185553264504 0
852 2.740158582385448 6.994562163344614 0
853 1.609728026966753 7.351542335962122 0
854 1.384302297334866 8.730694304648988 0
855 0.4498280411650342 7.747255831567543 0
856 0.6953741500412054 6.541975357628434 0
857 -0.4727450644504483 6.944436911649539 0
858 -0.1820630446041687 5.772291673942867 0
859 0.9681392293642936 5.353316554776214 0
860 0.05525470959030265 4.513783842171529 0
861 -0.7035124254358056 8.093515822379821 0
862 -1.448447502392231 6.084322695597191 0
863 7.824583739794171 4.27776007563461 0
864 8.883079378589787 4.88883629409499 0
865 7.824573536722554 -1.833333363238012 0
866 7.824573532135084 -3.055555577514514 0
867 -9.951985384374044 7.936566176286242 0
868 -8.918877926577554 8.597523677959611 0
869 -9.013616583849 9.881446427713968 0
870 -7.846441186429715 9.201619938584006 0
871 -8.883049012971373 7.333333333333332 0
872 -5.935605763784322 5.45911231597529e-06 0
873 -6.987321057697269 -4.278030474396022 0
874 -8.011172379252763 -1.22222222305289 0
875 -8.002583507550197 -0.005697092458948561 0
876 -9.111034376771929 -0.6111111111111818 0
877 -6.978148195159723 0.6044708753143304 0
878 8.883049013321457 1.222222221615862 0
879 8.883049013004594 2.4444444443869 0
880 6.766098067902398 -3.666666739342885 0
881 -0.6417438627550549 0.6099549891535823 0
882 1.473724762866697 -3.055562837955378 0
883 -8.013396177283131 -6.113877846250663 0
884 -8.002668232644995 -4.889644823586686 0
885 -9.111034376771901 -5.500000000000079 0
886 -6.985944371056117 1.83021152120552 0
887 -4.877132328399687 -4.277777906495137 0
888 -1.701043790043784 0.0005082868462640278 0
889 9.941524506491227 3.055555555545967 0
890 -4.87593516540219 5.500026109433552 0
891 -7.974906168869666 -9.769973626941574 0
892 -2.760180964307141 -1.833334115144575 0
893 2.532196075758508 -4.888888930238119 0
894 0.4152450650245108 -6.111111111401433 0
895 9.946073026727568 -7.936566176286254 0
896 9.941524506485692 -0.6111111111111089 0
897 5.707622616270772 -4.277777922996936 0
898 7.824312926676278 -6.723117810385427 0
899 9.941524506485692 -5.500000000000007 0
900 -5.492865643620342 9.947342826530893 0
901 -5.492453858112277 -9.995017763282242 0
902 -6.010859846750335 -8.756726764601037 0
903 3.654216275586808 5.508703459158866 0
904 9.941524506485692 -3.055555555555562 0
905 -0.6427627359316226 -0.6114088754999862 0
906 -2.760070255069083 -0.6110277913920079 0
907 -3.818625590547207 4.664611667415386e-05 0
908 -4.877100954376218 0.6111861205910518 0
909 -2.759620880790976 0.6119524843475439 0
910 -2.757283919861639 1.840303589657623 0
911 0.4152504358233475 -3.666675969453465 0
912 4.649148753076989 -1.222225191239371 0
913 4.64914808837972 -1.81772771945532e-06 0
914 3.590672478244176 0.6111094953772849 0
915 -4.875863000176117 4.277998666486532 0
916 2.523484567261146 -8.45877955985935 0
917 -9.993857833722668 5.508719951013916 0
918 -8.883112775488923 4.915289657582935 0
919 4.650592700386795 -7.332454793217138 0
920 9.941550625386171 5.499954760737317 0
921 0.646717934727338 9.929197487305579 0
922 2.532669113027172 1.221402856289757 0
923 -5.934616241680961 -4.88918373235153 0
924 5.70762373247333 3.055553477016797 0
925 -4.87712157024964 -0.6110899528526232 0
926 -1.701705253231223 -4.888890047527854 0
927 -3.818656896100105 -7.333333356023631 0
928 2.532338734405737 -0.0002471333744011872 0
929 -3.79075565115389 -8.457966011206612 0
930 5.707622762942293 1.833332934071613 0
931 5.73266869671318 6.724691089301661 0
932 3.590789252018782 1.833129459488884 0
933 4.64916705585906 1.22218755185658 0
934 -5.934315547085978 -3.666757954599965 0
935 9.941524506550493 1.833333333221086 0
936 2.532197270348636 -3.666668777106695 0
937 5.707626088420071 0.6111049519529388 0
938 0.4152462036285876 -4.888890861299333 0
939 1.47372255132615 -4.277781229677006 0
940 8.883049014464376 -2.585940350741112e-09 0
941 8.88304901725169 -1.222222229635932 0
942 8.888095026590243 -8.547259829916271 0
943 9.009219026707949 -9.874265877993498 0
944 8.883049018675344 -2.444444454324008 0
945 6.766098719605001 2.444443242986148 0
946 -0.6432298803564294 -5.500000949685177 0
947 -0.6432303332659757 -6.722222387445046 0
948 8.884344076488041 -7.331682519606229 0
949 8.883221424879626 -6.110985240389798 0
950 8.883049016116605 -3.666666672114363 0
951 8.883055777303746 3.666654950499296 0
952 -0.6704827486183049 -7.904927585235435 0
953 8.883077749014117 -4.888867911690554 0
954 -3.810446076049841 6.110832376002755 0
955 -2.727663298276871 5.490402763871707 0
956 7.824576920951785 3.055549663993844 0
957 1.854817856807383 6.154152786157535 0
958 -1.82840056997359 9.830151498345604 0
959 -1.812204510650794 -9.844985019329782 0
960 1.322037485769052 4.188665862741674 0
961 0.5564908694306254 -9.91691626132264 0
962 -9.147393741363977 -9.975053601172323 0
963 0.08544707771030957 8.903896883289583 0
964 -1.78204276606132 8.565866855879065 0
965 4.713181799842616 7.310576673489049 0
966 3.049406725783216 10.01365824174714 0
967 0.5284776750860054 3.495998747074195 0
968 3.504152457236195 -9.039668419705157 0
969 -4.663013901180584 9.089823110255693 0
970 -4.672786309549621 -9.106825252639585 0
971 3.711119024307145 6.618937986008618 0
972 1.833333333333329 -10.14991572666265 0
973 -10.19615320770427 -7.914839065852577 0
974 -8.841643535353843 -6.721014632004448 0
975 -10.19881667794865 -5.500000000000015 0
976 -8.835486774403073 -4.277928964852978 0
977 -10.19881667794866 -3.055555555555571 0
978 -8.838370075241279 -1.833333333657011 0
979 -10.19881667794866 -0.6111111111111249 0
980 -8.819897316693746 0.5577110031940844 0
981 -10.12886509720352 3.090906290981053 0
982 -10.0703298112057 1.936657538007255 0
983 -7.795007909071787 4.920599086809071 0
984 -9.157915431561024 6.118135255052692 0
985 -7.786627766103057 7.281067672227614 0
986 -3.067386647107336 10.13653089104726 0
987 -3.066668932625047 -10.13775551575801 0
988 -7.149135550988738 -8.996085000413611 0
989 -7.894233776277964 10.20491817455673 0
990 7.944444444444432 -10.18126635646047 0
991 7.930595194134298 10.18378845834701 0
992 -0.7393583817665661 -8.999974122975466 0
993 5.500000000000004 10.20242344572492 0
994 5.512903169641984 -10.19935192724059 0
995 2.454963380569612 9.144940677691974 0
996 -6.939092155742342 8.896420400392753 0
997 -8.839618585284686 -9.04588205916021 0
998 -0.9657615151679551 4.280924668990361 0
999 -0.952886316938713 9.07205027570047 0
1000 -10.10527123519359 -10.10527123519359 0
1001 10.10527123519359 -10.1052712351936 0
1002 -10.10527123519361 10.10527123519361 0
1003 10.10527123519361 10.10527123519361 0
1004 2.793867879141708 6.015808190228224 0
1005 -7.95944050105811 8.232225757398329 0
1006 -9.198471286210696 3.855614970003945 0
1007 2.394952255157978 -9.396726545231667 0
1008 -0.8655583265474078 5.134644582160185 0
1009 -3.658906759283469 9.384456417463539 0
1010 -3.660473462891034 -9.386839984959096 0
1011 -0.5332843720895237 -10.02532299138288 7.7
1012 -0.5359229009331621 9.966820318608267 7.7
1013 9.941524506485692 0.6111111111111089 7.7
1014 -9.941524506485687 0.6111111111111107 7.7
1015 4.447792478445779 -9.838887811889149 7.7
1016 -9.941524506485687 -4.277777777777779 7.7
1017 4.410010272466391 9.858901112630665 7.7
1018 -4.266502299795234 10.08945178132067 7.7
1019 9.941524506485692 -3.055555555555556 7.7
1020 9.941524506485688 4.27777777777778 7.7
1021 -10.00720544875575 4.330097483861282 7.7
1022 -4.266502299795228 -10.0894517813207 7.7
1023 9.941524506485692 -6.722222222222222 7.7
1024 1.83333333333333 9.941524506485688 7.7
1025 -9.941524506485687 -1.833333333333334 7.7
1026 6.733469109909137 9.914002974677885 7.7
1027 1.85857498689613 -9.959912625834539 7.7
1028 -9.941524506485687 -6.722222222222222 7.7
1029 -6.688220848878439 -9.961155208538536 7.7
1030 9.941524506485685 6.722222222222221 7.7
1031 -6.722222222222222 9.941524506485688 7.7
1032 -9.976998652364518 6.722222222222221 7.7
1033 6.723481845740903 -9.827304122016304 7.7
1034 -9.921718837231381 -9.033431651806362 7.7
1035 9.965056389376205 -9.161487659767818 7.7
1036 -9.968815627937005 9.119397057717453 7.7
1037 9.968815627937005 9.119397057717464 7.7
1038 9.946073026727568 7.936566176286245 7.7
1039 8.88380709967835 7.332020288640297 7.7
1040 8.883175360755871 6.110892270328929 7.7
1041 7.824720925205636 6.721966907976338 7.7
1042 7.824619145045908 5.499920974161967 7.7
1043 6.766130197832322 6.11105538776377 7.7
1044 6.766110992189155 4.888866430691305 7.7
1045 5.707630055451105 5.499986969742491 7.7
1046 5.707625947306621 4.277771863035245 7.7
1047 4.649148861897604 4.888885731388864 7.7
1048 4.649147911891072 3.666665154626218 7.7
1049 3.590671994726558 4.277776999521013 7.7
1050 3.590671765783767 3.055555173839334 7.7
1051 2.533586890203523 3.664257664034725 7.7
1052 2.532427895002503 2.444042880386402 7.7
1053 1.487745641089003 3.031263399707926 7.7
1054 1.476096712676998 1.829217713349038 7.7
1055 0.4303425134732279 2.418294896376249 7.7
1056 0.4181573320105745 1.217178027546787 7.7
1057 1.47394999495403 0.6107137152925173 7.7
1058 0.4157686821463074 -0.0009069317490215667 7.7
1059 1.473846067349914 -0.6113284990390611 7.7
1060 -0.6402288093624247 1.828134376209377 7.7
1061 0.4153532525682468 -1.222409608835068 7.7
1062 1.47373069723219 -1.833350894355707 7.7
1063 0.4152647859522851 -2.444478602383667 7.7
1064 -0.6432091105229585 -1.833370257425365 7.7
1065 2.532218659858803 -1.222261380380621 7.7
1066 2.532201509691234 -2.444453897641255 7.7
1067 -0.5748936633822073 3.243628920342928 7.7
1068 -1.689816191410038 2.474923512388319 7.7
1069 -0.6432235887857711 -3.055567402560786 7.7
1070 -1.701701229170713 -2.44445257296068 7.7
1071 -1.701705922171744 3.666666666666632 7.7
1072 -2.758199793892443 3.060635400212833 7.7
1073 -1.701704000026281 -3.666669995920268 7.7
1074 -2.76018031316163 -3.05555746518389 7.7
1075 3.590676223029664 -1.833341435225879 7.7
1076 3.590671985122675 -3.055556317177873 7.7
1077 -0.6432289683212282 -4.277780307154265 7.7
1078 -2.759851145387128 4.278624418553955 7.7
1079 -3.818271593851613 3.667654414238882 7.7
1080 -3.818262419676643 2.445455709815997 7.7
1081 -2.760180911574391 -4.277778650924794 7.7
1082 -3.818656641427674 -3.66666713046259 7.7
1083 -3.818537644925767 4.889194620280259 7.7
1084 -3.818656780552955 -4.888889111712743 7.7
1085 2.398069924835863 5.031196561670125 7.7
1086 -3.81865668081751 -2.444444840015187 7.7
1087 4.64914722114095 2.444444128818319 7.7
1088 4.64914789180626 -2.444445921696929 7.7
1089 4.649147254349979 -3.666667039812476 7.7
1090 3.590671654592954 -4.277777966905811 7.7
1091 4.649147093018982 -4.888888982601204 7.7
1092 -1.73850719685732 4.832574023458452 7.7
1093 -4.877132402714683 3.055555555555513 7.7
1094 -4.877066654460728 1.833501877561886 7.7
1095 -4.877132381189107 -3.055555592838967 7.7
1096 -2.760181310226185 -5.500000182661836 7.7
1097 3.590671572616168 -5.500000047140068 7.7
1098 -5.935596938186671 2.444472535149162 7.7
1099 -5.935595111846283 1.222254994711065 7.7
1100 -5.935606069888611 3.66667134845075 7.7
1101 6.766100756130179 3.666661937843294 7.7
1102 5.707622577351913 -4.277777855587471 7.7
1103 5.707622536724784 -5.50000000744144 7.7
1104 4.698567192226555 6.111854504118813 7.7
1105 -3.818656870182461 -6.111111178692091 7.7
1106 -4.877132374770439 -5.500000048400844 7.7
1107 -1.699224030495628 1.226435574025517 7.7
1108 4.649147960667801 -1.222223818746404 7.7
1109 5.707622828202755 -1.833333845629449 7.7
1110 5.70762273534978 -0.611111462581162 7.7
1111 6.76609810905871 -1.222222366183253 7.7
1112 6.766098073615645 -8.257184802573647e-08 7.7
1113 6.766098034146083 -4.888888903097421 7.7
1114 6.766098028026065 -6.111111114719446 7.7
1115 -2.760181391606396 -6.722222263929382 7.7
1116 -4.877132391554293 -6.722222241552563 7.7
1117 -5.935607889711532 -6.111111122399684 7.7
1118 5.707622533491747 -6.722222224063855 7.7
1119 -6.99408125901286 3.05556101763699 7.7
1120 -6.958608584352679 4.277779468421997 7.7
1121 -4.87713236106327 -1.833333405475727 7.7
1122 -5.935607885699487 -2.444444462682117 7.7
1123 -3.818656864194653 -1.222222300174444 7.7
1124 2.532196074620437 -4.888888928266921 7.7
1125 2.532196060210737 -6.111111125530807 7.7
1126 6.766098026467219 -7.333333334241664 7.7
1127 -5.964858429096349 -7.387915581339154 7.7
1128 -6.998958477468262 -6.731319265438001 7.7
1129 -6.994895903277868 -5.501516175750769 7.7
1130 6.766127955549088 7.333281493734436 7.7
1131 3.590671551323434 -6.722222232482191 7.7
1132 2.517570786353481 -7.387915580349256 7.7
1133 1.471283015503417 -6.731319265794834 7.7
1134 -5.93560788753217 -1.222222237285605 7.7
1135 -6.99408338890917 -1.833333334778143 7.7
1136 -6.994083388154813 -0.6111111138625152 7.7
1137 -6.994083387849352 -3.055555558836009 7.7
1138 -3.818580202904091 1.222418857155541 7.7
1139 -5.929695124273833 4.888889950960243 7.7
1140 -6.951711314306856 5.500000458785891 7.7
1141 -5.927560421663737 6.111111364587288 7.7
1142 -6.950205985530876 6.722222340932525 7.7
1143 -5.926953749766056 7.333333395364381 7.7
1144 -4.877132402714699 6.722222222222182 7.7
1145 -1.701701586982486 -1.222229730990291 7.7
1146 6.766098034797238 -3.666666682003049 7.7
1147 4.649147226359965 -3.246657112043749e-07 7.7
1148 -1.701705900581796 -6.111111148505962 7.7
1149 -1.701705920190339 -7.333333336765177 7.7
1150 7.824573541255219 -0.6111111488665948 7.7
1151 7.824573531035579 0.61111109105655 7.7
1152 6.766098035817993 1.22222220511782 7.7
1153 7.824573520387833 1.833333331721198 7.7
1154 7.824573522300057 -4.277777782701937 7.7
1155 7.824573536942772 -1.83333336361942 7.7
1156 -2.760181411342515 -7.944444451967636 7.7
1157 5.707622532693101 -7.944444444902775 7.7
1158 1.464832645756113 -7.953897268372081 7.7
1159 -6.939357463237711 7.882739197573642 7.7
1160 -7.03513940629111 -7.971270552451531 7.7
1161 3.590671545399838 -7.944444444444467 7.7
1162 -0.6432304247288467 -6.722222229026682 7.7
1163 8.883049019518698 -1.222222233562482 7.7
1164 7.824573519891718 -6.722222222975003 7.7
1165 7.804105178528445 -7.908992238009384 7.7
1166 -4.877649459333233 7.922741773148935 7.7
1167 -3.818743085303473 7.329716221450692 7.7
1168 -4.877132402714632 -7.944444444444498 7.7
1169 -0.6645316082656798 -7.90754971910175 7.7
1170 -8.024739921424224 -7.339320525203862 7.7
1171 -8.036551484154145 -8.521298849535381 7.7
1172 -8.017084736924099 -2.444444445232033 7.7
1173 -8.011172379340863 -3.666666667344719 7.7
1174 -8.129047987952839 3.798814738143472 7.7
1175 -8.065306712251754 2.466470033370783 7.7
1176 -8.052558883257637 6.111111111111061 7.7
1177 -9.112488111436344 2.893026813123489 7.7
1178 -9.117522694804267 -7.929652566345412 7.7
1179 -9.111034376771915 -3.055555555555627 7.7
1180 -3.784109677278183 8.466227405592605 7.7
1181 -2.760181415686056 7.944444444444358 7.7
1182 -2.712146742266837 6.723835082629911 7.7
1183 -1.639974104619865 7.399795609442357 7.7
1184 -2.801007481513969 9.078384898211311 7.7
1185 -9.037406182781506 1.606212437378653 7.7
1186 -8.006938009879409 1.188039671050792 7.7
1187 -5.957942528285114 8.715830123958753 7.7
1188 8.888481967704731 8.546145401922153 7.7
1189 9.00927430401002 9.874106673994344 7.7
1190 7.824573519457065 9.166666666666696 7.7
1191 7.825634915589596 7.942606052415904 7.7
1192 6.757273775588658 8.586008356869169 7.7
1193 5.716198421730255 7.958634847117228 7.7
1194 5.625924144736892 9.180314317381416 7.7
1195 4.602338532680216 8.514841923032243 7.7
1196 3.454990186514459 8.919640782313522 7.7
1197 3.666722416659752 7.772122925712146 7.7
1198 2.552784359882198 8.119185553264504 7.7
1199 2.740158582385448 6.994562163344614 7.7
1200 1.609728026966753 7.351542335962122 7.7
1201 1.384302297334866 8.730694304648988 7.7
1202 0.4498280411650342 7.747255831567543 7.7
1203 0.6953741500412054 6.541975357628434 7.7
1204 -0.4727450644504483 6.944436911649539 7.7
1205 -0.1820630446041687 5.772291673942867 7.7
1206 0.9681392293642936 5.353316554776214 7.7
1207 0.05525470959030265 4.513783842171529 7.7
1208 -0.7035124254358056 8.093515822379821 7.7
1209 -1.448447502392231 6.084322695597191 7.7
1210 7.824583739794171 4.277760075634605 7.7
1211 8.883079378589784 4.88883629409499 7.7
1212 7.82457352432094 -3.055555563979993 7.7
1213 -1.747391920581165 -8.54043980966256 7.7
1214 -2.801252208539388 -9.090753633476901 7.7
1215 -9.951985384374044 7.936566176286242 7.7
1216 -8.918877926577554 8.597523677959611 7.7
1217 -9.013616583849 9.881446427713968 7.7
1218 -7.846441186429715 9.201619938584006 7.7
1219 -8.883049012971373 7.333333333333332 7.7
1220 4.649147040122743 -7.333333335426661 7.7
1221 4.649147038914183 -8.555555555555568 7.7
1222 5.632356986956125 -9.149196031488392 7.7
1223 -5.935605763784322 5.45911231597529e-06 7.7
1224 -6.987321057697269 -4.278030474396022 7.7
1225 -8.011172379252763 -1.22222222305289 7.7
1226 -8.002583507550197 -0.005697092458948561 7.7
1227 -9.111034376771929 -0.6111111111111818 7.7
1228 -6.978148195159723 0.6044708753143304 7.7
1229 -0.6417438627550549 0.6099549891535823 7.7
1230 -8.013396177283131 -6.113877846250663 7.7
1231 -8.002668232644995 -4.889644823586686 7.7
1232 -9.111034376771901 -5.500000000000079 7.7
1233 3.088098281260688 -9.952814784366696 7.7
1234 2.508583865133129 -8.746771669705236 7.7
1235 -6.985944371056117 1.83021152120552 7.7
1236 9.941524506485688 3.055555555555559 7.7
1237 9.941524506485685 1.833333333333337 7.7
1238 -4.877132328399685 -4.277777906495137 7.7
1239 -1.701043790043784 0.0005082868462640278 7.7
1240 -4.87593516540219 5.500026109433552 7.7
1241 -7.974906168869666 -9.769973626941574 7.7
1242 -2.760180964307141 -1.833334115144575 7.7
1243 5.707622768741821 -3.055555964862306 7.7
1244 5.707622551861121 0.6111110774527528 7.7
1245 8.050652404116718 -9.885490227642915 7.7
1246 9.945446486967448 -7.943581276627969 7.7
1247 2.532197056794953 -3.666668407220874 7.7
1248 1.473720729645269 -4.277778074433165 7.7
1249 9.941524506485692 -5.500000000000003 7.7
1250 9.941524506485695 -4.27777777777778 7.7
1251 -5.492865643620342 9.947342826530893 7.7
1252 -5.492453858112277 -9.995017763282242 7.7
1253 -6.010859846750335 -8.756726764601037 7.7
1254 3.654216275586808 5.508703459158866 7.7
1255 0.6550568378673738 -10.0497303507699 7.7
1256 -0.6427627359316226 -0.6114088754999862 7.7
1257 -2.760070255069083 -0.6110277913920079 7.7
1258 -3.818625590547207 4.664611667415386e-05 7.7
1259 -4.877100954376218 0.6111861205910518 7.7
1260 -2.759620880790976 0.6119524843475439 7.7
1261 -2.757283919861639 1.840303589657623 7.7
1262 -4.875863000176117 4.277998666486532 7.7
1263 -9.993857833722668 5.508719951013916 7.7
1264 -8.883112775488923 4.915289657582935 7.7
1265 3.590676277866928 -0.6111193079845876 7.7
1266 3.590672365385311 0.611109690854569 7.7
1267 2.532669094217365 1.221402888869306 7.7
1268 2.532338743272058 -0.0002471487313151499 7.7
1269 9.941550625386171 5.499954760737317 7.7
1270 0.646717934727338 9.929197487305579 7.7
1271 -5.934616241680961 -4.889183732351531 7.7
1272 4.649147054549641 -6.111111138192571 7.7
1273 -0.6432301810149639 -5.500000428929307 7.7
1274 -1.701705211957476 -4.888890119016073 7.7
1275 5.707623732473337 3.055553477016804 7.7
1276 -4.87712157024964 -0.6110899528526232 7.7
1277 0.4152497636197783 -3.666674805162727 7.7
1278 6.766098133677367 -2.444444631046245 7.7
1279 1.473727423822618 -3.055567446866233 7.7
1280 -3.818656896100103 -7.333333356023628 7.7
1281 8.883049013126502 2.444444444175748 7.7
1282 3.590789230073998 1.833129497498355 7.7
1283 4.649166854541633 1.222187900548601 7.7
1284 5.73266869671318 6.724691089301661 7.7
1285 1.473314334948947 -5.501516232337623 7.7
1286 8.883049015082115 1.222222218566323 7.7
1287 -5.934315547085977 -3.666757954599965 7.7
1288 0.4151784572891177 -4.889143493188032 7.7
1289 0.4147600444757629 -6.112922497101639 7.7
1290 6.72257134055199 -8.51953726617562 7.7
1291 7.824573521717785 -5.500000003915638 7.7
1292 -3.79085426772615 -8.457795202292983 7.7
1293 8.883049019977168 -1.213436995328721e-08 7.7
1294 6.766098682782474 2.444443306764661 7.7
1295 9.941524507576915 -1.833333335223372 7.7
1296 8.883049017969398 -2.444444453101251 7.7
1297 9.941524508926406 -0.6111111153385576 7.7
1298 0.4097264562662808 -7.330577755825418 7.7
1299 8.883049013822003 -4.888888890362194 7.7
1300 8.88305577732315 3.666654950465702 7.7
1301 7.824576914924048 3.055549674434198 7.7
1302 8.880291286302679 -7.327280771083546 7.7
1303 -3.810446076049841 6.110832376002755 7.7
1304 8.883049013794732 -3.666666668092736 7.7
1305 8.779149488912946 -8.736701980202465 7.7
1306 8.882589392450924 -6.110102351759768 7.7
1307 -2.727663298276871 5.490402763871707 7.7
1308 5.707626179769584 1.833327015953156 7.7
1309 0.3036363619525169 -8.408411589179234 7.7
1310 1.854817856807383 6.154152786157535 7.7
1311 -1.82840056997359 9.830151498345604 7.7
1312 -1.796455462235619 -9.823315084641401 7.7
1313 1.322037485769052 4.188665862741674 7.7
1314 9.177335445350945 -9.979959396588546 7.7
1315 -9.147393741363977 -9.975053601172323 7.7
1316 0.08544707771030957 8.903896883289583 7.7
1317 -1.78204276606132 8.565866855879065 7.7
1318 4.713181799842616 7.310576673489049 7.7
1319 3.049406725783216 10.01365824174714 7.7
1320 0.5284776750860054 3.495998747074195 7.7
1321 3.666666666666664 -9.035039255505115 7.7
1322 -4.663013901180584 9.089823110255693 7.7
1323 -4.672802745644999 -9.106796784487312 7.7
1324 1.133306790696944 -9.073082043699747 7.7
1325 3.711119024307145 6.618937986008618 7.7
1326 -10.19615320770427 -7.914839065852577 7.7
1327 -8.841643535353843 -6.721014632004448 7.7
1328 -10.19881667794865 -5.500000000000015 7.7
1329 -8.835486774403073 -4.277928964852978 7.7
1330 -10.19881667794866 -3.055555555555571 7.7
1331 -8.838370075241279 -1.833333333657011 7.7
1332 -10.19881667794866 -0.6111111111111249 7.7
1333 -8.819897316693746 0.5577110031940844 7.7
1334 -10.12886509720352 3.090906290981053 7.7
1335 -10.0703298112057 1.936657538007255 7.7
1336 -7.795007909071787 4.920599086809071 7.7
1337 -9.157915431561024 6.118135255052692 7.7
1338 -7.786627766103057 7.281067672227614 7.7
1339 -3.067386647107336 10.13653089104726 7.7
1340 -3.070193647581755 -10.12692293139101 7.7
1341 5.500000000000004 -10.17342869901101 7.7
1342 -7.149135550988738 -8.996085000413611 7.7
1343 -7.894233776277964 10.20491817455673 7.7
1344 7.930595194134298 10.18378845834701 7.7
1345 7.615992051570199 -8.975605166809338 7.7
1346 -0.7710375122170259 -8.945298304374177 7.7
1347 5.500000000000004 10.20242344572492 7.7
1348 2.454963380569612 9.144940677691974 7.7
1349 -6.939092155742342 8.896420400392753 7.7
1350 -8.839618585284686 -9.04588205916021 7.7
1351 -0.9657615151679551 4.280924668990361 7.7
1352 -0.952886316938713 9.07205027570047 7.7
1353 -10.10527123519359 -10.10527123519359 7.7
1354 10.10527123519359 -10.1052712351936 7.7
1355 -10.10527123519361 10.10527123519361 7.7
1356 10.10527123519361 10.10527123519361 7.7
1357 2.793867879141708 6.015808190228224 7.7
1358 -7.95944050105811 8.232225757398329 7.7
1359 -9.198471286210696 3.855614970003945 7.7
1360 -0.8655583265474078 5.134644582160185 7.7
1361 -3.658906759283469 9.384456417463539 7.7
1362 -3.660905245243885 -9.385609707926985 7.7
1363 0.08485991120174319 -9.309870950961825 7.7
1364 -1.218904107214993 4.743377135407711 3.850000000000001
1365 2.351744238664256 6.270974437470898 3.85
1366 1.897784996067429 2.395206434392418 3.850000000000001
1367 -4.456612770868131 2.561475581532112 3.850000000000001
1368 6.009159178733015 4.888878402873623 3.850000000000001
1369 7.147158444157457 -6.771127116299463 3.850028557582691
1370 -2.054531076499125 -6.722222236975071 3.85
1371 3.943497110279322 -3.666667237457632 3.85
1372 7.118923191050199 0.6111111083359891 3.849999998338728
1373 -4.524307070115983 -3.666666734428055 3.850000000000001
1374 -0.2903801847593893 -2.444473009723606 3.85
1375 -4.361569613219606 7.049718962191215 3.85
1376 1.994481125152359 -7.042460690013248 3.849792273143781
1377 -6.766833639435353 -0.5278534437360707 3.850000000000001
1378 -6.770895664510619 -7.183634585791805 3.85423819278282
1379 -7.343047720469505 4.867726811018726 3.670875060020797
1380 7.442088381252854 -2.946236918800574 3.561482502023908
1381 -1.319784920529879 0.9354594380482573 3.516555365149084
1382 3.889169448443577 -0.3088792696188394 3.366200571600236
1383 7.70453960541855 7.70392334570275 4.381862426921177
1384 -0.4156080040687745 7.802595461689405 4.497522365573929
1385 -7.744061628129378 -4.085255991882642 4.437925817626684
1386 -7.91605677531502 7.918161362403578 4.552367668241139
1387 4.881247224514239 7.928304407721422 3.059453824039567
1388 -3.735197768132553 -0.7323935340847476 4.608018822866848
1389 4.775890667453864 2.286102038296455 4.703018194012971
1390 -8.031303058167898 2.096553649361622 4.690792062134827
1391 8.119297523331468 3.153468669420628 4.81813215458326
1392 4.631635111662585 -8.06088786084865 2.930179182946373
1393 1.382774354775826 -0.2864491973540701 4.821406198645878
1394 0.1099249231507535 -5.112203495285123 2.851485780026356
1395 -4.293296510188747 -8.163949817682903 4.898135614676669
1396 4.667252568827064 -6.125020974581292 4.922168341894558
1397 -2.073603697104116 -4.211712662858067 5.012968676218101
1398 -4.490803979586129 -6.165512299114589 2.677027323979958
1399 1.511347819617123 -4.147510467337244 4.979133125138773
1400 8.335381950318494 5.678981817293338 2.670796670094505
1401 5.738698853019542 -1.414051036119336 5.017917253917091
1402 -0.143390894866383 -8.316455327454857 4.997630309321741
1403 2.085663388064557 -2.157989006460244 2.632298404693318
1404 -2.314232998896529 8.350246211163258 2.646199952118677
1405 -2.658395637637185 -2.185874803183609 2.644444808837064
1406 -3.603385879356521 4.78853563536887 5.043653233984028
1407 3.642126165482843 4.155365582797616 2.720227825506441
1408 -4.945693891122828 4.81696038446446 2.578383889827562
1409 5.913898640415598 -4.838560672603263 2.561206405572439
1410 8.427055816801024 -4.840409327011004 5.105460169145061
1411 -8.387016116043457 -2.246475524996087 2.626637947670901
1412 3.310100751670833 8.36565354429419 5.128476239173175
1413 6.169198984886673 2.647562427769055 2.531441770117653
1414 1.39752682406885 8.437970047910124 2.694860852864277
1415 -6.566427090904018 1.730745007992017 2.568576807174764
1416 8.473223293161407 -1.175874964478127 5.144176259743617
1417 -6.162889063967929 8.529776697978884 2.786218131708807
1418 1.013008439553444 4.463307722423313 2.559927972729543
1419 8.479320581930324 -5.039421801734797 2.520824526093591
1420 -8.57404314960125 -8.588447099835651 2.833344522163368
1421 -0.0898164886406112 -7.637447751856637 2.489956935386049
1422 -5.113186121715133 -5.764933848014135 5.174533489903246
1423 5.743627766032486 -8.419500682367097 5.195781544357539
1424 1.004977790024957 4.482078785593234 5.148076684866794
1425 -2.380272735132336 2.97356647846599 2.487415193825698
1426 -3.606550165824475 0.614034388941071 2.457473406922785
1427 -3.374362616255769 -8.456702033923165 2.519414376910031
1428 -8.442149577173359 -5.701798392231619 2.528442750891166
1429 0.9382828105026907 0.5121161332218205 2.46656009230884
1430 6.058539945954768 -1.174943581298391 2.42803298487939
1431 -2.082640499262475 2.729894640051445 5.180086869964709
1432 8.619770254682454 -8.480818343538205 4.842133186065632
1433 -2.324306388988903 -4.664167158294783 2.440465811434278
1434 -8.602290188496257 6.74991157252919 2.455354647726808
1435 -2.760429105074663 8.480854204045272 5.213433309642315
1436 8.522978021900995 5.552366045365007 5.308992515268921
1437 8.545994280281198 -0.9025691404305006 2.459022830058483
1438 5.250530905407788 6.804516135174532 5.254694040162345
1439 3.585899600071977 -5.71065313701837 2.478422966352255
1440 5.96904791816652 -4.033022567899923 5.241386500804557
1441 -5.077589030494755 -1.691465576119381 2.463601452745281
1442 8.61486760028397 3.015168438779716 2.395271261305519
1443 -8.623743770422447 3.100054552733174 2.510674363117742
1444 -0.2384750050628379 -5.864505636929045 5.289669269938162
1445 -1.368785492301232 -0.7667192742399738 5.299741207538052
1446 -6.394194404980612 -4.337543873260683 2.391391390868587
1447 3.300342394291254 -1.759639207339649 5.260626214824926
1448 -6.119073986726293 -2.435554972204722 5.252249499203575
1449 3.826040118433034 4.696022675772664 5.200494312542953
1450 3.281738638526638 -8.562717750087659 5.307784165180409
1451 -8.576950469261453 0.3297379799366091 2.431622223060543
1452 -6.209664146279621 6.322363277798987 5.278858465913475
1453 -5.427916680841218 0.8793593229791424 5.333749147815974
1454 -8.546141126999542 -6.255624790719359 5.294927343490434
1455 -0.3219583383351209 6.516080256484697 2.410813247661169
1456 0.113554898363746 1.713257637459061 5.345174859579706
1457 -6.157473021172834 3.511077089414799 5.291722844503566
1458 8.241781319035468 -8.451363618944018 2.391825939719678
1459 -8.390596928846017 -1.574035979864964 5.32521179082824
1460 -8.143122108992088 -8.642547360075616 5.2160784655837
1461 3.948554877508226 1.832432073353375 2.345678773432663
1462 -2.740167241453802 5.964773869430003 2.390047689752057
1463 -8.683911396742879 4.198329568930945 5.454148736828067
1464 -5.629239680423854 8.631043167369937 5.110082210176797
1465 2.493691475288259 -8.692425224773075 2.303632936857014
1466 7.004947912764414 8.665658550616023 2.34459606849311
1467 3.412278144738621 0.5908232508387588 5.417191148811114
1468 -0.150715444818037 2.512720520955218 2.356383843608691
1469 -1.990560332075184 6.358193890134632 5.226762845116998
1470 -0.8122044573999249 -0.9211056363226202 2.245561837041723
1471 8.634742602043756 1.052756024637522 5.463002096291113
1472 6.251958760698283 6.375442614186324 2.176240508973815
1473 6.04404216685245 8.871009592449468 5.376114977207849
1474 -6.158696076304705 -8.822950198772578 2.408963367522471
1475 -6.426230965472822 6.417611032972479 2.144661564180973
1476 1.240058035599473 8.923706883691267 5.287185725150477
1477 1.154674294477611 6.775056339509244 5.590351733968339
1478 -2.228883685781772 -8.820969883191649 4.497303368451051
1479 3.754626897873305 6.27354874392425 2.164857106357572
1480 4.214241061300865 -2.321348758623669 2.143037303081812
1481 -3.551759356330193 -2.69547544947797 5.547102465084777
1482 1.985075432347209 -4.274680509617154 2.119441387122976
1483 -8.889520723822621 6.321924883598984 5.588948752795866
1484 6.174867057112757 3.657026932777963 5.619770516213309
1485 -3.046292924574121 -6.111111204245208 5.657891984278463
1486 0.8821661466948445 -2.206195030926855 5.624757746299121
1487 -8.306655460207896 8.901621543398416 2.646094802727061
1488 5.845806423549552 0.6492882503733276 5.566982918877509
1489 8.892642664896188 7.674194024127859 2.116859980664623
1490 2.623933490319132 -5.896495867859443 5.55997653922446
1491 8.941211300037562 -3.014589773583281 2.050796361663611
1492 2.947933870243844 2.813804029447764 5.649198950428094
1493 -3.337042382379309 1.080198343737057 5.637849788062654
1494 -7.472400127339027 0.302416510672234 5.664396044885249
1495 8.980315563567308 1.058936806287331 3.021219817337712
1496 6.092625218748045 -6.855769194515196 2.048798132558579
1497 -6.67225255898558 3.756762395252811 2.016695335875763
1498 -6.176425018265904 -9.008394312415607 4.65213167635754
1499 9.020667519998664 -6.6900050784983 5.744033980612373
1500 -0.7304473058171337 -3.387687514873463 2.050376743889063
1501 9.075523592014921 9.075232454512232 4.847709942699478
1502 -0.4635589997792757 8.986292597943983 2.00006198183375
1503 6.458334959424753 -8.969964040939075 3.323787200135194
1504 -0.893552254657024 4.705189794867811 1.914882730727412
1505 -0.8451946793081446 4.699513948294284 5.781255926099639
1506 6.584302220460056 -5.954338775626706 5.654711692926053
1507 3.143371767443406 6.483327399395047 5.786162435379068
1508 -6.563562436088098 -6.350853923374642 1.979293753201188
1509 -4.237941314485316 8.967204651884105 2.057279078367526
1510 7.695134881361892 -3.00421559059329 5.65347861963083
1511 1.564430803203945 -6.276683057838276 1.998228036582503
1512 -4.255992085693137 -4.288872672357924 1.93450582663921
1513 3.332127683832462 8.933604323057089 2.084582335785893
1514 5.636353604635763 0.7626234355776339 2.018035560173121
1515 2.21258603476665 2.958769659310181 1.931423471421486
1516 6.876413539846255 4.460640171538623 1.975170139047541
1517 3.321210305689925 -3.716562504452643 5.774719715456438
1518 -4.196243362677944 3.013364485879876 5.800116124754363
1519 1.653906307027926 6.564244499426712 1.972330447265351
1520 1.577517841854582 -7.596899511625253 5.729656281377247
1521 1.611256082343262 -8.975217342705109 4.262688440907972
1522 -4.296271901559067 3.044428526420489 1.914796105034678
1523 -6.552696282630366 -0.1533902615481615 1.896655393094427
1524 -1.051670068264638 -2.678287600053126 5.782138188569524
1525 -4.276541192739273 6.529518188274095 5.789896596068273
1526 9.125216249034281 -6.851805884498092 3.772189481871513
1527 -1.491102693722406 -9.032468274623808 1.969836291895587
1528 -8.99622768675885 0.08705655009706929 4.378026450303524
1529 -9.070828534325775 9.089029184192405 5.684630442538057
1530 -6.333439878677157 -4.331136770538651 5.820665336194249
1531 -2.054531076499127 -6.72222223697507 1.860332160102468
1532 6.415934903523993 -3.046718818014455 1.861850595092401
1533 -0.5756440886050855 9.161725715303964 5.829829841499614
1534 -6.584319021634132 -2.617308017787002 3.341916941917541
1535 -4.337292074980767 7.004437620322094 1.877151517975562
1536 6.636261206053272 5.547557881715687 5.830025749305021
1537 -6.655163520701226 -7.471889843409176 5.815769142655429
1538 2.578266708356304 -0.4041057547152405 1.915160568510323
1539 -9.152154714939993 4.934955435809244 2.931883421230385
1540 9.167812777235566 -6.728879179727504 1.829522697834129
1541 9.070465391562463 7.361181419251777 5.765087491693684
1542 -4.123208960669541 9.116337486381688 3.987937794668323
1543 7.467551427094931 1.378212992010283 1.850835618894823
1544 -3.382432902508744 -5.229707990911538 3.963768011451501
1545 -0.06764821229955942 3.221557545118992 4.151645667975489
1546 -9.083187156746572 -3.944834834002287 1.921848079229673
1547 9.154649708497256 -3.196919627173534 4.409490292935374
1548 -1.696240481488211 -7.482032682737064 5.777934413802218
1549 -5.265975475976981 0.6049697420655513 3.434553268545218
1550 5.544035885758414 -2.644604814390911 3.554538578352262
1551 9.164202774203268 4.452855329857735 3.881821280789646
1552 0.141046371955533 6.020163539339725 4.179381703006328
1553 -9.137951185234474 -4.446929053143283 5.769507770493164
1554 -5.151371369118372 -0.921545273234861 5.851657863460376
1555 9.229983054694578 6.681597177232747 3.98410851155767
1556 7.070340229023547 2.03188580770014 5.895501017251488
1557 -3.270457510750953 -9.26984584727618 5.923718637468553
1558 5.076855877311381 4.9595506416318 1.822802388821082
1559 4.355790802964087 -4.152660939630433 1.783473723683247
1560 4.415503543488874 5.868189686717259 3.867211714405444
1561 -3.945746424348047 -4.489987631344466 5.880314371490707
1562 -1.870355293401229 0.5428216381922328 1.777404641654357
1563 -6.46086086152032 -5.348434083509268 3.956032264034472
1564 -5.344790962719315 4.928218952034674 4.395203441892495
1565 -0.3051937081805037 -4.214279831845583 4.429267963356385
1566 -7.229417451094637 9.151903218110453 5.887205393569721
1567 -9.181743310178552 -7.008853671174126 3.679612814810765
1568 -9.247283539229045 -2.996994785154131 4.495410970779368
1569 -3.266826408047871 4.41081517274035 3.257812288607025
1570 7.307629275265347 -7.666671697426014 5.907274072297866
1571 -4.172497933449188 9.27645979152558 5.983878449712786
1572 2.269484737225061 -5.222497427218851 3.680616618973957
1573 -2.165225774424475 -0.7040395542190148 3.632995958674417
1574 1.82706812097716 1.376733977404232 5.944741280962173
1575 -1.504020686064726 0.9869893876218925 5.875282993491816
1576 -0.2028868332853706 -0.4648488452664317 3.915244197257863
1577 -9.309637113391753 9.303107347755047 3.990228252604296
1578 5.296016350701017 0.7669558119604262 3.825791315022586
1579 2.47145330417439 4.108932114032222 4.123035070798303
1580 4.861376018158722 -2.744178741918232 5.910789283063356
1581 -7.749840672838128 5.211713234837656 1.799565484913618
1582 2.357861073264852 0.6501328619438601 3.600186016105203
1583 8.611809496862712 9.241171240168459 3.062686951339049
1584 -2.184492682163716 -2.357794984479385 4.393656801216009
1585 7.736800375280169 8.580349305402038 5.975667073133444
1586 6.95914786770488 -4.973553200723764 4.041982307266032
1587 -9.220949821660135 -5.090413607870474 4.062194235257923
1588 -9.106742614318486 1.165208562804789 5.892212936257094
1589 -7.641014912015464 -3.083495514501562 6.002867755560591
1590 -1.524774508119467 9.193429823030757 4.066228652349932
1591 -9.195382780823076 -7.211535880533423 1.754824730563328
1592 -6.90858597152941 3.109221427909937 3.692995577539898
1593 0.4938108877505416 -2.082752933314983 1.772526012704399
1594 -2.993165776259818 1.499163658911607 3.911528153743797
1595 7.151384670134053 -1.195888828782898 3.91036564557043
1596 -1.691067182020769 6.899793715496052 3.527826068908345
1597 -0.3733763222258329 -9.193495901039666 3.408901810935276
1598 0.746529362103592 -9.197276219208472 1.927422369804353
1599 -7.095916981080975 4.903003095639018 5.989081307432706
1600 5.90394834506554 9.306679186029879 3.627192994099264
1601 5.337328565942936 9.2563148284839 1.891928638407494
1602 4.461462069931295 -0.5650603200572388 1.644597567176565
1603 3.523450026078382 -7.338439302396498 1.704224470524373
1604 -4.90389820448125 -7.828283408300974 3.236066659584863
1605 0.2951911877156816 9.295804927671528 3.813616083726343
1606 -9.231902536883105 1.677082600547616 3.42246045395921
1607 -5.099233922356318 1.22235023292417 1.671323046259539
1608 7.005424887733048 -0.6394848959918937 6.021965428494156
1609 9.223078322370428 4.017810543603467 5.959521920746353
1610 6.534377116894776 2.544077381101079 4.273745665427912
1611 3.940498009950622 9.300106303638159 3.73238198332558
1612 3.509471916004908 -9.240437104808192 3.669070796695921
1613 9.293020201893329 4.518848140914966 1.701962828287554
1614 -6.743691496740158 1.941406805887939 5.927723729422625
1615 0.06305339431715906 0.04874749621637796 5.960704780776386
1616 1.119537055447854 -3.42340217512671 3.410114389994659
1617 4.479485940689168 -0.6834869153287132 6.023339145481303
1618 -3.616300545510978 -1.003703875213599 1.743182510348422
1619 -6.888376267303252 -1.883310630959273 1.763350241543546
1620 6.39398575839526 6.611899251935916 3.921497159714463
1621 2.900490276209595 7.901144770511349 3.450546202588704
1622 1.034836917971926 -9.275535191882271 5.912985393570318
1623 -1.326900305616545 -9.235141939837348 6.006210875648283
1624 -6.570180038676544 7.117304009456753 3.751899624393819
1625 0.1228373142889126 3.294323136099973 6.035367151629608
1626 -6.928300176568476 9.30399494358587 4.153660082534149
1627 -9.303563822276002 6.996112141795612 4.033889135660326
1628 -9.319440430570419 3.285168178757019 4.104631058029034
1629 4.752328667799753 3.244501498801615 1.695315860331958
1630 0.3219872135701487 -6.560453677715515 3.794975332305067
1631 9.280978393824988 -2.426467714808542 6.019521327997564
1632 4.487901362309919 -7.499654998377065 5.974828644982412
1633 -2.880902371212059 -1.173635769488264 6.058053588257219
1634 -5.283795268121671 -1.376568896232613 4.15869149009139
1635 -7.443914023465775 -7.849001710382232 1.706422581858544
1636 0.186506875770984 -4.277895808732503 6.0921657337684
1637 4.100486385588144 -9.286011800998075 1.69830884821382
1638 5.816112121941289 -8.59190726077075 1.692065405791048
1639 9.294594898148008 -9.284620546895747 3.473885822334568
1640 3.672433121163704 -7.322230596310221 4.166459607972612
1641 -0.4674478381881386 6.371276804618195 6.06077096952207
1642 -5.225657626583083 4.888991733428485 6.120213948902971
1643 5.033868997846004 3.505796608559446 3.50870687882948
1644 -4.27345304336643 -9.3725489704832 3.669671310786112
1645 7.514199842388463 4.122203349227256 3.534408744112806
1646 5.05936626906351 -6.16953595675139 3.244858939725443
1647 -0.4343521607813329 -6.189812553369519 1.623953330288959
1648 9.344769568935366 -0.3805371363010184 3.891277064129703
1649 7.132591457978354 -5.565296388993412 1.589271382091614
1650 -7.424483239888914 7.762492697611811 1.668090993868084
1651 -9.378793490294944 8.035437886083006 1.618091539561812
1652 -5.572725458562285 -3.072297993663744 1.570274347706077
1653 4.532229942845395 3.362521186584386 6.016009911707051
1654 -7.481257637051195 7.178227290650859 6.025675643409814
1655 2.266379781261051 1.26442365308638 1.690809416318702
1656 -6.692864560664323 1.143507229275309 4.211402352408958
1657 7.664964396962108 -9.373605439629243 6.000249123590484
1658 4.633147193628075 -4.791753648653801 5.992657087009393
1659 1.890857100072819 -1.831268005923983 4.297842257544182
1660 -8.013175968307671 1.748800318112845 1.630572946861397
1661 -5.013168244873874 -9.308824962844676 6.000643236318444
1662 0.4084334653187358 1.589872194308843 3.673095600004547
1663 -9.308788138702909 -9.324759243401887 4.18045371948998
1664 -6.940428615610987 -9.426843877813358 6.089170722649089
1665 1.173412398619603 7.460152650448231 4.04993702096812
1666 -2.414992990934119 4.137731297624615 6.052394314934744
1667 -2.547529354306997 4.445682949509261 1.670277433446322
1668 -7.01786043625864 9.407457296815821 1.614544730823935
1669 -9.396030220607731 -1.458331320161185 3.761779198731356
1670 -4.65199342221616 -9.284083786915998 1.713195135957628
1671 -7.076682229226711 -5.842200517256273 6.038543178740936
1672 4.480329196720942 9.295435310542384 6.042573211344383
1673 2.425958895417685 -0.5920144675676798 6.118255268000437
1674 -6.936424188762651 -1.235588959243273 6.119193587169622
1675 7.229351419338815 -0.2771409605359227 1.60228103647679
1676 9.420571002817484 0.2627284929536507 1.588362672136006
1677 3.450913523286873 -1.920095683608004 3.590326516517825
1678 6.708246901679247 7.232455242989237 6.008172263581816
1679 -3.944214499248028 -2.656663210319021 1.665237781529326
1680 3.529963194257514 2.769516310278814 3.679752231703351
1681 -9.421042780342942 2.751287469640178 5.647085779280845
1682 -9.384595267438566 -9.3809250012942 6.120427161760091
1683 9.361467435022607 2.505528290549055 3.843130558098633
1684 -3.72051142286272 -6.873787022784681 3.989642550777811
1685 7.40637861932389 9.349137817690773 4.521401777717234
1686 -5.184497107428641 -7.333384710324668 1.595752176475413
1687 -3.333378665195917 -5.678342988268947 1.565744426664478
1688 2.15255227473649 9.363438576035055 3.913767206199635
1689 -9.384595267438568 -9.3809250012942 1.57121799246291
1690 -5.009044717245376 -7.189210958852291 6.08011859239924
1691 -1.552162195358664 -3.61481988169108 3.489408832900684
1692 4.999961985924589 5.41462106792295 6.151186282834007
1693 2.465477693433071 5.024856090325767 1.752715469980664
1694 -1.61218801659425 -5.384392617627451 6.108153282134578
1695 9.373697050454588 -9.356731366591944 6.10524303891671
1696 -3.081895627237415 5.996138852139798 4.020681519940161
1697 -9.341199932722526 -7.641754630836239 5.994244423121804
1698 -7.532703150238594 -3.416391574227229 1.583159099101089
1699 -3.294861705517707 -7.648315680385793 6.176717716701059
1700 -1.464076667565616 7.738746307549634 6.051515836176319
1701 -7.573098558574866 -9.399177523853849 3.864861955475031
1702 -1.721937758579514 7.105384361990549 1.664551620819683
1703 9.446890928440419 6.212045020314195 1.558478114972776
1704 -1.33403583052295 -5.246994479767924 3.647293032021449
1705 -3.874988616458461 -2.147970729038857 3.764211101920163
1706 -0.3207028223526229 1.076283581117735 1.554131752267517
1707 4.283453319862039 7.703507385803487 1.540975675079274
1708 2.882944138724773 -3.043003161974041 1.494249267959789
1709 4.963140176755125 -5.754314554092788 1.576684639728114
1710 9.422142787595915 2.368606631108285 6.122160340720836
1711 -9.313180090469922 -1.083646364517486 1.683716216902762
1712 1.11717369014003 -6.085966780800379 6.200599117229505
1713 7.690547359729173 -2.034239639198392 1.626852419743969
1714 4.301715310044348 1.74336418538146 6.180311212077443
1715 4.600765485379737 -9.382315690879876 6.048307403939933
1716 7.236244417482658 -4.489744887372438 6.179059636904434
1717 2.560559921537346 9.450946344990664 6.096356199477115
1718 7.549242592138996 7.104502264446522 2.863964343751902
1719 9.366840721569451 -4.050937070865012 6.185977977296945
1720 -7.858630178685639 6.280573691067508 4.317745500858344
1721 7.619275866682234 -7.187220263976948 1.557172572412434
1722 2.414313232253626 4.373769928324159 6.117312124460304
1723 9.390389091444385 -9.434654742658868 1.612634980059923
1724 7.615502473454634 4.267278635041698 6.082061338885207
1725 9.37968500228552 -2.038199296646618 3.282646141150715
1726 5.16717576324978 -4.732240863849748 4.00632786921296
1727 -3.155208117903757 -9.544518917160735 1.448484898032488
1728 -2.27310766225283 -3.312511441198998 1.532945619612275
1729 -4.983868038235585 -3.252271835859831 6.086863425889689
1730 9.253020708958999 9.196669525350121 1.514168821383848
1731 9.420868816765786 -5.235644979770287 3.855480788354536
1732 1.153200527734055 -0.9391843944279423 3.160358666560902
1733 -2.772881060608185 9.486465213293428 1.575165400128098
1734 9.448570131343709 1.893449012263761 1.553899344660293
1735 -3.189069535748009 1.906995234101701 1.565495430009539
1736 -6.072262859058812 -3.81459110512696 4.306826928010714
1737 -9.475454259206183 4.111405893392925 1.575190235928387
1738 -0.1508075635878625 -7.212853868223202 6.184157097375641
1739 -7.50729057272659 3.347948352664806 6.170118941531472
1740 0.488938817613171 -4.299984933116196 1.504843710799673
1741 -7.774391155841206 -9.431769492001742 1.709182330344773
1742 7.718385758627099 -3.963908706886303 1.582917969181249
1743 -5.445111132651272 -5.290306483776109 1.4971821846114
1744 7.72048040105537 2.027566175627443 3.307448774390386
1745 5.082964181584096 -9.430647814347685 4.087513707198182
1746 -9.476050821296084 5.726652925027606 1.561659789878927
1747 4.214995998187712 7.598131570634914 6.204819779421365
1748 -1.449017134992054 2.524548828278595 3.717656600786003
1749 1.004814632310367 9.497508547547399 1.526635261512056
1750 2.146712412341689 7.90821331715347 6.123105048053011
1751 9.377416232230386 -0.2424697635668185 6.151017085844972
1752 -9.432671823708487 5.262943582587557 4.49190991327433
1753 -3.978813281680264 5.487729678521753 1.483278067432929
1754 3.557401536296429 -5.021044792038968 4.603925136388263
1755 5.709244044613265 -7.451031310528669 3.931878174235645
1756 3.783543420612615 1.231687039730715 4.007250506291601
1757 -1.524823268391249 -8.103848768022054 3.262549930709498
1758 4.811233593509163 8.199289096453205 4.626279788610885
1759 6.365436174512481 -2.308066336504607 6.170125157109315
1760 1.404379635415884 -7.797341855386303 1.577519529795361
1761 5.910780061764545 7.807129975745681 1.57182503263202
1762 7.310667051879429 3.014810990429706 1.4972209486831
1763 -9.464436409558045 7.653529024265613 6.221489950216361
1764 -5.506820979397744 3.408646751346322 3.026409397030609
1765 -7.417400823705214 -5.119797539359684 1.474749273486651
1766 1.411168630575035 2.755587726024045 5.30494839225295
1767 -9.43044049447637 -0.4353466374371375 5.863270232980729
1768 -3.612167121930933 -7.229650766217166 1.559145364259071
1769 0.4417620818981725 7.701214620336872 1.617223567710513
1770 9.587259015257873 -4.894202735866405 1.410387356077383
1771 -5.031213683269107 -0.3446018342902871 1.543246224524521
1772 0.2057102867101517 3.724222697032496 1.48342909067723
1773 -1.278992355130374 3.280606061209995 1.440571038193879
1774 7.588934400316012 5.602773203518266 4.049023385464309
1775 -7.885381354686962 -4.275695832808949 2.884194744815932
1776 9.517792414539297 8.73839488098923 6.280783322707295
1777 -1.113150955701016 -4.786017801862156 1.450673790727928
1778 2.308972889793972 -2.581490563766463 6.154482951418197
1779 -2.065675636840425 9.530568429554332 6.147573307760367
1780 -5.47609673162076 6.076640764370113 3.340381775882224
1781 -4.225588538176626 7.943375122313495 5.125241739974442
1782 -9.541890281035631 2.182856540680928 1.592765631761118
1783 -3.091994311865816 -3.563217830791372 3.237741248744249
1784 9.509193629062095 -1.668203186426207 1.493797396639538
1785 -3.278102731774132 3.3929863071284 4.435546563201354
1786 0.7750055355978521 -0.6004446127356291 1.390574882912045
1787 -7.844568070903463 -6.059285117275591 3.919972388698538
1788 1.187569428266377 -5.650892655918688 4.710483620324829
1789 -1.763812077850242 -1.833341170158693 1.425693046321846
1790 2.475466160748492 -3.26080934542781 4.147072664572334
1791 -2.926960648923376 7.225096323856873 6.109280385347632
1792 7.457025190133116 -9.4682785506418 4.439056309622787
1793 -7.722371134398673 -1.746719224140667 3.936058608558298
1794 -9.231115633700767 -2.73419844284099 6.105251941895423
1795 -9.550785840372885 5.137510698289806 6.287780189526952
1796 7.564877681218104 6.110965578314157 1.398945977215888
1797 -5.735266874392813 2.626479290011293 1.524594083747355
1798 -4.937168637839923 -5.155982628065917 3.762299765111514
1799 -2.960883540740824 7.702900839753782 3.892457437412564
1800 -4.293742958952082 -0.5676459701423725 3.177141461159545
1801 0.07388108521784087 7.789076904679658 5.939122247223731
1802 -0.288367123754373 -1.424107072022322 6.255582866760217
1803 2.71377758887689 7.618423991472048 1.482517286924318
1804 -5.384896298059517 -7.138961952937457 4.529075647935497
1805 -2.319890451600836 0.3750553017497207 4.721079464480237
1806 -5.519715999188653 7.447282226281042 6.16672109244417
1807 -5.408926461945899 8.087784058913405 1.474639453491676
1808 -6.035895023781975 5.066521389381997 1.523444854851138
1809 -7.667477370339487 -0.8885773946493933 2.657811168527638
1810 1.018954017863009 2.125944440688532 1.437210883712137
1811 2.865502050398732 -0.504643344322009 4.492328366341264
1812 -2.352148957779276 -3.346076083903495 6.2492984841198
1813 9.55024894177974 8.169665726804674 3.679746140336255
1814 5.314265257449335 -0.7592055329965848 3.700229619115579
1815 2.113185002764915 5.535841559575288 5.169726127408881
1816 -3.222802081380769 7.978048685262173 1.464601310832773
1817 6.136724971939753 -9.597214882274434 6.230655641802385
1818 -2.406548023320841 -9.496094403411288 3.121672901942325
1819 1.902256943543723 -4.780718609728523 6.312876839263335
1820 1.242891262029616 -8.110297890216117 3.061577082727208
1821 -3.03845151090082 5.706763050884758 6.118623468949842
1822 3.644882952557365 7.039230526981598 4.460692530757471
1823 3.932216809874251 -6.114300150643253 6.332603322220595
1824 -5.833528185847172 9.579099696619823 6.26458330890542
1825 -5.70132545717992 2.209963477365426 4.649967056744998
1826 -0.00910875675914391 7.977335641483439 3.042834273115884
1827 9.537789995498196 -3.90949858390778 3.123685540871154
1828 7.230727440882682 -9.463911869275451 1.531739252530978
1829 0.4266162446313401 5.469765509593308 1.485048971710869
1830 9.527741059595996 6.034861611955965 6.332789322836537
1831 -5.524969373450269 9.579157280550394 3.666258415488402
1832 5.659784897212286 2.396295654321957 6.298099796280655
1833 6.501190206124531 -2.717483434322346 4.721750750071193
1834 3.619635362638914 0.616728676357955 1.510748479558754
1835 2.523186542498836 -9.610375516712576 6.150960821615833
1836 -5.27530945092589 2.062053389534961 6.260937824427421
1837 5.930401458414207 -7.166800107012177 6.273899586139068
1838 -5.538638080758612 9.661793771596411 1.747236046449655
1839 1.333044097459661 5.165523544016733 3.849982922486695
1840 3.006390739697304 -7.263436223153896 6.05168890627865
1841 -4.15087917213723 0.6997109496276546 4.435145069978189
1842 -0.9021270675989184 3.640120168082312 2.929745163011791
1843 -9.616875459922451 -2.570199357189157 1.534811333197273
1844 -2.816575460875625 9.547422324848704 3.39441134592123
1845 8.217568283491541 -4.211395862642588 3.762720441798266
1846 -4.437119737053212 0.3136366703979243 6.301427941186263
1847 -9.278837679837563 9.576218796999234 1.65360380636892
1848 7.664929822512311 -8.166644676620747 3.738719973125336
1849 7.556812978866709 7.60116781840159 1.457731943889534
1850 4.547461670091076 -2.186929742532143 4.564269716138934
1851 -1.089396083074716 2.398267082184427 6.295171220155296
1852 2.613256947625207 -5.411469334841065 1.391704326989163
1853 9.564926856548766 -7.846042360539219 2.743228714499917
1854 7.940450789625833 -5.798775085484748 6.246940998182947
1855 -0.8201404514007813 -7.051284116349596 4.609696538424181
1856 -9.522029889784914 8.131717413595537 3.096613245868649
1857 8.698987005055967 -8.044180234116499 6.257901767429248
1858 -2.966402008866615 2.352217109976678 6.317442205641966
1859 -7.809609658573454 1.298405367654303 3.249588970754155
1860 -7.918807571186903 -7.148489002020139 2.920634568517251
1861 -9.559172469735664 -3.850025654712435 3.323137231940354
1862 -1.457497669583862 1.832827895630276 2.356512766086003
1863 -7.737228442041829 -4.537729533243597 6.215688757164182
1864 8.052874370122298 -6.430099232863951 2.741845757679117
1865 5.00254417200159 6.428577484091228 1.403146252973336
1866 -0.8945485407314056 -6.513190259745238 2.977964425259594
1867 7.969178366629367 6.52638631347692 6.254331875635696
1868 -9.656543470793519 -5.313009320512829 1.751411104411281
1869 -0.1298544098714145 5.2003885771363 3.028797474644238
1870 4.972696180532406 1.852152052916861 1.299404127928997
1871 -3.029038947255285 -6.176019522643779 2.906558036652703
1872 9.70149955722764 -9.581706186277717 4.771367903532151
1873 -9.706376688241168 -9.673764277216943 2.89319401245062
1874 -1.083159800175546 -7.733334478327187 1.404856464848141
1875 4.486020698241505 -0.08245908661029255 4.693325332107197
1876 -1.661411473610018 9.648587798699209 2.507597250308725
1877 5.452487187051704 -2.042023353255948 1.422102987035894
1878 -7.906248595508508 -6.493722600886959 1.42632985068992
1879 3.184410663584916 -1.620098024312137 1.384574047593418
1880 -6.170222208421345 0.03620170740154198 6.262130404373838
1881 -4.078614993470328 5.922098490359785 2.961799161778798
1882 6.297531960370494 8.034214318238185 4.213021472199178
1883 7.707297512934179 -9.659964184603291 3.013188238849955
1884 5.125927071860566 4.205147386475319 4.778146253140772
1885 -8.050604458367943 -7.374931888495976 4.513554930896487
1886 4.993951971627178 9.636376139970146 4.727717415303573
1887 -2.480537028017627 -8.127497257601203 1.412934306401157
1888 7.27008436592407 0.5878852551438745 5.293514413665117
1889 5.049983077511028 2.077820563950629 3.256512321036881
1890 -0.6471063689458209 0.6245441397481326 4.763011272597394
1891 -1.213497634530592 -2.217151065838666 2.755794321976129
1892 4.93968179320698 -7.468768970275291 1.415577968596017
1893 -4.279703932665871 -5.81623148618181 6.358507913924965
1894 -2.181212301525186 4.968283991048668 4.898493387374491
1895 -7.440888694127748 3.924249615468037 4.764528895262022
1896 2.406638024193685 9.713613852872019 1.3155404986834
1897 6.005269622148744 -6.022968925889517 4.330229007394424
1898 8.194812053827528 -6.197476886556999 4.664499599712568
1899 1.64941812133747 -9.689095053777242 2.978148780291454
1900 3.287993364493706 -4.321772793423775 2.741745863166043
1901 1.441913496025521 -3.120694553857123 1.442239971494153
1902 1.097296432293643 3.050405456353495 2.843228532706122
1903 -1.017480435967155 -9.60106992090008 4.639920428737267
1904 -3.817369209894313 4.283514366671858 6.38425243957507
1905 9.687277620027844 -1.865286038930692 4.703519661962876
1906 6.364337536479428 -4.362536361908044 1.2788532196705
1907 -7.998276807570412 -7.178746183719295 6.263411698277286
1908 1.424743963221478 1.132767080190947 4.584313092209992
1909 8.113126054149307 2.936026094774073 6.296967337997928
1910 9.56827407030662 0.9818839974310523 4.349588087351738
1911 -7.747446771849789 7.675858296317954 3.14597246618945
1912 -4.769697697020288 -2.608075257809096 4.789936439819312
1913 9.591079936484494 -5.477806727802682 6.294736758500437
1914 1.048802352250402 -0.9137956164409736 6.362909682283299
1915 9.691168791807009 9.691330239871958 3.784594448529497
1916 -4.858495553478287 7.934943905651092 2.836473722672393
1917 -2.781088969055217 -7.543045433742502 4.84190422008114
1918 7.011518149112783 4.53552540798863 4.810831428906972
1919 -7.80626275104575 3.165229884359475 1.288575853852646
1920 -9.653438052347068 8.163082706865975 4.772201463833837
1921 3.374196783022543 3.672949540045165 1.3402320521764
1922 -2.286446859445161 -0.7561553703771383 2.208576169227753
1923 -6.586248299249111 1.131694900332668 1.270215086997743
1924 -8.165845211681379 9.670404448207274 4.752982141280329
1925 -5.808391174556403 -6.362857577170967 3.191350661310693
1926 0.7304310468832231 5.486061104787632 6.226299227416959
1927 9.45003081506267 -8.036676663629535 1.333969401422194
1928 -4.193748798073442 -1.794766238793676 6.448223100857638
1929 -5.750010479025792 -5.485890094899043 6.418800274077111
1930 6.329021617791289 -3.82956032551874 3.475614612285987
1931 2.294034640016312 7.234795403515061 4.886010376276273
1932 -9.643643127564019 -7.994065932760815 4.627737770056553
1933 -4.866685907939035 3.62382550171365 4.703375187628454
1934 -1.438946490046334 5.644772745463204 2.799930010096833
1935 -3.418385222162007 -3.848750525088343 4.725542654972941
1936 2.713553463211953 1.678451124186511 4.82806751836518
1937 5.133682022433909 -9.363689089454645 2.669725892219075
1938 0.4015023574821508 -9.588715939158547 4.681640397719583
1939 7.802390969394268 9.555368344201302 1.444395625569239
1940 9.693094664386024 -7.560584047315996 4.855790231497078
1941 -8.069065969413543 -0.4608351497255712 1.353863388576979
1942 7.853316590945123 -1.744870838548025 6.285265540807883
1943 -1.181396912714459 3.738186633527038 4.822195557953156
1944 6.861856384375866 9.672934739770747 6.215765613820952
1945 1.768728076538856 -1.608685223007662 1.366425516015204
1946 -2.544564869293056 0.1654577325794981 6.37331976886804
1947 9.731318685439637 5.521083087629317 4.594823500394427
1948 -4.286079857611693 1.837601298164752 2.648970353672432
1949 -5.225347834772402 3.92775024832259 1.322613373966892
1950 3.213022086477682 5.18385111254273 3.586822467191928
1951 6.922098066396672 -7.866334790619964 2.577980252345681
1952 2.374416210647429 -7.305199545747355 2.518801380293052
1953 -1.742994101407073 5.717175247832674 1.426394562278406
1954 -0.06792816249729949 -1.494977933042945 4.866264957683177
1955 -2.021607973464594 -5.680921895147231 4.795334459865652
1956 -9.728431901883219 1.70784967726592 4.745092235221194
1957 6.045909190393784 3.580674765899412 1.259431820665146
1958 -5.92797252582051 -9.712518884864506 1.366082370529597
1959 1.978788136403005 -9.612182709147286 1.345307656170748
1960 -1.16850821691325 -4.08593192047507 6.410898549043748
1961 -5.340775298407479 3.524470129125546 6.435002623310103
1962 9.736070146930674 -5.678045455730208 2.563103590849055
1963 9.70269766916692 5.90880442133621 2.908015668362294
1964 -8.214017164846279 -1.871427173172439 1.27590588610875
1965 -5.668766872848572 -9.654906645158073 3.473376786450685
1966 5.009018827541587 6.556407632778506 2.799444478717406
1967 -1.649131649379787 8.494067247801132 1.406280339413673
1968 5.024010936315744 -3.804970511620524 2.965287711864359
1969 -0.1183735583928831 -8.783270667630966 6.4557381314459
1970 7.74671910743184 1.81017236139974 4.690093025635695
1971 9.67673766630222 3.503412292135175 4.753727017244426
1972 9.734725302134972 3.761260490421124 2.799864345815765
1973 -6.320450610347632 -3.091917884808558 6.472803030353274
1974 6.363051547962072 2.010469169657433 1.268205500945452
1975 -7.494347055674157 6.076476553240526 2.982044523575775
1976 -5.349961274548819 6.258029709570743 1.265512047931883
1977 -5.494802374981294 7.327993098738839 4.620650932046871
1978 5.949287391083477 -4.976665243149005 6.426337887592634
1979 -9.715579353638471 0.2786882972207118 1.577128159199454
1980 -9.637954768419025 -0.2120866509681574 3.169003909825834
1981 7.859865523300908 0.2860267756326136 2.712786852584762
1982 8.070475230914836 0.1812122813982493 6.395379834404022
1983 -4.978920911827506 -4.395448830947698 4.948540828650621
1984 2.546325607423129 -0.9322714072472053 3.204667995089064
1985 -9.720159508097899 -2.524224456148979 2.924097783197093
1986 6.234685873906429 7.562681264099099 2.904088970088366
1987 -2.122718746411985 3.725743960071965 3.616515746211162
1988 -8.166652476495139 -0.6417063798066294 6.433578528165932
1989 1.314050572566727 -3.522793225141681 6.399222553363831
1990 -9.747068301886744 6.186131523270111 2.998950969408538
1991 0.5776540681255861 -3.165644367358588 4.664907753350665
1992 -8.10006333550848 2.066117374066847 6.335999850682454
1993 -1.780536406283746 7.638302818119226 4.70186999108962
1994 -5.30752231689708 -2.979507591210865 2.930924935035608
1995 5.557863383405693 7.959905812430616 6.313991259528382
1996 6.255753175822147 -0.2113127624948886 4.559173416675676
1997 3.226805412069764 2.296310019680927 1.255775843590292
1998 3.272334076613448 -4.904531293972722 6.488633233098175
1999 -9.734468451454234 -5.922163593598165 3.003152814166991
2000 5.750091349477461 -1.088053317618186 6.399788758186764
2001 -4.344932717999369 5.869512766429815 4.574347863676917
2002 -9.76745524061664 9.76579513741993 2.853797729391727
2003 8.567376148114741 9.651139422327104 5.964264884699742
2004 1.06800966015523 6.364385544377187 3.210545118298148
2005 8.0121565812276 4.8080954055966 1.264573426384706
2006 -4.896042594247701 9.792188561001124 4.919635244850626
2007 -6.454553245852838 -6.349107748909864 4.911480690398977
2008 3.656413686680776 9.685141805498816 5.014926065217719
2009 8.466956911725269 -5.688155399010717 1.248794841298516
2010 6.276862209485549 1.381904018193122 3.073056693728127
2011 2.261676034599886 5.659613014423512 6.508517976544177
2012 6.83519534667978 -5.803457690413587 2.916163741662181
2013 4.625268498597555 -3.790696358180538 5.043135790938989
2014 4.476298786872909 -8.330343589565892 4.657600195732569
2015 -3.314885320624722 -9.647888921175703 4.60819543344406
2016 2.685100973465093 1.788419382745384 2.895025021177983
2017 0.9136056073999326 -7.570696160104214 4.522189359403738
2018 9.3347056439627 3.226723243137066 1.225195497192821
2019 -9.803254288881494 3.723015825571484 2.855894306128283
2020 -3.371103981379353 -8.346579057938564 3.891994197187804
2021 3.641728189844736 -2.384554303037568 6.43919165023784
2022 -0.4044058077962213 0.3137951188893751 2.697385687830189
2023 -5.74652578578808 -0.581198677853457 2.927323012691386
2024 -4.467047915850043 1.842251912347693 5.132091431451953
2025 -7.186572477361538 -8.289528432034487 3.150531344036901
2026 -3.205836620595366 7.237159748356048 2.622453673185943
2027 7.152687774150826 9.717272210286493 3.21988013717497
2028 -3.090567329575055 0.172622436279295 1.260994703835192
2029 3.8966653455109 -9.742119455342495 4.905681447046648
2030 -7.275557707895539 9.761988090782159 2.911325578751454
2031 7.365355014942324 6.540818687613196 5.023553574245012
2032 -7.316210890828406 -2.809804532922263 4.699793359559389
2033 -7.475979830634955 6.447852444532935 1.247456372808892
2034 -5.983292977526377 -0.3120014813369502 4.951522752987
2035 0.8321091708107496 2.189134665053313 6.401470584658799
2036 6.176437313765145 -9.776691206169716 4.860074917330373
2037 2.563615612295131 -8.257886140396087 3.596535967114775
2038 -8.204750869006062 8.816568570320531 1.286812563437036
2039 -8.141803761562741 3.762007024535006 3.603694681156113
2040 1.883251774274352 9.736634649748108 2.602594655580798
2041 8.345781670808584 -2.123634095359786 4.1699613349905
2042 8.152478802787497 -0.03827983250483835 4.461178768401087
2043 -5.641858402235707 -1.754210210067802 1.222269324637538
2044 -6.255876291107584 5.06100008407799 2.869782096515206
2045 -3.08802224953436 3.244496686209487 1.311823952454239
2046 -1.632453703389444 -1.606972576561906 6.393754398344165
2047 2.286243603931118 4.026817250375316 2.775107587985955
2048 6.390520087917358 5.455369555212916 1.180880993964025
2049 5.863192630373129 -0.4893803319459568 1.157042818025503
2050 0.1290756346109506 -2.989655603938732 6.610024493186613
2051 1.149244455496758 3.820571554013617 3.965835085499207
2052 3.784721281191309 5.00662773223676 1.296170405681226
2053 7.239883827038918 -4.516338078979727 2.731937791207342
2054 9.684502121321087 -4.365575173220167 4.872522823723944
2055 1.404947722667029 3.51754771233235 6.432059472840447
2056 -7.136936996200406 -5.409977884473781 2.777162463575292
2057 3.331365038700859 -6.068059045891035 3.765780860256512
2058 -0.9570005690099144 5.61893768837853 4.821489647473315
2059 -3.126371289353328 9.712169612662672 4.723635839768579
2060 2.760320345981702 6.308941205311426 1.290951725746001
2061 9.5243106327218 1.064835699126326 6.489515315653991
2062 -5.044832719995451 -9.755176669212645 4.719068771871725
2063 -6.683062914980774 7.774599487244745 5.103008524271288
2064 6.523048336414817 0.05554781026962996 2.764127454488589
2065 -4.053539492310229 7.905654567870478 6.481716796920082
2066 4.77196773647573 4.783509118623137 3.133513674204642
2067 6.102853940842741 -3.593217422056308 6.518271876325763
2068 4.015550105674666 3.425851108479906 4.763215478926362
2069 4.268856808136995 9.820740957788578 2.518388339753727
2070 -0.3353025325949816 1.216514904557462 6.52547403133709
2071 6.848346172919194 5.421031950205391 2.929728508742151
2072 -9.392063831549464 -6.284603806104873 6.451101643268499
2073 4.846651298810947 0.5392751886934706 6.473955020393947
2074 -2.705760964088109 -4.643150994363493 6.398725705748429
2075 -8.620126962849024 -8.316355135549383 1.210489098464989
2076 -1.228729298872687 9.802097112355515 1.229030273791075
2077 7.284643824804942 -3.815245861426632 4.654943642321601
2078 6.494182346060882 -7.119630917963143 4.979056646635764
2079 3.138220784181317 -2.982415025274158 2.818389845432396
2080 -1.668657582989353 1.554891186617795 4.662895005027553
2081 -3.064271755975726 -4.381764790503865 1.309857704876368
2082 9.858610483264322 9.858963582108515 5.469719420687349
2083 -7.83595926137382 -0.5336998758275724 4.671274686845955
2084 0.704743295295932 -5.598055103561806 1.212443729280104
2085 -8.17092473802205 -3.051311154376078 3.68598416732004
2086 1.566174567205736 4.044565857545089 1.358280601602565
2087 -3.174588071471506 0.1879586040157318 3.660425405163526
2088 5.394216576090113 5.522249324149309 4.867554671297179
2089 -6.773884046577878 6.119919381754083 6.496560301786603
2090 2.992543189855638 1.766963854008236 6.49525781565896
2091 -8.184834366210888 8.298970402402317 6.356416205250082
2092 -6.244303072900263 -7.49542002756813 2.610386533406428
2093 -1.627949239995286 5.677678401478659 6.383120684546668
2094 -1.193192494873437 -1.488474895504202 4.130465298658428
2095 1.024945195891144 -4.719438908189312 3.754768049146009
2096 -1.158073055778043 -0.161720574959428 6.481270997875434
2097 -1.085247982808902 3.676084141344048 6.55172182170877
2098 -6.615706345994504 5.152979516703596 4.761540762263593
2099 8.520467262641221 -0.6280100314328481 1.146446034888616
2100 0.06448062302183111 4.573161127349951 4.197353954209545
2101 3.733227590560899 -6.119202186020196 1.188508757554555
2102 5.367097063388218 -8.373415695460494 6.47905313595872
2103 5.276829098981728 -3.354650990458771 1.230987834600672
2104 -0.1290970382403978 -3.832568650887132 3.159358836936901
2105 0.5837391402538885 8.915825961312517 6.455798963407398
2106 -4.514965146898039 -6.226331772552457 1.204194438283511
2107 -3.819995614614149 4.286334673797374 2.047338831996454
2108 3.920315002440948 -6.929468763535615 2.913197235709862
2109 -8.250923798980249 9.722246445003563 6.515422576199029
2110 6.508095662214259 9.202544626044899 1.1921099998812
2111 -5.507392537151271 -2.032169149512833 6.503450477503586
2112 -5.349140417529372 6.164412555736371 6.497223358163758
2113 4.517392496249239 0.6915729628517435 2.743464427170334
2114 6.303178091943052 3.878062761004582 3.02998240630167
2115 1.359548367907591 1.745638998352907 2.750665886738259
2116 9.793768007409815 -0.4685223052677016 2.638934062728861
2117 -5.513966858403867 1.912089690886647 3.365029796682312
2118 -9.700902677944327 -6.20908726597467 4.619283758577402
2119 -2.594084953144397 -7.431184015395706 2.84743557765881
2120 -0.8512265377082165 -0.092391669424428 1.206379940074575
2121 -3.581816254177431 3.138975390008195 3.032095196684334
2122 7.149021360141926 -1.643359441259355 5.16226058353618
2123 3.160685569302139 -8.5012801628242 1.167788226933318
2124 -7.683300591429339 -5.291359762589266 4.992402216825121
2125 9.786821223386612 -3.595734120319491 1.205098837697582
2126 0.162845375947157 -8.18026030535664 1.305167504033513
2127 6.767185741175248 0.6111110613066231 6.521692230135521
2128 -9.724799141757858 -7.88108845573812 2.802194574466004
2129 -9.509066342318519 3.822754458152183 6.415801834964168
2130 -3.382813988832743 6.945712772879367 4.895875944753165
2131 7.089012471438219 -1.919403413994446 2.801963791458423
2132 0.7500433264196488 -2.197956695802201 3.067421305477643
2133 1.59225597237337 8.31779704593329 1.389806153534797
2134 5.23719903514622 -6.049336864225206 6.115402577611386
2135 -6.527461846923562 0.4979206533164766 3.048583170222096
2136 -2.334650659891767 -8.515360017805094 6.502369637278504
2137 0.9250074252421751 0.8313039008520319 1.18301958245812
2138 -0.5432907505875044 9.816197616689278 4.686697521644523
2139 -8.150914297593861 -9.04415453461508 6.483222773805482
2140 -6.20606309025262 -8.15880223073928 1.214385965334966
2141 4.186406905078923 5.965664269542071 5.163827272444441
2142 -8.076521113822109 5.347670827672586 5.225669872284872
2143 -0.01678492462858622 -5.502553898566203 6.538871045437928
2144 2.487675039387343 -6.722222228799472 1.168125300517321
2145 3.565849774212951 5.33591126526925 6.36233164490367
2146 -4.156154781869566 -6.671271655831215 5.217825685082144
2147 2.702041094451454 6.831558688000403 2.715954938139046
2148 0.338513512022396 9.83277287379773 2.611938050358101
2149 -0.3185852063729063 -7.917994595932295 3.755442337059582
2150 5.080805683980421 6.66727172831826 6.555165440073111
2151 8.236031839167248 4.273720825971829 2.445380461724426
2152 9.77254920318514 -6.183193798746458 4.746980443765716
2153 -5.613800893409271 -8.229450492711424 5.549785409690917
2154 2.546504010598051 -9.788819370501244 4.808510529696363
2155 -2.168587870785782 -6.524670076180853 6.543696696561216
2156 -2.087640978282453 -5.615352754187183 1.153656826924119
2157 -6.815265076044764 -1.408199076109253 4.823112057862981
2158 0.8656020102509976 0.2810059123746592 3.756682251623817
2159 -3.170987380873894 6.628448820786067 1.280050843446862
2160 -0.6204771468655931 -2.42173914748117 1.171126183898866
2161 -7.91281194503697 0.8025861647978556 4.5385972103541
2162 -8.263418972969937 5.177435933811355 6.507587121680991
2163 -7.361046481623779 2.766064585017819 2.516766973248338
2164 9.865219410274493 7.205271130983003 2.854623976119515
2165 -2.517984646867245 -1.163459123131128 4.80352735428555
2166 -2.886942876691152 8.507585733122552 6.520353852082359
2167 -6.633634716136774 8.106469657492802 6.433835882739246
2168 -4.490185718137631 4.051111691619605 3.530364724980367
2169 -0.4123952217161326 -9.728433047897466 2.21673714821273
2170 -8.351854397031239 -9.850295070521137 2.945978473694936
2171 5.982729620588197 4.622197287515729 6.473809704872966
2172 -1.260325448589866 8.12006368405534 3.376757215555846
2173 -7.657711527687218 -9.84358549362409 5.085704161387661
2174 9.84983370771751 8.977947763810985 2.675238204412135
2175 1.251401874710342 -5.873266444189539 3.19583848713209
2176 3.888065257662349 7.095840198699133 3.183060573342506
2177 -2.452411365690365 1.114905984218928 2.791517148073493
2178 4.964529281171074 7.03993962269795 4.006997703575309
2179 -6.283480087497091 -4.277884992307233 1.095424511855532
2180 8.366517754642224 5.216321740069328 6.55398941895232
2181 6.987137778412134 -8.324480745257416 4.83478212490836
2182 -5.180117996968941 -4.268738562786472 2.846163030327278
2183 6.250843768874112 1.302624373754575 4.521870750106268
2184 3.384059826717123 3.632244039482534 6.556403866011749
2185 4.64989950318541 -5.031998570323903 2.776171663109064
2186 -3.802817674824129 -9.811899963174696 2.541888233122112
2187 8.24039086469649 2.171177247289033 1.17909526246807
2188 9.855004611311809 7.545616049100244 4.762507111435543
2189 -3.916443238440857 9.77682408380729 1.159532624964435
2190 -7.969447994987791 -1.927967535463306 6.505528145722213
2191 -0.8208881822673607 2.499018904436875 4.916471549085108
2192 -3.544117227460734 8.469469729392969 3.028993100335381
2193 3.52296845135048 -5.0252985127619e-06 6.562256551189623
2194 -4.061778508193553 1.692369508595097 6.5185971067851
2195 2.554470162666232 -7.581780407250703 4.882872223969875
2196 3.194201691293995 -4.268798012643523 1.229703156688992
2197 -9.811195760811515 9.802007549809902 5.001504705471477
2198 1.212233644821831 0.3639349586315771 6.459350628385951
2199 0.5710954565873715 -6.883587698387818 1.201670247580285
2200 8.402558361998178 1.704309129435249 6.552954475174145
2201 -9.714939184087738 -1.826891152100608 5.048883088215616
2202 -9.851038628715864 -1.592296582047308 6.341330254666454
2203 -3.243669215955976 2.21310918502744 4.956740284070272
2204 3.22173913263495 -9.721852189085975 2.519387142223964
2205 6.594252378097381 -1.466914992218824 1.254251224289973
2206 -1.050248831870426 -3.174882816294755 4.592407551129148
2207 9.846826574886984 -7.285347924573391 6.540292556854181
2208 4.544107407231121 -1.261833451820468 2.797818776000632
2209 2.005599466775435 5.567867103340448 2.827064114182476
2210 -7.026114477742119 -9.742146912868064 2.731486862737891
2211 8.199980742179402 -3.705779940872479 6.60858713421444
2212 -1.973769792884986 1.685772047955066 1.178637657384308
2213 -0.5758388754446309 6.244488272682852 1.15566998407636
2214 -6.250372257891287 4.206660632314959 3.832698994045491
2215 -7.961104658521464 0.02152471661353794 3.517888391004413
2216 -9.843149062740022 6.356315203787494 6.410846774329064
2217 1.396405419779269 9.865236161434245 6.324645055187707
2218 3.7758008790859 -8.479489374149727 6.518422854829636
2219 9.79594768279507 7.424525340306671 1.198630800934445
2220 -4.218581375233032 5.530228406342279 6.596026196916644
2221 -3.530394340001784 -5.011555462676967 2.707847400434892
2222 4.714035342171164 1.089771866010685 5.158091565113732
2223 8.333268760691517 8.01495512071266 3.309460087235194
2224 8.386567936906141 0.8599304490275734 1.12410086493715
2225 6.870235133355824 3.115138087313833 6.548801899353336
2226 9.818877423072795 2.484992936437497 2.637925591735581
2227 3.724532208860371 9.785277611673672 1.139199814601503
2228 -6.180403399137831 9.857867844373551 5.050875607521427
2229 8.277854213173264 4.415443808373972 4.793583699566553
2230 -8.627843865970148 -4.852104880750345 1.132030928205604
2231 -3.791466390817888 -8.456527559270212 1.272590316694759
2232 -8.260374093160012 -5.674860027245935 6.515547521141746
2233 -9.84680352344024 -4.141001347118713 4.711725315408199
2234 6.592420544379706 0.7427220620054135 1.171149657411155
2235 7.331713012377187 3.117383035369541 2.769105522821475
2236 5.604845869342503 9.730513478009572 6.50320425862238
2237 3.27406705244361 8.437742772462347 6.402379171166896
2238 7.896715933418587 -7.430499897244875 4.800518469303872
2239 -7.835370653389728 4.097101541163868 2.412436542305771
2240 3.519607806656377 -2.925522150378784 4.795767371260941
2241 9.793747202636197 2.072100033372011 4.950017563420043
2242 9.890045434741324 -1.27406666010059 6.59898733403168
2243 -7.408441480730808 0.7602331341456592 2.16810021857551
2244 -9.824952336155803 6.8891878576041 1.941868179740625
2245 -4.135422739735747 -8.540008535244482 6.486645951714023
2246 -1.525564841441545 -5.644216763454617 2.295084953278711
2247 5.522410204729693 -5.22258630413059 5.192313532064782
2248 -6.034124032937139 -8.203943134762149 3.678878511842002
2249 9.886976582867419 -0.06532230369392866 4.998508217820437
2250 -2.280112332568392 -9.776963267550805 5.323172417796857
2251 8.028858277995083 -5.506081159598657 3.612460180739437
2252 -7.005576628838837 -8.054016159976882 4.745538129353196
2253 -0.1646164713882461 -5.430576309430067 4.100875314520401
2254 -0.2538219763909767 2.593162100572063 1.07601039797997
2255 7.820508118231009 -8.389143741538289 1.193473207898093
2256 -9.846478948918744 9.638710323857445 6.538713022792041
2257 -3.849156456044039 -7.283519161525796 2.800183788150307
2258 6.084864116424328 -6.050555744793778 1.073941800697166
2259 3.370527996396985 2.953006226522374 2.439016443169164
2260 -8.489608580824575 7.202647205760909 1.280375769962645
2261 -6.184813175073843 8.28942530009825 4.027138270437829
2262 -0.2803267168028699 -1.209919470543379 1.055231790451405
2263 -8.562256338244111 0.6905835484057656 1.225350310153049
2264 2.376940203369672 -8.341976287430729 6.457759754810782
2265 -8.111829996614988 2.499448678602113 3.496616325804796
2266 3.2603867021286 0.5752794657989273 2.720434587720817
2267 -9.845215614171709 3.821569233620108 5.12262741661272
2268 -4.764756985893386 9.905430353719421 2.714649012126845
2269 -1.098310812040959 -4.478804603093994 2.674422035702888
2270 -9.89059925995052 0.9163039686325832 2.655722805028359
2271 7.068063209899994 -6.638720256687106 6.595986308579511
2272 8.495068640303639 -9.704896904724977 5.112460524432292
2273 -4.353594816313358 2.071808805728661 1.118893597307396
2274 4.803824098476429 0.6110904667537941 1.087982982014632
2275 -6.884676638485663 2.590971995307765 4.838342036702984
2276 -2.348860535052437 -4.526901710034785 3.827342244875866
2277 5.237196688981255 -9.633232358543756 1.148324684260512
2278 9.900887344269719 4.864610599870053 6.59118534275335
2279 -2.995543833565066 -1.963281453320832 1.225497408311615
2280 0.4279717304465445 -6.494915132510369 2.482354833588347
2281 -5.052213237318253 -4.444864988154586 6.469295871759958
2282 -3.226730353409606 -1.22520996024218 3.215868275258395
2283 -0.7272686553104796 7.683200286508211 1.179010226979133
2284 -2.380028923730936 -2.258420689988663 5.627480112515585
2285 6.516393760845547 -7.673101103462792 1.187864870630296
2286 0.4954392120107824 -3.238465616786519 2.252264718028734
2287 -3.057916681636018 -4.971620065241446 5.143348464837055
2288 8.541960853141044 3.411807284473358 3.578601518528497
2289 0.7784726882340204 -7.923394852903177 6.642667737534429
2290 -8.25167651815012 0.5906894940092128 6.592197571096746
2291 -8.57230642556682 -3.683266975444941 6.580171192592406
2292 -5.208535964672384 8.593886545391555 6.612017331535206
2293 6.187100717022454 3.742538756391427 4.311023215895039
2294 -9.939001817368652 0.7597494644006497 3.900164620927834
2295 8.648014291026746 -3.047347574251166 3.262039260442052
2296 1.950201242980073 -1.573520324905043 5.515600810313383
2297 -0.4463065202834106 6.939332499476699 3.5764691301151
2298 6.121090343416986 -9.755290598897458 2.018188054253439
2299 8.500286415634299 6.874376331170559 1.093076240283315
2300 -1.837076781988145 4.480899917854229 2.680871127012437
2301 1.746971486209347 -2.931636073099003 5.100809926485121
2302 -6.541457330919604 8.398264509670408 1.067146631825628
2303 4.075515149093925 -3.04802971439035 1.144354655455425
2304 -6.04474020707349 -6.695152067700844 6.592585159335967
2305 2.612196491225535 -4.622699422736844 5.305351786736121
2306 6.33431792333306 9.913797018567676 4.775315099454574
2307 4.329372028103589 -3.699458912557088 6.50016034540544
2308 -0.9416481923854705 -6.331499107686027 6.559289082026718
2309 -1.057296726396613 -4.954003551762409 5.084150357391866
2310 7.229508049690207 8.525400494040076 3.557049397659817
2311 -4.268737842426215 0.5167469262390914 1.077558303522542
2312 -3.092519149275077 -2.444445967219211 6.672320157395799
2313 2.465753165876277 -6.108595948028485 2.834386810583053
2314 -6.501099300073673 3.971519312546885 6.576158501041883
2315 -6.885617776136662 2.336117203757719 1.136695501489784
2316 1.602062681502193 5.659777248321398 1.116076623491115
2317 -6.467590753659622 7.16356641383448 1.154970395090741
2318 -1.874544804661514 5.768682594293129 4.018291596855776
2319 1.313272896400407 6.205837046956256 4.509442176063133
2320 3.075389376721936 9.775481192849472 2.969085100771399
2321 -9.908636231109396 2.48273865600053 2.748805805417342
2322 1.826931947186157 -0.0006491572082831798 1.017544512871913
2323 -0.7313664968309392 9.772772962352722 3.314093570057283
2324 2.040648643638157 9.824815506096979 5.047372644760015
2325 5.262422579363672 -7.200846522288677 5.057841447152629
2326 -0.245352243917692 -9.784268092884222 5.726926858005251
2327 3.555139624197854 -6.603876374498212 5.163803403325276
2328 -6.603285526335131 -1.468819399663934 2.890378624170319
2329 9.8433222547905 -8.260475888763771 3.861793522349905
2330 9.920907906485695 -6.11111111111112 1.071880969970105
2331 -1.554598587021307 8.73798277270974 5.211577634666423
2332 -3.208329385322579 9.865473317318184 6.497202321216416
2333 7.750598638627783 -3.015830198060049 2.370066640302726
2334 -9.056098361153058 -6.17362056308406 1.091404453403177
2335 6.378816913166899 9.811243419297709 2.260360077087341
2336 -3.836107739189297 -3.428836977448869 6.4930746534355
2337 -8.471375178046971 -8.433402775755958 4.049244673502052
2338 4.382378279634928 4.443012078161261 6.584860168381296
2339 3.340821779906893 -1.212369299648711 6.656910769820566
2340 -2.054196988448267 -0.6106709130196972 1.00849073972778
2341 -3.498786714395075 -0.1806432346865926 5.680440516325611
2342 -4.081606274678965 -2.945061993418296 2.851933184874008
2343 -9.84570120397683 -8.228386060325295 1.434090886536152
2344 3.928250788968402 -1.138329244982982 4.407900295820378
2345 -2.460578352723436 -9.909187856620646 6.630124854074515
2346 9.913865647266457 -9.826814323531499 2.610326458361691
2347 -9.958632259770489 4.315059496453807 3.918539323271388
2348 -8.627378305432167 5.926649535985078 3.429047693792156
2349 9.936704609629402 7.330274937946739 6.633405216603077
2350 -8.321086861538399 9.893895931039108 3.55075435867063
2351 0.1050617663106928 8.811446622125475 4.899915003953762
2352 2.421062928886404 0.532337626321078 6.603084967175083
2353 4.730822965228681 -1.736823578910413 6.59291972246827
2354 -8.313691570291882 4.305200761186862 1.135720986919181
2355 3.421576254874361 -8.034856273970567 2.753809753947201
2356 -6.872844846349941 -3.804896202453845 3.382575627192759
$EndNodes
$Elements
12815
1 2 2 2 1 14 1 279
2 2 2 2 1 1 15 279
3 2 2 2 1 2 9 273
4 2 2 2 1 38 2 273
5 2 2 2 1 31 3 280
6 2 2 2 1 3 37 280
7 2 2 2 1 32 4 274
8 2 2 2 1 4 54 274
9 2 2 2 1 9 10 273
10 2 2 2 1 10 11 272
11 2 2 2 1 237 10 272
12 2 2 2 1 10 237 273
13 2 2 2 1 11 12 170
14 2 2 2 1 11 170 272
15 2 2 2 1 12 13 263
16 2 2 2 1 170 12 263
17 2 2 2 1 13 14 186
18 2 2 2 1 13 186 263
19 2 2 2 1 186 14 279
20 2 2 2 1 15 16 265
21 2 2 2 1 15 265 279
22 2 2 2 1 16 17 181
23 2 2 2 1 16 181 265
24 2 2 2 1 17 18 243
25 2 2 2 1 181 17 243
26 2 2 2 1 18 19 172
27 2 2 2 1 18 172 243
28 2 2 2 1 19 20 255
29 2 2 2 1 172 19 255
30 2 2 2 1 20 21 282
31 2 2 2 1 255 20 282
32 2 2 2 1 21 22 178
33 2 2 2 1 21 178 282
34 2 2 2 1 22 23 269
35 2 2 2 1 178 22 269
36 2 2 2 1 23 24 254
37 2 2 2 1 23 254 269
38 2 2 2 1 24 25 171
39 2 2 2 1 24 171 281
40 2 2 2 1 254 24 281
41 2 2 2 1 25 26 268
42 2 2 2 1 171 25 268
43 2 2 2 1 26 27 285
44 2 2 2 1 26 252 268
45 2 2 2 1 252 26 285
46 2 2 2 1 27 28 174
47 2 2 2 1 27 174 285
48 2 2 2 1 28 29 244
49 2 2 2 1 174 28 244
50 2 2 2 1 29 30 182
51 2 2 2 1 29 182 244
52 2 2 2 1 30 31 266
53 2 2 2 1 182 30 266
54 2 2 2 1 266 31 280
55 2 2 2 1 33 32 274
56 2 2 2 1 34 33 271
57 2 2 2 1 33 232 271
58 2 2 2 1 232 33 274
59 2 2 2 1 35 34 169
60 2 2 2 1 169 34 271
61 2 2 2 1 36 35 267
62 2 2 2 1 35 169 267
63 2 2 2 1 37 36 185
64 2 2 2 1 185 36 267
65 2 2 2 1 37 185 280
66 2 2 2 1 39 38 183
67 2 2 2 1 183 38 273
68 2 2 2 1 40 39 235
69 2 2 2 1 39 183 235
70 2 2 2 1 41 40 176
71 2 2 2 1 176 40 235
72 2 2 2 1 42 41 240
73 2 2 2 1 41 176 240
74 2 2 2 1 43 42 179
75 2 2 2 1 179 42 240
76 2 2 2 1 44 43 246
77 2 2 2 1 43 179 246
78 2 2 2 1 45 44 173
79 2 2 2 1 173 44 246
80 2 2 2 1 46 45 249
81 2 2 2 1 45 173 249
82 2 2 2 1 47 46 180
83 2 2 2 1 180 46 249
84 2 2 2 1 48 47 257
85 2 2 2 1 47 180 257
86 2 2 2 1 49 48 175
87 2 2 2 1 175 48 257
88 2 2 2 1 50 49 262
89 2 2 2 1 49 175 262
90 2 2 2 1 51 50 234
91 2 2 2 1 234 50 262
92 2 2 2 1 52 51 177
93 2 2 2 1 177 51 234
94 2 2 2 1 53 52 187
95 2 2 2 1 52 177 187
96 2 2 2 1 54 53 184
97 2 2 2 1 184 53 187
98 2 2 2 1 54 184 274
99 2 2 2 1 233 169 271
100 2 2 2 1 169 233 284
101 2 2 2 1 267 169 284
102 2 2 2 1 170 238 272
103 2 2 2 1 238 170 275
104 2 2 2 1 170 263 275
105 2 2 2 1 171 259 281
106 2 2 2 1 259 171 286
107 2 2 2 1 171 268 286
108 2 2 2 1 172 221 243
109 2 2 2 1 221 172 247
110 2 2 2 1 247 172 255
111 2 2 2 1 227 173 248
112 2 2 2 1 173 227 249
113 2 2 2 1 173 246 248
114 2 2 2 1 174 244 283
115 2 2 2 1 174 260 277
116 2 2 2 1 260 174 283
117 2 2 2 1 174 277 285
118 2 2 2 1 229 175 261
119 2 2 2 1 175 229 262
120 2 2 2 1 175 257 261
121 2 2 2 1 224 176 239
122 2 2 2 1 176 224 240
123 2 2 2 1 176 235 239
124 2 2 2 1 187 177 188
125 2 2 2 1 188 177 189
126 2 2 2 1 189 177 234
127 2 2 2 1 178 250 256
128 2 2 2 1 250 178 269
129 2 2 2 1 178 256 282
130 2 2 2 1 225 179 245
131 2 2 2 1 179 225 246
132 2 2 2 1 179 240 245
133 2 2 2 1 180 228 257
134 2 2 2 1 228 180 258
135 2 2 2 1 180 249 258
136 2 2 2 1 181 241 242
137 2 2 2 1 241 181 243
138 2 2 2 1 181 242 265
139 2 2 2 1 244 182 278
140 2 2 2 1 182 266 276
141 2 2 2 1 182 276 278
142 2 2 2 1 235 183 236
143 2 2 2 1 236 183 237
144 2 2 2 1 237 183 273
145 2 2 2 1 184 187 231
146 2 2 2 1 184 231 232
147 2 2 2 1 184 232 274
148 2 2 2 1 226 185 267
149 2 2 2 1 185 226 276
150 2 2 2 1 266 185 276
151 2 2 2 1 185 266 280
152 2 2 2 1 186 242 263
153 2 2 2 1 242 186 265
154 2 2 2 1 265 186 279
155 2 2 2 1 187 188 231
156 2 2 2 1 188 189 190
157 2 2 2 1 188 190 230
158 2 2 2 1 188 230 231
159 2 2 2 1 190 189 191
160 2 2 2 1 191 189 264
161 2 2 2 1 189 234 264
162 2 2 2 1 190 191 192
163 2 2 2 1 190 192 194
164 2 2 2 1 190 194 230
165 2 2 2 1 192 191 193
166 2 2 2 1 193 191 195
167 2 2 2 1 195 191 264
168 2 2 2 1 192 193 260
169 2 2 2 1 194 192 220
170 2 2 2 1 220 192 260
171 2 2 2 1 193 195 196
172 2 2 2 1 193 196 251
173 2 2 2 1 193 251 260
174 2 2 2 1 194 220 222
175 2 2 2 1 194 222 223
176 2 2 2 1 194 223 230
177 2 2 2 1 196 195 197
178 2 2 2 1 197 195 229
179 2 2 2 1 229 195 264
180 2 2 2 1 196 197 198
181 2 2 2 1 196 198 216
182 2 2 2 1 196 216 251
183 2 2 2 1 198 197 199
184 2 2 2 1 199 197 261
185 2 2 2 1 197 229 261
186 2 2 2 1 198 199 200
187 2 2 2 1 198 200 259
188 2 2 2 1 216 198 259
189 2 2 2 1 200 199 201
190 2 2 2 1 201 199 228
191 2 2 2 1 228 199 261
192 2 2 2 1 200 201 202
193 2 2 2 1 200 202 253
194 2 2 2 1 200 253 259
195 2 2 2 1 202 201 203
196 2 2 2 1 203 201 258
197 2 2 2 1 201 228 258
198 2 2 2 1 202 203 204
199 2 2 2 1 202 204 217
200 2 2 2 1 202 217 253
201 2 2 2 1 204 203 205
202 2 2 2 1 205 203 227
203 2 2 2 1 227 203 258
204 2 2 2 1 204 205 206
205 2 2 2 1 204 206 250
206 2 2 2 1 217 204 250
207 2 2 2 1 206 205 207
208 2 2 2 1 207 205 248
209 2 2 2 1 205 227 248
210 2 2 2 1 206 207 208
211 2 2 2 1 206 208 270
212 2 2 2 1 250 206 270
213 2 2 2 1 208 207 209
214 2 2 2 1 209 207 225
215 2 2 2 1 225 207 248
216 2 2 2 1 208 209 210
217 2 2 2 1 208 210 219
218 2 2 2 1 208 219 270
219 2 2 2 1 210 209 211
220 2 2 2 1 211 209 245
221 2 2 2 1 209 225 245
222 2 2 2 1 210 211 212
223 2 2 2 1 210 212 247
224 2 2 2 1 219 210 247
225 2 2 2 1 212 211 213
226 2 2 2 1 213 211 224
227 2 2 2 1 224 211 245
228 2 2 2 1 212 213 214
229 2 2 2 1 212 214 221
230 2 2 2 1 212 221 247
231 2 2 2 1 214 213 215
232 2 2 2 1 215 213 239
233 2 2 2 1 213 224 239
234 2 2 2 1 214 215 218
235 2 2 2 1 214 218 241
236 2 2 2 1 221 214 241
237 2 2 2 1 218 215 238
238 2 2 2 1 215 236 238
239 2 2 2 1 236 215 239
240 2 2 2 1 251 216 252
241 2 2 2 1 252 216 286
242 2 2 2 1 216 259 286
243 2 2 2 1 217 250 269
244 2 2 2 1 253 217 254
245 2 2 2 1 254 217 269
246 2 2 2 1 218 238 275
247 2 2 2 1 241 218 242
248 2 2 2 1 242 218 275
249 2 2 2 1 219 247 255
250 2 2 2 1 219 255 256
251 2 2 2 1 219 256 270
252 2 2 2 1 222 220 278
253 2 2 2 1 220 260 283
254 2 2 2 1 278 220 283
255 2 2 2 1 221 241 243
256 2 2 2 1 223 222 226
257 2 2 2 1 226 222 276
258 2 2 2 1 276 222 278
259 2 2 2 1 223 226 284
260 2 2 2 1 230 223 233
261 2 2 2 1 233 223 284
262 2 2 2 1 240 224 245
263 2 2 2 1 246 225 248
264 2 2 2 1 226 267 284
265 2 2 2 1 249 227 258
266 2 2 2 1 257 228 261
267 2 2 2 1 262 229 264
268 2 2 2 1 231 230 233
269 2 2 2 1 232 231 233
270 2 2 2 1 232 233 271
271 2 2 2 1 234 262 264
272 2 2 2 1 235 236 239
273 2 2 2 1 236 237 238
274 2 2 2 1 238 237 272
275 2 2 2 1 263 242 275
276 2 2 2 1 244 278 283
277 2 2 2 1 256 250 270
278 2 2 2 1 251 252 277
279 2 2 2 1 260 251 277
280 2 2 2 1 268 252 286
281 2 2 2 1 277 252 285
282 2 2 2 1 253 254 281
283 2 2 2 1 259 253 281
284 2 2 2 1 256 255 282
285 2 2 2 2 60 399 5
286 2 2 2 2 5 399 61
287 2 2 2 2 6 391 55
288 2 2 2 2 84 391 6
289 2 2 2 2 77 400 7
290 2 2 2 2 7 400 83
291 2 2 2 2 78 412 8
292 2 2 2 2 8 412 100
293 2 2 2 2 55 391 56
294 2 2 2 2 56 388 57
295 2 2 2 2 348 388 56
296 2 2 2 2 56 391 348
297 2 2 2 2 57 288 58
298 2 2 2 2 57 388 288
299 2 2 2 2 58 385 59
300 2 2 2 2 288 385 58
301 2 2 2 2 59 303 60
302 2 2 2 2 59 385 303
303 2 2 2 2 303 399 60
304 2 2 2 2 61 383 62
305 2 2 2 2 61 399 383
306 2 2 2 2 62 298 63
307 2 2 2 2 62 383 298
308 2 2 2 2 63 357 64
309 2 2 2 2 298 357 63
310 2 2 2 2 64 294 65
311 2 2 2 2 64 357 294
312 2 2 2 2 65 404 66
313 2 2 2 2 294 404 65
314 2 2 2 2 66 387 67
315 2 2 2 2 363 387 66
316 2 2 2 2 66 404 363
317 2 2 2 2 67 292 68
318 2 2 2 2 67 387 292
319 2 2 2 2 68 407 69
320 2 2 2 2 292 407 68
321 2 2 2 2 69 389 70
322 2 2 2 2 365 389 69
323 2 2 2 2 69 407 365
324 2 2 2 2 70 289 71
325 2 2 2 2 70 389 289
326 2 2 2 2 71 366 72
327 2 2 2 2 289 366 71
328 2 2 2 2 72 368 73
329 2 2 2 2 366 368 72
330 2 2 2 2 73 291 74
331 2 2 2 2 73 368 291
332 2 2 2 2 74 358 75
333 2 2 2 2 291 358 74
334 2 2 2 2 75 299 76
335 2 2 2 2 75 358 299
336 2 2 2 2 76 384 77
337 2 2 2 2 299 384 76
338 2 2 2 2 384 400 77
339 2 2 2 2 79 386 78
340 2 2 2 2 386 412 78
341 2 2 2 2 80 392 79
342 2 2 2 2 351 386 79
343 2 2 2 2 79 392 351
344 2 2 2 2 81 287 80
345 2 2 2 2 287 392 80
346 2 2 2 2 82 382 81
347 2 2 2 2 81 382 287
348 2 2 2 2 83 302 82
349 2 2 2 2 302 382 82
350 2 2 2 2 83 400 302
351 2 2 2 2 85 300 84
352 2 2 2 2 300 391 84
353 2 2 2 2 86 304 85
354 2 2 2 2 85 304 300
355 2 2 2 2 87 297 86
356 2 2 2 2 297 304 86
357 2 2 2 2 88 355 87
358 2 2 2 2 87 355 297
359 2 2 2 2 89 290 88
360 2 2 2 2 290 355 88
361 2 2 2 2 90 379 89
362 2 2 2 2 89 379 290
363 2 2 2 2 91 370 90
364 2 2 2 2 370 379 90
365 2 2 2 2 92 295 91
366 2 2 2 2 295 370 91
367 2 2 2 2 93 375 92
368 2 2 2 2 92 375 295
369 2 2 2 2 94 374 93
370 2 2 2 2 374 375 93
371 2 2 2 2 95 293 94
372 2 2 2 2 293 374 94
373 2 2 2 2 96 369 95
374 2 2 2 2 95 369 293
375 2 2 2 2 97 381 96
376 2 2 2 2 96 381 369
377 2 2 2 2 98 296 97
378 2 2 2 2 296 381 97
379 2 2 2 2 99 352 98
380 2 2 2 2 98 352 296
381 2 2 2 2 100 301 99
382 2 2 2 2 301 352 99
383 2 2 2 2 100 412 301
384 2 2 2 2 350 392 287
385 2 2 2 2 287 393 350
386 2 2 2 2 382 393 287
387 2 2 2 2 288 388 349
388 2 2 2 2 349 402 288
389 2 2 2 2 288 402 385
390 2 2 2 2 289 367 366
391 2 2 2 2 289 390 367
392 2 2 2 2 389 390 289
393 2 2 2 2 290 377 355
394 2 2 2 2 290 380 377
395 2 2 2 2 379 380 290
396 2 2 2 2 291 409 358
397 2 2 2 2 368 410 291
398 2 2 2 2 291 410 409
399 2 2 2 2 373 396 292
400 2 2 2 2 292 406 373
401 2 2 2 2 387 406 292
402 2 2 2 2 396 407 292
403 2 2 2 2 293 371 361
404 2 2 2 2 361 374 293
405 2 2 2 2 369 371 293
406 2 2 2 2 357 401 294
407 2 2 2 2 372 395 294
408 2 2 2 2 294 401 372
409 2 2 2 2 395 404 294
410 2 2 2 2 295 378 370
411 2 2 2 2 375 376 295
412 2 2 2 2 376 378 295
413 2 2 2 2 296 352 345
414 2 2 2 2 345 356 296
415 2 2 2 2 356 381 296
416 2 2 2 2 297 305 304
417 2 2 2 2 297 306 305
418 2 2 2 2 297 355 306
419 2 2 2 2 298 398 357
420 2 2 2 2 383 394 298
421 2 2 2 2 394 398 298
422 2 2 2 2 358 405 299
423 2 2 2 2 299 403 384
424 2 2 2 2 299 405 403
425 2 2 2 2 304 347 300
426 2 2 2 2 347 348 300
427 2 2 2 2 348 391 300
428 2 2 2 2 301 351 346
429 2 2 2 2 346 352 301
430 2 2 2 2 301 386 351
431 2 2 2 2 301 412 386
432 2 2 2 2 354 382 302
433 2 2 2 2 302 384 354
434 2 2 2 2 302 400 384
435 2 2 2 2 303 385 344
436 2 2 2 2 344 394 303
437 2 2 2 2 303 394 383
438 2 2 2 2 383 399 303
439 2 2 2 2 305 347 304
440 2 2 2 2 306 307 305
441 2 2 2 2 307 360 305
442 2 2 2 2 305 360 347
443 2 2 2 2 306 308 307
444 2 2 2 2 306 377 308
445 2 2 2 2 355 377 306
446 2 2 2 2 308 309 307
447 2 2 2 2 309 311 307
448 2 2 2 2 311 360 307
449 2 2 2 2 308 310 309
450 2 2 2 2 308 312 310
451 2 2 2 2 308 377 312
452 2 2 2 2 310 372 309
453 2 2 2 2 309 339 311
454 2 2 2 2 309 372 339
455 2 2 2 2 312 313 310
456 2 2 2 2 313 362 310
457 2 2 2 2 362 372 310
458 2 2 2 2 339 342 311
459 2 2 2 2 342 343 311
460 2 2 2 2 343 360 311
461 2 2 2 2 312 314 313
462 2 2 2 2 312 380 314
463 2 2 2 2 377 380 312
464 2 2 2 2 314 315 313
465 2 2 2 2 315 336 313
466 2 2 2 2 336 362 313
467 2 2 2 2 314 316 315
468 2 2 2 2 314 335 316
469 2 2 2 2 314 380 335
470 2 2 2 2 316 317 315
471 2 2 2 2 317 373 315
472 2 2 2 2 315 373 336
473 2 2 2 2 316 318 317
474 2 2 2 2 316 378 318
475 2 2 2 2 335 378 316
476 2 2 2 2 318 319 317
477 2 2 2 2 319 364 317
478 2 2 2 2 364 373 317
479 2 2 2 2 318 320 319
480 2 2 2 2 318 376 320
481 2 2 2 2 318 378 376
482 2 2 2 2 320 321 319
483 2 2 2 2 321 337 319
484 2 2 2 2 337 364 319
485 2 2 2 2 320 322 321
486 2 2 2 2 320 334 322
487 2 2 2 2 320 376 334
488 2 2 2 2 322 323 321
489 2 2 2 2 323 408 321
490 2 2 2 2 321 408 337
491 2 2 2 2 322 324 323
492 2 2 2 2 322 361 324
493 2 2 2 2 334 361 322
494 2 2 2 2 324 325 323
495 2 2 2 2 325 397 323
496 2 2 2 2 323 397 367
497 2 2 2 2 367 408 323
498 2 2 2 2 324 326 325
499 2 2 2 2 324 371 326
500 2 2 2 2 361 371 324
501 2 2 2 2 326 327 325
502 2 2 2 2 327 338 325
503 2 2 2 2 338 397 325
504 2 2 2 2 326 328 327
505 2 2 2 2 326 333 328
506 2 2 2 2 326 371 333
507 2 2 2 2 328 329 327
508 2 2 2 2 329 359 327
509 2 2 2 2 327 359 338
510 2 2 2 2 328 330 329
511 2 2 2 2 328 356 330
512 2 2 2 2 333 356 328
513 2 2 2 2 330 331 329
514 2 2 2 2 331 340 329
515 2 2 2 2 340 359 329
516 2 2 2 2 330 332 331
517 2 2 2 2 330 345 332
518 2 2 2 2 330 356 345
519 2 2 2 2 332 341 331
520 2 2 2 2 331 353 340
521 2 2 2 2 341 353 331
522 2 2 2 2 332 350 341
523 2 2 2 2 345 346 332
524 2 2 2 2 346 350 332
525 2 2 2 2 333 381 356
526 2 2 2 2 333 371 369
527 2 2 2 2 369 381 333
528 2 2 2 2 334 374 361
529 2 2 2 2 334 375 374
530 2 2 2 2 334 376 375
531 2 2 2 2 370 378 335
532 2 2 2 2 335 379 370
533 2 2 2 2 335 380 379
534 2 2 2 2 336 363 362
535 2 2 2 2 336 406 363
536 2 2 2 2 373 406 336
537 2 2 2 2 337 365 364
538 2 2 2 2 337 389 365
539 2 2 2 2 337 390 389
540 2 2 2 2 337 408 390
541 2 2 2 2 359 410 338
542 2 2 2 2 338 411 397
543 2 2 2 2 410 411 338
544 2 2 2 2 339 398 342
545 2 2 2 2 372 401 339
546 2 2 2 2 339 401 398
547 2 2 2 2 353 405 340
548 2 2 2 2 340 409 359
549 2 2 2 2 405 409 340
550 2 2 2 2 350 393 341
551 2 2 2 2 341 354 353
552 2 2 2 2 341 393 354
553 2 2 2 2 342 344 343
554 2 2 2 2 342 394 344
555 2 2 2 2 342 398 394
556 2 2 2 2 344 402 343
557 2 2 2 2 349 360 343
558 2 2 2 2 343 402 349
559 2 2 2 2 385 402 344
560 2 2 2 2 345 352 346
561 2 2 2 2 346 351 350
562 2 2 2 2 347 349 348
563 2 2 2 2 347 360 349
564 2 2 2 2 349 388 348
565 2 2 2 2 351 392 350
566 2 2 2 2 354 403 353
567 2 2 2 2 403 405 353
568 2 2 2 2 354 393 382
569 2 2 2 2 384 403 354
570 2 2 2 2 398 401 357
571 2 2 2 2 358 409 405
572 2 2 2 2 409 410 359
573 2 2 2 2 363 395 362
574 2 2 2 2 362 395 372
575 2 2 2 2 363 406 387
576 2 2 2 2 363 404 395
577 2 2 2 2 365 396 364
578 2 2 2 2 364 396 373
579 2 2 2 2 365 407 396
580 2 2 2 2 367 411 366
581 2 2 2 2 366 411 368
582 2 2 2 2 390 408 367
583 2 2 2 2 397 411 367
584 2 2 2 2 368 411 410
585 2 2 2 3 1 14 517
586 2 2 2 3 118 1 517
587 2 2 2 3 9 2 523
588 2 2 2 3 2 101 523
589 2 2 2 3 60 5 529
590 2 2 2 3 5 134 529
591 2 2 2 3 6 55 522
592 2 2 2 3 117 6 522
593 2 2 2 3 10 9 429
594 2 2 2 3 429 9 523
595 2 2 2 3 11 10 511
596 2 2 2 3 10 429 511
597 2 2 2 3 12 11 414
598 2 2 2 3 414 11 511
599 2 2 2 3 13 12 515
600 2 2 2 3 12 414 515
601 2 2 2 3 14 13 517
602 2 2 2 3 475 13 515
603 2 2 2 3 13 475 517
604 2 2 2 3 55 56 428
605 2 2 2 3 55 428 522
606 2 2 2 3 56 57 505
607 2 2 2 3 428 56 505
608 2 2 2 3 57 58 413
609 2 2 2 3 57 413 505
610 2 2 2 3 58 59 518
611 2 2 2 3 413 58 518
612 2 2 2 3 59 60 513
613 2 2 2 3 478 59 513
614 2 2 2 3 59 478 518
615 2 2 2 3 513 60 529
616 2 2 2 3 101 102 510
617 2 2 2 3 101 510 523
618 2 2 2 3 102 103 424
619 2 2 2 3 102 424 510
620 2 2 2 3 103 104 483
621 2 2 2 3 424 103 483
622 2 2 2 3 104 105 416
623 2 2 2 3 104 416 483
624 2 2 2 3 105 106 530
625 2 2 2 3 416 105 530
626 2 2 2 3 106 107 512
627 2 2 2 3 490 106 512
628 2 2 2 3 106 490 530
629 2 2 2 3 107 108 418
630 2 2 2 3 107 418 512
631 2 2 2 3 108 109 492
632 2 2 2 3 418 108 525
633 2 2 2 3 108 492 525
634 2 2 2 3 109 110 514
635 2 2 2 3 492 109 514
636 2 2 2 3 110 111 415
637 2 2 2 3 110 415 514
638 2 2 2 3 111 112 494
639 2 2 2 3 415 111 494
640 2 2 2 3 112 113 496
641 2 2 2 3 494 112 496
642 2 2 2 3 113 114 417
643 2 2 2 3 113 417 496
644 2 2 2 3 114 115 484
645 2 2 2 3 417 114 484
646 2 2 2 3 115 116 425
647 2 2 2 3 115 425 484
648 2 2 2 3 116 117 509
649 2 2 2 3 425 116 509
650 2 2 2 3 509 117 522
651 2 2 2 3 119 118 426
652 2 2 2 3 426 118 517
653 2 2 2 3 120 119 430
654 2 2 2 3 119 426 430
655 2 2 2 3 121 120 423
656 2 2 2 3 423 120 430
657 2 2 2 3 122 121 482
658 2 2 2 3 121 423 482
659 2 2 2 3 123 122 421
660 2 2 2 3 421 122 482
661 2 2 2 3 124 123 502
662 2 2 2 3 123 421 502
663 2 2 2 3 125 124 498
664 2 2 2 3 498 124 502
665 2 2 2 3 126 125 419
666 2 2 2 3 419 125 498
667 2 2 2 3 127 126 507
668 2 2 2 3 126 419 507
669 2 2 2 3 128 127 488
670 2 2 2 3 488 127 507
671 2 2 2 3 129 128 420
672 2 2 2 3 420 128 488
673 2 2 2 3 130 129 497
674 2 2 2 3 129 420 497
675 2 2 2 3 131 130 508
676 2 2 2 3 130 497 508
677 2 2 2 3 132 131 422
678 2 2 2 3 422 131 508
679 2 2 2 3 133 132 477
680 2 2 2 3 132 422 477
681 2 2 2 3 134 133 427
682 2 2 2 3 427 133 477
683 2 2 2 3 134 427 529
684 2 2 2 3 503 413 518
685 2 2 2 3 413 503 519
686 2 2 2 3 505 413 519
687 2 2 2 3 414 476 515
688 2 2 2 3 476 414 528
689 2 2 2 3 414 511 528
690 2 2 2 3 415 494 495
691 2 2 2 3 415 495 516
692 2 2 2 3 514 415 516
693 2 2 2 3 483 416 527
694 2 2 2 3 500 416 521
695 2 2 2 3 416 500 527
696 2 2 2 3 521 416 530
697 2 2 2 3 467 417 484
698 2 2 2 3 417 467 485
699 2 2 2 3 417 485 496
700 2 2 2 3 501 418 525
701 2 2 2 3 418 501 531
702 2 2 2 3 512 418 531
703 2 2 2 3 493 419 499
704 2 2 2 3 419 493 507
705 2 2 2 3 419 498 499
706 2 2 2 3 486 420 487
707 2 2 2 3 420 486 497
708 2 2 2 3 487 420 488
709 2 2 2 3 421 482 506
710 2 2 2 3 502 421 504
711 2 2 2 3 504 421 506
712 2 2 2 3 422 470 477
713 2 2 2 3 470 422 479
714 2 2 2 3 479 422 508
715 2 2 2 3 423 430 431
716 2 2 2 3 423 431 432
717 2 2 2 3 423 432 482
718 2 2 2 3 424 483 524
719 2 2 2 3 510 424 520
720 2 2 2 3 520 424 524
721 2 2 2 3 480 425 481
722 2 2 2 3 425 480 484
723 2 2 2 3 481 425 509
724 2 2 2 3 430 426 474
725 2 2 2 3 474 426 475
726 2 2 2 3 475 426 517
727 2 2 2 3 471 427 477
728 2 2 2 3 427 471 478
729 2 2 2 3 427 478 513
730 2 2 2 3 427 513 529
731 2 2 2 3 481 428 505
732 2 2 2 3 428 481 509
733 2 2 2 3 428 509 522
734 2 2 2 3 429 472 511
735 2 2 2 3 472 429 520
736 2 2 2 3 429 510 520
737 2 2 2 3 510 429 523
738 2 2 2 3 431 430 474
739 2 2 2 3 432 431 433
740 2 2 2 3 433 431 473
741 2 2 2 3 473 431 474
742 2 2 2 3 432 433 434
743 2 2 2 3 432 434 506
744 2 2 2 3 482 432 506
745 2 2 2 3 434 433 435
746 2 2 2 3 435 433 437
747 2 2 2 3 437 433 473
748 2 2 2 3 434 435 436
749 2 2 2 3 434 436 438
750 2 2 2 3 434 438 506
751 2 2 2 3 436 435 500
752 2 2 2 3 435 437 466
753 2 2 2 3 435 466 500
754 2 2 2 3 438 436 439
755 2 2 2 3 439 436 489
756 2 2 2 3 489 436 500
757 2 2 2 3 466 437 468
758 2 2 2 3 468 437 469
759 2 2 2 3 469 437 473
760 2 2 2 3 438 439 440
761 2 2 2 3 438 440 504
762 2 2 2 3 438 504 506
763 2 2 2 3 440 439 441
764 2 2 2 3 441 439 462
765 2 2 2 3 462 439 489
766 2 2 2 3 440 441 442
767 2 2 2 3 440 442 461
768 2 2 2 3 440 461 504
769 2 2 2 3 442 441 443
770 2 2 2 3 443 441 501
771 2 2 2 3 441 462 501
772 2 2 2 3 442 443 444
773 2 2 2 3 442 444 499
774 2 2 2 3 461 442 499
775 2 2 2 3 444 443 445
776 2 2 2 3 445 443 491
777 2 2 2 3 491 443 501
778 2 2 2 3 444 445 446
779 2 2 2 3 444 446 493
780 2 2 2 3 444 493 499
781 2 2 2 3 446 445 447
782 2 2 2 3 447 445 463
783 2 2 2 3 463 445 491
784 2 2 2 3 446 447 448
785 2 2 2 3 446 448 460
786 2 2 2 3 446 460 493
787 2 2 2 3 448 447 449
788 2 2 2 3 449 447 516
789 2 2 2 3 447 463 516
790 2 2 2 3 448 449 450
791 2 2 2 3 448 450 487
792 2 2 2 3 460 448 487
793 2 2 2 3 450 449 451
794 2 2 2 3 451 449 526
795 2 2 2 3 495 449 516
796 2 2 2 3 449 495 526
797 2 2 2 3 450 451 452
798 2 2 2 3 450 452 486
799 2 2 2 3 450 486 487
800 2 2 2 3 452 451 453
801 2 2 2 3 453 451 465
802 2 2 2 3 465 451 526
803 2 2 2 3 452 453 454
804 2 2 2 3 452 454 459
805 2 2 2 3 452 459 486
806 2 2 2 3 454 453 455
807 2 2 2 3 455 453 485
808 2 2 2 3 453 465 485
809 2 2 2 3 454 455 456
810 2 2 2 3 454 456 479
811 2 2 2 3 459 454 479
812 2 2 2 3 456 455 457
813 2 2 2 3 457 455 467
814 2 2 2 3 467 455 485
815 2 2 2 3 456 457 458
816 2 2 2 3 456 458 470
817 2 2 2 3 456 470 479
818 2 2 2 3 458 457 464
819 2 2 2 3 464 457 480
820 2 2 2 3 457 467 480
821 2 2 2 3 458 464 503
822 2 2 2 3 470 458 471
823 2 2 2 3 471 458 503
824 2 2 2 3 459 479 508
825 2 2 2 3 486 459 497
826 2 2 2 3 497 459 508
827 2 2 2 3 460 487 488
828 2 2 2 3 460 488 507
829 2 2 2 3 493 460 507
830 2 2 2 3 498 461 499
831 2 2 2 3 461 498 502
832 2 2 2 3 461 502 504
833 2 2 2 3 462 489 490
834 2 2 2 3 462 490 531
835 2 2 2 3 501 462 531
836 2 2 2 3 463 491 492
837 2 2 2 3 463 492 514
838 2 2 2 3 463 514 516
839 2 2 2 3 464 480 481
840 2 2 2 3 464 481 519
841 2 2 2 3 503 464 519
842 2 2 2 3 485 465 496
843 2 2 2 3 465 494 496
844 2 2 2 3 494 465 526
845 2 2 2 3 466 468 524
846 2 2 2 3 500 466 527
847 2 2 2 3 466 524 527
848 2 2 2 3 480 467 484
849 2 2 2 3 468 469 472
850 2 2 2 3 468 472 520
851 2 2 2 3 468 520 524
852 2 2 2 3 472 469 528
853 2 2 2 3 469 473 476
854 2 2 2 3 469 476 528
855 2 2 2 3 470 471 477
856 2 2 2 3 478 471 503
857 2 2 2 3 511 472 528
858 2 2 2 3 473 474 476
859 2 2 2 3 474 475 476
860 2 2 2 3 476 475 515
861 2 2 2 3 478 503 518
862 2 2 2 3 481 505 519
863 2 2 2 3 524 483 527
864 2 2 2 3 490 489 521
865 2 2 2 3 489 500 521
866 2 2 2 3 490 512 531
867 2 2 2 3 490 521 530
868 2 2 2 3 492 491 525
869 2 2 2 3 491 501 525
870 2 2 2 3 495 494 526
871 2 2 2 4 3 645 37
872 2 2 2 4 152 645 3
873 2 2 2 4 32 636 4
874 2 2 2 4 4 636 135
875 2 2 2 4 83 644 7
876 2 2 2 4 7 644 168
877 2 2 2 4 8 657 78
878 2 2 2 4 151 657 8
879 2 2 2 4 33 636 32
880 2 2 2 4 34 633 33
881 2 2 2 4 33 633 593
882 2 2 2 4 593 636 33
883 2 2 2 4 35 532 34
884 2 2 2 4 532 633 34
885 2 2 2 4 36 630 35
886 2 2 2 4 35 630 532
887 2 2 2 4 37 548 36
888 2 2 2 4 548 630 36
889 2 2 2 4 37 645 548
890 2 2 2 4 78 631 79
891 2 2 2 4 78 657 631
892 2 2 2 4 79 637 80
893 2 2 2 4 79 631 596
894 2 2 2 4 596 637 79
895 2 2 2 4 80 533 81
896 2 2 2 4 80 637 533
897 2 2 2 4 81 627 82
898 2 2 2 4 533 627 81
899 2 2 2 4 82 547 83
900 2 2 2 4 82 627 547
901 2 2 2 4 547 644 83
902 2 2 2 4 135 545 136
903 2 2 2 4 135 636 545
904 2 2 2 4 136 549 137
905 2 2 2 4 545 549 136
906 2 2 2 4 137 542 138
907 2 2 2 4 137 549 542
908 2 2 2 4 138 601 139
909 2 2 2 4 542 601 138
910 2 2 2 4 139 540 140
911 2 2 2 4 139 601 540
912 2 2 2 4 140 624 141
913 2 2 2 4 540 624 140
914 2 2 2 4 141 614 142
915 2 2 2 4 141 624 614
916 2 2 2 4 142 539 143
917 2 2 2 4 142 614 539
918 2 2 2 4 143 620 144
919 2 2 2 4 539 620 143
920 2 2 2 4 144 619 145
921 2 2 2 4 144 620 619
922 2 2 2 4 145 538 146
923 2 2 2 4 145 619 538
924 2 2 2 4 146 615 147
925 2 2 2 4 538 615 146
926 2 2 2 4 147 626 148
927 2 2 2 4 615 626 147
928 2 2 2 4 148 541 149
929 2 2 2 4 148 626 541
930 2 2 2 4 149 597 150
931 2 2 2 4 541 597 149
932 2 2 2 4 150 546 151
933 2 2 2 4 150 597 546
934 2 2 2 4 546 657 151
935 2 2 2 4 153 628 152
936 2 2 2 4 628 645 152
937 2 2 2 4 154 543 153
938 2 2 2 4 543 628 153
939 2 2 2 4 155 603 154
940 2 2 2 4 154 603 543
941 2 2 2 4 156 537 155
942 2 2 2 4 537 603 155
943 2 2 2 4 157 649 156
944 2 2 2 4 156 649 537
945 2 2 2 4 158 632 157
946 2 2 2 4 157 632 608
947 2 2 2 4 608 649 157
948 2 2 2 4 159 535 158
949 2 2 2 4 535 632 158
950 2 2 2 4 160 652 159
951 2 2 2 4 159 652 535
952 2 2 2 4 161 634 160
953 2 2 2 4 160 634 610
954 2 2 2 4 610 652 160
955 2 2 2 4 162 534 161
956 2 2 2 4 534 634 161
957 2 2 2 4 163 611 162
958 2 2 2 4 162 611 534
959 2 2 2 4 164 613 163
960 2 2 2 4 163 613 611
961 2 2 2 4 165 536 164
962 2 2 2 4 536 613 164
963 2 2 2 4 166 604 165
964 2 2 2 4 165 604 536
965 2 2 2 4 167 544 166
966 2 2 2 4 544 604 166
967 2 2 2 4 168 629 167
968 2 2 2 4 167 629 544
969 2 2 2 4 168 644 629
970 2 2 2 4 594 633 532
971 2 2 2 4 532 647 594
972 2 2 2 4 630 647 532
973 2 2 2 4 533 637 595
974 2 2 2 4 595 638 533
975 2 2 2 4 533 638 627
976 2 2 2 4 611 612 534
977 2 2 2 4 612 635 534
978 2 2 2 4 534 635 634
979 2 2 2 4 535 641 618
980 2 2 2 4 618 650 535
981 2 2 2 4 535 650 632
982 2 2 2 4 535 652 641
983 2 2 2 4 604 653 536
984 2 2 2 4 536 655 613
985 2 2 2 4 653 655 536
986 2 2 2 4 537 646 603
987 2 2 2 4 537 640 617
988 2 2 2 4 617 646 537
989 2 2 2 4 537 649 640
990 2 2 2 4 606 616 538
991 2 2 2 4 538 619 606
992 2 2 2 4 538 616 615
993 2 2 2 4 614 623 539
994 2 2 2 4 539 621 620
995 2 2 2 4 539 623 621
996 2 2 2 4 601 622 540
997 2 2 2 4 622 625 540
998 2 2 2 4 540 625 624
999 2 2 2 4 590 597 541
1000 2 2 2 4 541 602 590
1001 2 2 2 4 541 626 602
1002 2 2 2 4 549 550 542
1003 2 2 2 4 550 551 542
1004 2 2 2 4 551 601 542
1005 2 2 2 4 603 643 543
1006 2 2 2 4 543 639 628
1007 2 2 2 4 543 643 639
1008 2 2 2 4 544 651 604
1009 2 2 2 4 629 648 544
1010 2 2 2 4 648 651 544
1011 2 2 2 4 545 592 549
1012 2 2 2 4 545 593 592
1013 2 2 2 4 545 636 593
1014 2 2 2 4 591 596 546
1015 2 2 2 4 546 597 591
1016 2 2 2 4 596 631 546
1017 2 2 2 4 631 657 546
1018 2 2 2 4 547 627 600
1019 2 2 2 4 600 629 547
1020 2 2 2 4 629 644 547
1021 2 2 2 4 589 630 548
1022 2 2 2 4 548 639 589
1023 2 2 2 4 628 639 548
1024 2 2 2 4 548 645 628
1025 2 2 2 4 549 592 550
1026 2 2 2 4 550 552 551
1027 2 2 2 4 550 598 552
1028 2 2 2 4 592 598 550
1029 2 2 2 4 552 553 551
1030 2 2 2 4 553 622 551
1031 2 2 2 4 551 622 601
1032 2 2 2 4 552 554 553
1033 2 2 2 4 552 556 554
1034 2 2 2 4 552 598 556
1035 2 2 2 4 554 555 553
1036 2 2 2 4 555 557 553
1037 2 2 2 4 557 622 553
1038 2 2 2 4 554 617 555
1039 2 2 2 4 556 584 554
1040 2 2 2 4 584 617 554
1041 2 2 2 4 555 558 557
1042 2 2 2 4 555 607 558
1043 2 2 2 4 555 617 607
1044 2 2 2 4 556 587 584
1045 2 2 2 4 556 588 587
1046 2 2 2 4 556 598 588
1047 2 2 2 4 558 559 557
1048 2 2 2 4 559 625 557
1049 2 2 2 4 557 625 622
1050 2 2 2 4 558 560 559
1051 2 2 2 4 558 581 560
1052 2 2 2 4 558 607 581
1053 2 2 2 4 560 561 559
1054 2 2 2 4 561 580 559
1055 2 2 2 4 580 625 559
1056 2 2 2 4 560 562 561
1057 2 2 2 4 560 618 562
1058 2 2 2 4 581 618 560
1059 2 2 2 4 562 563 561
1060 2 2 2 4 563 623 561
1061 2 2 2 4 561 623 580
1062 2 2 2 4 562 564 563
1063 2 2 2 4 562 609 564
1064 2 2 2 4 562 618 609
1065 2 2 2 4 564 565 563
1066 2 2 2 4 565 621 563
1067 2 2 2 4 621 623 563
1068 2 2 2 4 564 566 565
1069 2 2 2 4 564 582 566
1070 2 2 2 4 564 609 582
1071 2 2 2 4 566 567 565
1072 2 2 2 4 567 579 565
1073 2 2 2 4 579 621 565
1074 2 2 2 4 566 568 567
1075 2 2 2 4 566 654 568
1076 2 2 2 4 582 654 566
1077 2 2 2 4 568 569 567
1078 2 2 2 4 569 606 567
1079 2 2 2 4 567 606 579
1080 2 2 2 4 568 570 569
1081 2 2 2 4 568 642 570
1082 2 2 2 4 612 642 568
1083 2 2 2 4 568 654 612
1084 2 2 2 4 570 571 569
1085 2 2 2 4 571 616 569
1086 2 2 2 4 569 616 606
1087 2 2 2 4 570 572 571
1088 2 2 2 4 570 583 572
1089 2 2 2 4 570 642 583
1090 2 2 2 4 572 573 571
1091 2 2 2 4 573 578 571
1092 2 2 2 4 578 616 571
1093 2 2 2 4 572 574 573
1094 2 2 2 4 572 605 574
1095 2 2 2 4 583 605 572
1096 2 2 2 4 574 575 573
1097 2 2 2 4 575 602 573
1098 2 2 2 4 573 602 578
1099 2 2 2 4 574 576 575
1100 2 2 2 4 574 585 576
1101 2 2 2 4 574 605 585
1102 2 2 2 4 576 577 575
1103 2 2 2 4 577 590 575
1104 2 2 2 4 590 602 575
1105 2 2 2 4 576 586 577
1106 2 2 2 4 585 599 576
1107 2 2 2 4 576 599 586
1108 2 2 2 4 586 595 577
1109 2 2 2 4 577 591 590
1110 2 2 2 4 577 595 591
1111 2 2 2 4 602 626 578
1112 2 2 2 4 615 616 578
1113 2 2 2 4 578 626 615
1114 2 2 2 4 606 619 579
1115 2 2 2 4 619 620 579
1116 2 2 2 4 620 621 579
1117 2 2 2 4 580 623 614
1118 2 2 2 4 614 624 580
1119 2 2 2 4 624 625 580
1120 2 2 2 4 607 608 581
1121 2 2 2 4 608 650 581
1122 2 2 2 4 581 650 618
1123 2 2 2 4 609 610 582
1124 2 2 2 4 610 634 582
1125 2 2 2 4 634 635 582
1126 2 2 2 4 635 654 582
1127 2 2 2 4 583 655 605
1128 2 2 2 4 642 656 583
1129 2 2 2 4 583 656 655
1130 2 2 2 4 587 643 584
1131 2 2 2 4 584 646 617
1132 2 2 2 4 643 646 584
1133 2 2 2 4 585 651 599
1134 2 2 2 4 605 653 585
1135 2 2 2 4 585 653 651
1136 2 2 2 4 586 638 595
1137 2 2 2 4 599 600 586
1138 2 2 2 4 600 638 586
1139 2 2 2 4 588 589 587
1140 2 2 2 4 589 639 587
1141 2 2 2 4 639 643 587
1142 2 2 2 4 588 647 589
1143 2 2 2 4 588 598 594
1144 2 2 2 4 594 647 588
1145 2 2 2 4 589 647 630
1146 2 2 2 4 591 597 590
1147 2 2 2 4 595 596 591
1148 2 2 2 4 593 594 592
1149 2 2 2 4 594 598 592
1150 2 2 2 4 593 633 594
1151 2 2 2 4 595 637 596
1152 2 2 2 4 599 648 600
1153 2 2 2 4 599 651 648
1154 2 2 2 4 627 638 600
1155 2 2 2 4 600 648 629
1156 2 2 2 4 603 646 643
1157 2 2 2 4 651 653 604
1158 2 2 2 4 605 655 653
1159 2 2 2 4 607 640 608
1160 2 2 2 4 617 640 607
1161 2 2 2 4 632 650 608
1162 2 2 2 4 640 649 608
1163 2 2 2 4 609 641 610
1164 2 2 2 4 618 641 609
1165 2 2 2 4 641 652 610
1166 2 2 2 4 611 656 612
1167 2 2 2 4 613 656 611
1168 2 2 2 4 612 654 635
1169 2 2 2 4 612 656 642
1170 2 2 2 4 655 656 613
1171 2 2 2 5 2 38 1000
1172 2 2 2 5 101 2 1000
1173 2 2 2 5 54 4 1002
1174 2 2 2 5 4 135 1002
1175 2 2 2 5 84 6 1001
1176 2 2 2 5 6 117 1001
1177 2 2 2 5 8 100 1003
1178 2 2 2 5 151 8 1003
1179 2 2 2 5 38 39 681
1180 2 2 2 5 38 681 1000
1181 2 2 2 5 39 40 973
1182 2 2 2 5 681 39 973
1183 2 2 2 5 40 41 674
1184 2 2 2 5 40 674 973
1185 2 2 2 5 41 42 975
1186 2 2 2 5 674 41 975
1187 2 2 2 5 42 43 663
1188 2 2 2 5 42 663 975
1189 2 2 2 5 43 44 977
1190 2 2 2 5 663 43 977
1191 2 2 2 5 44 45 672
1192 2 2 2 5 44 672 977
1193 2 2 2 5 45 46 979
1194 2 2 2 5 672 45 979
1195 2 2 2 5 46 47 661
1196 2 2 2 5 46 661 979
1197 2 2 2 5 47 48 982
1198 2 2 2 5 661 47 982
1199 2 2 2 5 48 49 981
1200 2 2 2 5 48 981 982
1201 2 2 2 5 49 50 668
1202 2 2 2 5 49 668 981
1203 2 2 2 5 50 51 917
1204 2 2 2 5 668 50 917
1205 2 2 2 5 51 52 680
1206 2 2 2 5 51 680 917
1207 2 2 2 5 52 53 867
1208 2 2 2 5 680 52 867
1209 2 2 2 5 53 54 682
1210 2 2 2 5 53 682 867
1211 2 2 2 5 682 54 1002
1212 2 2 2 5 85 84 683
1213 2 2 2 5 683 84 1001
1214 2 2 2 5 86 85 895
1215 2 2 2 5 85 683 895
1216 2 2 2 5 87 86 679
1217 2 2 2 5 679 86 895
1218 2 2 2 5 88 87 899
1219 2 2 2 5 87 679 899
1220 2 2 2 5 89 88 662
1221 2 2 2 5 662 88 899
1222 2 2 2 5 90 89 904
1223 2 2 2 5 89 662 904
1224 2 2 2 5 91 90 676
1225 2 2 2 5 676 90 904
1226 2 2 2 5 92 91 896
1227 2 2 2 5 91 676 896
1228 2 2 2 5 93 92 660
1229 2 2 2 5 660 92 896
1230 2 2 2 5 94 93 935
1231 2 2 2 5 93 660 935
1232 2 2 2 5 95 94 889
1233 2 2 2 5 889 94 935
1234 2 2 2 5 96 95 667
1235 2 2 2 5 667 95 889
1236 2 2 2 5 97 96 920
1237 2 2 2 5 96 667 920
1238 2 2 2 5 98 97 677
1239 2 2 2 5 677 97 920
1240 2 2 2 5 99 98 685
1241 2 2 2 5 98 677 685
1242 2 2 2 5 100 99 684
1243 2 2 2 5 684 99 685
1244 2 2 2 5 100 684 1003
1245 2 2 2 5 102 101 962
1246 2 2 2 5 962 101 1000
1247 2 2 2 5 103 102 891
1248 2 2 2 5 891 102 962
1249 2 2 2 5 104 103 675
1250 2 2 2 5 675 103 891
1251 2 2 2 5 105 104 901
1252 2 2 2 5 104 675 901
1253 2 2 2 5 106 105 669
1254 2 2 2 5 669 105 901
1255 2 2 2 5 107 106 987
1256 2 2 2 5 106 669 987
1257 2 2 2 5 108 107 959
1258 2 2 2 5 959 107 987
1259 2 2 2 5 109 108 658
1260 2 2 2 5 658 108 959
1261 2 2 2 5 110 109 961
1262 2 2 2 5 109 658 961
1263 2 2 2 5 111 110 972
1264 2 2 2 5 110 961 972
1265 2 2 2 5 112 111 666
1266 2 2 2 5 666 111 972
1267 2 2 2 5 113 112 839
1268 2 2 2 5 112 666 839
1269 2 2 2 5 114 113 994
1270 2 2 2 5 113 839 994
1271 2 2 2 5 115 114 670
1272 2 2 2 5 670 114 994
1273 2 2 2 5 116 115 990
1274 2 2 2 5 115 670 990
1275 2 2 2 5 117 116 943
1276 2 2 2 5 943 116 990
1277 2 2 2 5 117 943 1001
1278 2 2 2 5 135 136 869
1279 2 2 2 5 135 869 1002
1280 2 2 2 5 136 137 989
1281 2 2 2 5 869 136 989
1282 2 2 2 5 137 138 678
1283 2 2 2 5 137 678 989
1284 2 2 2 5 138 139 900
1285 2 2 2 5 678 138 900
1286 2 2 2 5 139 140 665
1287 2 2 2 5 139 665 900
1288 2 2 2 5 140 141 986
1289 2 2 2 5 665 140 986
1290 2 2 2 5 141 142 958
1291 2 2 2 5 141 958 986
1292 2 2 2 5 142 143 659
1293 2 2 2 5 142 659 958
1294 2 2 2 5 143 144 921
1295 2 2 2 5 659 143 921
1296 2 2 2 5 144 145 671
1297 2 2 2 5 144 671 921
1298 2 2 2 5 145 146 966
1299 2 2 2 5 671 145 966
1300 2 2 2 5 146 147 664
1301 2 2 2 5 146 664 966
1302 2 2 2 5 147 148 993
1303 2 2 2 5 664 147 993
1304 2 2 2 5 148 149 673
1305 2 2 2 5 148 673 993
1306 2 2 2 5 149 150 991
1307 2 2 2 5 673 149 991
1308 2 2 2 5 150 151 842
1309 2 2 2 5 150 842 991
1310 2 2 2 5 842 151 1003
1311 2 2 2 5 658 959 992
1312 2 2 2 5 961 658 992
1313 2 2 2 5 659 921 963
1314 2 2 2 5 958 659 999
1315 2 2 2 5 659 963 999
1316 2 2 2 5 660 878 935
1317 2 2 2 5 878 660 940
1318 2 2 2 5 660 896 940
1319 2 2 2 5 661 832 980
1320 2 2 2 5 832 661 982
1321 2 2 2 5 661 876 979
1322 2 2 2 5 876 661 980
1323 2 2 2 5 662 899 953
1324 2 2 2 5 904 662 950
1325 2 2 2 5 950 662 953
1326 2 2 2 5 663 826 976
1327 2 2 2 5 826 663 977
1328 2 2 2 5 663 885 975
1329 2 2 2 5 885 663 976
1330 2 2 2 5 664 847 848
1331 2 2 2 5 847 664 993
1332 2 2 2 5 664 848 849
1333 2 2 2 5 664 849 966
1334 2 2 2 5 900 665 969
1335 2 2 2 5 969 665 1009
1336 2 2 2 5 665 986 1009
1337 2 2 2 5 839 666 968
1338 2 2 2 5 968 666 1007
1339 2 2 2 5 666 972 1007
1340 2 2 2 5 667 864 920
1341 2 2 2 5 864 667 951
1342 2 2 2 5 667 889 951
1343 2 2 2 5 668 917 918
1344 2 2 2 5 668 918 1006
1345 2 2 2 5 981 668 1006
1346 2 2 2 5 669 901 970
1347 2 2 2 5 669 970 1010
1348 2 2 2 5 987 669 1010
1349 2 2 2 5 670 834 836
1350 2 2 2 5 834 670 837
1351 2 2 2 5 670 836 990
1352 2 2 2 5 837 670 994
1353 2 2 2 5 671 854 921
1354 2 2 2 5 854 671 995
1355 2 2 2 5 671 966 995
1356 2 2 2 5 672 826 977
1357 2 2 2 5 826 672 978
1358 2 2 2 5 672 876 978
1359 2 2 2 5 876 672 979
1360 2 2 2 5 673 843 845
1361 2 2 2 5 843 673 991
1362 2 2 2 5 673 845 847
1363 2 2 2 5 673 847 993
1364 2 2 2 5 674 825 973
1365 2 2 2 5 825 674 974
1366 2 2 2 5 674 885 974
1367 2 2 2 5 885 674 975
1368 2 2 2 5 675 891 988
1369 2 2 2 5 901 675 902
1370 2 2 2 5 902 675 988
1371 2 2 2 5 896 676 941
1372 2 2 2 5 676 904 944
1373 2 2 2 5 941 676 944
1374 2 2 2 5 685 677 686
1375 2 2 2 5 686 677 687
1376 2 2 2 5 687 677 920
1377 2 2 2 5 840 678 900
1378 2 2 2 5 678 840 996
1379 2 2 2 5 678 870 989
1380 2 2 2 5 870 678 996
1381 2 2 2 5 679 895 948
1382 2 2 2 5 899 679 949
1383 2 2 2 5 679 948 949
1384 2 2 2 5 680 867 871
1385 2 2 2 5 680 871 984
1386 2 2 2 5 917 680 984
1387 2 2 2 5 825 681 973
1388 2 2 2 5 681 825 997
1389 2 2 2 5 962 681 997
1390 2 2 2 5 681 962 1000
1391 2 2 2 5 867 682 868
1392 2 2 2 5 868 682 869
1393 2 2 2 5 869 682 1002
1394 2 2 2 5 895 683 942
1395 2 2 2 5 942 683 943
1396 2 2 2 5 943 683 1001
1397 2 2 2 5 684 685 841
1398 2 2 2 5 684 841 842
1399 2 2 2 5 684 842 1003
1400 2 2 2 5 685 686 841
1401 2 2 2 5 686 687 688
1402 2 2 2 5 686 688 844
1403 2 2 2 5 841 686 844
1404 2 2 2 5 688 687 689
1405 2 2 2 5 689 687 864
1406 2 2 2 5 864 687 920
1407 2 2 2 5 688 689 690
1408 2 2 2 5 688 690 780
1409 2 2 2 5 688 780 844
1410 2 2 2 5 690 689 691
1411 2 2 2 5 691 689 863
1412 2 2 2 5 863 689 864
1413 2 2 2 5 690 691 692
1414 2 2 2 5 690 692 931
1415 2 2 2 5 780 690 931
1416 2 2 2 5 692 691 693
1417 2 2 2 5 693 691 748
1418 2 2 2 5 748 691 863
1419 2 2 2 5 692 693 694
1420 2 2 2 5 692 694 753
1421 2 2 2 5 692 753 931
1422 2 2 2 5 694 693 695
1423 2 2 2 5 695 693 924
1424 2 2 2 5 693 748 924
1425 2 2 2 5 694 695 696
1426 2 2 2 5 694 696 903
1427 2 2 2 5 753 694 903
1428 2 2 2 5 696 695 697
1429 2 2 2 5 697 695 734
1430 2 2 2 5 734 695 924
1431 2 2 2 5 696 697 698
1432 2 2 2 5 696 698 732
1433 2 2 2 5 696 732 903
1434 2 2 2 5 698 697 699
1435 2 2 2 5 699 697 932
1436 2 2 2 5 697 734 932
1437 2 2 2 5 698 699 700
1438 2 2 2 5 698 700 960
1439 2 2 2 5 732 698 960
1440 2 2 2 5 700 699 701
1441 2 2 2 5 701 699 922
1442 2 2 2 5 922 699 932
1443 2 2 2 5 700 701 702
1444 2 2 2 5 700 702 967
1445 2 2 2 5 960 700 967
1446 2 2 2 5 702 701 703
1447 2 2 2 5 703 701 704
1448 2 2 2 5 704 701 922
1449 2 2 2 5 702 703 707
1450 2 2 2 5 702 707 712
1451 2 2 2 5 702 712 967
1452 2 2 2 5 703 704 705
1453 2 2 2 5 703 705 881
1454 2 2 2 5 707 703 881
1455 2 2 2 5 705 704 706
1456 2 2 2 5 706 704 928
1457 2 2 2 5 704 922 928
1458 2 2 2 5 705 706 708
1459 2 2 2 5 705 708 905
1460 2 2 2 5 881 705 905
1461 2 2 2 5 708 706 709
1462 2 2 2 5 709 706 716
1463 2 2 2 5 716 706 928
1464 2 2 2 5 712 707 713
1465 2 2 2 5 713 707 756
1466 2 2 2 5 756 707 881
1467 2 2 2 5 708 709 710
1468 2 2 2 5 708 710 711
1469 2 2 2 5 708 711 905
1470 2 2 2 5 710 709 882
1471 2 2 2 5 709 716 717
1472 2 2 2 5 709 717 882
1473 2 2 2 5 711 710 714
1474 2 2 2 5 714 710 911
1475 2 2 2 5 710 882 911
1476 2 2 2 5 711 714 715
1477 2 2 2 5 711 715 796
1478 2 2 2 5 711 796 905
1479 2 2 2 5 712 713 718
1480 2 2 2 5 712 718 998
1481 2 2 2 5 712 860 967
1482 2 2 2 5 860 712 998
1483 2 2 2 5 718 713 719
1484 2 2 2 5 719 713 910
1485 2 2 2 5 713 756 910
1486 2 2 2 5 715 714 720
1487 2 2 2 5 720 714 724
1488 2 2 2 5 724 714 911
1489 2 2 2 5 715 720 721
1490 2 2 2 5 715 721 892
1491 2 2 2 5 796 715 892
1492 2 2 2 5 717 716 722
1493 2 2 2 5 722 716 768
1494 2 2 2 5 768 716 928
1495 2 2 2 5 717 722 723
1496 2 2 2 5 717 723 936
1497 2 2 2 5 882 717 936
1498 2 2 2 5 718 719 725
1499 2 2 2 5 718 725 739
1500 2 2 2 5 718 739 998
1501 2 2 2 5 725 719 726
1502 2 2 2 5 726 719 727
1503 2 2 2 5 727 719 910
1504 2 2 2 5 721 720 728
1505 2 2 2 5 720 724 926
1506 2 2 2 5 728 720 926
1507 2 2 2 5 721 728 729
1508 2 2 2 5 721 729 733
1509 2 2 2 5 721 733 892
1510 2 2 2 5 723 722 735
1511 2 2 2 5 735 722 912
1512 2 2 2 5 722 768 912
1513 2 2 2 5 723 735 736
1514 2 2 2 5 723 736 737
1515 2 2 2 5 723 737 936
1516 2 2 2 5 724 911 938
1517 2 2 2 5 926 724 946
1518 2 2 2 5 724 938 946
1519 2 2 2 5 725 726 730
1520 2 2 2 5 725 730 955
1521 2 2 2 5 739 725 955
1522 2 2 2 5 726 727 740
1523 2 2 2 5 730 726 915
1524 2 2 2 5 726 740 915
1525 2 2 2 5 740 727 741
1526 2 2 2 5 741 727 789
1527 2 2 2 5 789 727 910
1528 2 2 2 5 729 728 731
1529 2 2 2 5 731 728 743
1530 2 2 2 5 743 728 926
1531 2 2 2 5 729 731 887
1532 2 2 2 5 733 729 742
1533 2 2 2 5 742 729 887
1534 2 2 2 5 890 730 915
1535 2 2 2 5 730 890 954
1536 2 2 2 5 730 954 955
1537 2 2 2 5 731 743 754
1538 2 2 2 5 731 754 755
1539 2 2 2 5 731 755 887
1540 2 2 2 5 732 859 957
1541 2 2 2 5 859 732 960
1542 2 2 2 5 903 732 1004
1543 2 2 2 5 732 957 1004
1544 2 2 2 5 733 742 765
1545 2 2 2 5 733 765 767
1546 2 2 2 5 733 767 892
1547 2 2 2 5 734 924 930
1548 2 2 2 5 734 930 933
1549 2 2 2 5 932 734 933
1550 2 2 2 5 736 735 749
1551 2 2 2 5 749 735 750
1552 2 2 2 5 750 735 912
1553 2 2 2 5 737 736 738
1554 2 2 2 5 738 736 897
1555 2 2 2 5 736 749 897
1556 2 2 2 5 737 738 744
1557 2 2 2 5 737 744 893
1558 2 2 2 5 737 893 936
1559 2 2 2 5 744 738 751
1560 2 2 2 5 751 738 752
1561 2 2 2 5 752 738 897
1562 2 2 2 5 862 739 955
1563 2 2 2 5 739 862 1008
1564 2 2 2 5 998 739 1008
1565 2 2 2 5 740 741 745
1566 2 2 2 5 740 745 747
1567 2 2 2 5 740 747 915
1568 2 2 2 5 745 741 746
1569 2 2 2 5 746 741 908
1570 2 2 2 5 741 789 908
1571 2 2 2 5 765 742 766
1572 2 2 2 5 766 742 934
1573 2 2 2 5 742 887 934
1574 2 2 2 5 754 743 757
1575 2 2 2 5 757 743 801
1576 2 2 2 5 801 743 926
1577 2 2 2 5 744 751 761
1578 2 2 2 5 744 761 762
1579 2 2 2 5 744 762 893
1580 2 2 2 5 745 746 886
1581 2 2 2 5 747 745 763
1582 2 2 2 5 763 745 886
1583 2 2 2 5 746 872 877
1584 2 2 2 5 872 746 908
1585 2 2 2 5 746 877 886
1586 2 2 2 5 747 763 764
1587 2 2 2 5 747 764 790
1588 2 2 2 5 747 790 915
1589 2 2 2 5 748 863 956
1590 2 2 2 5 924 748 945
1591 2 2 2 5 945 748 956
1592 2 2 2 5 749 750 769
1593 2 2 2 5 749 769 880
1594 2 2 2 5 749 880 897
1595 2 2 2 5 769 750 770
1596 2 2 2 5 770 750 782
1597 2 2 2 5 782 750 912
1598 2 2 2 5 751 752 760
1599 2 2 2 5 751 760 919
1600 2 2 2 5 761 751 919
1601 2 2 2 5 760 752 771
1602 2 2 2 5 771 752 788
1603 2 2 2 5 788 752 897
1604 2 2 2 5 753 903 971
1605 2 2 2 5 931 753 965
1606 2 2 2 5 965 753 971
1607 2 2 2 5 755 754 758
1608 2 2 2 5 754 757 927
1609 2 2 2 5 758 754 927
1610 2 2 2 5 755 758 759
1611 2 2 2 5 755 759 923
1612 2 2 2 5 887 755 923
1613 2 2 2 5 756 881 888
1614 2 2 2 5 756 888 909
1615 2 2 2 5 756 909 910
1616 2 2 2 5 757 801 803
1617 2 2 2 5 757 803 806
1618 2 2 2 5 757 806 927
1619 2 2 2 5 759 758 777
1620 2 2 2 5 777 758 812
1621 2 2 2 5 812 758 927
1622 2 2 2 5 759 777 778
1623 2 2 2 5 759 778 779
1624 2 2 2 5 759 779 923
1625 2 2 2 5 760 771 776
1626 2 2 2 5 760 776 781
1627 2 2 2 5 760 781 919
1628 2 2 2 5 762 761 772
1629 2 2 2 5 772 761 807
1630 2 2 2 5 807 761 919
1631 2 2 2 5 762 772 773
1632 2 2 2 5 762 773 797
1633 2 2 2 5 762 797 893
1634 2 2 2 5 764 763 817
1635 2 2 2 5 817 763 818
1636 2 2 2 5 818 763 886
1637 2 2 2 5 790 764 791
1638 2 2 2 5 791 764 983
1639 2 2 2 5 764 817 983
1640 2 2 2 5 765 766 784
1641 2 2 2 5 767 765 925
1642 2 2 2 5 765 784 925
1643 2 2 2 5 784 766 785
1644 2 2 2 5 785 766 787
1645 2 2 2 5 787 766 934
1646 2 2 2 5 892 767 906
1647 2 2 2 5 906 767 907
1648 2 2 2 5 907 767 925
1649 2 2 2 5 912 768 913
1650 2 2 2 5 913 768 914
1651 2 2 2 5 914 768 928
1652 2 2 2 5 769 770 865
1653 2 2 2 5 769 865 866
1654 2 2 2 5 769 866 880
1655 2 2 2 5 770 782 783
1656 2 2 2 5 770 783 798
1657 2 2 2 5 770 798 865
1658 2 2 2 5 776 771 898
1659 2 2 2 5 771 788 802
1660 2 2 2 5 771 802 898
1661 2 2 2 5 773 772 774
1662 2 2 2 5 774 772 916
1663 2 2 2 5 772 807 916
1664 2 2 2 5 773 774 775
1665 2 2 2 5 773 775 894
1666 2 2 2 5 797 773 894
1667 2 2 2 5 775 774 822
1668 2 2 2 5 822 774 823
1669 2 2 2 5 823 774 916
1670 2 2 2 5 775 822 952
1671 2 2 2 5 894 775 947
1672 2 2 2 5 947 775 952
1673 2 2 2 5 781 776 834
1674 2 2 2 5 834 776 835
1675 2 2 2 5 835 776 898
1676 2 2 2 5 778 777 809
1677 2 2 2 5 809 777 902
1678 2 2 2 5 777 812 902
1679 2 2 2 5 779 778 883
1680 2 2 2 5 778 809 813
1681 2 2 2 5 778 813 883
1682 2 2 2 5 873 779 884
1683 2 2 2 5 779 873 923
1684 2 2 2 5 779 883 884
1685 2 2 2 5 844 780 845
1686 2 2 2 5 845 780 846
1687 2 2 2 5 846 780 931
1688 2 2 2 5 781 834 837
1689 2 2 2 5 781 837 838
1690 2 2 2 5 781 838 919
1691 2 2 2 5 783 782 937
1692 2 2 2 5 782 912 913
1693 2 2 2 5 782 913 937
1694 2 2 2 5 798 783 799
1695 2 2 2 5 799 783 800
1696 2 2 2 5 800 783 937
1697 2 2 2 5 784 785 786
1698 2 2 2 5 784 786 872
1699 2 2 2 5 784 872 925
1700 2 2 2 5 786 785 874
1701 2 2 2 5 785 787 815
1702 2 2 2 5 785 815 874
1703 2 2 2 5 872 786 877
1704 2 2 2 5 786 874 875
1705 2 2 2 5 786 875 877
1706 2 2 2 5 815 787 816
1707 2 2 2 5 816 787 873
1708 2 2 2 5 873 787 934
1709 2 2 2 5 802 788 805
1710 2 2 2 5 805 788 880
1711 2 2 2 5 880 788 897
1712 2 2 2 5 789 907 908
1713 2 2 2 5 907 789 909
1714 2 2 2 5 909 789 910
1715 2 2 2 5 790 791 792
1716 2 2 2 5 790 792 890
1717 2 2 2 5 790 890 915
1718 2 2 2 5 792 791 793
1719 2 2 2 5 793 791 819
1720 2 2 2 5 819 791 983
1721 2 2 2 5 792 793 794
1722 2 2 2 5 792 794 795
1723 2 2 2 5 792 795 890
1724 2 2 2 5 794 793 808
1725 2 2 2 5 808 793 985
1726 2 2 2 5 793 819 985
1727 2 2 2 5 795 794 810
1728 2 2 2 5 794 808 840
1729 2 2 2 5 810 794 840
1730 2 2 2 5 795 810 811
1731 2 2 2 5 795 811 954
1732 2 2 2 5 890 795 954
1733 2 2 2 5 796 888 905
1734 2 2 2 5 888 796 906
1735 2 2 2 5 796 892 906
1736 2 2 2 5 893 797 939
1737 2 2 2 5 797 894 938
1738 2 2 2 5 797 938 939
1739 2 2 2 5 798 799 940
1740 2 2 2 5 865 798 941
1741 2 2 2 5 798 940 941
1742 2 2 2 5 799 800 804
1743 2 2 2 5 799 804 878
1744 2 2 2 5 799 878 940
1745 2 2 2 5 804 800 945
1746 2 2 2 5 930 800 937
1747 2 2 2 5 800 930 945
1748 2 2 2 5 803 801 947
1749 2 2 2 5 801 926 946
1750 2 2 2 5 801 946 947
1751 2 2 2 5 802 805 953
1752 2 2 2 5 898 802 949
1753 2 2 2 5 949 802 953
1754 2 2 2 5 806 803 820
1755 2 2 2 5 820 803 952
1756 2 2 2 5 803 947 952
1757 2 2 2 5 878 804 879
1758 2 2 2 5 879 804 956
1759 2 2 2 5 804 945 956
1760 2 2 2 5 866 805 880
1761 2 2 2 5 805 866 950
1762 2 2 2 5 805 950 953
1763 2 2 2 5 806 820 821
1764 2 2 2 5 806 821 929
1765 2 2 2 5 927 806 929
1766 2 2 2 5 838 807 919
1767 2 2 2 5 807 838 968
1768 2 2 2 5 916 807 968
1769 2 2 2 5 840 808 996
1770 2 2 2 5 808 985 1005
1771 2 2 2 5 996 808 1005
1772 2 2 2 5 813 809 814
1773 2 2 2 5 814 809 988
1774 2 2 2 5 809 902 988
1775 2 2 2 5 811 810 827
1776 2 2 2 5 827 810 969
1777 2 2 2 5 810 840 969
1778 2 2 2 5 811 827 828
1779 2 2 2 5 811 828 829
1780 2 2 2 5 811 829 954
1781 2 2 2 5 902 812 970
1782 2 2 2 5 812 927 929
1783 2 2 2 5 812 929 970
1784 2 2 2 5 813 814 825
1785 2 2 2 5 813 825 974
1786 2 2 2 5 883 813 974
1787 2 2 2 5 825 814 997
1788 2 2 2 5 891 814 988
1789 2 2 2 5 814 891 997
1790 2 2 2 5 815 816 826
1791 2 2 2 5 815 826 978
1792 2 2 2 5 874 815 978
1793 2 2 2 5 826 816 976
1794 2 2 2 5 816 873 884
1795 2 2 2 5 816 884 976
1796 2 2 2 5 817 818 824
1797 2 2 2 5 817 824 1006
1798 2 2 2 5 817 918 983
1799 2 2 2 5 918 817 1006
1800 2 2 2 5 824 818 832
1801 2 2 2 5 832 818 833
1802 2 2 2 5 833 818 886
1803 2 2 2 5 871 819 984
1804 2 2 2 5 819 871 985
1805 2 2 2 5 918 819 983
1806 2 2 2 5 819 918 984
1807 2 2 2 5 821 820 959
1808 2 2 2 5 820 952 992
1809 2 2 2 5 959 820 992
1810 2 2 2 5 929 821 1010
1811 2 2 2 5 821 959 987
1812 2 2 2 5 821 987 1010
1813 2 2 2 5 822 823 961
1814 2 2 2 5 952 822 992
1815 2 2 2 5 822 961 992
1816 2 2 2 5 823 916 1007
1817 2 2 2 5 961 823 972
1818 2 2 2 5 972 823 1007
1819 2 2 2 5 824 832 982
1820 2 2 2 5 981 824 982
1821 2 2 2 5 824 981 1006
1822 2 2 2 5 828 827 831
1823 2 2 2 5 831 827 1009
1824 2 2 2 5 827 969 1009
1825 2 2 2 5 829 828 830
1826 2 2 2 5 830 828 964
1827 2 2 2 5 828 831 964
1828 2 2 2 5 829 830 862
1829 2 2 2 5 829 862 955
1830 2 2 2 5 954 829 955
1831 2 2 2 5 857 830 861
1832 2 2 2 5 830 857 862
1833 2 2 2 5 861 830 964
1834 2 2 2 5 831 958 964
1835 2 2 2 5 958 831 986
1836 2 2 2 5 986 831 1009
1837 2 2 2 5 832 833 980
1838 2 2 2 5 875 833 877
1839 2 2 2 5 833 875 980
1840 2 2 2 5 877 833 886
1841 2 2 2 5 834 835 836
1842 2 2 2 5 836 835 942
1843 2 2 2 5 835 898 948
1844 2 2 2 5 942 835 948
1845 2 2 2 5 836 942 943
1846 2 2 2 5 836 943 990
1847 2 2 2 5 838 837 839
1848 2 2 2 5 839 837 994
1849 2 2 2 5 838 839 968
1850 2 2 2 5 840 900 969
1851 2 2 2 5 842 841 843
1852 2 2 2 5 843 841 844
1853 2 2 2 5 842 843 991
1854 2 2 2 5 843 844 845
1855 2 2 2 5 845 846 847
1856 2 2 2 5 847 846 848
1857 2 2 2 5 848 846 965
1858 2 2 2 5 846 931 965
1859 2 2 2 5 849 848 850
1860 2 2 2 5 850 848 965
1861 2 2 2 5 849 850 851
1862 2 2 2 5 849 851 995
1863 2 2 2 5 966 849 995
1864 2 2 2 5 851 850 852
1865 2 2 2 5 852 850 971
1866 2 2 2 5 850 965 971
1867 2 2 2 5 851 852 853
1868 2 2 2 5 851 853 854
1869 2 2 2 5 851 854 995
1870 2 2 2 5 853 852 957
1871 2 2 2 5 957 852 1004
1872 2 2 2 5 852 971 1004
1873 2 2 2 5 854 853 855
1874 2 2 2 5 855 853 856
1875 2 2 2 5 856 853 957
1876 2 2 2 5 854 855 963
1877 2 2 2 5 921 854 963
1878 2 2 2 5 855 856 857
1879 2 2 2 5 855 857 861
1880 2 2 2 5 855 861 963
1881 2 2 2 5 857 856 858
1882 2 2 2 5 858 856 859
1883 2 2 2 5 859 856 957
1884 2 2 2 5 857 858 862
1885 2 2 2 5 858 859 860
1886 2 2 2 5 858 860 1008
1887 2 2 2 5 862 858 1008
1888 2 2 2 5 860 859 960
1889 2 2 2 5 860 960 967
1890 2 2 2 5 860 998 1008
1891 2 2 2 5 963 861 999
1892 2 2 2 5 861 964 999
1893 2 2 2 5 863 864 951
1894 2 2 2 5 863 951 956
1895 2 2 2 5 866 865 944
1896 2 2 2 5 865 941 944
1897 2 2 2 5 866 944 950
1898 2 2 2 5 867 868 871
1899 2 2 2 5 868 869 870
1900 2 2 2 5 868 870 1005
1901 2 2 2 5 871 868 1005
1902 2 2 2 5 870 869 989
1903 2 2 2 5 870 996 1005
1904 2 2 2 5 985 871 1005
1905 2 2 2 5 872 908 925
1906 2 2 2 5 923 873 934
1907 2 2 2 5 875 874 876
1908 2 2 2 5 876 874 978
1909 2 2 2 5 875 876 980
1910 2 2 2 5 878 879 935
1911 2 2 2 5 879 889 935
1912 2 2 2 5 889 879 951
1913 2 2 2 5 951 879 956
1914 2 2 2 5 888 881 905
1915 2 2 2 5 911 882 939
1916 2 2 2 5 882 936 939
1917 2 2 2 5 884 883 885
1918 2 2 2 5 885 883 974
1919 2 2 2 5 884 885 976
1920 2 2 2 5 887 923 934
1921 2 2 2 5 888 906 909
1922 2 2 2 5 891 962 997
1923 2 2 2 5 936 893 939
1924 2 2 2 5 938 894 946
1925 2 2 2 5 946 894 947
1926 2 2 2 5 895 942 948
1927 2 2 2 5 940 896 941
1928 2 2 2 5 948 898 949
1929 2 2 2 5 899 949 953
1930 2 2 2 5 901 902 970
1931 2 2 2 5 971 903 1004
1932 2 2 2 5 944 904 950
1933 2 2 2 5 906 907 909
1934 2 2 2 5 908 907 925
1935 2 2 2 5 938 911 939
1936 2 2 2 5 913 914 933
1937 2 2 2 5 913 933 937
1938 2 2 2 5 922 914 928
1939 2 2 2 5 914 922 932
1940 2 2 2 5 914 932 933
1941 2 2 2 5 916 968 1007
1942 2 2 2 5 918 917 984
1943 2 2 2 5 930 924 945
1944 2 2 2 5 970 929 1010
1945 2 2 2 5 933 930 937
1946 2 2 2 5 964 958 999
1947 2 2 2 6 1 1353 15
1948 2 2 2 6 118 1353 1
1949 2 2 2 6 31 1355 3
1950 2 2 2 6 3 1355 152
1951 2 2 2 6 61 1354 5
1952 2 2 2 6 5 1354 134
1953 2 2 2 6 7 1356 77
1954 2 2 2 6 168 1356 7
1955 2 2 2 6 15 1034 16
1956 2 2 2 6 15 1353 1034
1957 2 2 2 6 16 1326 17
1958 2 2 2 6 1034 1326 16
1959 2 2 2 6 17 1028 18
1960 2 2 2 6 17 1326 1028
1961 2 2 2 6 18 1328 19
1962 2 2 2 6 1028 1328 18
1963 2 2 2 6 19 1016 20
1964 2 2 2 6 19 1328 1016
1965 2 2 2 6 20 1330 21
1966 2 2 2 6 1016 1330 20
1967 2 2 2 6 21 1025 22
1968 2 2 2 6 21 1330 1025
1969 2 2 2 6 22 1332 23
1970 2 2 2 6 1025 1332 22
1971 2 2 2 6 23 1014 24
1972 2 2 2 6 23 1332 1014
1973 2 2 2 6 24 1335 25
1974 2 2 2 6 1014 1335 24
1975 2 2 2 6 25 1334 26
1976 2 2 2 6 25 1335 1334
1977 2 2 2 6 26 1021 27
1978 2 2 2 6 26 1334 1021
1979 2 2 2 6 27 1263 28
1980 2 2 2 6 1021 1263 27
1981 2 2 2 6 28 1032 29
1982 2 2 2 6 28 1263 1032
1983 2 2 2 6 29 1215 30
1984 2 2 2 6 1032 1215 29
1985 2 2 2 6 30 1036 31
1986 2 2 2 6 30 1215 1036
1987 2 2 2 6 1036 1355 31
1988 2 2 2 6 62 1035 61
1989 2 2 2 6 1035 1354 61
1990 2 2 2 6 63 1246 62
1991 2 2 2 6 62 1246 1035
1992 2 2 2 6 64 1023 63
1993 2 2 2 6 1023 1246 63
1994 2 2 2 6 65 1249 64
1995 2 2 2 6 64 1249 1023
1996 2 2 2 6 66 1250 65
1997 2 2 2 6 65 1250 1249
1998 2 2 2 6 67 1019 66
1999 2 2 2 6 1019 1250 66
2000 2 2 2 6 68 1295 67
2001 2 2 2 6 67 1295 1019
2002 2 2 2 6 69 1297 68
2003 2 2 2 6 68 1297 1295
2004 2 2 2 6 70 1013 69
2005 2 2 2 6 1013 1297 69
2006 2 2 2 6 71 1237 70
2007 2 2 2 6 70 1237 1013
2008 2 2 2 6 72 1236 71
2009 2 2 2 6 1236 1237 71
2010 2 2 2 6 73 1020 72
2011 2 2 2 6 1020 1236 72
2012 2 2 2 6 74 1269 73
2013 2 2 2 6 73 1269 1020
2014 2 2 2 6 75 1030 74
2015 2 2 2 6 1030 1269 74
2016 2 2 2 6 76 1038 75
2017 2 2 2 6 75 1038 1030
2018 2 2 2 6 77 1037 76
2019 2 2 2 6 1037 1038 76
2020 2 2 2 6 77 1356 1037
2021 2 2 2 6 119 1315 118
2022 2 2 2 6 1315 1353 118
2023 2 2 2 6 120 1241 119
2024 2 2 2 6 1241 1315 119
2025 2 2 2 6 121 1029 120
2026 2 2 2 6 1029 1241 120
2027 2 2 2 6 122 1252 121
2028 2 2 2 6 121 1252 1029
2029 2 2 2 6 123 1022 122
2030 2 2 2 6 1022 1252 122
2031 2 2 2 6 124 1340 123
2032 2 2 2 6 123 1340 1022
2033 2 2 2 6 125 1312 124
2034 2 2 2 6 1312 1340 124
2035 2 2 2 6 126 1011 125
2036 2 2 2 6 1011 1312 125
2037 2 2 2 6 127 1255 126
2038 2 2 2 6 126 1255 1011
2039 2 2 2 6 128 1027 127
2040 2 2 2 6 1027 1255 127
2041 2 2 2 6 129 1233 128
2042 2 2 2 6 128 1233 1027
2043 2 2 2 6 130 1015 129
2044 2 2 2 6 1015 1233 129
2045 2 2 2 6 131 1341 130
2046 2 2 2 6 130 1341 1015
2047 2 2 2 6 132 1033 131
2048 2 2 2 6 1033 1341 131
2049 2 2 2 6 133 1245 132
2050 2 2 2 6 132 1245 1033
2051 2 2 2 6 134 1314 133
2052 2 2 2 6 133 1314 1245
2053 2 2 2 6 134 1354 1314
2054 2 2 2 6 152 1217 153
2055 2 2 2 6 152 1355 1217
2056 2 2 2 6 153 1343 154
2057 2 2 2 6 1217 1343 153
2058 2 2 2 6 154 1031 155
2059 2 2 2 6 154 1343 1031
2060 2 2 2 6 155 1251 156
2061 2 2 2 6 1031 1251 155
2062 2 2 2 6 156 1018 157
2063 2 2 2 6 156 1251 1018
2064 2 2 2 6 157 1339 158
2065 2 2 2 6 1018 1339 157
2066 2 2 2 6 158 1311 159
2067 2 2 2 6 158 1339 1311
2068 2 2 2 6 159 1012 160
2069 2 2 2 6 159 1311 1012
2070 2 2 2 6 160 1270 161
2071 2 2 2 6 1012 1270 160
2072 2 2 2 6 161 1024 162
2073 2 2 2 6 161 1270 1024
2074 2 2 2 6 162 1319 163
2075 2 2 2 6 1024 1319 162
2076 2 2 2 6 163 1017 164
2077 2 2 2 6 163 1319 1017
2078 2 2 2 6 164 1347 165
2079 2 2 2 6 1017 1347 164
2080 2 2 2 6 165 1026 166
2081 2 2 2 6 165 1347 1026
2082 2 2 2 6 166 1344 167
2083 2 2 2 6 1026 1344 166
2084 2 2 2 6 167 1189 168
2085 2 2 2 6 167 1344 1189
2086 2 2 2 6 1189 1356 168
2087 2 2 2 6 1255 1363 1011
2088 2 2 2 6 1011 1346 1312
2089 2 2 2 6 1011 1363 1346
2090 2 2 2 6 1012 1316 1270
2091 2 2 2 6 1311 1352 1012
2092 2 2 2 6 1012 1352 1316
2093 2 2 2 6 1237 1286 1013
2094 2 2 2 6 1286 1293 1013
2095 2 2 2 6 1293 1297 1013
2096 2 2 2 6 1014 1333 1185
2097 2 2 2 6 1185 1335 1014
2098 2 2 2 6 1014 1332 1227
2099 2 2 2 6 1227 1333 1014
2100 2 2 2 6 1015 1222 1221
2101 2 2 2 6 1221 1321 1015
2102 2 2 2 6 1015 1341 1222
2103 2 2 2 6 1015 1321 1233
2104 2 2 2 6 1016 1329 1179
2105 2 2 2 6 1179 1330 1016
2106 2 2 2 6 1016 1328 1232
2107 2 2 2 6 1232 1329 1016
2108 2 2 2 6 1017 1195 1194
2109 2 2 2 6 1194 1347 1017
2110 2 2 2 6 1017 1196 1195
2111 2 2 2 6 1017 1319 1196
2112 2 2 2 6 1251 1322 1018
2113 2 2 2 6 1322 1361 1018
2114 2 2 2 6 1018 1361 1339
2115 2 2 2 6 1019 1304 1250
2116 2 2 2 6 1295 1296 1019
2117 2 2 2 6 1296 1304 1019
2118 2 2 2 6 1020 1269 1211
2119 2 2 2 6 1211 1300 1020
2120 2 2 2 6 1020 1300 1236
2121 2 2 2 6 1021 1264 1263
2122 2 2 2 6 1021 1359 1264
2123 2 2 2 6 1334 1359 1021
2124 2 2 2 6 1022 1323 1252
2125 2 2 2 6 1022 1362 1323
2126 2 2 2 6 1340 1362 1022
2127 2 2 2 6 1023 1302 1246
2128 2 2 2 6 1249 1306 1023
2129 2 2 2 6 1023 1306 1302
2130 2 2 2 6 1024 1270 1201
2131 2 2 2 6 1201 1348 1024
2132 2 2 2 6 1024 1348 1319
2133 2 2 2 6 1025 1330 1179
2134 2 2 2 6 1179 1331 1025
2135 2 2 2 6 1025 1331 1227
2136 2 2 2 6 1227 1332 1025
2137 2 2 2 6 1026 1192 1190
2138 2 2 2 6 1190 1344 1026
2139 2 2 2 6 1026 1194 1192
2140 2 2 2 6 1026 1347 1194
2141 2 2 2 6 1233 1234 1027
2142 2 2 2 6 1234 1324 1027
2143 2 2 2 6 1027 1324 1255
2144 2 2 2 6 1028 1326 1178
2145 2 2 2 6 1178 1327 1028
2146 2 2 2 6 1028 1327 1232
2147 2 2 2 6 1232 1328 1028
2148 2 2 2 6 1029 1342 1241
2149 2 2 2 6 1252 1253 1029
2150 2 2 2 6 1253 1342 1029
2151 2 2 2 6 1038 1039 1030
2152 2 2 2 6 1039 1040 1030
2153 2 2 2 6 1040 1269 1030
2154 2 2 2 6 1187 1251 1031
2155 2 2 2 6 1031 1349 1187
2156 2 2 2 6 1031 1343 1218
2157 2 2 2 6 1218 1349 1031
2158 2 2 2 6 1032 1219 1215
2159 2 2 2 6 1032 1337 1219
2160 2 2 2 6 1263 1337 1032
2161 2 2 2 6 1033 1290 1222
2162 2 2 2 6 1222 1341 1033
2163 2 2 2 6 1245 1345 1033
2164 2 2 2 6 1033 1345 1290
2165 2 2 2 6 1178 1326 1034
2166 2 2 2 6 1034 1350 1178
2167 2 2 2 6 1315 1350 1034
2168 2 2 2 6 1034 1353 1315
2169 2 2 2 6 1246 1305 1035
2170 2 2 2 6 1305 1314 1035
2171 2 2 2 6 1314 1354 1035
2172 2 2 2 6 1215 1216 1036
2173 2 2 2 6 1216 1217 1036
2174 2 2 2 6 1217 1355 1036
2175 2 2 2 6 1037 1188 1038
2176 2 2 2 6 1037 1189 1188
2177 2 2 2 6 1037 1356 1189
2178 2 2 2 6 1038 1188 1039
2179 2 2 2 6 1039 1041 1040
2180 2 2 2 6 1039 1191 1041
2181 2 2 2 6 1188 1191 1039
2182 2 2 2 6 1041 1042 1040
2183 2 2 2 6 1042 1211 1040
2184 2 2 2 6 1211 1269 1040
2185 2 2 2 6 1041 1043 1042
2186 2 2 2 6 1041 1130 1043
2187 2 2 2 6 1041 1191 1130
2188 2 2 2 6 1043 1044 1042
2189 2 2 2 6 1044 1210 1042
2190 2 2 2 6 1210 1211 1042
2191 2 2 2 6 1043 1045 1044
2192 2 2 2 6 1043 1284 1045
2193 2 2 2 6 1130 1284 1043
2194 2 2 2 6 1045 1046 1044
2195 2 2 2 6 1046 1101 1044
2196 2 2 2 6 1101 1210 1044
2197 2 2 2 6 1045 1047 1046
2198 2 2 2 6 1045 1104 1047
2199 2 2 2 6 1045 1284 1104
2200 2 2 2 6 1047 1048 1046
2201 2 2 2 6 1048 1275 1046
2202 2 2 2 6 1046 1275 1101
2203 2 2 2 6 1047 1049 1048
2204 2 2 2 6 1047 1254 1049
2205 2 2 2 6 1104 1254 1047
2206 2 2 2 6 1049 1050 1048
2207 2 2 2 6 1050 1087 1048
2208 2 2 2 6 1087 1275 1048
2209 2 2 2 6 1049 1051 1050
2210 2 2 2 6 1049 1085 1051
2211 2 2 2 6 1049 1254 1085
2212 2 2 2 6 1051 1052 1050
2213 2 2 2 6 1052 1282 1050
2214 2 2 2 6 1050 1282 1087
2215 2 2 2 6 1051 1053 1052
2216 2 2 2 6 1051 1313 1053
2217 2 2 2 6 1085 1313 1051
2218 2 2 2 6 1053 1054 1052
2219 2 2 2 6 1054 1267 1052
2220 2 2 2 6 1267 1282 1052
2221 2 2 2 6 1053 1055 1054
2222 2 2 2 6 1053 1320 1055
2223 2 2 2 6 1313 1320 1053
2224 2 2 2 6 1055 1056 1054
2225 2 2 2 6 1056 1057 1054
2226 2 2 2 6 1057 1267 1054
2227 2 2 2 6 1055 1060 1056
2228 2 2 2 6 1055 1067 1060
2229 2 2 2 6 1055 1320 1067
2230 2 2 2 6 1056 1058 1057
2231 2 2 2 6 1056 1229 1058
2232 2 2 2 6 1060 1229 1056
2233 2 2 2 6 1058 1059 1057
2234 2 2 2 6 1059 1268 1057
2235 2 2 2 6 1057 1268 1267
2236 2 2 2 6 1058 1061 1059
2237 2 2 2 6 1058 1256 1061
2238 2 2 2 6 1229 1256 1058
2239 2 2 2 6 1061 1062 1059
2240 2 2 2 6 1062 1065 1059
2241 2 2 2 6 1065 1268 1059
2242 2 2 2 6 1067 1068 1060
2243 2 2 2 6 1068 1107 1060
2244 2 2 2 6 1107 1229 1060
2245 2 2 2 6 1061 1063 1062
2246 2 2 2 6 1061 1064 1063
2247 2 2 2 6 1061 1256 1064
2248 2 2 2 6 1063 1279 1062
2249 2 2 2 6 1062 1066 1065
2250 2 2 2 6 1062 1279 1066
2251 2 2 2 6 1064 1069 1063
2252 2 2 2 6 1069 1277 1063
2253 2 2 2 6 1277 1279 1063
2254 2 2 2 6 1064 1070 1069
2255 2 2 2 6 1064 1145 1070
2256 2 2 2 6 1064 1256 1145
2257 2 2 2 6 1066 1075 1065
2258 2 2 2 6 1075 1265 1065
2259 2 2 2 6 1265 1268 1065
2260 2 2 2 6 1066 1076 1075
2261 2 2 2 6 1066 1247 1076
2262 2 2 2 6 1066 1279 1247
2263 2 2 2 6 1067 1071 1068
2264 2 2 2 6 1067 1351 1071
2265 2 2 2 6 1067 1320 1207
2266 2 2 2 6 1207 1351 1067
2267 2 2 2 6 1071 1072 1068
2268 2 2 2 6 1072 1261 1068
2269 2 2 2 6 1068 1261 1107
2270 2 2 2 6 1070 1073 1069
2271 2 2 2 6 1073 1077 1069
2272 2 2 2 6 1077 1277 1069
2273 2 2 2 6 1070 1074 1073
2274 2 2 2 6 1070 1242 1074
2275 2 2 2 6 1145 1242 1070
2276 2 2 2 6 1071 1078 1072
2277 2 2 2 6 1071 1092 1078
2278 2 2 2 6 1071 1351 1092
2279 2 2 2 6 1078 1079 1072
2280 2 2 2 6 1079 1080 1072
2281 2 2 2 6 1080 1261 1072
2282 2 2 2 6 1074 1081 1073
2283 2 2 2 6 1073 1274 1077
2284 2 2 2 6 1081 1274 1073
2285 2 2 2 6 1074 1082 1081
2286 2 2 2 6 1074 1086 1082
2287 2 2 2 6 1074 1242 1086
2288 2 2 2 6 1076 1088 1075
2289 2 2 2 6 1088 1108 1075
2290 2 2 2 6 1108 1265 1075
2291 2 2 2 6 1076 1089 1088
2292 2 2 2 6 1076 1090 1089
2293 2 2 2 6 1076 1247 1090
2294 2 2 2 6 1077 1274 1273
2295 2 2 2 6 1273 1288 1077
2296 2 2 2 6 1077 1288 1277
2297 2 2 2 6 1078 1083 1079
2298 2 2 2 6 1078 1307 1083
2299 2 2 2 6 1092 1307 1078
2300 2 2 2 6 1079 1093 1080
2301 2 2 2 6 1083 1262 1079
2302 2 2 2 6 1079 1262 1093
2303 2 2 2 6 1093 1094 1080
2304 2 2 2 6 1094 1138 1080
2305 2 2 2 6 1138 1261 1080
2306 2 2 2 6 1082 1084 1081
2307 2 2 2 6 1084 1096 1081
2308 2 2 2 6 1096 1274 1081
2309 2 2 2 6 1082 1238 1084
2310 2 2 2 6 1086 1095 1082
2311 2 2 2 6 1095 1238 1082
2312 2 2 2 6 1240 1262 1083
2313 2 2 2 6 1083 1303 1240
2314 2 2 2 6 1083 1307 1303
2315 2 2 2 6 1084 1105 1096
2316 2 2 2 6 1084 1106 1105
2317 2 2 2 6 1084 1238 1106
2318 2 2 2 6 1085 1310 1206
2319 2 2 2 6 1206 1313 1085
2320 2 2 2 6 1254 1357 1085
2321 2 2 2 6 1085 1357 1310
2322 2 2 2 6 1086 1121 1095
2323 2 2 2 6 1086 1123 1121
2324 2 2 2 6 1086 1242 1123
2325 2 2 2 6 1087 1308 1275
2326 2 2 2 6 1282 1283 1087
2327 2 2 2 6 1283 1308 1087
2328 2 2 2 6 1089 1243 1088
2329 2 2 2 6 1088 1109 1108
2330 2 2 2 6 1088 1243 1109
2331 2 2 2 6 1090 1091 1089
2332 2 2 2 6 1091 1102 1089
2333 2 2 2 6 1102 1243 1089
2334 2 2 2 6 1090 1097 1091
2335 2 2 2 6 1090 1124 1097
2336 2 2 2 6 1090 1247 1124
2337 2 2 2 6 1097 1272 1091
2338 2 2 2 6 1091 1103 1102
2339 2 2 2 6 1091 1272 1103
2340 2 2 2 6 1209 1307 1092
2341 2 2 2 6 1092 1360 1209
2342 2 2 2 6 1351 1360 1092
2343 2 2 2 6 1093 1098 1094
2344 2 2 2 6 1093 1100 1098
2345 2 2 2 6 1093 1262 1100
2346 2 2 2 6 1098 1099 1094
2347 2 2 2 6 1099 1259 1094
2348 2 2 2 6 1094 1259 1138
2349 2 2 2 6 1121 1122 1095
2350 2 2 2 6 1122 1287 1095
2351 2 2 2 6 1095 1287 1238
2352 2 2 2 6 1105 1115 1096
2353 2 2 2 6 1115 1148 1096
2354 2 2 2 6 1148 1274 1096
2355 2 2 2 6 1124 1125 1097
2356 2 2 2 6 1125 1131 1097
2357 2 2 2 6 1131 1272 1097
2358 2 2 2 6 1098 1235 1099
2359 2 2 2 6 1100 1119 1098
2360 2 2 2 6 1119 1235 1098
2361 2 2 2 6 1099 1228 1223
2362 2 2 2 6 1223 1259 1099
2363 2 2 2 6 1099 1235 1228
2364 2 2 2 6 1100 1120 1119
2365 2 2 2 6 1100 1139 1120
2366 2 2 2 6 1100 1262 1139
2367 2 2 2 6 1101 1301 1210
2368 2 2 2 6 1275 1294 1101
2369 2 2 2 6 1294 1301 1101
2370 2 2 2 6 1103 1113 1102
2371 2 2 2 6 1113 1146 1102
2372 2 2 2 6 1146 1243 1102
2373 2 2 2 6 1103 1114 1113
2374 2 2 2 6 1103 1118 1114
2375 2 2 2 6 1103 1272 1118
2376 2 2 2 6 1104 1325 1254
2377 2 2 2 6 1284 1318 1104
2378 2 2 2 6 1318 1325 1104
2379 2 2 2 6 1106 1116 1105
2380 2 2 2 6 1105 1280 1115
2381 2 2 2 6 1116 1280 1105
2382 2 2 2 6 1106 1117 1116
2383 2 2 2 6 1106 1271 1117
2384 2 2 2 6 1238 1271 1106
2385 2 2 2 6 1107 1239 1229
2386 2 2 2 6 1107 1260 1239
2387 2 2 2 6 1107 1261 1260
2388 2 2 2 6 1109 1110 1108
2389 2 2 2 6 1110 1147 1108
2390 2 2 2 6 1147 1265 1108
2391 2 2 2 6 1109 1111 1110
2392 2 2 2 6 1109 1278 1111
2393 2 2 2 6 1243 1278 1109
2394 2 2 2 6 1111 1112 1110
2395 2 2 2 6 1112 1244 1110
2396 2 2 2 6 1110 1244 1147
2397 2 2 2 6 1111 1150 1112
2398 2 2 2 6 1111 1155 1150
2399 2 2 2 6 1111 1278 1155
2400 2 2 2 6 1150 1151 1112
2401 2 2 2 6 1151 1152 1112
2402 2 2 2 6 1152 1244 1112
2403 2 2 2 6 1114 1291 1113
2404 2 2 2 6 1113 1154 1146
2405 2 2 2 6 1113 1291 1154
2406 2 2 2 6 1118 1126 1114
2407 2 2 2 6 1126 1164 1114
2408 2 2 2 6 1164 1291 1114
2409 2 2 2 6 1115 1149 1148
2410 2 2 2 6 1115 1156 1149
2411 2 2 2 6 1115 1280 1156
2412 2 2 2 6 1117 1127 1116
2413 2 2 2 6 1127 1168 1116
2414 2 2 2 6 1168 1280 1116
2415 2 2 2 6 1117 1128 1127
2416 2 2 2 6 1117 1129 1128
2417 2 2 2 6 1117 1271 1129
2418 2 2 2 6 1118 1157 1126
2419 2 2 2 6 1118 1220 1157
2420 2 2 2 6 1118 1272 1220
2421 2 2 2 6 1120 1174 1119
2422 2 2 2 6 1174 1175 1119
2423 2 2 2 6 1175 1235 1119
2424 2 2 2 6 1139 1140 1120
2425 2 2 2 6 1140 1336 1120
2426 2 2 2 6 1120 1336 1174
2427 2 2 2 6 1121 1134 1122
2428 2 2 2 6 1123 1276 1121
2429 2 2 2 6 1121 1276 1134
2430 2 2 2 6 1134 1135 1122
2431 2 2 2 6 1135 1137 1122
2432 2 2 2 6 1137 1287 1122
2433 2 2 2 6 1242 1257 1123
2434 2 2 2 6 1257 1258 1123
2435 2 2 2 6 1258 1276 1123
2436 2 2 2 6 1124 1285 1125
2437 2 2 2 6 1247 1248 1124
2438 2 2 2 6 1248 1285 1124
2439 2 2 2 6 1125 1132 1131
2440 2 2 2 6 1125 1133 1132
2441 2 2 2 6 1125 1285 1133
2442 2 2 2 6 1157 1290 1126
2443 2 2 2 6 1126 1165 1164
2444 2 2 2 6 1126 1290 1165
2445 2 2 2 6 1128 1160 1127
2446 2 2 2 6 1160 1253 1127
2447 2 2 2 6 1127 1253 1168
2448 2 2 2 6 1129 1230 1128
2449 2 2 2 6 1128 1170 1160
2450 2 2 2 6 1128 1230 1170
2451 2 2 2 6 1224 1231 1129
2452 2 2 2 6 1129 1271 1224
2453 2 2 2 6 1129 1231 1230
2454 2 2 2 6 1191 1192 1130
2455 2 2 2 6 1192 1193 1130
2456 2 2 2 6 1193 1284 1130
2457 2 2 2 6 1132 1161 1131
2458 2 2 2 6 1161 1220 1131
2459 2 2 2 6 1220 1272 1131
2460 2 2 2 6 1133 1158 1132
2461 2 2 2 6 1158 1234 1132
2462 2 2 2 6 1132 1234 1161
2463 2 2 2 6 1133 1298 1158
2464 2 2 2 6 1285 1289 1133
2465 2 2 2 6 1289 1298 1133
2466 2 2 2 6 1134 1136 1135
2467 2 2 2 6 1134 1223 1136
2468 2 2 2 6 1134 1276 1223
2469 2 2 2 6 1136 1225 1135
2470 2 2 2 6 1135 1172 1137
2471 2 2 2 6 1135 1225 1172
2472 2 2 2 6 1223 1228 1136
2473 2 2 2 6 1136 1226 1225
2474 2 2 2 6 1136 1228 1226
2475 2 2 2 6 1172 1173 1137
2476 2 2 2 6 1173 1224 1137
2477 2 2 2 6 1224 1287 1137
2478 2 2 2 6 1138 1259 1258
2479 2 2 2 6 1258 1260 1138
2480 2 2 2 6 1260 1261 1138
2481 2 2 2 6 1139 1141 1140
2482 2 2 2 6 1139 1240 1141
2483 2 2 2 6 1139 1262 1240
2484 2 2 2 6 1141 1142 1140
2485 2 2 2 6 1142 1176 1140
2486 2 2 2 6 1176 1336 1140
2487 2 2 2 6 1141 1143 1142
2488 2 2 2 6 1141 1144 1143
2489 2 2 2 6 1141 1240 1144
2490 2 2 2 6 1143 1159 1142
2491 2 2 2 6 1159 1338 1142
2492 2 2 2 6 1142 1338 1176
2493 2 2 2 6 1144 1166 1143
2494 2 2 2 6 1143 1187 1159
2495 2 2 2 6 1166 1187 1143
2496 2 2 2 6 1144 1167 1166
2497 2 2 2 6 1144 1303 1167
2498 2 2 2 6 1240 1303 1144
2499 2 2 2 6 1145 1256 1239
2500 2 2 2 6 1239 1257 1145
2501 2 2 2 6 1145 1257 1242
2502 2 2 2 6 1154 1212 1146
2503 2 2 2 6 1212 1278 1146
2504 2 2 2 6 1146 1278 1243
2505 2 2 2 6 1244 1283 1147
2506 2 2 2 6 1147 1266 1265
2507 2 2 2 6 1147 1283 1266
2508 2 2 2 6 1149 1162 1148
2509 2 2 2 6 1162 1273 1148
2510 2 2 2 6 1273 1274 1148
2511 2 2 2 6 1156 1213 1149
2512 2 2 2 6 1149 1169 1162
2513 2 2 2 6 1149 1213 1169
2514 2 2 2 6 1150 1293 1151
2515 2 2 2 6 1155 1163 1150
2516 2 2 2 6 1163 1293 1150
2517 2 2 2 6 1151 1153 1152
2518 2 2 2 6 1151 1286 1153
2519 2 2 2 6 1151 1293 1286
2520 2 2 2 6 1153 1294 1152
2521 2 2 2 6 1152 1308 1244
2522 2 2 2 6 1294 1308 1152
2523 2 2 2 6 1153 1286 1281
2524 2 2 2 6 1281 1301 1153
2525 2 2 2 6 1153 1301 1294
2526 2 2 2 6 1154 1304 1212
2527 2 2 2 6 1291 1299 1154
2528 2 2 2 6 1299 1304 1154
2529 2 2 2 6 1155 1296 1163
2530 2 2 2 6 1155 1278 1212
2531 2 2 2 6 1212 1296 1155
2532 2 2 2 6 1156 1214 1213
2533 2 2 2 6 1156 1292 1214
2534 2 2 2 6 1280 1292 1156
2535 2 2 2 6 1220 1221 1157
2536 2 2 2 6 1221 1222 1157
2537 2 2 2 6 1222 1290 1157
2538 2 2 2 6 1158 1324 1234
2539 2 2 2 6 1298 1309 1158
2540 2 2 2 6 1309 1324 1158
2541 2 2 2 6 1187 1349 1159
2542 2 2 2 6 1159 1358 1338
2543 2 2 2 6 1349 1358 1159
2544 2 2 2 6 1170 1171 1160
2545 2 2 2 6 1171 1342 1160
2546 2 2 2 6 1160 1342 1253
2547 2 2 2 6 1161 1221 1220
2548 2 2 2 6 1161 1321 1221
2549 2 2 2 6 1234 1321 1161
2550 2 2 2 6 1169 1298 1162
2551 2 2 2 6 1162 1289 1273
2552 2 2 2 6 1162 1298 1289
2553 2 2 2 6 1163 1297 1293
2554 2 2 2 6 1163 1296 1295
2555 2 2 2 6 1295 1297 1163
2556 2 2 2 6 1165 1302 1164
2557 2 2 2 6 1164 1306 1291
2558 2 2 2 6 1302 1306 1164
2559 2 2 2 6 1290 1345 1165
2560 2 2 2 6 1165 1305 1302
2561 2 2 2 6 1165 1345 1305
2562 2 2 2 6 1167 1180 1166
2563 2 2 2 6 1180 1322 1166
2564 2 2 2 6 1166 1322 1187
2565 2 2 2 6 1167 1181 1180
2566 2 2 2 6 1167 1182 1181
2567 2 2 2 6 1167 1303 1182
2568 2 2 2 6 1253 1323 1168
2569 2 2 2 6 1168 1292 1280
2570 2 2 2 6 1168 1323 1292
2571 2 2 2 6 1213 1346 1169
2572 2 2 2 6 1169 1309 1298
2573 2 2 2 6 1169 1346 1309
2574 2 2 2 6 1170 1178 1171
2575 2 2 2 6 1170 1327 1178
2576 2 2 2 6 1230 1327 1170
2577 2 2 2 6 1178 1350 1171
2578 2 2 2 6 1241 1342 1171
2579 2 2 2 6 1171 1350 1241
2580 2 2 2 6 1172 1179 1173
2581 2 2 2 6 1172 1331 1179
2582 2 2 2 6 1225 1331 1172
2583 2 2 2 6 1179 1329 1173
2584 2 2 2 6 1173 1231 1224
2585 2 2 2 6 1173 1329 1231
2586 2 2 2 6 1174 1177 1175
2587 2 2 2 6 1174 1359 1177
2588 2 2 2 6 1174 1336 1264
2589 2 2 2 6 1264 1359 1174
2590 2 2 2 6 1177 1185 1175
2591 2 2 2 6 1185 1186 1175
2592 2 2 2 6 1186 1235 1175
2593 2 2 2 6 1219 1337 1176
2594 2 2 2 6 1176 1338 1219
2595 2 2 2 6 1264 1336 1176
2596 2 2 2 6 1176 1337 1264
2597 2 2 2 6 1177 1335 1185
2598 2 2 2 6 1334 1335 1177
2599 2 2 2 6 1177 1359 1334
2600 2 2 2 6 1181 1184 1180
2601 2 2 2 6 1184 1361 1180
2602 2 2 2 6 1180 1361 1322
2603 2 2 2 6 1182 1183 1181
2604 2 2 2 6 1183 1317 1181
2605 2 2 2 6 1181 1317 1184
2606 2 2 2 6 1182 1209 1183
2607 2 2 2 6 1182 1307 1209
2608 2 2 2 6 1303 1307 1182
2609 2 2 2 6 1204 1208 1183
2610 2 2 2 6 1183 1209 1204
2611 2 2 2 6 1208 1317 1183
2612 2 2 2 6 1184 1317 1311
2613 2 2 2 6 1311 1339 1184
2614 2 2 2 6 1339 1361 1184
2615 2 2 2 6 1185 1333 1186
2616 2 2 2 6 1226 1228 1186
2617 2 2 2 6 1186 1333 1226
2618 2 2 2 6 1228 1235 1186
2619 2 2 2 6 1187 1322 1251
2620 2 2 2 6 1189 1190 1188
2621 2 2 2 6 1190 1191 1188
2622 2 2 2 6 1189 1344 1190
2623 2 2 2 6 1190 1192 1191
2624 2 2 2 6 1192 1194 1193
2625 2 2 2 6 1194 1195 1193
2626 2 2 2 6 1195 1318 1193
2627 2 2 2 6 1193 1318 1284
2628 2 2 2 6 1196 1197 1195
2629 2 2 2 6 1197 1318 1195
2630 2 2 2 6 1196 1198 1197
2631 2 2 2 6 1196 1348 1198
2632 2 2 2 6 1319 1348 1196
2633 2 2 2 6 1198 1199 1197
2634 2 2 2 6 1199 1325 1197
2635 2 2 2 6 1197 1325 1318
2636 2 2 2 6 1198 1200 1199
2637 2 2 2 6 1198 1201 1200
2638 2 2 2 6 1198 1348 1201
2639 2 2 2 6 1200 1310 1199
2640 2 2 2 6 1310 1357 1199
2641 2 2 2 6 1199 1357 1325
2642 2 2 2 6 1201 1202 1200
2643 2 2 2 6 1202 1203 1200
2644 2 2 2 6 1203 1310 1200
2645 2 2 2 6 1201 1316 1202
2646 2 2 2 6 1270 1316 1201
2647 2 2 2 6 1202 1204 1203
2648 2 2 2 6 1202 1208 1204
2649 2 2 2 6 1202 1316 1208
2650 2 2 2 6 1204 1205 1203
2651 2 2 2 6 1205 1206 1203
2652 2 2 2 6 1206 1310 1203
2653 2 2 2 6 1204 1209 1205
2654 2 2 2 6 1205 1207 1206
2655 2 2 2 6 1205 1360 1207
2656 2 2 2 6 1209 1360 1205
2657 2 2 2 6 1207 1313 1206
2658 2 2 2 6 1207 1320 1313
2659 2 2 2 6 1207 1360 1351
2660 2 2 2 6 1316 1352 1208
2661 2 2 2 6 1208 1352 1317
2662 2 2 2 6 1210 1300 1211
2663 2 2 2 6 1210 1301 1300
2664 2 2 2 6 1212 1304 1296
2665 2 2 2 6 1214 1312 1213
2666 2 2 2 6 1312 1346 1213
2667 2 2 2 6 1292 1362 1214
2668 2 2 2 6 1214 1340 1312
2669 2 2 2 6 1214 1362 1340
2670 2 2 2 6 1215 1219 1216
2671 2 2 2 6 1216 1218 1217
2672 2 2 2 6 1216 1358 1218
2673 2 2 2 6 1219 1358 1216
2674 2 2 2 6 1218 1343 1217
2675 2 2 2 6 1218 1358 1349
2676 2 2 2 6 1338 1358 1219
2677 2 2 2 6 1223 1276 1259
2678 2 2 2 6 1271 1287 1224
2679 2 2 2 6 1226 1227 1225
2680 2 2 2 6 1227 1331 1225
2681 2 2 2 6 1226 1333 1227
2682 2 2 2 6 1239 1256 1229
2683 2 2 2 6 1231 1232 1230
2684 2 2 2 6 1232 1327 1230
2685 2 2 2 6 1231 1329 1232
2686 2 2 2 6 1233 1321 1234
2687 2 2 2 6 1236 1281 1237
2688 2 2 2 6 1236 1300 1281
2689 2 2 2 6 1281 1286 1237
2690 2 2 2 6 1238 1287 1271
2691 2 2 2 6 1239 1260 1257
2692 2 2 2 6 1241 1350 1315
2693 2 2 2 6 1244 1308 1283
2694 2 2 2 6 1245 1314 1305
2695 2 2 2 6 1305 1345 1245
2696 2 2 2 6 1302 1305 1246
2697 2 2 2 6 1247 1279 1248
2698 2 2 2 6 1248 1279 1277
2699 2 2 2 6 1277 1288 1248
2700 2 2 2 6 1248 1288 1285
2701 2 2 2 6 1250 1299 1249
2702 2 2 2 6 1299 1306 1249
2703 2 2 2 6 1250 1304 1299
2704 2 2 2 6 1252 1323 1253
2705 2 2 2 6 1325 1357 1254
2706 2 2 2 6 1324 1363 1255
2707 2 2 2 6 1257 1260 1258
2708 2 2 2 6 1259 1276 1258
2709 2 2 2 6 1264 1337 1263
2710 2 2 2 6 1266 1268 1265
2711 2 2 2 6 1267 1268 1266
2712 2 2 2 6 1266 1282 1267
2713 2 2 2 6 1266 1283 1282
2714 2 2 2 6 1273 1289 1288
2715 2 2 2 6 1275 1308 1294
2716 2 2 2 6 1300 1301 1281
2717 2 2 2 6 1288 1289 1285
2718 2 2 2 6 1291 1306 1299
2719 2 2 2 6 1323 1362 1292
2720 2 2 2 6 1309 1363 1324
2721 2 2 2 6 1346 1363 1309
2722 2 2 2 6 1317 1352 1311
2723 4 2 1 1 1374 1470 1576 2132
2724 4 2 1 1 1624 1975 1780 2098
2725 4 2 1 1 1634 1841 1549 2034
2726 4 2 1 1 1559 1709 738 1906
2727 4 2 1 1 220 1627 1483 1752
2728 4 2 1 1 1520 1712 1133 1840
2729 4 2 1 1 1384 1552 1477 1641
2730 4 2 1 1 765 1679 1618 2043
2731 4 2 1 1 1430 1602 1814 2113
2732 4 2 1 1 1950 2066 1449 2068
2733 4 2 1 1 1430 1514 1602 2113
2734 4 2 1 1 912 735 1877 1879
2735 4 2 1 1 1437 1648 1595 2041
2736 4 2 1 1 1133 1712 1125 1840
2737 4 2 1 1 475 515 263 1663
2738 4 2 1 1 1385 1568 1553 1589
2739 4 2 1 1 2035 2055 1052 2090
2740 4 2 1 1 690 780 931 1472
2741 4 2 1 1 1407 2066 1950 2068
2742 4 2 1 1 690 780 1472 1796
2743 4 2 1 1 1542 1916 1977 2261
2744 4 2 1 1 1877 1879 735 2303
2745 4 2 1 1 1554 1912 1388 1928
2746 4 2 1 1 780 1472 1796 1849
2747 4 2 1 1 566 1476 1605 2324
2748 4 2 1 1 1475 1417 1624 1916
2749 4 2 1 1 1412 1476 1688 1931
2750 4 2 1 1 1521 1835 1450 2264
2751 4 2 1 1 1388 1841 1634 2034
2752 4 2 1 1 1480 1879 1877 2303
2753 4 2 1 1 1594 1987 1748 2121
2754 4 2 1 1 1482 1616 1572 1790
2755 4 2 1 1 931 1472 780 1761
2756 4 2 1 1 939 1852 1482 2084
2757 4 2 1 1 1623 1969 1548 2136
2758 4 2 1 1 780 1761 1472 1849
2759 4 2 1 1 1550 1877 1532 1968
2760 4 2 1 1 1665 1688 1476 1931
2761 4 2 1 1 1622 1835 1521 2264
2762 4 2 1 1 1480 1877 1550 1968
2763 4 2 1 1 1125 1712 1490 1840
2764 4 2 1 1 1594 1785 1987 2121
2765 4 2 1 1 1975 2044 1780 2098
2766 4 2 1 1 1371 1550 1480 1677
2767 4 2 1 1 1388 1554 1841 2034
2768 4 2 1 1 1836 1846 1099 1880
2769 4 2 1 1 1594 1748 1425 2121
2770 4 2 1 1 1169 1548 1969 2136
2771 4 2 1 1 1748 1987 1425 2121
2772 4 2 1 1 1520 1788 1490 2195
2773 4 2 1 1 1481 1388 1912 1928
2774 4 2 1 1 625 1509 1733 1844
2775 4 2 1 1 1482 1790 1572 1900
2776 4 2 1 1 1393 1574 1467 1908
2777 4 2 1 1 1574 2055 2035 2090
2778 4 2 1 1 1379 2044 1975 2098
2779 4 2 1 1 912 1877 1602 1879
2780 4 2 1 1 1594 1785 1748 1987
2781 4 2 1 1 951 2005 1762 2018
2782 4 2 1 1 1446 1534 1652 1698
2783 4 2 1 1 1482 1394 2084 2175
2784 4 2 1 1 1483 1627 220 1920
2785 4 2 1 1 1712 1738 1444 2017
2786 4 2 1 1 1695 1940 1857 2207
2787 4 2 1 1 1634 1800 1549 1841
2788 4 2 1 1 1191 1585 1541 1867
2789 4 2 1 1 1450 1835 1521 2154
2790 4 2 1 1 1492 2055 1574 2090
2791 4 2 1 1 1509 1844 625 2268
2792 4 2 1 1 1290 1570 1817 2102
2793 4 2 1 1 1475 1624 1780 1916
2794 4 2 1 1 1381 1573 1922 2022
2795 4 2 1 1 1551 1555 1400 1774
2796 4 2 1 1 1375 1542 1916 1977
2797 4 2 1 1 1520 1622 1521 2264
2798 4 2 1 1 841 1849 1730 1939
2799 4 2 1 1 1483 220 1763 1920
2800 4 2 1 1 1966 2066 1472 2071
2801 4 2 1 1 1595 1648 1437 2042
2802 4 2 1 1 1386 1483 1654 1763
2803 4 2 1 1 1376 1788 1520 2195
2804 4 2 1 1 1164 1499 1857 2271
2805 4 2 1 1 1537 1664 1160 2139
2806 4 2 1 1 742 1652 1512 1679
2807 4 2 1 1 1528 1588 253 1767
2808 4 2 1 1 1424 1926 1552 2058
2809 4 2 1 1 1475 1780 1535 1916
2810 4 2 1 1 1684 1804 1798 1925
2811 4 2 1 1 1618 1771 765 2043
2812 4 2 1 1 912 722 735 1879
2813 4 2 1 1 1253 1664 1537 2153
2814 4 2 1 1 1482 2084 1511 2175
2815 4 2 1 1 1472 2066 1558 2071
2816 4 2 1 1 1381 1922 1562 2022
2817 4 2 1 1 1532 1968 1877 2103
2818 4 2 1 1 742 1512 729 1679
2819 4 2 1 1 931 690 1472 2048
2820 4 2 1 1 1477 1384 1641 1801
2821 4 2 1 1 1519 1769 856 1829
2822 4 2 1 1 1597 1899 445 2169
2823 4 2 1 1 1619 1652 1534 1698
2824 4 2 1 1 1483 1763 1386 1920
2825 4 2 1 1 1043 1678 1536 2150
2826 4 2 1 1 1494 1614 1228 1880
2827 4 2 1 1 1684 1798 1398 1925
2828 4 2 1 1 573 1611 1600 1886
2829 4 2 1 1 1877 1968 1480 2103
2830 4 2 1 1 956 1762 951 2005
2831 4 2 1 1 592 1668 1487 2038
2832 4 2 1 1 1554 1453 1841 2034
2833 4 2 1 1 1228 1614 1494 2290
2834 4 2 1 1 344 1872 1695 1940
2835 4 2 1 1 1553 1794 1016 2291
2836 4 2 1 1 939 1482 1740 2084
2837 4 2 1 1 1430 1814 1602 2208
2838 4 2 1 1 1555 1774 1551 1947
2839 4 2 1 1 592 1487 1847 2038
2840 4 2 1 1 253 1588 1528 1956
2841 4 2 1 1 1259 1099 1836 1846
2842 4 2 1 1 1478 1548 1402 1855
2843 4 2 1 1 1400 1555 1489 1718
2844 4 2 1 1 1290 1570 1657 1817
2845 4 2 1 1 1595 2041 1648 2042
2846 4 2 1 1 1417 1475 1807 1916
2847 4 2 1 1 1466 1583 1489 1939
2848 4 2 1 1 573 1600 1611 2069
2849 4 2 1 1 573 572 1611 1886
2850 4 2 1 1 1099 1846 1259 1880
2851 4 2 1 1 1444 1788 1712 2017
2852 4 2 1 1 1542 1977 1464 2261
2853 4 2 1 1 1386 1763 1654 2091
2854 4 2 1 1 1669 1809 1711 1980
2855 4 2 1 1 1492 1722 1579 1766
2856 4 2 1 1 827 1509 1807 1816
2857 4 2 1 1 1478 1855 1402 2149
2858 4 2 1 1 1814 2113 1602 2208
2859 4 2 1 1 1072 1858 1666 2097
2860 4 2 1 1 1368 2066 1966 2071
2861 4 2 1 1 586 1583 1501 1685
2862 4 2 1 1 1212 1759 1510 2067
2863 4 2 1 1 841 1489 1730 1849
2864 4 2 1 1 1383 1585 1473 1678
2865 4 2 1 1 1376 1490 1788 2195
2866 4 2 1 1 1473 1383 1678 1882
2867 4 2 1 1 1523 1619 786 2043
2868 4 2 1 1 767 765 1618 1771
2869 4 2 1 1 887 1512 742 1652
2870 4 2 1 1 1390 1463 1681 1739
2871 4 2 1 1 1470 1732 1576 2132
2872 4 2 1 1 204 1528 1767 2201
2873 4 2 1 1 1365 1815 1950 2141
2874 4 2 1 1 474 1663 1682 2173
2875 4 2 1 1 1449 2066 1884 2068
2876 4 2 1 1 767 1618 765 1679
2877 4 2 1 1 1752 2039 1379 2142
2878 4 2 1 1 1472 1966 1558 2066
2879 4 2 1 1 1489 1555 1400 2164
2880 4 2 1 1 432 1661 1498 1664
2881 4 2 1 1 1388 1800 1634 1841
2882 4 2 1 1 1188 1541 1191 1585
2883 4 2 1 1 1541 1585 1383 1867
2884 4 2 1 1 1553 1589 1568 1794
2885 4 2 1 1 1579 1722 1424 1766
2886 4 2 1 1 1604 1670 1644 1965
2887 4 2 1 1 1585 1383 1867 2031
2888 4 2 1 1 1621 1688 1665 1931
2889 4 2 1 1 1098 1961 1614 2314
2890 4 2 1 1 1670 1686 1604 2231
2891 4 2 1 1 1192 1944 1585 1995
2892 4 2 1 1 1200 1750 1477 1801
2893 4 2 1 1 1535 1807 1475 1916
2894 4 2 1 1 1538 1984 1879 2208
2895 4 2 1 1 1475 1417 1650 1911
2896 4 2 1 1 1308 2073 1832 2127
2897 4 2 1 1 1362 1557 1022 2245
2898 4 2 1 1 1393 1467 1811 1908
2899 4 2 1 1 1212 1278 1759 2067
2900 4 2 1 1 1424 1505 1926 2058
2901 4 2 1 1 1901 2160 911 2286
2902 4 2 1 1 1375 1781 1542 1977
2903 4 2 1 1 956 951 863 2005
2904 4 2 1 1 1366 1579 1492 1680
2905 4 2 1 1 1585 1944 1473 1995
2906 4 2 1 1 1446 1925 1743 2182
2907 4 2 1 1 263 475 1663 1682
2908 4 2 1 1 944 866 1491 1713
2909 4 2 1 1 1475 1624 1417 1911
2910 4 2 1 1 690 1796 1472 2048
2911 4 2 1 1 1105 1485 1699 1893
2912 4 2 1 1 1537 1160 1907 2139
2913 4 2 1 1 1602 1877 1480 1879
2914 4 2 1 1 1200 1477 1750 2011
2915 4 2 1 1 1384 1552 1641 2058
2916 4 2 1 1 1604 1474 1670 1965
2917 4 2 1 1 1383 1718 1555 1774
2918 4 2 1 1 1188 1039 1191 1541
2919 4 2 1 1 951 1762 956 2018
2920 4 2 1 1 1861 1868 1428 1999
2921 4 2 1 1 1383 1541 1867 2031
2922 4 2 1 1 652 641 1533 1779
2923 4 2 1 1 432 1498 1661 2062
2924 4 2 1 1 1203 1477 1641 1801
2925 4 2 1 1 1554 1841 1453 1846
2926 4 2 1 1 1374 1576 1470 2094
2927 4 2 1 1 1492 1766 1574 2055
2928 4 2 1 1 340 1947 1830 2188
2929 4 2 1 1 1841 1846 1554 2341
2930 4 2 1 1 1388 1841 1554 2341
2931 4 2 1 1 1039 1191 1541 1867
2932 4 2 1 1 394 1940 1695 2207
2933 4 2 1 1 1411 1711 1669 1809
2934 4 2 1 1 742 887 729 1512
2935 4 2 1 1 1424 2058 1552 2100
2936 4 2 1 1 1463 1390 1628 1895
2937 4 2 1 1 1402 1548 1478 1623
2938 4 2 1 1 1590 618 2059 2331
2939 4 2 1 1 1740 911 2160 2286
2940 4 2 1 1 731 1512 1743 2106
2941 4 2 1 1 1910 1970 1495 2042
2942 4 2 1 1 443 1818 1597 2169
2943 4 2 1 1 551 1838 1831 2030
2944 4 2 1 1 1776 2003 629 2082
2945 4 2 1 1 1411 1698 1534 2085
2946 4 2 1 1 1183 1791 1700 2093
2947 4 2 1 1 956 863 1762 2005
2948 4 2 1 1 1099 1614 1836 1880
2949 4 2 1 1 1275 1832 1653 2171
2950 4 2 1 1 1492 1052 2055 2090
2951 4 2 1 1 1541 1555 1436 2031
2952 4 2 1 1 1372 1495 1970 2042
2953 4 2 1 1 1476 1665 1605 1688
2954 4 2 1 1 1107 1851 1575 1858
2955 4 2 1 1 1410 1547 1510 1719
2956 4 2 1 1 1698 1534 2085 2356
2957 4 2 1 1 866 1491 1713 1742
2958 4 2 1 1 1702 2172 1826 2283
2959 4 2 1 1 420 1233 1715 1835
2960 4 2 1 1 1779 2059 618 2331
2961 4 2 1 1 866 1713 1532 1742
2962 4 2 1 1 1428 1861 1546 1868
2963 4 2 1 1 592 549 1668 2038
2964 4 2 1 1 1719 1854 1299 2211
2965 4 2 1 1 1526 1458 1848 1864
2966 4 2 1 1 1496 1755 1392 1951
2967 4 2 1 1 1487 1668 592 2030
2968 4 2 1 1 253 1956 1528 2294
2969 4 2 1 1 1463 2039 1752 2142
2970 4 2 1 1 1482 1394 1740 2084
2971 4 2 1 1 1495 1543 1442 2187
2972 4 2 1 1 1390 1463 1739 1895
2973 4 2 1 1 1410 1586 1506 1716
2974 4 2 1 1 887 1512 1652 2179
2975 4 2 1 1 722 735 1879 2303
2976 4 2 1 1 659 1749 539 2076
2977 4 2 1 1 1199 1750 1507 2011
2978 4 2 1 1 1212 2067 1510 2211
2979 4 2 1 1 621 1749 1502 2076
2980 4 2 1 1 1352 1317 1533 1700
2981 4 2 1 1 1368 1918 1774 2088
2982 4 2 1 1 658 1527 525 2169
2983 4 2 1 1 1356 1776 629 2082
2984 4 2 1 1 784 1523 786 2043
2985 4 2 1 1 1470 1922 1573 2022
2986 4 2 1 1 1164 1854 1499 2271
2987 4 2 1 1 1425 2121 1735 2177
2988 4 2 1 1 1735 2121 1948 2177
2989 4 2 1 1 1879 1984 1677 2208
2990 4 2 1 1 539 1749 621 2076
2991 4 2 1 1 1644 2062 1395 2248
2992 4 2 1 1 1043 1284 1678 2150
2993 4 2 1 1 1653 1832 1484 2171
2994 4 2 1 1 1455 1826 1702 2172
2995 4 2 1 1 990 1723 836 1828
2996 4 2 1 1 1855 1955 1548 2308
2997 4 2 1 1 866 950 1491 1742
2998 4 2 1 1 821 1727 1527 1887
2999 4 2 1 1 1487 1386 1626 2350
3000 4 2 1 1 227 1711 1669 1985
3001 4 2 1 1 1376 1520 1788 2017
3002 4 2 1 1 1427 1670 1604 2231
3003 4 2 1 1 1418 1842 1545 2100
3004 4 2 1 1 336 1631 1547 1719
3005 4 2 1 1 1368 1774 1620 2088
3006 4 2 1 1 1468 1662 1862 2022
3007 4 2 1 1 1418 1545 1842 1902
3008 4 2 1 1 1455 1702 1826 2283
3009 4 2 1 1 939 797 1852 2084
3010 4 2 1 1 1478 1757 1855 2149
3011 4 2 1 1 1437 1491 1725 2333
3012 4 2 1 1 1585 1678 1192 1995
3013 4 2 1 1 1386 1577 1487 1856
3014 4 2 1 1 856 1829 1769 2213
3015 4 2 1 1 1604 2231 1686 2257
3016 4 2 1 1 1390 1463 1628 1681
3017 4 2 1 1 1720 1975 1624 2098
3018 4 2 1 1 1541 1585 1188 1776
3019 4 2 1 1 1253 1160 1537 1664
3020 4 2 1 1 1099 1228 1614 1880
3021 4 2 1 1 1480 1550 1371 1968
3022 4 2 1 1 787 1652 1619 1698
3023 4 2 1 1 1449 1579 1492 1722
3024 4 2 1 1 1482 1394 1616 2286
3025 4 2 1 1 586 1501 1583 1915
3026 4 2 1 1 1550 1595 1430 1814
3027 4 2 1 1 1207 1625 1505 1926
3028 4 2 1 1 1412 1688 1621 1931
3029 4 2 1 1 453 1612 1937 2204
3030 4 2 1 1 1043 1536 1045 2150
3031 4 2 1 1 1022 1557 421 1661
3032 4 2 1 1 866 769 1532 1713
3033 4 2 1 1 1740 1901 911 2286
3034 4 2 1 1 724 714 1500 1740
3035 4 2 1 1 1832 2073 1488 2127
3036 4 2 1 1 1503 1392 1755 1951
3037 4 2 1 1 336 1719 1547 2054
3038 4 2 1 1 1012 652 1533 1779
3039 4 2 1 1 1453 1846 1836 1880
3040 4 2 1 1 764 1581 1497 1808
3041 4 2 1 1 1384 2058 1993 2297
3042 4 2 1 1 1383 1555 1541 2031
3043 4 2 1 1 1352 1533 1317 1779
3044 4 2 1 1 1496 1392 1638 1951
3045 4 2 1 1 1393 1890 1615 1908
3046 4 2 1 1 944 866 950 1491
3047 4 2 1 1 1981 2064 1675 2131
3048 4 2 1 1 192 1627 220 1752
3049 4 2 1 1 1508 1635 778 2140
3050 4 2 1 1 227 1669 1711 1980
3051 4 2 1 1 1444 1955 1855 2308
3052 4 2 1 1 1381 1862 1662 2022
3053 4 2 1 1 1062 1065 1778 2296
3054 4 2 1 1 1589 1794 1553 2291
3055 4 2 1 1 1207 1625 1926 2055
3056 4 2 1 1 1550 1930 1440 2013
3057 4 2 1 1 1542 1781 1464 1977
3058 4 2 1 1 1299 1854 1719 1913
3059 4 2 1 1 1766 2035 1574 2055
3060 4 2 1 1 1539 1379 1752 2039
3061 4 2 1 1 1235 1614 1228 2290
3062 4 2 1 1 1541 1830 1947 2188
3063 4 2 1 1 1503 1638 1392 1951
3064 4 2 1 1 1418 1545 2051 2100
3065 4 2 1 1 1401 1595 1550 1814
3066 4 2 1 1 334 1495 1676 2116
3067 4 2 1 1 338 1947 1609 2278
3068 4 2 1 1 1400 1555 1551 1963
3069 4 2 1 1 1482 1740 1394 2286
3070 4 2 1 1 394 344 1695 1940
3071 4 2 1 1 380 335 1491 1827
3072 4 2 1 1 1407 1950 1579 2068
3073 4 2 1 1 1427 2231 1604 2257
3074 4 2 1 1 1518 1785 1666 1858
3075 4 2 1 1 482 1252 1661 1664
3076 4 2 1 1 334 320 1495 2116
3077 4 2 1 1 1495 1442 1734 2187
3078 4 2 1 1 1595 2064 1981 2131
3079 4 2 1 1 1466 1489 1849 1939
3080 4 2 1 1 445 1899 447 2169
3081 4 2 1 1 767 925 765 1771
3082 4 2 1 1 1629 1558 2066 2114
3083 4 2 1 1 1483 1386 1627 1920
3084 4 2 1 1 1199 1747 1507 2237
3085 4 2 1 1 424 962 1689 1741
3086 4 2 1 1 592 1847 549 2038
3087 4 2 1 1 1407 1643 2066 2068
3088 4 2 1 1 1374 1891 1470 2132
3089 4 2 1 1 1437 1981 1675 2131
3090 4 2 1 1 1437 1713 1491 2333
3091 4 2 1 1 1442 1543 1495 1744
3092 4 2 1 1 253 202 1528 1767
3093 4 2 1 1 1507 1815 1365 2141
3094 4 2 1 1 1478 1855 1757 1917
3095 4 2 1 1 1476 582 1605 2351
3096 4 2 1 1 1423 1817 1570 2102
3097 4 2 1 1 848 1707 1601 2227
3098 4 2 1 1 1476 1665 1477 1801
3099 4 2 1 1 1381 1748 1662 1862
3100 4 2 1 1 1379 1539 1752 2348
3101 4 2 1 1 1212 1146 2067 2211
3102 4 2 1 1 1468 1662 1748 1862
3103 4 2 1 1 571 573 572 1611
3104 4 2 1 1 1565 1636 1444 1788
3105 4 2 1 1 1374 1470 1891 2094
3106 4 2 1 1 1445 1576 1573 1890
3107 4 2 1 1 695 1629 1558 2052
3108 4 2 1 1 1308 1244 2073 2127
3109 4 2 1 1 720 724 1500 1777
3110 4 2 1 1 1550 1726 1930 2013
3111 4 2 1 1 953 950 1742 1770
3112 4 2 1 1 998 1504 739 1773
3113 4 2 1 1 1666 1785 1431 1858
3114 4 2 1 1 504 1557 2015 2062
3115 4 2 1 1 1366 1545 1662 1766
3116 4 2 1 1 738 2101 1559 2196
3117 4 2 1 1 573 1611 571 2069
3118 4 2 1 1 1948 2121 1594 2177
3119 4 2 1 1 380 314 335 1827
3120 4 2 1 1 1458 1526 1853 1864
3121 4 2 1 1 1629 2066 1643 2114
3122 4 2 1 1 1545 1902 1418 2051
3123 4 2 1 1 1123 1928 1846 2341
3124 4 2 1 1 1500 1740 714 2160
3125 4 2 1 1 1811 1908 1467 1936
3126 4 2 1 1 720 724 714 1500
3127 4 2 1 1 551 1831 552 2030
3128 4 2 1 1 841 844 1849 1939
3129 4 2 1 1 582 566 1476 1605
3130 4 2 1 1 1498 1395 2062 2248
3131 4 2 1 1 1502 1749 621 2148
3132 4 2 1 1 710 911 1901 2160
3133 4 2 1 1 1212 1146 1278 2067
3134 4 2 1 1 1534 1634 1448 1912
3135 4 2 1 1 1382 1984 1538 2208
3136 4 2 1 1 1634 1912 1534 1994
3137 4 2 1 1 1399 1636 1565 1788
3138 4 2 1 1 1487 1577 1386 2350
3139 4 2 1 1 1422 1530 1563 2007
3140 4 2 1 1 644 400 1356 2082
3141 4 2 1 1 1605 1665 1414 1688
3142 4 2 1 1 1071 1072 1666 2097
3143 4 2 1 1 1583 1730 1489 1939
3144 4 2 1 1 1449 1950 1815 2141
3145 4 2 1 1 731 1687 1512 2106
3146 4 2 1 1 992 1598 2126 2169
3147 4 2 1 1 1394 1482 1616 2095
3148 4 2 1 1 1508 1743 779 1765
3149 4 2 1 1 1424 1505 2058 2100
3150 4 2 1 1 1414 1665 2004 2147
3151 4 2 1 1 400 1776 1356 2082
3152 4 2 1 1 1520 1738 1712 2017
3153 4 2 1 1 1508 1686 759 1743
3154 4 2 1 1 1554 1634 1388 1912
3155 4 2 1 1 1730 1849 1489 1939
3156 4 2 1 1 1587 1861 1428 1999
3157 4 2 1 1 1742 1770 950 2125
3158 4 2 1 1 1521 1835 1622 2154
3159 4 2 1 1 1497 1581 764 2354
3160 4 2 1 1 1437 1595 1981 2131
3161 4 2 1 1 911 714 1740 2160
3162 4 2 1 1 1319 611 1672 1717
3163 4 2 1 1 801 1531 947 1647
3164 4 2 1 1 1393 1732 1659 1954
3165 4 2 1 1 1199 1507 1750 2237
3166 4 2 1 1 1446 1563 1925 2182
3167 4 2 1 1 1371 1572 1754 1790
3168 4 2 1 1 1374 1659 1954 1991
3169 4 2 1 1 1200 1750 1199 2011
3170 4 2 1 1 1762 2018 2005 2151
3171 4 2 1 1 1582 1908 1811 1936
3172 4 2 1 1 866 1532 880 1742
3173 4 2 1 1 1398 1743 1925 2182
3174 4 2 1 1 1371 1550 1677 1850
3175 4 2 1 1 1492 1579 1449 2068
3176 4 2 1 1 504 1661 1557 2062
3177 4 2 1 1 1440 1930 1726 2013
3178 4 2 1 1 947 1647 1531 1874
3179 4 2 1 1 1366 1492 1579 1766
3180 4 2 1 1 1617 1673 1467 1811
3181 4 2 1 1 1447 1673 1617 1811
3182 4 2 1 1 1728 1783 1679 2081
3183 4 2 1 1 424 962 510 1689
3184 4 2 1 1 1200 1310 1477 2011
3185 4 2 1 1 582 2138 1605 2351
3186 4 2 1 1 551 553 552 1831
3187 4 2 1 1 443 1597 1818 1903
3188 4 2 1 1 1534 1448 1736 1912
3189 4 2 1 1 1414 1826 1769 2004
3190 4 2 1 1 1389 1610 1832 2183
3191 4 2 1 1 1534 1912 1736 1994
3192 4 2 1 1 566 1688 1605 2040
3193 4 2 1 1 1169 1548 1738 1969
3194 4 2 1 1 1507 1365 1822 2141
3195 4 2 1 1 1098 1836 1614 1961
3196 4 2 1 1 1391 1556 1484 1610
3197 4 2 1 1 1572 1790 1371 1900
3198 4 2 1 1 1456 1662 1545 1766
3199 4 2 1 1 220 1483 260 1752
3200 4 2 1 1 659 620 539 1749
3201 4 2 1 1 768 1538 1602 1834
3202 4 2 1 1 1659 1374 1954 2132
3203 4 2 1 1 1606 1782 1660 2270
3204 4 2 1 1 1386 1856 1487 1911
3205 4 2 1 1 1458 1828 1723 1883
3206 4 2 1 1 1487 1626 1386 1911
3207 4 2 1 1 887 731 1512 1743
3208 4 2 1 1 1585 1867 1678 2031
3209 4 2 1 1 887 1743 1512 2179
3210 4 2 1 1 1558 1629 695 1957
3211 4 2 1 1 1505 1625 1943 2100
3212 4 2 1 1 1477 1552 1384 1665
3213 4 2 1 1 420 1233 497 1715
3214 4 2 1 1 768 1602 1538 1879
3215 4 2 1 1 1370 1757 1855 1917
3216 4 2 1 1 1506 1586 1440 1716
3217 4 2 1 1 1506 1586 1410 1898
3218 4 2 1 1 731 1743 755 2106
3219 4 2 1 1 245 1868 1861 1999
3220 4 2 1 1 582 1476 566 2324
3221 4 2 1 1 1512 1679 1783 2081
3222 4 2 1 1 1611 1621 1387 1758
3223 4 2 1 1 786 1619 1523 1941
3224 4 2 1 1 1441 1679 2282 2342
3225 4 2 1 1 1441 1679 1618 2282
3226 4 2 1 1 1018 649 1571 1824
3227 4 2 1 1 1604 1670 1474 1686
3228 4 2 1 1 1484 1389 1610 1832
3229 4 2 1 1 1454 1907 1885 2007
3230 4 2 1 1 1538 1879 1602 2208
3231 4 2 1 1 1519 1414 1769 2004
3232 4 2 1 1 1389 1714 1492 1936
3233 4 2 1 1 1659 1954 1732 2132
3234 4 2 1 1 1490 1572 1376 1788
3235 4 2 1 1 1356 629 644 2082
3236 4 2 1 1 1376 1572 1490 2057
3237 4 2 1 1 384 1776 400 2082
3238 4 2 1 1 1606 1660 1451 2270
3239 4 2 1 1 693 1558 695 1957
3240 4 2 1 1 766 1619 787 1652
3241 4 2 1 1 204 1669 1528 2201
3242 4 2 1 1 947 1531 801 1874
3243 4 2 1 1 1732 1786 1470 2022
3244 4 2 1 1 453 451 1612 2204
3245 4 2 1 1 1452 1642 2001 2112
3246 4 2 1 1 656 1672 611 1717
3247 4 2 1 1 586 599 1685 2003
3248 4 2 1 1 1446 1743 1925 2056
3249 4 2 1 1 1426 1549 1607 1771
3250 4 2 1 1 1513 1803 1707 2176
3251 4 2 1 1 1445 1573 1805 1890
3252 4 2 1 1 565 566 1605 2040
3253 4 2 1 1 1381 1573 1576 1890
3254 4 2 1 1 769 880 866 1532
3255 4 2 1 1 726 915 1949 2107
3256 4 2 1 1 1616 1790 1482 2079
3257 4 2 1 1 1492 2055 1052 2184
3258 4 2 1 1 1493 1858 1261 1946
3259 4 2 1 1 738 1709 1559 2101
3260 4 2 1 1 1123 1846 1258 2341
3261 4 2 1 1 1659 1991 1374 2132
3262 4 2 1 1 1501 1541 1383 2188
3263 4 2 1 1 1544 1798 1684 2146
3264 4 2 1 1 1751 1942 1163 1982
3265 4 2 1 1 1310 1203 1477 1926
3266 4 2 1 1 1430 1595 1550 2131
3267 4 2 1 1 1247 1517 1819 1989
3268 4 2 1 1 1372 1495 1744 1970
3269 4 2 1 1 1429 1662 1468 1706
3270 4 2 1 1 586 1685 1501 2003
3271 4 2 1 1 1712 1788 1636 1819
3272 4 2 1 1 1387 1758 1621 2176
3273 4 2 1 1 1454 2072 1553 2118
3274 4 2 1 1 1513 1621 1803 2176
3275 4 2 1 1 725 2045 1667 2107
3276 4 2 1 1 1425 1594 2121 2177
3277 4 2 1 1 1523 2023 1607 2135
3278 4 2 1 1 1588 1681 1185 1992
3279 4 2 1 1 1235 1992 1614 2290
3280 4 2 1 1 1383 1541 1501 1585
3281 4 2 1 1 482 1661 432 1664
3282 4 2 1 1 1414 2004 1519 2147
3283 4 2 1 1 1533 2138 582 2351
3284 4 2 1 1 1483 1219 1654 1763
3285 4 2 1 1 1521 1820 1597 2149
3286 4 2 1 1 1715 1835 1233 2218
3287 4 2 1 1 1321 1715 1233 2218
3288 4 2 1 1 1607 2023 1549 2135
3289 4 2 1 1 1533 1700 1317 1779
3290 4 2 1 1 1538 1582 1429 1984
3291 4 2 1 1 821 1527 820 1887
3292 4 2 1 1 1486 1778 1062 1989
3293 4 2 1 1 1739 1992 1177 2129
3294 4 2 1 1 1482 1790 1900 2079
3295 4 2 1 1 1384 1641 1700 1993
3296 4 2 1 1 565 2040 1605 2148
3297 4 2 1 1 1666 1858 1851 2097
3298 4 2 1 1 1402 1903 1478 2149
3299 4 2 1 1 856 1519 1829 2316
3300 4 2 1 1 836 1828 1723 2255
3301 4 2 1 1 1665 1801 1476 2351
3302 4 2 1 1 971 1865 1479 2052
3303 4 2 1 1 640 1571 649 1824
3304 4 2 1 1 759 1743 1686 2106
3305 4 2 1 1 989 549 1847 2038
3306 4 2 1 1 890 1753 1808 1949
3307 4 2 1 1 1524 1991 1636 2206
3308 4 2 1 1 1604 1644 1395 2248
3309 4 2 1 1 1597 1938 1521 2149
3310 4 2 1 1 1431 1851 1666 1858
3311 4 2 1 1 1489 1849 841 2299
3312 4 2 1 1 730 2045 725 2107
3313 4 2 1 1 1463 2129 1739 2162
3314 4 2 1 1 443 501 1818 2169
3315 4 2 1 1 726 730 915 2107
3316 4 2 1 1 1551 1613 1400 1963
3317 4 2 1 1 1456 1615 1890 1908
3318 4 2 1 1 1393 1890 1908 2158
3319 4 2 1 1 611 613 1319 1672
3320 4 2 1 1 474 1663 476 1682
3321 4 2 1 1 1557 1661 1022 2245
3322 4 2 1 1 1352 1533 1208 1700
3323 4 2 1 1 695 1558 694 2052
3324 4 2 1 1 1475 1807 1535 1976
3325 4 2 1 1 1496 1392 1646 1892
3326 4 2 1 1 1191 1678 1585 1867
3327 4 2 1 1 1328 1553 1232 2072
3328 4 2 1 1 1470 1732 1593 1786
3329 4 2 1 1 1544 1422 1798 2146
3330 4 2 1 1 1422 1544 1983 2287
3331 4 2 1 1 1310 1926 1477 2011
3332 4 2 1 1 939 1482 936 1901
3333 4 2 1 1 1520 1712 1490 1788
3334 4 2 1 1 1546 1428 1775 1861
3335 4 2 1 1 1458 1526 1848 1853
3336 4 2 1 1 1068 1858 1072 2097
3337 4 2 1 1 1371 1754 1572 1900
3338 4 2 1 1 1422 1563 1530 1983
3339 4 2 1 1 827 1807 810 1816
3340 4 2 1 1 1558 2071 2066 2114
3341 4 2 1 1 1473 1585 1383 1685
3342 4 2 1 1 1748 1785 1594 2203
3343 4 2 1 1 1550 1833 1850 2013
3344 4 2 1 1 1400 1613 1551 2151
3345 4 2 1 1 480 1723 1828 1883
3346 4 2 1 1 1885 1907 1537 2007
3347 4 2 1 1 1555 1947 1551 1963
3348 4 2 1 1 1710 1970 1391 2241
3349 4 2 1 1 730 726 2045 2107
3350 4 2 1 1 730 725 1667 2107
3351 4 2 1 1 893 939 1482 2196
3352 4 2 1 1 724 911 714 1740
3353 4 2 1 1 1741 1958 988 2140
3354 4 2 1 1 1396 1726 1646 2057
3355 4 2 1 1 1683 1495 1910 1970
3356 4 2 1 1 893 1482 939 1852
3357 4 2 1 1 936 1482 939 2196
3358 4 2 1 1 1538 1602 1382 2208
3359 4 2 1 1 1335 1588 171 1681
3360 4 2 1 1 1609 1947 338 1971
3361 4 2 1 1 1424 1926 1625 2055
3362 4 2 1 1 486 420 1715 1835
3363 4 2 1 1 1185 1588 1335 1681
3364 4 2 1 1 1454 1671 1907 2007
3365 4 2 1 1 730 726 725 2045
3366 4 2 1 1 1595 1437 1981 2042
3367 4 2 1 1 1396 1754 1726 2057
3368 4 2 1 1 1368 1966 1620 2071
3369 4 2 1 1 1570 1857 1499 2271
3370 4 2 1 1 1022 502 421 1557
3371 4 2 1 1 779 1508 759 1743
3372 4 2 1 1 1431 1666 1851 2097
3373 4 2 1 1 1530 1671 1129 1863
3374 4 2 1 1 1183 1700 1641 2093
3375 4 2 1 1 1546 1698 826 1843
3376 4 2 1 1 1662 1748 1381 2191
3377 4 2 1 1 1368 2066 2071 2114
3378 4 2 1 1 1521 1597 1820 1899
3379 4 2 1 1 1505 1625 1424 1926
3380 4 2 1 1 432 1498 433 2173
3381 4 2 1 1 1132 1520 1133 1840
3382 4 2 1 1 720 1500 1728 1777
3383 4 2 1 1 1513 1601 1387 1707
3384 4 2 1 1 1247 1778 1517 1989
3385 4 2 1 1 1482 1852 893 2196
3386 4 2 1 1 887 755 731 1743
3387 4 2 1 1 1426 1549 1771 1800
3388 4 2 1 1 1491 2295 1725 2333
3389 4 2 1 1 1646 1892 1392 2108
3390 4 2 1 1 1422 2146 1544 2287
3391 4 2 1 1 611 656 613 1672
3392 4 2 1 1 1387 1611 1513 1621
3393 4 2 1 1 872 1523 784 1771
3394 4 2 1 1 1398 1925 1798 2182
3395 4 2 1 1 1702 1967 2172 2283
3396 4 2 1 1 810 1807 1535 1816
3397 4 2 1 1 1601 1707 1513 2227
3398 4 2 1 1 1523 1771 1607 2023
3399 4 2 1 1 433 1701 1498 1965
3400 4 2 1 1 1224 1530 1129 1863
3401 4 2 1 1 1508 1925 1743 2056
3402 4 2 1 1 1129 1671 1530 1929
3403 4 2 1 1 1523 784 1771 2043
3404 4 2 1 1 959 1527 821 1727
3405 4 2 1 1 1437 2131 1713 2333
3406 4 2 1 1 1452 1642 1564 2001
3407 4 2 1 1 618 1590 2138 2331
3408 4 2 1 1 1436 1555 1541 1947
3409 4 2 1 1 1475 1417 1807 2317
3410 4 2 1 1 1399 1636 1788 1819
3411 4 2 1 1 1639 1883 1723 2346
3412 4 2 1 1 826 1843 1698 1964
3413 4 2 1 1 1826 2172 1502 2283
3414 4 2 1 1 1463 1895 2039 2142
3415 4 2 1 1 1419 1742 1491 1770
3416 4 2 1 1 1993 2058 1596 2297
3417 4 2 1 1 1502 2172 1967 2283
3418 4 2 1 1 1381 1805 1573 1890
3419 4 2 1 1 1569 2001 1881 2168
3420 4 2 1 1 1411 1619 1534 1698
3421 4 2 1 1 1442 2018 1762 2151
3422 4 2 1 1 1395 1917 1557 2015
3423 4 2 1 1 1388 1634 1554 2034
3424 4 2 1 1 432 1664 1498 2173
3425 4 2 1 1 1646 1755 1496 2012
3426 4 2 1 1 1385 1530 1563 1736
3427 4 2 1 1 1385 1563 1530 2124
3428 4 2 1 1 1580 1850 1833 2013
3429 4 2 1 1 801 1531 803 1874
3430 4 2 1 1 1582 1732 1429 1984
3431 4 2 1 1 1587 1775 1428 1861
3432 4 2 1 1 1113 1978 1854 2271
3433 4 2 1 1 1430 1877 1550 2208
3434 4 2 1 1 1467 1673 1393 1811
3435 4 2 1 1 631 1003 386 1730
3436 4 2 1 1 1480 1879 1677 2208
3437 4 2 1 1 179 1546 663 1843
3438 4 2 1 1 1468 1662 1429 2115
3439 4 2 1 1 1489 1718 1555 2223
3440 4 2 1 1 1423 1570 1817 2181
3441 4 2 1 1 1583 1685 586 2027
3442 4 2 1 1 1471 1970 1710 2241
3443 4 2 1 1 1504 1667 739 1773
3444 4 2 1 1 1444 1694 1955 2308
3445 4 2 1 1 1383 1774 1555 2031
3446 4 2 1 1 1530 1563 2007 2124
3447 4 2 1 1 1618 1679 1441 2043
3448 4 2 1 1 1383 1473 1685 1882
3449 4 2 1 1 1386 1920 1763 2091
3450 4 2 1 1 1501 1383 1813 2188
3451 4 2 1 1 368 1236 1020 1609
3452 4 2 1 1 1114 1978 1113 2271
3453 4 2 1 1 1654 1720 1452 2142
3454 4 2 1 1 641 1533 1779 2138
3455 4 2 1 1 1798 1925 1563 2182
3456 4 2 1 1 1325 2145 1507 2150
3457 4 2 1 1 1388 1481 1633 1928
3458 4 2 1 1 947 801 803 1874
3459 4 2 1 1 1280 1699 1690 1893
3460 4 2 1 1 1467 1673 1617 2193
3461 4 2 1 1 1053 1052 2035 2055
3462 4 2 1 1 1371 1677 1480 2079
3463 4 2 1 1 1480 1550 1877 2208
3464 4 2 1 1 1253 1661 1664 2153
3465 4 2 1 1 872 1771 1607 1923
3466 4 2 1 1 1385 1568 1589 2032
3467 4 2 1 1 1552 1926 1641 2058
3468 4 2 1 1 1548 1955 1694 2308
3469 4 2 1 1 209 245 1861 1999
3470 4 2 1 1 1410 1854 1719 2211
3471 4 2 1 1 1478 1557 1917 2015
3472 4 2 1 1 1818 2015 442 2250
3473 4 2 1 1 1548 1855 1478 1917
3474 4 2 1 1 1484 1556 1391 2225
3475 4 2 1 1 1538 1429 1732 1984
3476 4 2 1 1 744 2101 738 2196
3477 4 2 1 1 1431 1785 1748 2203
3478 4 2 1 1 1123 1633 1928 2341
3479 4 2 1 1 384 1356 400 1776
3480 4 2 1 1 1560 1620 1368 1966
3481 4 2 1 1 1494 1614 1453 1656
3482 4 2 1 1 460 1938 1622 2154
3483 4 2 1 1 1391 1710 1909 1970
3484 4 2 1 1 1224 1129 1530 1929
3485 4 2 1 1 1401 1550 1595 1833
3486 4 2 1 1 1681 1992 1739 2129
3487 4 2 1 1 1459 1589 1568 2032
3488 4 2 1 1 1389 1714 1936 2222
3489 4 2 1 1 1851 1858 1068 2097
3490 4 2 1 1 1662 1706 1429 2022
3491 4 2 1 1 1334 1335 268 1681
3492 4 2 1 1 1558 1629 1957 2114
3493 4 2 1 1 1105 1699 1280 1893
3494 4 2 1 1 1547 1631 1510 1719
3495 4 2 1 1 1365 1950 1822 2141
3496 4 2 1 1 1657 1817 1570 2181
3497 4 2 1 1 1468 1706 1662 2022
3498 4 2 1 1 1593 1732 1470 2132
3499 4 2 1 1 786 785 1619 1941
3500 4 2 1 1 971 2052 1479 2060
3501 4 2 1 1 720 1728 1500 2160
3502 4 2 1 1 1585 1678 1383 2031
3503 4 2 1 1 699 1810 1655 1997
3504 4 2 1 1 1123 1258 1633 2341
3505 4 2 1 1 1698 2085 1775 2356
3506 4 2 1 1 1618 1679 767 2279
3507 4 2 1 1 1136 1494 1228 1880
3508 4 2 1 1 1573 1576 1470 2022
3509 4 2 1 1 944 1713 1491 1784
3510 4 2 1 1 658 959 525 1527
3511 4 2 1 1 1431 1785 1666 1894
3512 4 2 1 1 1431 1785 1894 1943
3513 4 2 1 1 1438 1678 1882 1995
3514 4 2 1 1 1473 1678 1585 1995
3515 4 2 1 1 931 1472 1761 1865
3516 4 2 1 1 457 1503 456 1792
3517 4 2 1 1 1532 1550 1430 1877
3518 4 2 1 1 1429 1582 1538 1655
3519 4 2 1 1 1600 1601 1466 1986
3520 4 2 1 1 1098 1614 1119 2314
3521 4 2 1 1 1683 1744 1495 1970
3522 4 2 1 1 1624 1780 1452 2098
3523 4 2 1 1 1284 1043 1045 2150
3524 4 2 1 1 699 1515 1810 1997
3525 4 2 1 1 1400 1555 1718 1774
3526 4 2 1 1 1388 1481 1705 2165
3527 4 2 1 1 1478 1402 1623 1903
3528 4 2 1 1 1737 1782 824 1919
3529 4 2 1 1 1527 1727 501 1818
3530 4 2 1 1 1460 1682 1663 2173
3531 4 2 1 1 1388 1705 1481 1912
3532 4 2 1 1 720 1500 714 2160
3533 4 2 1 1 1387 1601 1513 2069
3534 4 2 1 1 1452 2001 1525 2112
3535 4 2 1 1 1200 1199 1310 2011
3536 4 2 1 1 1478 2015 1818 2250
3537 4 2 1 1 1436 1541 1830 1947
3538 4 2 1 1 1369 1496 1755 2012
3539 4 2 1 1 1488 1401 1617 1875
3540 4 2 1 1 953 1770 1742 2009
3541 4 2 1 1 1480 1677 1550 2208
3542 4 2 1 1 1550 1440 1833 2013
3543 4 2 1 1 1203 1641 1477 1926
3544 4 2 1 1 1479 1707 971 2060
3545 4 2 1 1 1646 2057 1726 2185
3546 4 2 1 1 1748 2080 1381 2191
3547 4 2 1 1 1524 1636 1991 2050
3548 4 2 1 1 1471 1909 1710 1970
3549 4 2 1 1 1306 1499 1164 1854
3550 4 2 1 1 1387 1601 1600 1986
3551 4 2 1 1 1513 1414 1621 2040
3552 4 2 1 1 1493 1575 1431 1858
3553 4 2 1 1 1527 1818 501 2169
3554 4 2 1 1 1290 1837 1570 2102
3555 4 2 1 1 1526 1848 1853 2329
3556 4 2 1 1 1427 1644 1604 1670
3557 4 2 1 1 1597 1899 1521 1938
3558 4 2 1 1 1012 1533 1352 1779
3559 4 2 1 1 1620 2031 1438 2088
3560 4 2 1 1 1507 1750 1477 2011
3561 4 2 1 1 1536 1438 2031 2088
3562 4 2 1 1 453 1612 1745 1937
3563 4 2 1 1 1670 1965 500 2186
3564 4 2 1 1 1709 1892 1646 2108
3565 4 2 1 1 1716 1854 1113 1978
3566 4 2 1 1 1402 1521 1938 2149
3567 4 2 1 1 1541 1947 1555 2188
3568 4 2 1 1 1460 1664 1537 2139
3569 4 2 1 1 1403 1616 1482 2079
3570 4 2 1 1 1387 1611 1600 2069
3571 4 2 1 1 1513 2040 1621 2320
3572 4 2 1 1 202 253 1528 2294
3573 4 2 1 1 1261 1858 1493 2194
3574 4 2 1 1 1438 1678 1620 1882
3575 4 2 1 1 1613 1963 1551 1972
3576 4 2 1 1 1475 1650 1417 2317
3577 4 2 1 1 1431 1575 1493 2080
3578 4 2 1 1 1560 1449 1950 2066
3579 4 2 1 1 1407 1479 1693 1950
3580 4 2 1 1 1494 1588 1528 1767
3581 4 2 1 1 1127 1253 1537 2153
3582 4 2 1 1 218 1932 1663 2128
3583 4 2 1 1 1598 1899 1597 2169
3584 4 2 1 1 307 1853 1526 1962
3585 4 2 1 1 1483 1763 220 2216
3586 4 2 1 1 1535 1780 1475 1976
3587 4 2 1 1 1615 1908 1456 2198
3588 4 2 1 1 1149 1548 1169 2136
3589 4 2 1 1 1520 1712 1788 2017
3590 4 2 1 1 1072 1666 1858 1904
3591 4 2 1 1 1366 1680 1492 1936
3592 4 2 1 1 629 1776 1189 2003
3593 4 2 1 1 334 1676 1495 1734
3594 4 2 1 1 463 447 1899 2169
3595 4 2 1 1 1385 1587 1775 1787
3596 4 2 1 1 1459 1568 1589 1794
3597 4 2 1 1 827 1509 969 1807
3598 4 2 1 1 456 457 455 1503
3599 4 2 1 1 1431 1894 1666 1943
3600 4 2 1 1 1556 1832 1610 2183
3601 4 2 1 1 1607 1771 1549 2023
3602 4 2 1 1 666 1959 1637 2123
3603 4 2 1 1 1489 1583 1466 2223
3604 4 2 1 1 1412 1621 1611 1758
3605 4 2 1 1 625 1844 559 2268
3606 4 2 1 1 1467 1908 1574 1936
3607 4 2 1 1 1444 1738 1855 2017
3608 4 2 1 1 1534 1698 1446 2356
3609 4 2 1 1 227 1669 205 1985
3610 4 2 1 1 1414 1513 1621 1803
3611 4 2 1 1 1207 1505 1360 1926
3612 4 2 1 1 418 1527 959 1727
3613 4 2 1 1 1575 1858 1493 1946
3614 4 2 1 1 1477 1665 1476 1931
3615 4 2 1 1 1584 1935 1783 2276
3616 4 2 1 1 1654 1452 2089 2142
3617 4 2 1 1 539 620 621 1749
3618 4 2 1 1 1473 1882 1678 1995
3619 4 2 1 1 990 425 1723 1828
3620 4 2 1 1 1831 1916 1542 2261
3621 4 2 1 1 1503 1883 457 2298
3622 4 2 1 1 1505 1424 1625 2100
3623 4 2 1 1 1397 1935 1584 2276
3624 4 2 1 1 1379 2039 1895 2142
3625 4 2 1 1 314 1547 1725 1827
3626 4 2 1 1 992 1527 658 2169
3627 4 2 1 1 721 1679 729 2081
3628 4 2 1 1 1521 1402 2017 2149
3629 4 2 1 1 335 1491 1725 1784
3630 4 2 1 1 386 351 631 1730
3631 4 2 1 1 1636 1991 1565 2206
3632 4 2 1 1 1468 1429 1706 2115
3633 4 2 1 1 695 693 694 1558
3634 4 2 1 1 1406 2001 1569 2168
3635 4 2 1 1 1125 1490 1712 1819
3636 4 2 1 1 1639 1853 1848 2329
3637 4 2 1 1 1482 936 1901 2196
3638 4 2 1 1 1758 1822 1621 2176
3639 4 2 1 1 1492 1389 1936 2068
3640 4 2 1 1 209 211 245 1999
3641 4 2 1 1 721 1728 1679 2081
3642 4 2 1 1 1444 1636 1712 1788
3643 4 2 1 1 1726 2057 1754 2185
3644 4 2 1 1 710 1901 1593 2160
3645 4 2 1 1 1414 1621 1665 2147
3646 4 2 1 1 792 1808 1976 2033
3647 4 2 1 1 1677 1879 1403 1984
3648 4 2 1 1 1525 2001 1642 2112
3649 4 2 1 1 1460 1537 1907 2139
3650 4 2 1 1 1384 1552 2058 2297
3651 4 2 1 1 1478 1903 1757 2149
3652 4 2 1 1 849 1707 1513 1803
3653 4 2 1 1 455 1503 457 2298
3654 4 2 1 1 1555 1963 1400 2164
3655 4 2 1 1 459 1745 1715 2036
3656 4 2 1 1 733 767 765 1679
3657 4 2 1 1 307 1540 1853 1962
3658 4 2 1 1 1389 2183 1832 2222
3659 4 2 1 1 1197 1747 1199 2237
3660 4 2 1 1 1655 1810 1515 1997
3661 4 2 1 1 778 1635 1508 1878
3662 4 2 1 1 720 1777 1728 2081
3663 4 2 1 1 1387 1600 1601 2069
3664 4 2 1 1 977 246 663 1843
3665 4 2 1 1 1136 1494 1880 1988
3666 4 2 1 1 476 1663 475 1682
3667 4 2 1 1 1381 1576 1573 2022
3668 4 2 1 1 1417 1831 1838 2030
3669 4 2 1 1 720 926 1777 2081
3670 4 2 1 1 874 1619 785 1941
3671 4 2 1 1 1453 1836 1614 1880
3672 4 2 1 1 971 1707 1479 1865
3673 4 2 1 1 786 874 785 1941
3674 4 2 1 1 1244 2000 2073 2127
3675 4 2 1 1 1477 1641 1552 1926
3676 4 2 1 1 503 1639 464 2272
3677 4 2 1 1 1419 1770 1491 1827
3678 4 2 1 1 1168 1661 2153 2245
3679 4 2 1 1 1469 1700 1641 1993
3680 4 2 1 1 1132 1133 1125 1840
3681 4 2 1 1 777 1508 778 2140
3682 4 2 1 1 1208 1700 1533 1801
3683 4 2 1 1 610 2105 1533 2217
3684 4 2 1 1 1189 629 1356 1776
3685 4 2 1 1 204 1767 217 2201
3686 4 2 1 1 456 1792 1503 2036
3687 4 2 1 1 1342 1160 1664 2139
3688 4 2 1 1 1780 1916 1624 1977
3689 4 2 1 1 1640 1646 1396 1755
3690 4 2 1 1 848 1601 1707 1761
3691 4 2 1 1 1398 1686 1508 1743
3692 4 2 1 1 1637 1892 1638 2277
3693 4 2 1 1 1071 1068 1072 2097
3694 4 2 1 1 1199 1325 1507 1747
3695 4 2 1 1 1163 1942 1751 2242
3696 4 2 1 1 1110 2000 1244 2127
3697 4 2 1 1 1680 1936 1389 2068
3698 4 2 1 1 570 2008 1688 2320
3699 4 2 1 1 1780 1881 1408 1976
3700 4 2 1 1 1165 1657 1570 1857
3701 4 2 1 1 1395 2015 1557 2062
3702 4 2 1 1 1328 172 1553 2072
3703 4 2 1 1 1562 1922 1470 2022
3704 4 2 1 1 1429 1786 1732 2022
3705 4 2 1 1 1579 1680 1407 2068
3706 4 2 1 1 179 663 246 1843
3707 4 2 1 1 1387 1621 1513 2176
3708 4 2 1 1 1418 1869 1842 2100
3709 4 2 1 1 456 1503 455 2036
3710 4 2 1 1 1752 2142 1379 2348
3711 4 2 1 1 1244 2000 1110 2073
3712 4 2 1 1 874 1619 1941 1964
3713 4 2 1 1 1785 1858 1518 2203
3714 4 2 1 1 298 1695 1246 2207
3715 4 2 1 1 1710 1909 1471 2200
3716 4 2 1 1 1431 1858 1785 2203
3717 4 2 1 1 1636 1960 1524 2206
3718 4 2 1 1 1536 1692 1045 2150
3719 4 2 1 1 1917 2015 1395 2020
3720 4 2 1 1 1565 1960 1636 2206
3721 4 2 1 1 1572 1616 1482 2095
3722 4 2 1 1 573 1601 1600 2069
3723 4 2 1 1 298 394 1695 2207
3724 4 2 1 1 1516 1762 748 2005
3725 4 2 1 1 1379 1975 1720 2098
3726 4 2 1 1 182 1215 1763 2256
3727 4 2 1 1 1417 1911 1626 2030
3728 4 2 1 1 1385 1563 1787 2056
3729 4 2 1 1 1496 1646 1392 1755
3730 4 2 1 1 1757 1818 1597 1903
3731 4 2 1 1 368 366 1236 1609
3732 4 2 1 1 1393 1576 1732 1954
3733 4 2 1 1 1385 1787 1775 2056
3734 4 2 1 1 1411 1698 1546 1843
3735 4 2 1 1 1487 1650 1434 2260
3736 4 2 1 1 1487 1434 1651 2260
3737 4 2 1 1 785 1619 874 1964
3738 4 2 1 1 1553 2072 247 2118
3739 4 2 1 1 1386 1924 1626 2350
3740 4 2 1 1 877 1941 1923 2263
3741 4 2 1 1 792 2033 1976 2317
3742 4 2 1 1 1105 1115 1280 1699
3743 4 2 1 1 1390 1739 1681 1992
3744 4 2 1 1 1584 1783 1691 2276
3745 4 2 1 1 944 941 1713 1784
3746 4 2 1 1 1437 1725 1648 2041
3747 4 2 1 1 747 1808 1497 1949
3748 4 2 1 1 1825 1933 1764 2214
3749 4 2 1 1 1401 1488 1617 2000
3750 4 2 1 1 1577 1924 1386 2350
3751 4 2 1 1 1846 1946 1493 2194
3752 4 2 1 1 1196 1717 1672 2237
3753 4 2 1 1 1478 1818 1757 1903
3754 4 2 1 1 759 1508 777 1686
3755 4 2 1 1 1492 1680 1579 2068
3756 4 2 1 1 421 1557 504 1661
3757 4 2 1 1 1345 1570 1165 1657
3758 4 2 1 1 1510 1547 1410 2077
3759 4 2 1 1 1666 1785 1518 1904
3760 4 2 1 1 260 1483 220 2216
3761 4 2 1 1 1832 2183 1488 2222
3762 4 2 1 1 1505 1625 1207 2097
3763 4 2 1 1 1387 1513 1707 2176
3764 4 2 1 1 1545 1943 1625 2100
3765 4 2 1 1 1325 1507 1747 2150
3766 4 2 1 1 565 567 566 2040
3767 4 2 1 1 1446 1925 1563 2056
3768 4 2 1 1 469 1663 473 1701
3769 4 2 1 1 1909 1970 1471 2200
3770 4 2 1 1 1458 1848 1639 1853
3771 4 2 1 1 1512 1783 1679 2342
3772 4 2 1 1 1500 724 1740 1777
3773 4 2 1 1 764 1497 747 1808
3774 4 2 1 1 1123 1276 1846 1928
3775 4 2 1 1 1596 1993 1469 2058
3776 4 2 1 1 1418 1842 1772 1902
3777 4 2 1 1 1550 1968 1726 2013
3778 4 2 1 1 1754 2057 1900 2185
3779 4 2 1 1 1417 1650 1487 1668
3780 4 2 1 1 1478 2015 1917 2020
3781 4 2 1 1 1698 1843 1411 1964
3782 4 2 1 1 1345 1657 1165 1857
3783 4 2 1 1 1600 1601 573 2335
3784 4 2 1 1 990 943 836 1723
3785 4 2 1 1 1560 1884 1449 2066
3786 4 2 1 1 998 739 718 1773
3787 4 2 1 1 1621 1758 1412 1822
3788 4 2 1 1 1391 1610 1645 2235
3789 4 2 1 1 1593 2160 1901 2286
3790 4 2 1 1 1154 1299 1854 2211
3791 4 2 1 1 182 1036 1215 2256
3792 4 2 1 1 424 891 962 1741
3793 4 2 1 1 1397 1584 1691 2276
3794 4 2 1 1 1164 1499 1302 1857
3795 4 2 1 1 489 500 1965 2186
3796 4 2 1 1 1479 1407 2052 2066
3797 4 2 1 1 550 592 1668 2030
3798 4 2 1 1 474 476 1663 2173
3799 4 2 1 1 1541 340 1830 2188
3800 4 2 1 1 459 1715 1745 2029
3801 4 2 1 1 664 1601 626 2227
3802 4 2 1 1 307 1540 305 1853
3803 4 2 1 1 1019 1631 387 1719
3804 4 2 1 1 1391 1744 1610 2235
3805 4 2 1 1 497 486 420 1715
3806 4 2 1 1 1200 1310 1203 1477
3807 4 2 1 1 1485 1684 1544 1955
3808 4 2 1 1 394 342 344 1940
3809 4 2 1 1 1150 1163 1942 1982
3810 4 2 1 1 1363 1969 1255 2326
3811 4 2 1 1 753 1865 971 2052
3812 4 2 1 1 1183 1182 1791 2093
3813 4 2 1 1 1375 1916 1780 1977
3814 4 2 1 1 1884 2066 1643 2068
3815 4 2 1 1 1671 1537 1907 2007
3816 4 2 1 1 1164 1857 1570 2271
3817 4 2 1 1 1260 1261 1107 1946
3818 4 2 1 1 1488 1401 1875 1996
3819 4 2 1 1 1042 1044 1536 2180
3820 4 2 1 1 1176 1483 1219 1654
3821 4 2 1 1 1048 2171 1653 2338
3822 4 2 1 1 1825 1841 1549 2117
3823 4 2 1 1 812 1670 1686 2140
3824 4 2 1 1 1516 2071 1558 2114
3825 4 2 1 1 1043 1042 1536 1867
3826 4 2 1 1 872 786 784 1523
3827 4 2 1 1 1491 1419 2295 2333
3828 4 2 1 1 1479 1407 1693 2052
3829 4 2 1 1 1403 1879 1677 2079
3830 4 2 1 1 1412 1688 1476 2324
3831 4 2 1 1 747 1797 1497 2315
3832 4 2 1 1 618 2138 1779 2331
3833 4 2 1 1 1504 1772 1418 1842
3834 4 2 1 1 283 260 220 2216
3835 4 2 1 1 1549 1825 1453 1841
3836 4 2 1 1 1496 1646 1709 1892
3837 4 2 1 1 1530 2007 1671 2124
3838 4 2 1 1 1487 1434 1650 1911
3839 4 2 1 1 1376 1952 1820 2280
3840 4 2 1 1 1508 777 1686 2140
3841 4 2 1 1 1538 1655 1582 2266
3842 4 2 1 1 1224 1530 1271 1929
3843 4 2 1 1 566 1605 1688 2324
3844 4 2 1 1 1616 1394 2104 2286
3845 4 2 1 1 641 1779 618 2138
3846 4 2 1 1 1044 1724 1536 2180
3847 4 2 1 1 1711 1809 1451 1980
3848 4 2 1 1 1462 1569 2300 2318
3849 4 2 1 1 334 1734 1495 2226
3850 4 2 1 1 1395 1557 1661 2062
3851 4 2 1 1 1455 1702 1596 2172
3852 4 2 1 1 366 1236 1609 1710
3853 4 2 1 1 1290 1570 1345 1657
3854 4 2 1 1 1576 1615 1393 1890
3855 4 2 1 1 1224 1271 1129 1929
3856 4 2 1 1 1739 2129 1174 2162
3857 4 2 1 1 1576 1732 1954 2132
3858 4 2 1 1 1443 1782 1737 1919
3859 4 2 1 1 1640 1755 1396 2325
3860 4 2 1 1 1809 1980 1669 2215
3861 4 2 1 1 898 1721 1540 2009
3862 4 2 1 1 1780 1977 1452 2001
3863 4 2 1 1 944 941 865 1713
3864 4 2 1 1 695 1921 1629 2052
3865 4 2 1 1 1621 2040 1688 2320
3866 4 2 1 1 333 328 1963 1972
3867 4 2 1 1 1424 1552 1926 2319
3868 4 2 1 1 1523 1923 877 1941
3869 4 2 1 1 898 948 1540 1721
3870 4 2 1 1 1384 1801 1665 2351
3871 4 2 1 1 1628 1895 1390 2039
3872 4 2 1 1 1529 1920 1386 2091
3873 4 2 1 1 364 1905 2242 2249
3874 4 2 1 1 1444 1712 1636 2143
3875 4 2 1 1 442 443 1818 1903
3876 4 2 1 1 1386 1577 1856 1920
3877 4 2 1 1 1279 1062 1778 1989
3878 4 2 1 1 1619 1994 1441 2328
3879 4 2 1 1 515 414 170 1663
3880 4 2 1 1 1629 1889 1643 2259
3881 4 2 1 1 820 821 959 1527
3882 4 2 1 1 1495 1648 320 1910
3883 4 2 1 1 1506 1897 1586 1898
3884 4 2 1 1 1646 1897 1755 2012
3885 4 2 1 1 486 1835 1715 2029
3886 4 2 1 1 810 1535 811 1816
3887 4 2 1 1 1530 1422 1929 2007
3888 4 2 1 1 1414 1688 1621 2040
3889 4 2 1 1 1619 1652 1441 1994
3890 4 2 1 1 787 1698 1619 1964
3891 4 2 1 1 1177 1185 1681 1992
3892 4 2 1 1 1149 1169 1213 2136
3893 4 2 1 1 1597 1818 1527 2169
3894 4 2 1 1 1491 1770 1742 2125
3895 4 2 1 1 1458 1723 1639 1883
3896 4 2 1 1 1468 1862 1706 2022
3897 4 2 1 1 1440 1586 1506 2247
3898 4 2 1 1 1437 2041 1595 2131
3899 4 2 1 1 253 217 202 1767
3900 4 2 1 1 1503 1745 455 2036
3901 4 2 1 1 1385 1568 1861 2233
3902 4 2 1 1 320 1648 1495 2116
3903 4 2 1 1 1385 1861 1587 2233
3904 4 2 1 1 333 1963 1613 1972
3905 4 2 1 1 1564 1780 1452 2001
3906 4 2 1 1 898 1540 948 2009
3907 4 2 1 1 1455 1769 1519 1829
3908 4 2 1 1 931 1472 1865 2048
3909 4 2 1 1 1480 1677 1879 2079
3910 4 2 1 1 1376 2175 1952 2280
3911 4 2 1 1 1392 1745 1503 1755
3912 4 2 1 1 1393 1615 1576 1954
3913 4 2 1 1 1667 1753 1462 1953
3914 4 2 1 1 1105 1485 1096 2155
3915 4 2 1 1 1620 1882 1678 2031
3916 4 2 1 1 432 434 433 1498
3917 4 2 1 1 1521 2017 1820 2149
3918 4 2 1 1 963 1749 1502 1769
3919 4 2 1 1 1526 1432 1848 2329
3920 4 2 1 1 1635 1741 988 2140
3921 4 2 1 1 1096 1485 1893 2074
3922 4 2 1 1 1572 1790 1616 2095
3923 4 2 1 1 872 1523 1771 1923
3924 4 2 1 1 1440 1716 1586 2077
3925 4 2 1 1 863 748 1762 2005
3926 4 2 1 1 1546 1861 245 1868
3927 4 2 1 1 1534 1994 1619 2328
3928 4 2 1 1 406 1631 336 1719
3929 4 2 1 1 1965 2062 1644 2248
3930 4 2 1 1 1592 1825 1764 2214
3931 4 2 1 1 256 1794 1553 2233
3932 4 2 1 1 1825 2024 1841 2117
3933 4 2 1 1 1139 1642 1599 2089
3934 4 2 1 1 890 1808 1753 1976
3935 4 2 1 1 501 1727 531 1818
3936 4 2 1 1 1127 1690 1168 2153
3937 4 2 1 1 1652 1698 787 2179
3938 4 2 1 1 1414 1665 1621 1688
3939 4 2 1 1 307 305 1540 1962
3940 4 2 1 1 1449 1579 1950 2068
3941 4 2 1 1 849 850 1707 1803
3942 4 2 1 1 1099 1228 1235 1614
3943 4 2 1 1 1176 1483 1654 2162
3944 4 2 1 1 1584 1705 1481 2165
3945 4 2 1 1 1854 1978 1506 2271
3946 4 2 1 1 856 1519 853 1769
3947 4 2 1 1 1068 1851 1107 1858
3948 4 2 1 1 1407 1479 1950 2066
3949 4 2 1 1 314 1547 315 1725
3950 4 2 1 1 1417 1487 1650 1911
3951 4 2 1 1 1422 1983 1561 2287
3952 4 2 1 1 307 306 305 1962
3953 4 2 1 1 1654 2142 2089 2162
3954 4 2 1 1 1484 1391 1724 2225
3955 4 2 1 1 1531 1647 801 2156
3956 4 2 1 1 1203 1641 1204 1801
3957 4 2 1 1 1219 1483 1337 2216
3958 4 2 1 1 1072 1858 1079 1904
3959 4 2 1 1 1535 1881 1780 1976
3960 4 2 1 1 1760 1959 916 2123
3961 4 2 1 1 1695 1872 1432 1940
3962 4 2 1 1 1408 1808 1780 1976
3963 4 2 1 1 1462 1953 1753 2159
3964 4 2 1 1 1105 1096 1485 1893
3965 4 2 1 1 1070 1812 1524 1960
3966 4 2 1 1 1149 1738 1548 2308
3967 4 2 1 1 1574 2198 1393 2352
3968 4 2 1 1 1192 1944 1995 2236
3969 4 2 1 1 726 1949 1522 2107
3970 4 2 1 1 1517 1778 1247 2021
3971 4 2 1 1 1691 1728 1405 1891
3972 4 2 1 1 1590 1799 1435 1844
3973 4 2 1 1 1491 1742 950 2125
3974 4 2 1 1 1621 2147 1803 2176
3975 4 2 1 1 625 1733 1509 2189
3976 4 2 1 1 1881 2001 1564 2168
3977 4 2 1 1 1069 1070 1524 1960
3978 4 2 1 1 218 1663 238 2128
3979 4 2 1 1 1385 1589 1553 1863
3980 4 2 1 1 1484 1610 1389 2293
3981 4 2 1 1 765 742 1679 2043
3982 4 2 1 1 1481 1705 1584 1935
3983 4 2 1 1 841 2219 1489 2299
3984 4 2 1 1 989 1668 549 2038
3985 4 2 1 1 1595 1833 1550 2131
3986 4 2 1 1 1630 1788 1444 2017
3987 4 2 1 1 1369 1586 1897 1898
3988 4 2 1 1 1705 1783 1584 1935
3989 4 2 1 1 1418 1504 1842 1869
3990 4 2 1 1 1191 1192 1585 1678
3991 4 2 1 1 449 1612 1899 2154
3992 4 2 1 1 1406 1785 1666 1904
3993 4 2 1 1 307 1526 309 1962
3994 4 2 1 1 1475 1976 1808 2033
3995 4 2 1 1 791 1581 764 1808
3996 4 2 1 1 1391 1610 1484 2293
3997 4 2 1 1 1367 1948 1841 2117
3998 4 2 1 1 1599 1739 1336 2162
3999 4 2 1 1 1042 1536 1867 2180
4000 4 2 1 1 1573 1576 1445 2094
4001 4 2 1 1 1490 1823 1125 1840
4002 4 2 1 1 560 1590 618 2059
4003 4 2 1 1 1076 1517 1247 2021
4004 4 2 1 1 1780 1808 1475 1976
4005 4 2 1 1 1394 1482 2095 2175
4006 4 2 1 1 1369 1897 1506 1898
4007 4 2 1 1 229 1782 1737 2321
4008 4 2 1 1 1447 1811 1617 2344
4009 4 2 1 1 1436 1774 1555 1947
4010 4 2 1 1 515 170 263 1663
4011 4 2 1 1 1369 1755 1897 2012
4012 4 2 1 1 1587 2118 1553 2233
4013 4 2 1 1 701 1655 699 1810
4014 4 2 1 1 1528 1669 204 1980
4015 4 2 1 1 1696 1881 1569 2001
4016 4 2 1 1 1376 2057 1490 2327
4017 4 2 1 1 1719 1854 1410 1913
4018 4 2 1 1 1152 1832 1556 2127
4019 4 2 1 1 1409 1709 1559 1906
4020 4 2 1 1 1018 1251 649 1824
4021 4 2 1 1 1446 1652 1534 1994
4022 4 2 1 1 1313 1722 1926 2011
4023 4 2 1 1 1384 1477 1665 1801
4024 4 2 1 1 1605 1665 1476 2351
4025 4 2 1 1 1652 1679 742 2043
4026 4 2 1 1 383 298 394 1695
4027 4 2 1 1 234 1737 668 1746
4028 4 2 1 1 1652 2179 1512 2182
4029 4 2 1 1 1483 2142 1654 2162
4030 4 2 1 1 582 610 1533 2217
4031 4 2 1 1 1662 1766 1456 1908
4032 4 2 1 1 1510 1410 1719 2211
4033 4 2 1 1 1457 1614 1961 2314
4034 4 2 1 1 851 1896 995 2133
4035 4 2 1 1 908 1607 872 1771
4036 4 2 1 1 1598 1820 1597 1899
4037 4 2 1 1 1444 1565 1788 2253
4038 4 2 1 1 1403 1482 1616 1901
4039 4 2 1 1 1563 1736 1530 1983
4040 4 2 1 1 1410 1586 1716 2077
4041 4 2 1 1 1841 1948 1549 2117
4042 4 2 1 1 1149 1169 1548 1738
4043 4 2 1 1 1393 2198 1673 2352
4044 4 2 1 1 270 1568 1794 2233
4045 4 2 1 1 1412 1750 1476 1931
4046 4 2 1 1 1422 1544 1798 1983
4047 4 2 1 1 1422 1893 2146 2287
4048 4 2 1 1 1363 1255 1011 2326
4049 4 2 1 1 1208 1801 1533 2105
4050 4 2 1 1 1894 1943 1785 1987
4051 4 2 1 1 1679 1405 2282 2342
4052 4 2 1 1 849 1513 1707 2227
4053 4 2 1 1 1431 2080 1493 2203
4054 4 2 1 1 463 445 447 2169
4055 4 2 1 1 1430 1550 1532 2131
4056 4 2 1 1 1405 1728 1691 1783
4057 4 2 1 1 1583 1730 596 2174
4058 4 2 1 1 920 1613 381 1703
4059 4 2 1 1 890 915 1753 1949
4060 4 2 1 1 1941 2243 1923 2263
4061 4 2 1 1 1046 2171 1048 2338
4062 4 2 1 1 928 1538 768 1834
4063 4 2 1 1 1468 1662 1545 1748
4064 4 2 1 1 306 1540 305 1962
4065 4 2 1 1 1070 1073 1812 1960
4066 4 2 1 1 955 1753 1667 1953
4067 4 2 1 1 1576 1954 1374 2132
4068 4 2 1 1 746 872 1607 1923
4069 4 2 1 1 566 567 1688 2040
4070 4 2 1 1 625 1733 580 1844
4071 4 2 1 1 333 326 328 1972
4072 4 2 1 1 1393 1908 1615 2198
4073 4 2 1 1 1391 1744 2235 2288
4074 4 2 1 1 1751 2242 1905 2249
4075 4 2 1 1 1370 1544 1704 1871
4076 4 2 1 1 1512 2179 1743 2182
4077 4 2 1 1 1637 838 1892 2277
4078 4 2 1 1 1389 1936 1756 2222
4079 4 2 1 1 1503 1792 457 1883
4080 4 2 1 1 1235 1186 1992 2290
4081 4 2 1 1 779 1765 1743 2179
4082 4 2 1 1 1016 1794 1330 2291
4083 4 2 1 1 171 268 1335 1681
4084 4 2 1 1 739 1667 718 1773
4085 4 2 1 1 941 1713 1784 2099
4086 4 2 1 1 625 580 559 1844
4087 4 2 1 1 295 1676 896 1784
4088 4 2 1 1 877 786 1523 1941
4089 4 2 1 1 792 791 1808 2033
4090 4 2 1 1 1518 1457 1825 1836
4091 4 2 1 1 317 1648 318 1725
4092 4 2 1 1 1168 1661 1253 2153
4093 4 2 1 1 667 381 920 1613
4094 4 2 1 1 610 1012 1533 2105
4095 4 2 1 1 474 476 475 1682
4096 4 2 1 1 1608 1996 2042 2122
4097 4 2 1 1 1258 1946 1633 2341
4098 4 2 1 1 1526 1731 309 1962
4099 4 2 1 1 550 592 549 1668
4100 4 2 1 1 838 1637 1892 2123
4101 4 2 1 1 205 1669 227 1980
4102 4 2 1 1 1694 1955 1548 2155
4103 4 2 1 1 489 1670 500 2186
4104 4 2 1 1 1154 1854 1716 2211
4105 4 2 1 1 1976 2033 1475 2317
4106 4 2 1 1 1050 1653 1714 2184
4107 4 2 1 1 577 1583 586 2027
4108 4 2 1 1 1247 1819 1517 1998
4109 4 2 1 1 1391 2235 1645 2288
4110 4 2 1 1 1393 1954 1659 2296
4111 4 2 1 1 691 1516 748 2005
4112 4 2 1 1 967 700 1772 1810
4113 4 2 1 1 1754 1790 1572 2305
4114 4 2 1 1 1313 1926 1722 2055
4115 4 2 1 1 1703 687 2005 2299
4116 4 2 1 1 1534 1652 1619 1994
4117 4 2 1 1 1576 1732 1470 2022
4118 4 2 1 1 1518 1079 1858 1904
4119 4 2 1 1 1398 1508 1686 1925
4120 4 2 1 1 557 1844 1542 2268
4121 4 2 1 1 1050 1714 2090 2184
4122 4 2 1 1 998 1772 1504 1773
4123 4 2 1 1 335 1725 378 1784
4124 4 2 1 1 558 1542 557 1844
4125 4 2 1 1 1069 1073 1070 1960
4126 4 2 1 1 1253 1661 1252 1664
4127 4 2 1 1 1186 1235 1228 2290
4128 4 2 1 1 1618 1679 1405 2282
4129 4 2 1 1 1491 1742 1419 2333
4130 4 2 1 1 1410 1854 1506 1898
4131 4 2 1 1 1688 2008 1611 2320
4132 4 2 1 1 262 668 234 1737
4133 4 2 1 1 981 1737 175 1782
4134 4 2 1 1 1457 1933 1825 2214
4135 4 2 1 1 1258 1257 1633 1946
4136 4 2 1 1 1366 1766 1662 1908
4137 4 2 1 1 432 434 1498 2062
4138 4 2 1 1 733 767 1679 2279
4139 4 2 1 1 765 1771 925 2043
4140 4 2 1 1 1545 1625 1424 2100
4141 4 2 1 1 477 1657 1245 1695
4142 4 2 1 1 1613 1703 864 2005
4143 4 2 1 1 352 1730 684 2219
4144 4 2 1 1 570 1611 2008 2320
4145 4 2 1 1 1501 1685 1583 2223
4146 4 2 1 1 1453 1841 1825 2024
4147 4 2 1 1 1541 1555 1383 2188
4148 4 2 1 1 778 1508 779 1878
4149 4 2 1 1 1406 1696 1569 2001
4150 4 2 1 1 1470 1891 1593 2132
4151 4 2 1 1 424 1689 520 1741
4152 4 2 1 1 322 1683 1495 1910
4153 4 2 1 1 1620 1678 1438 2031
4154 4 2 1 1 1039 1541 1188 1776
4155 4 2 1 1 1397 1584 1935 2284
4156 4 2 1 1 1430 1602 1514 2049
4157 4 2 1 1 1551 1613 1972 2151
4158 4 2 1 1 1580 1833 1440 2013
4159 4 2 1 1 335 380 1491 2125
4160 4 2 1 1 864 1703 687 2005
4161 4 2 1 1 1477 1476 1750 1931
4162 4 2 1 1 1029 482 423 1664
4163 4 2 1 1 1426 1549 1841 1948
4164 4 2 1 1 1536 1678 1043 1867
4165 4 2 1 1 1453 1614 1494 1880
4166 4 2 1 1 1489 1400 1718 2299
4167 4 2 1 1 955 1753 1953 2159
4168 4 2 1 1 805 953 950 1742
4169 4 2 1 1 1462 1696 1569 2318
4170 4 2 1 1 448 1521 1899 1938
4171 4 2 1 1 424 510 520 1689
4172 4 2 1 1 1638 1892 838 2277
4173 4 2 1 1 1518 1825 1457 1933
4174 4 2 1 1 1459 2032 1674 2190
4175 4 2 1 1 500 1670 1958 1965
4176 4 2 1 1 1371 1754 1900 2185
4177 4 2 1 1 841 1730 1489 2219
4178 4 2 1 1 1334 1681 268 2129
4179 4 2 1 1 805 1742 1649 2009
4180 4 2 1 1 175 1737 229 1782
4181 4 2 1 1 1588 1992 1494 2161
4182 4 2 1 1 1419 1845 2295 2333
4183 4 2 1 1 354 1776 1501 2188
4184 4 2 1 1 1196 1319 1672 1717
4185 4 2 1 1 1472 1620 1966 2071
4186 4 2 1 1 1952 2175 1511 2280
4187 4 2 1 1 615 664 626 2227
4188 4 2 1 1 1484 1610 1556 1832
4189 4 2 1 1 318 1725 1648 2116
4190 4 2 1 1 202 1528 204 1980
4191 4 2 1 1 1319 613 1017 1672
4192 4 2 1 1 1674 2032 1589 2190
4193 4 2 1 1 816 826 1546 1698
4194 4 2 1 1 989 549 869 1847
4195 4 2 1 1 473 1701 1663 2173
4196 4 2 1 1 812 1686 1670 2231
4197 4 2 1 1 352 684 685 2219
4198 4 2 1 1 1574 1456 1908 2198
4199 4 2 1 1 1493 1858 1431 2203
4200 4 2 1 1 1426 1841 1594 1948
4201 4 2 1 1 1617 1811 1467 1875
4202 4 2 1 1 992 2126 1527 2169
4203 4 2 1 1 805 1649 802 2009
4204 4 2 1 1 1703 2005 1796 2299
4205 4 2 1 1 1429 1538 1732 1786
4206 4 2 1 1 1486 1954 1659 1991
4207 4 2 1 1 1484 1389 1884 2293
4208 4 2 1 1 1550 1930 1532 2131
4209 4 2 1 1 730 1667 1753 2107
4210 4 2 1 1 1410 1716 1506 1854
4211 4 2 1 1 989 1847 869 2038
4212 4 2 1 1 1501 1383 1685 2223
4213 4 2 1 1 1751 1942 1416 2242
4214 4 2 1 1 1114 2134 1978 2271
4215 4 2 1 1 1508 1860 1378 2056
4216 4 2 1 1 1392 1637 1603 1892
4217 4 2 1 1 1709 2101 1892 2108
4218 4 2 1 1 1550 1677 1850 2208
4219 4 2 1 1 1494 1767 1528 2083
4220 4 2 1 1 1626 1911 1487 2030
4221 4 2 1 1 455 1745 1503 1937
4222 4 2 1 1 1704 1871 1544 2276
4223 4 2 1 1 1484 1389 1653 1884
4224 4 2 1 1 1402 1622 1521 2017
4225 4 2 1 1 1521 1622 1520 2017
4226 4 2 1 1 1016 1553 255 1794
4227 4 2 1 1 1544 1684 1370 1955
4228 4 2 1 1 1576 1615 1445 1954
4229 4 2 1 1 1445 1615 1576 1890
4230 4 2 1 1 1508 1765 779 1878
4231 4 2 1 1 699 1515 700 1810
4232 4 2 1 1 1164 1165 1570 1857
4233 4 2 1 1 1659 1954 1486 2296
4234 4 2 1 1 1811 1875 1617 2344
4235 4 2 1 1 1410 1716 1854 2211
4236 4 2 1 1 1012 1311 652 1779
4237 4 2 1 1 766 1619 1652 2043
4238 4 2 1 1 1136 1988 1226 2290
4239 4 2 1 1 1481 1388 1633 2165
4240 4 2 1 1 1510 1416 1631 2041
4241 4 2 1 1 1391 1484 1918 2293
4242 4 2 1 1 1123 1258 1257 1633
4243 4 2 1 1 1494 1656 1453 2034
4244 4 2 1 1 904 379 1784 2125
4245 4 2 1 1 1336 1599 1120 1739
4246 4 2 1 1 1489 1555 2164 2223
4247 4 2 1 1 1050 1653 1087 1714
4248 4 2 1 1 1370 1704 1544 1955
4249 4 2 1 1 1368 1620 1560 2088
4250 4 2 1 1 260 1795 1483 2216
4251 4 2 1 1 260 1752 1483 1795
4252 4 2 1 1 1255 1969 1622 2326
4253 4 2 1 1 1598 1760 823 2126
4254 4 2 1 1 1546 1698 1411 1775
4255 4 2 1 1 1479 2052 1558 2066
4256 4 2 1 1 1228 1136 1226 2290
4257 4 2 1 1 950 944 1491 2125
4258 4 2 1 1 729 1679 1512 2081
4259 4 2 1 1 746 872 908 1607
4260 4 2 1 1 1468 1772 1842 1902
4261 4 2 1 1 1614 1739 1119 2314
4262 4 2 1 1 381 667 369 1613
4263 4 2 1 1 1440 1550 1833 1930
4264 4 2 1 1 1680 1366 2047 2259
4265 4 2 1 1 337 2061 390 2241
4266 4 2 1 1 1177 1185 1335 1681
4267 4 2 1 1 917 234 668 1746
4268 4 2 1 1 1436 1609 1947 2278
4269 4 2 1 1 1530 1929 1671 2007
4270 4 2 1 1 1308 1832 1152 2127
4271 4 2 1 1 1531 1866 1757 1874
4272 4 2 1 1 182 266 1036 2256
4273 4 2 1 1 1582 1393 1732 1984
4274 4 2 1 1 832 1782 1979 2263
4275 4 2 1 1 1383 1620 1718 1774
4276 4 2 1 1 1415 1656 1592 1859
4277 4 2 1 1 726 1522 2045 2107
4278 4 2 1 1 1393 1576 1890 2158
4279 4 2 1 1 1515 2047 1366 2259
4280 4 2 1 1 1464 1831 1542 2261
4281 4 2 1 1 1561 1893 1422 2287
4282 4 2 1 1 1890 2022 1662 2158
4283 4 2 1 1 1769 1829 1455 2213
4284 4 2 1 1 1411 1861 1546 2085
4285 4 2 1 1 1578 2064 1814 2113
4286 4 2 1 1 1296 1942 1631 2211
4287 4 2 1 1 1455 1769 1826 2004
4288 4 2 1 1 1199 1197 1325 1747
4289 4 2 1 1 1564 1408 1881 2168
4290 4 2 1 1 1681 1177 1992 2129
4291 4 2 1 1 1793 1809 1669 2215
4292 4 2 1 1 1419 1827 1491 2295
4293 4 2 1 1 599 1944 1685 2003
4294 4 2 1 1 1555 1813 1383 2188
4295 4 2 1 1 787 815 1698 1964
4296 4 2 1 1 1425 1748 1594 2177
4297 4 2 1 1 1892 2101 1603 2108
4298 4 2 1 1 1583 596 1915 2174
4299 4 2 1 1 1497 764 1919 2354
4300 4 2 1 1 368 1609 1020 2278
4301 4 2 1 1 1424 1625 1545 1766
4302 4 2 1 1 322 334 1495 2226
4303 4 2 1 1 1451 1660 1606 1859
4304 4 2 1 1 333 1703 1613 1963
4305 4 2 1 1 1474 1958 1670 1965
4306 4 2 1 1 1458 1853 1540 1864
4307 4 2 1 1 1448 1729 1530 1736
4308 4 2 1 1 1700 1791 1469 2093
4309 4 2 1 1 1459 1674 2032 2157
4310 4 2 1 1 433 435 1701 1965
4311 4 2 1 1 313 1547 314 1827
4312 4 2 1 1 823 916 1760 1959
4313 4 2 1 1 1452 1720 1624 2098
4314 4 2 1 1 1707 1803 971 2060
4315 4 2 1 1 1569 1894 1987 2318
4316 4 2 1 1 377 380 1770 1827
4317 4 2 1 1 1219 1763 1483 2216
4318 4 2 1 1 1529 1566 1386 1924
4319 4 2 1 1 1411 1546 1775 2085
4320 4 2 1 1 1386 1566 1529 2091
4321 4 2 1 1 1506 1854 1716 1978
4322 4 2 1 1 439 2015 1818 2186
4323 4 2 1 1 1548 1623 1402 1969
4324 4 2 1 1 1371 1968 1550 2013
4325 4 2 1 1 568 1688 570 2008
4326 4 2 1 1 1411 1775 1698 2085
4327 4 2 1 1 1369 1755 1496 1951
4328 4 2 1 1 1552 1477 1926 2319
4329 4 2 1 1 1177 1174 1739 2129
4330 4 2 1 1 993 626 664 1601
4331 4 2 1 1 1498 2062 1965 2248
4332 4 2 1 1 1043 1042 1044 1536
4333 4 2 1 1 1508 1398 1743 1925
4334 4 2 1 1 1576 2022 1890 2158
4335 4 2 1 1 1366 1545 1766 2051
4336 4 2 1 1 1797 1948 1764 2117
4337 4 2 1 1 1622 1938 1521 2154
4338 4 2 1 1 1421 1597 1527 2169
4339 4 2 1 1 1555 1774 1436 2031
4340 4 2 1 1 335 316 378 1725
4341 4 2 1 1 1459 1589 2032 2190
4342 4 2 1 1 469 1663 1701 2170
4343 4 2 1 1 1053 1052 1054 2035
4344 4 2 1 1 1470 1576 1573 2094
4345 4 2 1 1 1009 1816 1733 2189
4346 4 2 1 1 1646 1755 1640 2108
4347 4 2 1 1 777 759 778 1508
4348 4 2 1 1 844 841 1849 2299
4349 4 2 1 1 1441 2282 1705 2342
4350 4 2 1 1 1490 1712 1520 1840
4351 4 2 1 1 1421 1527 2126 2169
4352 4 2 1 1 1529 1763 1920 2091
4353 4 2 1 1 1606 1859 1660 2265
4354 4 2 1 1 1487 1417 1668 2030
4355 4 2 1 1 320 322 334 1495
4356 4 2 1 1 1406 1904 1642 1933
4357 4 2 1 1 1253 1342 1160 1664
4358 4 2 1 1 716 768 928 1538
4359 4 2 1 1 1525 1791 1303 1821
4360 4 2 1 1 1255 1622 507 2326
4361 4 2 1 1 1582 1732 1393 2158
4362 4 2 1 1 1294 1556 1152 1832
4363 4 2 1 1 1380 1532 1930 2131
4364 4 2 1 1 1303 1525 1167 1791
4365 4 2 1 1 1376 1490 2195 2327
4366 4 2 1 1 1114 1103 1978 2134
4367 4 2 1 1 1547 1631 336 1905
4368 4 2 1 1 506 1661 504 2062
4369 4 2 1 1 1125 1490 1819 1998
4370 4 2 1 1 768 1538 716 1879
4371 4 2 1 1 1387 1513 1611 2069
4372 4 2 1 1 1209 1183 1641 2093
4373 4 2 1 1 939 1740 1482 1901
4374 4 2 1 1 1947 1971 1609 2229
4375 4 2 1 1 1651 231 1856 2002
4376 4 2 1 1 433 1498 434 1965
4377 4 2 1 1 1510 1631 1547 2041
4378 4 2 1 1 1548 1694 2155 2308
4379 4 2 1 1 1665 1826 1414 2004
4380 4 2 1 1 1478 1917 1557 2136
4381 4 2 1 1 1554 1846 1276 1928
4382 4 2 1 1 1300 1609 1236 1710
4383 4 2 1 1 904 379 370 1784
4384 4 2 1 1 171 1588 259 1681
4385 4 2 1 1 1386 1654 1483 1720
4386 4 2 1 1 863 691 748 2005
4387 4 2 1 1 1434 1487 1651 1856
4388 4 2 1 1 1477 1750 1476 1801
4389 4 2 1 1 439 1644 2015 2186
4390 4 2 1 1 944 1784 1491 2125
4391 4 2 1 1 805 953 1742 2009
4392 4 2 1 1 1528 1588 1494 2161
4393 4 2 1 1 1538 1732 1786 1945
4394 4 2 1 1 1380 1930 1550 2131
4395 4 2 1 1 1503 1745 1423 1755
4396 4 2 1 1 1553 1587 1454 2118
4397 4 2 1 1 1592 1457 1825 2214
4398 4 2 1 1 463 1899 1598 2169
4399 4 2 1 1 841 843 844 1939
4400 4 2 1 1 1554 1674 1134 1880
4401 4 2 1 1 586 1501 600 2003
4402 4 2 1 1 1370 1917 1548 1955
4403 4 2 1 1 961 1598 992 2169
4404 4 2 1 1 1428 1775 1587 1787
4405 4 2 1 1 441 442 1818 2015
4406 4 2 1 1 1385 1589 1530 2032
4407 4 2 1 1 322 1495 320 1910
4408 4 2 1 1 1588 1767 1494 2290
4409 4 2 1 1 831 1733 1009 1816
4410 4 2 1 1 568 570 1688 2320
4411 4 2 1 1 229 1737 2019 2321
4412 4 2 1 1 1540 1721 948 1927
4413 4 2 1 1 187 867 1651 2244
4414 4 2 1 1 1416 1905 1751 2242
4415 4 2 1 1 257 661 1782 1979
4416 4 2 1 1 827 1816 1009 2189
4417 4 2 1 1 1414 1803 1621 2147
4418 4 2 1 1 375 660 1676 1734
4419 4 2 1 1 1651 1847 231 2002
4420 4 2 1 1 1383 1620 1774 2031
4421 4 2 1 1 1385 1775 1587 1861
4422 4 2 1 1 1368 1560 1966 2066
4423 4 2 1 1 1447 1850 1617 2353
4424 4 2 1 1 1191 1130 1192 1678
4425 4 2 1 1 1553 1568 1385 2233
4426 4 2 1 1 1068 1107 1261 1858
4427 4 2 1 1 1551 1947 328 1963
4428 4 2 1 1 1551 1971 1947 2229
4429 4 2 1 1 322 1495 1683 2226
4430 4 2 1 1 1051 1052 2055 2184
4431 4 2 1 1 1531 1687 757 1768
4432 4 2 1 1 1366 1662 1545 1902
4433 4 2 1 1 1386 1856 1627 1920
4434 4 2 1 1 1740 2160 1500 2286
4435 4 2 1 1 1609 1724 1300 2180
4436 4 2 1 1 1617 1673 1447 2339
4437 4 2 1 1 1524 1445 2094 2284
4438 4 2 1 1 1406 1518 1785 1904
4439 4 2 1 1 815 826 1698 1964
4440 4 2 1 1 1448 1634 1534 2157
4441 4 2 1 1 1803 1896 851 2133
4442 4 2 1 1 1384 1700 1641 1801
4443 4 2 1 1 1364 1552 1869 1934
4444 4 2 1 1 1491 1784 335 2125
4445 4 2 1 1 1389 1653 1492 1714
4446 4 2 1 1 1417 1487 1911 2030
4447 4 2 1 1 1291 1154 1299 1854
4448 4 2 1 1 864 1613 920 1703
4449 4 2 1 1 1255 488 507 1622
4450 4 2 1 1 1648 2041 1416 2042
4451 4 2 1 1 1528 1669 1459 2201
4452 4 2 1 1 676 904 370 1784
4453 4 2 1 1 1389 1484 1653 1832
4454 4 2 1 1 1377 1656 1494 2034
4455 4 2 1 1 1544 1955 1704 2276
4456 4 2 1 1 1780 1808 1408 2044
4457 4 2 1 1 1764 1797 1522 1948
4458 4 2 1 1 1754 2240 1790 2305
4459 4 2 1 1 1488 2073 2000 2127
4460 4 2 1 1 1134 1674 1554 2111
4461 4 2 1 1 1517 1989 2301 2305
4462 4 2 1 1 1139 1599 1642 2314
4463 4 2 1 1 1114 1118 2134 2271
4464 4 2 1 1 1548 1402 1738 1969
4465 4 2 1 1 1390 1992 1588 2161
4466 4 2 1 1 1371 1790 1754 2240
4467 4 2 1 1 1441 1771 1618 2043
4468 4 2 1 1 1407 1680 1643 2068
4469 4 2 1 1 1594 1841 1367 1948
4470 4 2 1 1 380 1770 1827 2125
4471 4 2 1 1 354 353 403 1776
4472 4 2 1 1 720 728 926 2081
4473 4 2 1 1 494 1637 1959 2204
4474 4 2 1 1 1548 1855 1370 1955
4475 4 2 1 1 453 1937 465 2204
4476 4 2 1 1 1333 1767 1014 2290
4477 4 2 1 1 453 1612 452 1745
4478 4 2 1 1 1414 1519 1803 2147
4479 4 2 1 1 1061 1063 1802 1914
4480 4 2 1 1 1500 1728 1691 1891
4481 4 2 1 1 1822 1950 1560 2141
4482 4 2 1 1 1818 2015 1644 2186
4483 4 2 1 1 1475 1808 1780 2044
4484 4 2 1 1 1432 1857 1695 1940
4485 4 2 1 1 827 831 1009 1816
4486 4 2 1 1 1448 1530 1589 2032
4487 4 2 1 1 378 1784 1725 2116
4488 4 2 1 1 557 559 1844 2268
4489 4 2 1 1 1449 1579 1722 1815
4490 4 2 1 1 1398 1686 1743 2106
4491 4 2 1 1 1595 2042 1996 2122
4492 4 2 1 1 1541 1776 1039 2349
4493 4 2 1 1 1662 1890 1381 2022
4494 4 2 1 1 1528 1459 1767 2201
4495 4 2 1 1 1457 1836 1518 1961
4496 4 2 1 1 1397 1935 1812 2284
4497 4 2 1 1 328 1551 327 1947
4498 4 2 1 1 1503 1392 1638 1937
4499 4 2 1 1 1168 2153 1690 2245
4500 4 2 1 1 779 778 759 1508
4501 4 2 1 1 171 286 268 1681
4502 4 2 1 1 1648 1981 1437 2042
4503 4 2 1 1 700 1772 1810 2086
4504 4 2 1 1 1364 1552 1934 2318
4505 4 2 1 1 1408 1881 1753 1976
4506 4 2 1 1 1521 1899 1612 2154
4507 4 2 1 1 1545 1625 1456 1766
4508 4 2 1 1 1306 1302 1164 1499
4509 4 2 1 1 1900 2057 1439 2185
4510 4 2 1 1 1364 1987 1894 2318
4511 4 2 1 1 1471 1970 1910 2042
4512 4 2 1 1 295 1676 1784 2116
4513 4 2 1 1 1149 1169 1738 2308
4514 4 2 1 1 482 1029 1252 1664
4515 4 2 1 1 1714 1467 1936 2222
4516 4 2 1 1 1449 1579 1815 1950
4517 4 2 1 1 1386 1483 1627 1720
4518 4 2 1 1 816 1698 1546 2230
4519 4 2 1 1 381 1613 333 1703
4520 4 2 1 1 1579 1766 1424 2051
4521 4 2 1 1 1377 1494 1656 2083
4522 4 2 1 1 1375 1535 1780 1916
4523 4 2 1 1 907 1771 1618 2311
4524 4 2 1 1 1492 1653 1389 2068
4525 4 2 1 1 1617 1850 1401 2353
4526 4 2 1 1 1608 1996 1888 2042
4527 4 2 1 1 1550 1930 1726 1968
4528 4 2 1 1 1448 1589 1530 1973
4529 4 2 1 1 666 494 1637 1959
4530 4 2 1 1 1080 1518 1079 1858
4531 4 2 1 1 1829 2004 1418 2209
4532 4 2 1 1 963 1749 1769 2133
4533 4 2 1 1 1419 2053 1845 2333
4534 4 2 1 1 1563 1925 1422 2007
4535 4 2 1 1 1642 1933 1904 1961
4536 4 2 1 1 1415 1764 1797 2163
4537 4 2 1 1 436 489 1965 2186
4538 4 2 1 1 823 1760 1598 1959
4539 4 2 1 1 198 1628 1606 2321
4540 4 2 1 1 245 1546 225 1861
4541 4 2 1 1 935 660 374 1734
4542 4 2 1 1 623 1876 1502 2148
4543 4 2 1 1 1485 2146 1893 2287
4544 4 2 1 1 1573 1584 1405 2094
4545 4 2 1 1 921 620 659 1749
4546 4 2 1 1 1014 1767 1588 2290
4547 4 2 1 1 1452 1720 1654 2063
4548 4 2 1 1 1386 1627 1856 1911
4549 4 2 1 1 1680 1756 1389 1936
4550 4 2 1 1 1527 1887 1427 2119
4551 4 2 1 1 1489 2174 2164 2219
4552 4 2 1 1 819 1746 1581 2033
4553 4 2 1 1 1376 1820 1630 2280
4554 4 2 1 1 747 1497 763 2315
4555 4 2 1 1 1444 1855 1630 2017
4556 4 2 1 1 1695 1857 1246 2207
4557 4 2 1 1 1015 497 1233 1715
4558 4 2 1 1 1352 1208 1317 1700
4559 4 2 1 1 1210 1300 1724 2180
4560 4 2 1 1 1527 1597 1421 1757
4561 4 2 1 1 753 971 903 2052
4562 4 2 1 1 198 1606 1628 1956
4563 4 2 1 1 1379 1539 1581 2239
4564 4 2 1 1 1008 1504 1829 2213
4565 4 2 1 1 1388 1554 1928 2341
4566 4 2 1 1 1629 1461 1889 2259
4567 4 2 1 1 1547 1719 1410 2054
4568 4 2 1 1 1552 1665 1477 2319
4569 4 2 1 1 1611 1621 1412 1688
4570 4 2 1 1 1393 1811 1582 1908
4571 4 2 1 1 818 1782 1660 1919
4572 4 2 1 1 1130 1678 1191 1867
4573 4 2 1 1 1577 1920 1386 1924
4574 4 2 1 1 1402 1520 1622 2017
4575 4 2 1 1 1651 2244 680 2260
4576 4 2 1 1 1371 1480 1968 2079
4577 4 2 1 1 941 865 1713 2099
4578 4 2 1 1 1123 1276 1258 1846
4579 4 2 1 1 1904 1933 1518 1961
4580 4 2 1 1 1367 1841 2024 2117
4581 4 2 1 1 1125 1823 1490 1998
4582 4 2 1 1 1542 1799 1844 2059
4583 4 2 1 1 1679 1728 1405 1783
4584 4 2 1 1 1474 1686 1670 2140
4585 4 2 1 1 547 644 629 2082
4586 4 2 1 1 1529 1386 1920 1924
4587 4 2 1 1 1164 1570 1165 2271
4588 4 2 1 1 1378 1925 1508 2056
4589 4 2 1 1 184 1651 682 1847
4590 4 2 1 1 1177 1335 1334 1681
4591 4 2 1 1 1127 1168 1253 2153
4592 4 2 1 1 1536 1438 1678 2031
4593 4 2 1 1 1487 1856 1434 1911
4594 4 2 1 1 1224 1863 1589 1973
4595 4 2 1 1 949 898 948 2009
4596 4 2 1 1 1207 1320 1625 2055
4597 4 2 1 1 984 2244 1746 2260
4598 4 2 1 1 1752 1795 251 2267
4599 4 2 1 1 1290 1126 1570 1837
4600 4 2 1 1 1205 1207 1360 1926
4601 4 2 1 1 916 772 1760 2123
4602 4 2 1 1 618 609 641 2138
4603 4 2 1 1 1406 1642 1564 1933
4604 4 2 1 1 1568 1669 1459 1793
4605 4 2 1 1 1484 1918 1884 2088
4606 4 2 1 1 591 1939 1583 2027
4607 4 2 1 1 998 1008 739 1504
4608 4 2 1 1 475 476 515 1663
4609 4 2 1 1 1589 1674 1448 2032
4610 4 2 1 1 1453 1549 1841 2034
4611 4 2 1 1 1114 1118 1103 2134
4612 4 2 1 1 384 400 302 2082
4613 4 2 1 1 1422 1925 1804 2007
4614 4 2 1 1 988 1635 814 1741
4615 4 2 1 1 1395 1699 1557 1917
4616 4 2 1 1 1383 1585 1501 1685
4617 4 2 1 1 1337 1219 1176 1483
4618 4 2 1 1 1631 1416 1942 2242
4619 4 2 1 1 1512 1687 1398 2106
4620 4 2 1 1 969 1807 1509 1838
4621 4 2 1 1 949 948 1540 2009
4622 4 2 1 1 1391 1484 1724 1918
4623 4 2 1 1 1380 1550 1833 2131
4624 4 2 1 1 1366 1579 1680 2047
4625 4 2 1 1 448 1899 447 1938
4626 4 2 1 1 1912 1935 1729 1983
4627 4 2 1 1 1395 1498 2153 2248
4628 4 2 1 1 220 260 192 1752
4629 4 2 1 1 1435 1844 1799 2059
4630 4 2 1 1 1829 1869 1418 2004
4631 4 2 1 1 1400 1645 1551 1774
4632 4 2 1 1 1434 1581 1539 1746
4633 4 2 1 1 433 1498 1701 2173
4634 4 2 1 1 1392 1496 1638 1892
4635 4 2 1 1 658 961 992 2169
4636 4 2 1 1 1573 1405 1891 2094
4637 4 2 1 1 1603 1637 1392 2355
4638 4 2 1 1 798 1713 2099 2205
4639 4 2 1 1 448 1938 460 2154
4640 4 2 1 1 1385 1530 1736 2032
4641 4 2 1 1 1848 1864 1458 1951
4642 4 2 1 1 1392 1640 1755 2108
4643 4 2 1 1 1639 1848 1432 2329
4644 4 2 1 1 1512 1398 1743 2106
4645 4 2 1 1 1556 1488 1832 2183
4646 4 2 1 1 1592 1859 1656 2265
4647 4 2 1 1 270 1794 256 2233
4648 4 2 1 1 1599 1642 1457 2098
4649 4 2 1 1 1584 1891 1405 2094
4650 4 2 1 1 1563 1798 1422 1925
4651 4 2 1 1 918 1581 1746 2354
4652 4 2 1 1 1526 1853 1540 1962
4653 4 2 1 1 1468 1706 1810 2115
4654 4 2 1 1 337 1910 2061 2241
4655 4 2 1 1 1760 2123 772 2144
4656 4 2 1 1 1448 1736 1530 2032
4657 4 2 1 1 1393 1914 1615 1954
4658 4 2 1 1 1663 1873 238 2128
4659 4 2 1 1 377 1827 1770 1962
4660 4 2 1 1 1656 2083 1494 2161
4661 4 2 1 1 1622 1835 460 2154
4662 4 2 1 1 948 1927 1721 2255
4663 4 2 1 1 586 638 1501 1915
4664 4 2 1 1 393 341 1501 1915
4665 4 2 1 1 1414 1513 1803 2133
4666 4 2 1 1 307 311 1526 2329
4667 4 2 1 1 1683 1970 1910 2241
4668 4 2 1 1 1491 1713 1437 1784
4669 4 2 1 1 1548 1917 1485 1955
4670 4 2 1 1 1834 1870 932 1997
4671 4 2 1 1 1364 2058 1552 2318
4672 4 2 1 1 963 1769 1502 2283
4673 4 2 1 1 537 640 649 1824
4674 4 2 1 1 1641 1926 1505 2058
4675 4 2 1 1 766 785 787 1619
4676 4 2 1 1 1413 1870 1514 1889
4677 4 2 1 1 1596 1799 1696 1993
4678 4 2 1 1 1696 1993 1799 2130
4679 4 2 1 1 1459 1568 1793 2032
4680 4 2 1 1 1559 2101 1439 2196
4681 4 2 1 1 1012 1352 1311 1779
4682 4 2 1 1 1596 1696 1469 1993
4683 4 2 1 1 1696 1469 1993 2130
4684 4 2 1 1 375 374 660 1734
4685 4 2 1 1 1462 2300 1934 2318
4686 4 2 1 1 1300 1724 1609 1909
4687 4 2 1 1 1612 1637 1392 1937
4688 4 2 1 1 1669 1711 1411 1985
4689 4 2 1 1 1524 2094 1584 2284
4690 4 2 1 1 1430 1675 2064 2131
4691 4 2 1 1 315 314 313 1547
4692 4 2 1 1 1136 1880 1674 1988
4693 4 2 1 1 1597 1598 1421 1820
4694 4 2 1 1 1670 902 1958 2140
4695 4 2 1 1 1375 1780 1535 1881
4696 4 2 1 1 1212 1942 1296 2211
4697 4 2 1 1 1476 1688 1605 2324
4698 4 2 1 1 1626 1911 1417 2261
4699 4 2 1 1 451 452 453 1612
4700 4 2 1 1 1934 1552 2297 2318
4701 4 2 1 1 1371 1726 1754 2185
4702 4 2 1 1 1260 1138 1261 2194
4703 4 2 1 1 1480 1559 1968 2079
4704 4 2 1 1 1491 1827 1770 2125
4705 4 2 1 1 923 779 1743 2179
4706 4 2 1 1 327 328 326 1551
4707 4 2 1 1 354 353 1776 2188
4708 4 2 1 1 430 474 426 2139
4709 4 2 1 1 1708 1901 936 2196
4710 4 2 1 1 956 2018 1762 2187
4711 4 2 1 1 1531 1768 757 1887
4712 4 2 1 1 867 680 1651 2244
4713 4 2 1 1 403 1776 353 2349
4714 4 2 1 1 853 1769 1519 2133
4715 4 2 1 1 1693 1950 1479 2209
4716 4 2 1 1 1382 1602 1538 2266
4717 4 2 1 1 1607 1923 1523 2135
4718 4 2 1 1 256 255 1553 1794
4719 4 2 1 1 1654 1763 1219 2091
4720 4 2 1 1 1432 1639 1792 1848
4721 4 2 1 1 1798 1804 1422 1925
4722 4 2 1 1 1482 1708 1403 2079
4723 4 2 1 1 798 865 1713 2205
4724 4 2 1 1 474 1682 426 2139
4725 4 2 1 1 1793 1669 2083 2215
4726 4 2 1 1 1433 1691 1728 1783
4727 4 2 1 1 1600 1611 1387 1758
4728 4 2 1 1 1207 1926 1313 2055
4729 4 2 1 1 1592 1656 1415 2117
4730 4 2 1 1 380 1827 1491 2125
4731 4 2 1 1 423 482 432 1664
4732 4 2 1 1 263 1663 242 1682
4733 4 2 1 1 644 547 400 2082
4734 4 2 1 1 946 938 1777 2084
4735 4 2 1 1 1497 1797 1764 2163
4736 4 2 1 1 1436 1947 1830 2278
4737 4 2 1 1 1558 1865 694 2052
4738 4 2 1 1 1041 1130 1191 1867
4739 4 2 1 1 847 1601 848 1761
4740 4 2 1 1 1078 1821 1666 1904
4741 4 2 1 1 1740 1777 938 2084
4742 4 2 1 1 187 867 682 1651
4743 4 2 1 1 1657 1695 471 2272
4744 4 2 1 1 1400 1796 1718 2299
4745 4 2 1 1 1437 1725 1491 1784
4746 4 2 1 1 1409 1968 1532 2103
4747 4 2 1 1 1524 1954 1486 1991
4748 4 2 1 1 1288 1636 1819 2143
4749 4 2 1 1 1489 1703 1400 2299
4750 4 2 1 1 1406 1821 1696 2130
4751 4 2 1 1 998 860 1008 1504
4752 4 2 1 1 1064 1069 1070 1524
4753 4 2 1 1 1792 1848 1639 1883
4754 4 2 1 1 1515 1366 2016 2259
4755 4 2 1 1 1321 1015 1233 1715
4756 4 2 1 1 1643 1889 1680 2259
4757 4 2 1 1 227 1843 1711 1985
4758 4 2 1 1 1512 1687 731 2081
4759 4 2 1 1 610 1012 652 1533
4760 4 2 1 1 1958 1965 1474 2210
4761 4 2 1 1 621 623 1502 2148
4762 4 2 1 1 1352 1316 1208 1533
4763 4 2 1 1 307 1526 1853 2329
4764 4 2 1 1 795 1535 1807 1976
4765 4 2 1 1 1328 1016 1232 1553
4766 4 2 1 1 1591 1999 239 2128
4767 4 2 1 1 309 1731 1526 2152
4768 4 2 1 1 1204 1700 1208 1801
4769 4 2 1 1 747 1497 1797 1949
4770 4 2 1 1 1663 1682 1460 1932
4771 4 2 1 1 1116 1280 1690 1893
4772 4 2 1 1 1253 1160 1127 1537
4773 4 2 1 1 1553 1385 1587 2233
4774 4 2 1 1 1723 1828 1458 2255
4775 4 2 1 1 1406 2001 1821 2130
4776 4 2 1 1 1314 477 1245 1695
4777 4 2 1 1 1454 1587 1553 2124
4778 4 2 1 1 1553 1587 1385 2124
4779 4 2 1 1 841 686 2219 2299
4780 4 2 1 1 1454 1885 1787 2007
4781 4 2 1 1 791 983 764 1581
4782 4 2 1 1 1632 1823 1220 2134
4783 4 2 1 1 1729 1736 1448 1912
4784 4 2 1 1 1406 1696 2001 2130
4785 4 2 1 1 1751 1905 1416 2249
4786 4 2 1 1 680 2244 984 2260
4787 4 2 1 1 1537 1664 1460 2252
4788 4 2 1 1 1530 1736 1729 1983
4789 4 2 1 1 1484 2088 1884 2171
4790 4 2 1 1 1204 1641 1700 1801
4791 4 2 1 1 954 1753 1535 1976
4792 4 2 1 1 1482 1403 1708 1901
4793 4 2 1 1 481 1723 1883 2346
4794 4 2 1 1 462 531 1727 1818
4795 4 2 1 1 849 1707 848 2227
4796 4 2 1 1 1204 1641 1183 1700
4797 4 2 1 1 1399 2301 1989 2305
4798 4 2 1 1 1421 1757 1866 1874
4799 4 2 1 1 694 1558 692 1865
4800 4 2 1 1 1411 1546 1861 1985
4801 4 2 1 1 1686 2231 1768 2257
4802 4 2 1 1 1541 1830 340 2349
4803 4 2 1 1 1540 1721 1458 1864
4804 4 2 1 1 1923 1941 1523 2243
4805 4 2 1 1 981 824 1737 1782
4806 4 2 1 1 1876 2148 623 2323
4807 4 2 1 1 337 2061 1910 2249
4808 4 2 1 1 1538 1403 1732 1945
4809 4 2 1 1 1404 1702 1967 2172
4810 4 2 1 1 1394 2095 1616 2104
4811 4 2 1 1 1325 1104 2145 2150
4812 4 2 1 1 658 992 959 1527
4813 4 2 1 1 1492 1936 1680 2068
4814 4 2 1 1 1163 1631 1942 2242
4815 4 2 1 1 1416 1942 1751 1982
4816 4 2 1 1 1674 1973 1135 2190
4817 4 2 1 1 316 317 318 1725
4818 4 2 1 1 1300 1609 1710 1909
4819 4 2 1 1 1502 1876 623 2076
4820 4 2 1 1 1581 1746 1434 2033
4821 4 2 1 1 1385 1861 1568 2085
4822 4 2 1 1 623 621 1502 2076
4823 4 2 1 1 364 373 396 2242
4824 4 2 1 1 1542 1435 1799 2059
4825 4 2 1 1 680 1746 984 2244
4826 4 2 1 1 967 1772 700 2086
4827 4 2 1 1 1392 1637 1612 2355
4828 4 2 1 1 827 969 810 1807
4829 4 2 1 1 1539 2039 1752 2347
4830 4 2 1 1 1377 2034 1494 2083
4831 4 2 1 1 896 1784 1676 2099
4832 4 2 1 1 564 1605 582 2138
4833 4 2 1 1 458 503 464 2272
4834 4 2 1 1 261 1782 229 2321
4835 4 2 1 1 1424 1766 1722 2055
4836 4 2 1 1 1406 2001 1642 2220
4837 4 2 1 1 1536 1678 1438 2150
4838 4 2 1 1 887 731 729 1512
4839 4 2 1 1 1385 1530 1589 1863
4840 4 2 1 1 1511 1482 2175 2313
4841 4 2 1 1 971 1707 850 1803
4842 4 2 1 1 838 1892 807 2123
4843 4 2 1 1 798 1713 865 2099
4844 4 2 1 1 803 1531 757 1887
4845 4 2 1 1 1534 2157 1634 2328
4846 4 2 1 1 1451 1606 1528 2215
4847 4 2 1 1 334 1676 376 2116
4848 4 2 1 1 1452 1780 1564 2098
4849 4 2 1 1 219 256 1553 2233
4850 4 2 1 1 1706 2120 1562 2212
4851 4 2 1 1 1525 1452 1977 2001
4852 4 2 1 1 1592 2265 1656 2275
4853 4 2 1 1 1567 1591 1428 1860
4854 4 2 1 1 756 2120 1706 2212
4855 4 2 1 1 595 1583 596 1915
4856 4 2 1 1 753 694 1865 2052
4857 4 2 1 1 1704 1955 1855 2253
4858 4 2 1 1 1702 1816 828 2159
4859 4 2 1 1 1737 1919 824 2354
4860 4 2 1 1 1837 2134 1118 2271
4861 4 2 1 1 599 586 600 2003
4862 4 2 1 1 1499 1854 1898 2238
4863 4 2 1 1 596 1583 591 1730
4864 4 2 1 1 944 904 1784 2125
4865 4 2 1 1 1466 1601 1761 1986
4866 4 2 1 1 1636 1960 1565 2309
4867 4 2 1 1 1528 1606 1451 1980
4868 4 2 1 1 1276 1554 1134 1880
4869 4 2 1 1 1518 1858 1666 1904
4870 4 2 1 1 1308 1294 1152 1832
4871 4 2 1 1 560 562 618 1590
4872 4 2 1 1 1556 1909 1391 2225
4873 4 2 1 1 182 1763 276 2256
4874 4 2 1 1 1637 2123 1959 2204
4875 4 2 1 1 1529 1763 1216 2256
4876 4 2 1 1 1399 1788 1565 2095
4877 4 2 1 1 455 1937 1503 2298
4878 4 2 1 1 860 1504 998 1772
4879 4 2 1 1 1757 2020 1917 2119
4880 4 2 1 1 392 637 596 2174
4881 4 2 1 1 1414 2040 1513 2133
4882 4 2 1 1 1656 1377 2083 2161
4883 4 2 1 1 1954 1991 1524 2206
4884 4 2 1 1 1176 1219 1338 1654
4885 4 2 1 1 1496 1646 1409 1709
4886 4 2 1 1 1070 1064 1524 2046
4887 4 2 1 1 1392 1638 1637 1892
4888 4 2 1 1 1517 1989 1778 2301
4889 4 2 1 1 1705 1912 1634 1994
4890 4 2 1 1 1642 2089 1139 2112
4891 4 2 1 1 816 1546 976 2230
4892 4 2 1 1 1369 1526 1848 1864
4893 4 2 1 1 1581 1539 1746 2354
4894 4 2 1 1 963 1502 999 2283
4895 4 2 1 1 596 631 351 1730
4896 4 2 1 1 734 1629 697 1997
4897 4 2 1 1 954 1535 795 1976
4898 4 2 1 1 259 1681 1588 1956
4899 4 2 1 1 1644 1670 1427 2186
4900 4 2 1 1 562 618 1590 2138
4901 4 2 1 1 773 797 2084 2144
4902 4 2 1 1 757 1687 1531 2156
4903 4 2 1 1 1644 1965 1670 2186
4904 4 2 1 1 1224 1589 1137 1973
4905 4 2 1 1 1398 1512 1743 2182
4906 4 2 1 1 1406 1785 1569 1894
4907 4 2 1 1 1549 2023 1634 2034
4908 4 2 1 1 1308 1714 1832 2073
4909 4 2 1 1 1557 1917 1699 2136
4910 4 2 1 1 1538 1732 1403 1984
4911 4 2 1 1 1376 1630 2175 2280
4912 4 2 1 1 1408 1808 1753 1949
4913 4 2 1 1 1125 1712 1285 1819
4914 4 2 1 1 646 603 643 1566
4915 4 2 1 1 1564 1408 1780 1881
4916 4 2 1 1 626 1601 993 2110
4917 4 2 1 1 797 893 939 1852
4918 4 2 1 1 1757 1903 1597 2149
4919 4 2 1 1 1455 1519 1769 2004
4920 4 2 1 1 1391 1909 1724 2225
4921 4 2 1 1 1401 1833 1580 1850
4922 4 2 1 1 1674 1448 2032 2157
4923 4 2 1 1 1428 1591 1567 1999
4924 4 2 1 1 1737 1746 1539 2354
4925 4 2 1 1 1602 1877 912 2049
4926 4 2 1 1 1174 1336 1739 2162
4927 4 2 1 1 1535 1807 1509 1816
4928 4 2 1 1 1606 1980 1528 2294
4929 4 2 1 1 592 1847 1487 2350
4930 4 2 1 1 1456 1662 1890 2191
4931 4 2 1 1 1171 1907 1160 2139
4932 4 2 1 1 1078 1666 1072 1904
4933 4 2 1 1 1220 1837 1632 2134
4934 4 2 1 1 1506 2078 1898 2238
4935 4 2 1 1 1736 1912 1729 1983
4936 4 2 1 1 1473 1995 1944 2236
4937 4 2 1 1 933 932 1834 1870
4938 4 2 1 1 1039 1541 1830 1867
4939 4 2 1 1 1729 1912 1481 1935
4940 4 2 1 1 1601 2069 578 2227
4941 4 2 1 1 1564 1457 1642 2098
4942 4 2 1 1 559 558 557 1844
4943 4 2 1 1 1395 2153 1804 2248
4944 4 2 1 1 1388 1928 1633 2341
4945 4 2 1 1 1175 1177 1739 1992
4946 4 2 1 1 1454 1885 1932 2118
4947 4 2 1 1 641 610 652 1533
4948 4 2 1 1 426 1682 1315 2139
4949 4 2 1 1 1401 1996 1488 2000
4950 4 2 1 1 1360 1207 1351 1505
4951 4 2 1 1 1380 1833 1595 2131
4952 4 2 1 1 694 692 753 1865
4953 4 2 1 1 1399 1790 1572 2095
4954 4 2 1 1 1503 1745 1392 1937
4955 4 2 1 1 1683 1391 1970 2241
4956 4 2 1 1 748 1762 1516 1957
4957 4 2 1 1 1614 1656 1494 2161
4958 4 2 1 1 1247 1076 1090 1517
4959 4 2 1 1 1511 1482 1852 2084
4960 4 2 1 1 459 1715 1817 2036
4961 4 2 1 1 1575 1851 1431 1858
4962 4 2 1 1 1288 1819 1285 2143
4963 4 2 1 1 379 335 1784 2125
4964 4 2 1 1 1722 1926 1424 2055
4965 4 2 1 1 1793 2032 1568 2085
4966 4 2 1 1 1394 1740 1647 1777
4967 4 2 1 1 1492 1449 1722 2184
4968 4 2 1 1 922 1834 1655 2322
4969 4 2 1 1 739 1667 1504 1953
4970 4 2 1 1 1454 1885 1697 1932
4971 4 2 1 1 1376 1520 2017 2195
4972 4 2 1 1 1243 1759 1580 2353
4973 4 2 1 1 1510 2041 1547 2077
4974 4 2 1 1 1454 1932 1697 2118
4975 4 2 1 1 1255 507 1011 2326
4976 4 2 1 1 1681 1739 1463 2129
4977 4 2 1 1 334 376 320 2116
4978 4 2 1 1 1648 1725 317 1905
4979 4 2 1 1 1290 1165 1345 1570
4980 4 2 1 1 1507 2145 2141 2150
4981 4 2 1 1 922 928 1834 2322
4982 4 2 1 1 1481 1812 1935 2284
4983 4 2 1 1 1385 1775 1861 2085
4984 4 2 1 1 449 1899 1612 2204
4985 4 2 1 1 1830 1947 359 2278
4986 4 2 1 1 1415 1923 1607 2135
4987 4 2 1 1 646 603 1566 1824
4988 4 2 1 1 1304 1631 1019 1719
4989 4 2 1 1 1624 1977 1916 2261
4990 4 2 1 1 1272 1220 1823 2134
4991 4 2 1 1 764 763 747 1497
4992 4 2 1 1 1474 1958 1741 2140
4993 4 2 1 1 430 2139 1664 2173
4994 4 2 1 1 1529 1920 1577 1924
4995 4 2 1 1 1549 1656 1453 1825
4996 4 2 1 1 1457 1614 1836 1961
4997 4 2 1 1 1296 1163 1631 1942
4998 4 2 1 1 1455 2172 1596 2297
4999 4 2 1 1 1516 2048 1558 2071
5000 4 2 1 1 1558 2048 1472 2071
5001 4 2 1 1 1717 1750 1201 2217
5002 4 2 1 1 341 354 1501 2188
5003 4 2 1 1 1582 1811 1393 1984
5004 4 2 1 1 187 682 184 1651
5005 4 2 1 1 1555 1718 1383 2223
5006 4 2 1 1 1599 1642 1452 2089
5007 4 2 1 1 474 1682 2139 2173
5008 4 2 1 1 1569 1894 1785 1987
5009 4 2 1 1 170 275 263 1663
5010 4 2 1 1 1387 1761 1601 1986
5011 4 2 1 1 1404 1799 1590 1844
5012 4 2 1 1 837 1828 1638 2277
5013 4 2 1 1 1308 1283 1714 2073
5014 4 2 1 1 1045 1692 1536 2171
5015 4 2 1 1 399 513 1354 1695
5016 4 2 1 1 970 1670 812 2140
5017 4 2 1 1 325 1683 1971 1972
5018 4 2 1 1 600 586 638 1501
5019 4 2 1 1 363 406 336 1719
5020 4 2 1 1 557 625 559 2268
5021 4 2 1 1 1501 1813 1383 2223
5022 4 2 1 1 664 848 1601 2227
5023 4 2 1 1 1855 1955 1444 2253
5024 4 2 1 1 500 1965 1958 2210
5025 4 2 1 1 474 2139 430 2173
5026 4 2 1 1 907 925 1771 2311
5027 4 2 1 1 307 309 308 1962
5028 4 2 1 1 1447 1580 1850 2353
5029 4 2 1 1 1434 1539 1581 2348
5030 4 2 1 1 476 473 469 1663
5031 4 2 1 1 756 1562 2120 2212
5032 4 2 1 1 1545 1424 1766 2051
5033 4 2 1 1 746 1607 741 1797
5034 4 2 1 1 827 810 811 1816
5035 4 2 1 1 1096 1893 1084 2074
5036 4 2 1 1 1847 2002 1487 2350
5037 4 2 1 1 341 354 393 1501
5038 4 2 1 1 411 397 1710 1971
5039 4 2 1 1 1337 1483 2162 2216
5040 4 2 1 1 261 175 229 1782
5041 4 2 1 1 1673 1617 2193 2339
5042 4 2 1 1 1008 1504 860 1829
5043 4 2 1 1 1525 1821 1303 2220
5044 4 2 1 1 1412 1476 1717 2324
5045 4 2 1 1 1442 1495 1683 1744
5046 4 2 1 1 691 748 1516 1957
5047 4 2 1 1 816 1765 1698 2230
5048 4 2 1 1 1415 1607 1549 2135
5049 4 2 1 1 893 936 939 2196
5050 4 2 1 1 1436 1867 1541 2031
5051 4 2 1 1 1027 488 1255 1622
5052 4 2 1 1 1560 1950 1479 2066
5053 4 2 1 1 1729 1935 1561 1983
5054 4 2 1 1 411 1710 1609 1971
5055 4 2 1 1 1058 1802 1615 1914
5056 4 2 1 1 247 1553 2118 2233
5057 4 2 1 1 912 1602 768 1879
5058 4 2 1 1 364 1905 373 2242
5059 4 2 1 1 1516 1558 1957 2114
5060 4 2 1 1 823 916 774 1760
5061 4 2 1 1 1581 1808 791 2033
5062 4 2 1 1 1603 1892 1637 2123
5063 4 2 1 1 656 1672 1717 2008
5064 4 2 1 1 1771 1800 1549 2023
5065 4 2 1 1 1176 1654 2089 2162
5066 4 2 1 1 1285 1819 1712 2143
5067 4 2 1 1 1521 1622 1402 1938
5068 4 2 1 1 1203 1204 1202 1801
5069 4 2 1 1 1431 1785 1943 1987
5070 4 2 1 1 1373 1512 1783 2221
5071 4 2 1 1 453 465 451 2204
5072 4 2 1 1 1133 1520 1158 2289
5073 4 2 1 1 1145 1257 1946 2046
5074 4 2 1 1 1133 1712 1520 2289
5075 4 2 1 1 194 1627 190 1856
5076 4 2 1 1 1546 1861 1775 2085
5077 4 2 1 1 1120 1739 1599 2314
5078 4 2 1 1 2005 2018 1613 2151
5079 4 2 1 1 1398 1684 1544 1798
5080 4 2 1 1 327 338 1947 1971
5081 4 2 1 1 1058 1256 1615 1802
5082 4 2 1 1 969 1838 1509 2189
5083 4 2 1 1 1421 1598 1597 2169
5084 4 2 1 1 752 1906 1709 2258
5085 4 2 1 1 1409 1586 1726 1897
5086 4 2 1 1 1978 2134 1506 2271
5087 4 2 1 1 1328 172 1016 1553
5088 4 2 1 1 1471 1910 2061 2249
5089 4 2 1 1 1812 2206 1397 2284
5090 4 2 1 1 773 2084 1511 2144
5091 4 2 1 1 715 1728 720 2160
5092 4 2 1 1 599 1685 1944 2306
5093 4 2 1 1 1390 1656 2265 2275
5094 4 2 1 1 873 1698 816 1765
5095 4 2 1 1 1494 1988 1767 2083
5096 4 2 1 1 988 1741 675 1958
5097 4 2 1 1 1828 1638 2277 2298
5098 4 2 1 1 1409 1532 1906 2103
5099 4 2 1 1 592 2002 1847 2350
5100 4 2 1 1 828 1816 1702 1967
5101 4 2 1 1 1647 1740 1394 2084
5102 4 2 1 1 1314 427 477 1695
5103 4 2 1 1 1525 1167 1791 2065
5104 4 2 1 1 1757 1917 1370 2119
5105 4 2 1 1 1476 1412 1717 1750
5106 4 2 1 1 599 1944 585 2306
5107 4 2 1 1 1378 1860 1787 2056
5108 4 2 1 1 1776 2188 353 2349
5109 4 2 1 1 198 1681 1628 2267
5110 4 2 1 1 1176 1337 1483 2162
5111 4 2 1 1 344 1872 1940 2329
5112 4 2 1 1 591 1730 1583 1939
5113 4 2 1 1 1653 2171 1884 2338
5114 4 2 1 1 1208 1533 1316 2105
5115 4 2 1 1 1135 1973 1674 2111
5116 4 2 1 1 1200 1201 1750 2105
5117 4 2 1 1 1276 1846 1554 1880
5118 4 2 1 1 1063 1061 1062 1914
5119 4 2 1 1 1629 1643 1413 2114
5120 4 2 1 1 1750 2105 1201 2217
5121 4 2 1 1 961 992 1598 2126
5122 4 2 1 1 1426 1594 1841 2087
5123 4 2 1 1 1385 1787 1563 2124
5124 4 2 1 1 198 1628 1681 1956
5125 4 2 1 1 875 1941 877 2263
5126 4 2 1 1 1424 1722 1579 1815
5127 4 2 1 1 421 504 506 1661
5128 4 2 1 1 1519 1414 1803 2133
5129 4 2 1 1 179 1546 245 1868
5130 4 2 1 1 1390 1656 1614 2161
5131 4 2 1 1 227 248 1843 1985
5132 4 2 1 1 1391 1645 1610 2293
5133 4 2 1 1 1471 2061 1910 2241
5134 4 2 1 1 1058 1061 1802 1914
5135 4 2 1 1 1423 1570 1837 2102
5136 4 2 1 1 309 1731 308 1962
5137 4 2 1 1 1475 1911 1650 1975
5138 4 2 1 1 1385 1587 1787 2124
5139 4 2 1 1 1419 1742 2053 2333
5140 4 2 1 1 1434 2033 1746 2260
5141 4 2 1 1 1064 1069 1524 2050
5142 4 2 1 1 1754 1517 2240 2305
5143 4 2 1 1 1399 1572 1790 2305
5144 4 2 1 1 1259 1846 1836 2194
5145 4 2 1 1 1452 1624 1720 2063
5146 4 2 1 1 1452 1642 1599 2098
5147 4 2 1 1 1375 1542 1781 1799
5148 4 2 1 1 1539 1737 264 1746
5149 4 2 1 1 1145 2046 1946 2096
5150 4 2 1 1 693 1558 1957 2048
5151 4 2 1 1 1558 1629 1407 2052
5152 4 2 1 1 1502 2148 1876 2323
5153 4 2 1 1 1691 1728 1500 2269
5154 4 2 1 1 1599 2089 1452 2142
5155 4 2 1 1 827 1509 1816 2189
5156 4 2 1 1 1567 1932 1885 2118
5157 4 2 1 1 1248 1288 1636 1819
5158 4 2 1 1 179 663 1546 1868
5159 4 2 1 1 1426 1549 1800 1841
5160 4 2 1 1 525 959 418 1527
5161 4 2 1 1 230 194 190 1856
5162 4 2 1 1 729 1512 731 2081
5163 4 2 1 1 669 1010 1670 1727
5164 4 2 1 1 637 1915 596 2174
5165 4 2 1 1 1520 1840 1132 2264
5166 4 2 1 1 1539 1746 264 1990
5167 4 2 1 1 1433 1728 1691 2269
5168 4 2 1 1 582 564 566 1605
5169 4 2 1 1 1559 1709 1439 2101
5170 4 2 1 1 1592 2214 1497 2239
5171 4 2 1 1 734 1870 1629 1997
5172 4 2 1 1 1524 2206 1812 2284
5173 4 2 1 1 1384 1665 1605 2351
5174 4 2 1 1 1564 1642 1406 2001
5175 4 2 1 1 1696 1894 1569 2318
5176 4 2 1 1 1431 1748 1785 1987
5177 4 2 1 1 491 501 443 2169
5178 4 2 1 1 1482 1852 1900 2313
5179 4 2 1 1 1517 1819 1989 2305
5180 4 2 1 1 1290 1657 1345 1817
5181 4 2 1 1 1050 1714 1282 2090
5182 4 2 1 1 1580 1401 1850 2353
5183 4 2 1 1 1153 2127 1556 2200
5184 4 2 1 1 1555 1383 1813 2223
5185 4 2 1 1 1366 1902 1545 2051
5186 4 2 1 1 1502 1967 999 2283
5187 4 2 1 1 1441 1705 1634 1994
5188 4 2 1 1 578 1601 573 2069
5189 4 2 1 1 1416 1982 1751 2042
5190 4 2 1 1 1525 1806 1144 2065
5191 4 2 1 1 1612 1899 1521 2037
5192 4 2 1 1 1509 2192 1844 2268
5193 4 2 1 1 1772 1902 1810 2086
5194 4 2 1 1 1745 1755 1392 2014
5195 4 2 1 1 1456 1625 1545 2191
5196 4 2 1 1 1548 1478 1623 2136
5197 4 2 1 1 1413 1629 1870 1889
5198 4 2 1 1 1495 1372 1981 2042
5199 4 2 1 1 1545 1748 1662 2191
5200 4 2 1 1 756 881 1706 2120
5201 4 2 1 1 1224 1530 1863 1973
5202 4 2 1 1 853 1519 856 2316
5203 4 2 1 1 740 1522 726 1949
5204 4 2 1 1 1519 2004 1829 2209
5205 4 2 1 1 1501 1585 1541 1776
5206 4 2 1 1 1435 1590 1844 2059
5207 4 2 1 1 1592 1825 1656 2117
5208 4 2 1 1 224 239 1591 1999
5209 4 2 1 1 1503 1883 1828 1951
5210 4 2 1 1 771 898 1649 1721
5211 4 2 1 1 592 1487 2030 2350
5212 4 2 1 1 297 679 1927 2330
5213 4 2 1 1 530 1670 901 1958
5214 4 2 1 1 356 1703 333 1963
5215 4 2 1 1 1433 1871 1704 2276
5216 4 2 1 1 1637 2204 1612 2355
5217 4 2 1 1 1365 1665 1621 2147
5218 4 2 1 1 933 1870 1834 2274
5219 4 2 1 1 587 584 643 1924
5220 4 2 1 1 1481 1935 1584 2284
5221 4 2 1 1 480 1723 425 1828
5222 4 2 1 1 288 1639 413 1872
5223 4 2 1 1 1662 1908 1890 2158
5224 4 2 1 1 603 643 1566 2109
5225 4 2 1 1 1544 1684 1485 2146
5226 4 2 1 1 1569 1696 1406 1894
5227 4 2 1 1 1593 2132 1891 2286
5228 4 2 1 1 1478 1917 1757 2020
5229 4 2 1 1 1440 1510 1833 2067
5230 4 2 1 1 1620 1966 1560 2178
5231 4 2 1 1 435 1701 1965 2210
5232 4 2 1 1 718 1773 1667 2045
5233 4 2 1 1 1409 1646 1496 2012
5234 4 2 1 1 1453 1880 1494 2034
5235 4 2 1 1 969 1509 827 2189
5236 4 2 1 1 1115 1105 1096 2155
5237 4 2 1 1 1584 1397 2206 2284
5238 4 2 1 1 1034 1682 181 1697
5239 4 2 1 1 547 302 400 2082
5240 4 2 1 1 1457 1739 1614 2314
5241 4 2 1 1 1492 2090 1714 2184
5242 4 2 1 1 1096 1485 2074 2155
5243 4 2 1 1 1400 1551 1645 2151
5244 4 2 1 1 1426 1841 1800 2087
5245 4 2 1 1 798 2099 1675 2205
5246 4 2 1 1 1371 1726 1968 2013
5247 4 2 1 1 764 1581 983 2354
5248 4 2 1 1 1454 2007 1787 2124
5249 4 2 1 1 1682 1697 1460 1932
5250 4 2 1 1 1177 1681 1334 2129
5251 4 2 1 1 1405 1691 1584 1783
5252 4 2 1 1 1174 1336 1120 1739
5253 4 2 1 1 1669 1793 1411 1809
5254 4 2 1 1 573 1601 578 2335
5255 4 2 1 1 749 1532 769 1877
5256 4 2 1 1 1715 1745 1423 2036
5257 4 2 1 1 847 848 846 1761
5258 4 2 1 1 1488 1996 1608 2000
5259 4 2 1 1 1536 1436 1918 2031
5260 4 2 1 1 1633 1946 1257 2046
5261 4 2 1 1 1436 1947 1609 2229
5262 4 2 1 1 1471 1751 1982 2042
5263 4 2 1 1 872 877 786 1523
5264 4 2 1 1 661 982 257 1782
5265 4 2 1 1 1099 1614 1098 1836
5266 4 2 1 1 1647 1777 1740 2084
5267 4 2 1 1 1513 2040 1896 2133
5268 4 2 1 1 1459 1669 1528 2083
5269 4 2 1 1 1746 2033 819 2260
5270 4 2 1 1 1039 1830 1541 2349
5271 4 2 1 1 1607 1797 746 1923
5272 4 2 1 1 473 1663 476 2173
5273 4 2 1 1 1388 1634 1705 1912
5274 4 2 1 1 1243 1109 1759 2353
5275 4 2 1 1 1058 1061 1256 1802
5276 4 2 1 1 1471 1910 1970 2241
5277 4 2 1 1 1402 1622 1520 2289
5278 4 2 1 1 890 1808 790 1949
5279 4 2 1 1 1357 1507 1325 2145
5280 4 2 1 1 1489 1730 2174 2219
5281 4 2 1 1 1093 1836 1518 2194
5282 4 2 1 1 1153 1152 1556 2127
5283 4 2 1 1 816 815 826 1698
5284 4 2 1 1 325 324 1683 1972
5285 4 2 1 1 1773 2045 713 2212
5286 4 2 1 1 1603 807 1892 2123
5287 4 2 1 1 1019 1295 387 1631
5288 4 2 1 1 926 1777 2081 2156
5289 4 2 1 1 1201 1717 1348 1750
5290 4 2 1 1 1437 1675 1713 2131
5291 4 2 1 1 1952 2123 1760 2144
5292 4 2 1 1 411 366 1609 1710
5293 4 2 1 1 1373 1736 1912 1994
5294 4 2 1 1 1589 1553 1863 2291
5295 4 2 1 1 1578 1514 2064 2113
5296 4 2 1 1 475 263 186 1682
5297 4 2 1 1 1531 1874 1757 2119
5298 4 2 1 1 1679 1728 721 2279
5299 4 2 1 1 1132 1158 1133 1520
5300 4 2 1 1 1456 1890 1662 1908
5301 4 2 1 1 1550 1850 1371 2013
5302 4 2 1 1 990 425 943 1723
5303 4 2 1 1 1554 1634 1448 2157
5304 4 2 1 1 915 890 790 1949
5305 4 2 1 1 700 1810 1515 2086
5306 4 2 1 1 1496 1951 1864 2012
5307 4 2 1 1 1607 1771 1523 1923
5308 4 2 1 1 1416 1631 1905 2242
5309 4 2 1 1 1224 1173 1589 1863
5310 4 2 1 1 771 1721 2258 2285
5311 4 2 1 1 251 1752 260 1795
5312 4 2 1 1 1571 1781 1542 2059
5313 4 2 1 1 1446 2179 1652 2182
5314 4 2 1 1 1503 1951 1828 2298
5315 4 2 1 1 1374 1891 2132 2286
5316 4 2 1 1 1528 2083 1669 2215
5317 4 2 1 1 795 1535 810 1807
5318 4 2 1 1 1524 1445 1954 2094
5319 4 2 1 1 1774 1918 1436 2031
5320 4 2 1 1 1629 1413 1957 2114
5321 4 2 1 1 1325 1357 1199 1507
5322 4 2 1 1 903 2052 971 2060
5323 4 2 1 1 1556 1832 1488 2127
5324 4 2 1 1 316 378 1725 2116
5325 4 2 1 1 1220 1118 1837 2134
5326 4 2 1 1 419 498 1312 1623
5327 4 2 1 1 368 411 366 1609
5328 4 2 1 1 1090 1517 1076 2307
5329 4 2 1 1 1291 1716 1154 1854
5330 4 2 1 1 436 1965 1644 2186
5331 4 2 1 1 1384 1605 1665 1826
5332 4 2 1 1 1396 1646 1640 2057
5333 4 2 1 1 1326 1034 181 1697
5334 4 2 1 1 242 1682 1663 1932
5335 4 2 1 1 1608 1982 1416 2042
5336 4 2 1 1 198 216 1681 2267
5337 4 2 1 1 1586 1897 1409 2012
5338 4 2 1 1 270 1794 1568 2201
5339 4 2 1 1 551 1668 1838 2030
5340 4 2 1 1 1093 1518 1080 2194
5341 4 2 1 1 1373 1783 1512 2342
5342 4 2 1 1 1421 2126 1598 2169
5343 4 2 1 1 1079 1080 1093 1518
5344 4 2 1 1 726 1522 740 2273
5345 4 2 1 1 942 836 1723 2255
5346 4 2 1 1 1754 1823 1658 1998
5347 4 2 1 1 771 1721 1649 2258
5348 4 2 1 1 805 788 802 1649
5349 4 2 1 1 1499 1410 1913 2152
5350 4 2 1 1 1442 1683 1495 2226
5351 4 2 1 1 1366 1766 1579 2051
5352 4 2 1 1 1479 1558 1966 2066
5353 4 2 1 1 809 778 1635 2140
5354 4 2 1 1 257 180 661 1979
5355 4 2 1 1 471 1657 477 1695
5356 4 2 1 1 1478 1548 1917 2136
5357 4 2 1 1 1535 1753 954 2159
5358 4 2 1 1 1407 1629 1643 2259
5359 4 2 1 1 384 1037 1356 1776
5360 4 2 1 1 1755 1848 1503 1951
5361 4 2 1 1 1597 1757 1527 1818
5362 4 2 1 1 1448 1674 1589 1973
5363 4 2 1 1 1546 1843 225 1985
5364 4 2 1 1 1405 1584 1691 1891
5365 4 2 1 1 439 441 1818 2015
5366 4 2 1 1 698 1921 1693 2086
5367 4 2 1 1 1828 1951 1638 2298
5368 4 2 1 1 1224 1173 1137 1589
5369 4 2 1 1 535 641 652 1779
5370 4 2 1 1 1379 1497 2214 2239
5371 4 2 1 1 934 1652 787 2179
5372 4 2 1 1 340 409 1830 1947
5373 4 2 1 1 1503 1755 1423 2181
5374 4 2 1 1 1736 2182 1563 2356
5375 4 2 1 1 297 679 895 1927
5376 4 2 1 1 437 433 435 1701
5377 4 2 1 1 646 1566 643 2228
5378 4 2 1 1 346 2174 1730 2219
5379 4 2 1 1 1482 1901 1708 2196
5380 4 2 1 1 1900 1968 1559 2079
5381 4 2 1 1 1528 1606 1956 2161
5382 4 2 1 1 1403 1790 1616 2079
5383 4 2 1 1 1518 1933 1457 1961
5384 4 2 1 1 999 1502 963 2076
5385 4 2 1 1 1595 1416 2041 2042
5386 4 2 1 1 669 901 530 1670
5387 4 2 1 1 923 779 759 1743
5388 4 2 1 1 191 1990 1752 2347
5389 4 2 1 1 1210 1724 1300 1909
5390 4 2 1 1 1414 1665 1605 1826
5391 4 2 1 1 1491 1713 1742 2333
5392 4 2 1 1 347 1853 1723 2346
5393 4 2 1 1 1637 1937 1612 2204
5394 4 2 1 1 663 1546 826 1843
5395 4 2 1 1 1510 1631 1416 1942
5396 4 2 1 1 631 546 1003 1730
5397 4 2 1 1 1363 1011 1969 2326
5398 4 2 1 1 1426 1607 1549 1948
5399 4 2 1 1 190 1856 1627 1990
5400 4 2 1 1 1572 2175 1482 2313
5401 4 2 1 1 1526 1962 1864 2251
5402 4 2 1 1 1448 1634 1554 1912
5403 4 2 1 1 1403 1659 1616 1790
5404 4 2 1 1 1554 1912 1928 2111
5405 4 2 1 1 1807 1976 1475 2317
5406 4 2 1 1 710 709 1593 1901
5407 4 2 1 1 1505 2093 1666 2097
5408 4 2 1 1 1434 1650 1975 2033
5409 4 2 1 1 1536 1724 1044 2171
5410 4 2 1 1 895 304 297 1927
5411 4 2 1 1 194 220 1627 1920
5412 4 2 1 1 1429 1732 1582 2158
5413 4 2 1 1 967 1810 1772 2254
5414 4 2 1 1 1549 1607 1415 2117
5415 4 2 1 1 220 278 1763 1920
5416 4 2 1 1 1079 1518 1093 1961
5417 4 2 1 1 1576 1381 1890 2022
5418 4 2 1 1 1564 1881 1780 2001
5419 4 2 1 1 1650 2302 1417 2317
5420 4 2 1 1 1247 1517 1090 1998
5421 4 2 1 1 1111 1759 1608 1942
5422 4 2 1 1 1345 1657 1033 1817
5423 4 2 1 1 1102 2067 1978 2307
5424 4 2 1 1 1409 1726 1646 1897
5425 4 2 1 1 1523 1771 2023 2043
5426 4 2 1 1 1592 1764 1415 2163
5427 4 2 1 1 1304 1296 1019 1631
5428 4 2 1 1 1532 1713 769 2205
5429 4 2 1 1 1546 225 1861 1985
5430 4 2 1 1 352 301 684 1730
5431 4 2 1 1 1678 1882 1383 2031
5432 4 2 1 1 1276 1223 1846 1880
5433 4 2 1 1 329 1947 340 2188
5434 4 2 1 1 483 675 1741 1958
5435 4 2 1 1 661 832 1782 1979
5436 4 2 1 1 1406 1696 1821 1894
5437 4 2 1 1 1469 1821 1696 1894
5438 4 2 1 1 1449 1815 1507 2141
5439 4 2 1 1 1503 1848 1755 2181
5440 4 2 1 1 1485 1548 1955 2155
5441 4 2 1 1 1617 1401 1850 2344
5442 4 2 1 1 1011 419 1312 1623
5443 4 2 1 1 818 824 1782 1919
5444 4 2 1 1 878 1676 660 1734
5445 4 2 1 1 1144 1806 1525 2112
5446 4 2 1 1 1407 1643 1629 2066
5447 4 2 1 1 1483 1720 1654 2142
5448 4 2 1 1 225 245 179 1546
5449 4 2 1 1 286 268 1681 2129
5450 4 2 1 1 1417 1916 1509 2268
5451 4 2 1 1 374 293 935 1734
5452 4 2 1 1 1303 1144 1167 1525
5453 4 2 1 1 394 342 1940 2207
5454 4 2 1 1 1503 1638 1951 2298
5455 4 2 1 1 1607 1948 1797 2117
5456 4 2 1 1 1293 1751 1163 1982
5457 4 2 1 1 210 2118 1587 2233
5458 4 2 1 1 1376 1640 1952 2108
5459 4 2 1 1 1484 1884 1653 2171
5460 4 2 1 1 1092 1666 2093 2097
5461 4 2 1 1 1524 1991 1486 2050
5462 4 2 1 1 1167 1525 1144 2065
5463 4 2 1 1 1419 1845 1827 2295
5464 4 2 1 1 811 1535 954 2159
5465 4 2 1 1 1965 2025 1701 2248
5466 4 2 1 1 1406 1564 2001 2168
5467 4 2 1 1 819 918 1581 1746
5468 4 2 1 1 1753 1881 1535 1976
5469 4 2 1 1 1526 1731 1962 2251
5470 4 2 1 1 1759 1833 1510 2067
5471 4 2 1 1 1489 1466 1849 2223
5472 4 2 1 1 1409 1906 1559 2103
5473 4 2 1 1 745 746 741 1797
5474 4 2 1 1 1006 1737 824 2354
5475 4 2 1 1 726 2045 1522 2273
5476 4 2 1 1 1391 1609 1710 1971
5477 4 2 1 1 1635 814 1741 2075
5478 4 2 1 1 1405 1584 1705 1783
5479 4 2 1 1 1525 1642 2001 2220
5480 4 2 1 1 1498 434 1965 2062
5481 4 2 1 1 1304 1631 1719 2211
5482 4 2 1 1 1742 1770 1419 2009
5483 4 2 1 1 1475 1975 1650 2033
5484 4 2 1 1 1721 1864 1496 1951
5485 4 2 1 1 1442 1495 1734 2226
5486 4 2 1 1 1375 1542 1799 2192
5487 4 2 1 1 590 1939 591 2027
5488 4 2 1 1 1365 2004 1665 2147
5489 4 2 1 1 1543 1442 1762 2235
5490 4 2 1 1 1553 1232 2072 2232
5491 4 2 1 1 1344 1944 544 2003
5492 4 2 1 1 1810 1902 1515 2086
5493 4 2 1 1 1188 1776 1585 2003
5494 4 2 1 1 1379 2214 1592 2239
5495 4 2 1 1 1346 1623 1213 1969
5496 4 2 1 1 1064 1524 1802 2050
5497 4 2 1 1 549 545 869 1847
5498 4 2 1 1 392 1915 637 2174
5499 4 2 1 1 1377 1549 1656 2034
5500 4 2 1 1 1453 1656 1549 2034
5501 4 2 1 1 675 424 483 1741
5502 4 2 1 1 795 954 811 1535
5503 4 2 1 1 678 1838 1668 2302
5504 4 2 1 1 1178 1350 1682 2139
5505 4 2 1 1 190 1856 1990 2244
5506 4 2 1 1 524 527 1958 2210
5507 4 2 1 1 1639 1723 1458 1853
5508 4 2 1 1 1223 1276 1134 1880
5509 4 2 1 1 1079 1904 1518 1961
5510 4 2 1 1 524 1958 1741 2210
5511 4 2 1 1 1435 1781 1571 2059
5512 4 2 1 1 327 1947 1551 1971
5513 4 2 1 1 1476 1801 1750 2105
5514 4 2 1 1 1102 1978 1658 2307
5515 4 2 1 1 1451 1980 1809 2215
5516 4 2 1 1 1417 1509 1838 2268
5517 4 2 1 1 1432 1526 1848 2238
5518 4 2 1 1 1502 1749 1414 1769
5519 4 2 1 1 1547 1845 1410 2077
5520 4 2 1 1 764 763 1497 1919
5521 4 2 1 1 1446 1563 2182 2356
5522 4 2 1 1 1659 1732 1393 1984
5523 4 2 1 1 1434 1650 1911 1975
5524 4 2 1 1 1417 2302 1807 2317
5525 4 2 1 1 1701 2025 1965 2210
5526 4 2 1 1 1547 2041 1380 2077
5527 4 2 1 1 1052 2090 1492 2184
5528 4 2 1 1 955 730 1667 1753
5529 4 2 1 1 1043 1678 1130 1867
5530 4 2 1 1 1410 2054 1913 2152
5531 4 2 1 1 1510 1719 1631 2211
5532 4 2 1 1 1441 1652 1619 2043
5533 4 2 1 1 1649 1721 898 2009
5534 4 2 1 1 1828 1883 1458 1951
5535 4 2 1 1 1507 1412 1750 2237
5536 4 2 1 1 448 1521 1938 2154
5537 4 2 1 1 182 276 266 2256
5538 4 2 1 1 1582 1655 1429 2115
5539 4 2 1 1 1846 1928 1554 2341
5540 4 2 1 1 1543 1744 1442 2235
5541 4 2 1 1 234 264 1737 1746
5542 4 2 1 1 853 1519 1803 2133
5543 4 2 1 1 1922 2087 1573 2177
5544 4 2 1 1 928 716 1538 2322
5545 4 2 1 1 1512 1398 1687 2221
5546 4 2 1 1 983 1581 918 2354
5547 4 2 1 1 1470 1573 1891 2094
5548 4 2 1 1 1552 1869 1934 2297
5549 4 2 1 1 1458 1721 1540 1927
5550 4 2 1 1 736 1559 738 2103
5551 4 2 1 1 481 1883 1639 2346
5552 4 2 1 1 1386 1654 1720 2063
5553 4 2 1 1 557 1542 555 2268
5554 4 2 1 1 1658 1754 1396 1823
5555 4 2 1 1 1457 1642 1599 2314
5556 4 2 1 1 1482 1900 1572 2313
5557 4 2 1 1 1884 2171 1692 2338
5558 4 2 1 1 346 2164 2174 2219
5559 4 2 1 1 421 1252 1022 1661
5560 4 2 1 1 1611 1688 1412 2008
5561 4 2 1 1 970 902 1670 2140
5562 4 2 1 1 760 1709 751 1892
5563 4 2 1 1 1435 1799 1590 1993
5564 4 2 1 1 1446 1743 2179 2182
5565 4 2 1 1 386 1003 301 1730
5566 4 2 1 1 1608 1888 1982 2042
5567 4 2 1 1 530 490 669 1670
5568 4 2 1 1 1389 1643 1610 1889
5569 4 2 1 1 207 1568 208 1861
5570 4 2 1 1 203 205 227 1980
5571 4 2 1 1 1629 1921 1407 2052
5572 4 2 1 1 1043 1045 1536 2171
5573 4 2 1 1 816 884 1765 2230
5574 4 2 1 1 1690 1893 1699 2146
5575 4 2 1 1 1544 2146 1485 2287
5576 4 2 1 1 1405 1679 1783 2342
5577 4 2 1 1 1495 1981 1676 2116
5578 4 2 1 1 997 1689 1741 2075
5579 4 2 1 1 295 1784 378 2116
5580 4 2 1 1 1402 1855 1738 2017
5581 4 2 1 1 1426 1618 1922 2282
5582 4 2 1 1 1357 1199 1507 2011
5583 4 2 1 1 646 1824 1566 2228
5584 4 2 1 1 1386 1911 1626 2261
5585 4 2 1 1 1376 2057 1640 2108
5586 4 2 1 1 1404 1590 1799 2172
5587 4 2 1 1 1855 1866 1704 2253
5588 4 2 1 1 487 460 1835 2154
5589 4 2 1 1 1720 2098 1452 2142
5590 4 2 1 1 480 481 1723 1883
5591 4 2 1 1 257 1782 228 1979
5592 4 2 1 1 1550 1850 1814 2208
5593 4 2 1 1 436 489 500 1965
5594 4 2 1 1 1409 1897 1646 2012
5595 4 2 1 1 1351 1505 1207 2097
5596 4 2 1 1 1039 1830 1040 1867
5597 4 2 1 1 1306 1499 1913 2207
5598 4 2 1 1 1178 1682 1697 2139
5599 4 2 1 1 1571 2059 581 2332
5600 4 2 1 1 1425 2045 1773 2212
5601 4 2 1 1 1593 1786 1732 1945
5602 4 2 1 1 1130 1192 1678 1995
5603 4 2 1 1 1715 1835 1450 2029
5604 4 2 1 1 1437 1676 1981 2116
5605 4 2 1 1 1593 1901 709 1945
5606 4 2 1 1 771 776 1721 2285
5607 4 2 1 1 1572 1900 1754 2057
5608 4 2 1 1 1510 2067 1716 2211
5609 4 2 1 1 1545 1662 1468 1902
5610 4 2 1 1 1369 1848 1755 1951
5611 4 2 1 1 1376 1952 2057 2108
5612 4 2 1 1 938 1740 724 1777
5613 4 2 1 1 1514 1413 1889 2010
5614 4 2 1 1 1818 2020 1757 2119
5615 4 2 1 1 1392 1640 1612 2014
5616 4 2 1 1 1779 2138 1533 2331
5617 4 2 1 1 1462 1569 1881 2107
5618 4 2 1 1 1450 1640 1612 2037
5619 4 2 1 1 581 1571 607 2059
5620 4 2 1 1 1317 1779 1700 2166
5621 4 2 1 1 1178 1697 1907 2139
5622 4 2 1 1 1528 1980 202 2294
5623 4 2 1 1 1252 421 482 1661
5624 4 2 1 1 341 1813 1501 1915
5625 4 2 1 1 1346 1213 1169 1969
5626 4 2 1 1 1674 1880 1494 1988
5627 4 2 1 1 1398 1686 1604 1925
5628 4 2 1 1 1404 1702 1596 2026
5629 4 2 1 1 1610 1643 1389 2293
5630 4 2 1 1 1558 2052 1407 2066
5631 4 2 1 1 263 275 242 1663
5632 4 2 1 1 1379 1497 2044 2214
5633 4 2 1 1 1374 1584 1891 2206
5634 4 2 1 1 173 979 249 1711
5635 4 2 1 1 1452 1564 1642 2098
5636 4 2 1 1 1380 1510 1833 2077
5637 4 2 1 1 1691 1891 1584 2206
5638 4 2 1 1 1452 1780 1624 1977
5639 4 2 1 1 1407 1629 1558 2066
5640 4 2 1 1 1224 1287 1271 1530
5641 4 2 1 1 625 2189 1509 2268
5642 4 2 1 1 768 1602 913 1834
5643 4 2 1 1 1373 1544 1935 1983
5644 4 2 1 1 1373 2182 1512 2221
5645 4 2 1 1 1490 1823 1754 1998
5646 4 2 1 1 537 649 1251 1824
5647 4 2 1 1 1398 1512 2182 2221
5648 4 2 1 1 1704 1871 1433 2246
5649 4 2 1 1 1119 1739 1614 1992
5650 4 2 1 1 581 607 1571 2332
5651 4 2 1 1 1844 2192 1542 2268
5652 4 2 1 1 1409 2012 1496 2258
5653 4 2 1 1 1043 1536 1044 2171
5654 4 2 1 1 1390 1895 1739 2275
5655 4 2 1 1 1427 1727 1527 1818
5656 4 2 1 1 312 1827 377 1962
5657 4 2 1 1 207 1568 1861 1985
5658 4 2 1 1 1466 1601 1600 2335
5659 4 2 1 1 1416 1608 2042 2122
5660 4 2 1 1 1560 2088 1620 2178
5661 4 2 1 1 1370 1855 1704 1955
5662 4 2 1 1 1421 1527 1874 2126
5663 4 2 1 1 1390 1956 1606 2161
5664 4 2 1 1 873 816 884 1765
5665 4 2 1 1 1367 1785 1594 2121
5666 4 2 1 1 934 887 1652 2179
5667 4 2 1 1 1409 1496 1709 2258
5668 4 2 1 1 1433 1783 1728 2081
5669 4 2 1 1 699 700 701 1810
5670 4 2 1 1 877 1523 872 1923
5671 4 2 1 1 1601 2110 626 2335
5672 4 2 1 1 1685 1583 2223 2310
5673 4 2 1 1 1427 2020 1818 2119
5674 4 2 1 1 558 555 557 1542
5675 4 2 1 1 1492 1714 1653 2184
5676 4 2 1 1 454 1745 459 2036
5677 4 2 1 1 1553 1329 2232 2291
5678 4 2 1 1 1417 1838 1668 2030
5679 4 2 1 1 1616 1991 1659 2132
5680 4 2 1 1 603 1566 1031 2109
5681 4 2 1 1 601 1838 900 2189
5682 4 2 1 1 1041 1043 1130 1867
5683 4 2 1 1 1378 1563 1925 2056
5684 4 2 1 1 351 596 1730 2174
5685 4 2 1 1 1509 1733 1844 2192
5686 4 2 1 1 1158 1520 1132 2264
5687 4 2 1 1 242 1697 1682 1932
5688 4 2 1 1 1720 1379 2142 2348
5689 4 2 1 1 1378 1787 1563 2056
5690 4 2 1 1 1387 1707 1761 1966
5691 4 2 1 1 1544 1935 1983 2287
5692 4 2 1 1 1182 1821 1791 2093
5693 4 2 1 1 542 549 989 1668
5694 4 2 1 1 1605 1688 1414 2040
5695 4 2 1 1 1091 1823 1658 2134
5696 4 2 1 1 504 421 502 1557
5697 4 2 1 1 697 1629 1921 1997
5698 4 2 1 1 1512 2081 1783 2221
5699 4 2 1 1 1542 1916 1831 2268
5700 4 2 1 1 1554 2034 1634 2157
5701 4 2 1 1 1455 1826 2172 2297
5702 4 2 1 1 329 1555 1947 2188
5703 4 2 1 1 1181 1700 1791 2166
5704 4 2 1 1 1439 1900 1852 2313
5705 4 2 1 1 1828 2277 670 2298
5706 4 2 1 1 1365 1950 2147 2176
5707 4 2 1 1 1482 1511 1852 2313
5708 4 2 1 1 1280 1690 1699 2245
5709 4 2 1 1 1510 1380 2041 2077
5710 4 2 1 1 1400 1796 1703 2005
5711 4 2 1 1 1571 1824 640 2006
5712 4 2 1 1 1470 1891 1573 1922
5713 4 2 1 1 1666 1821 1307 2093
5714 4 2 1 1 1455 1829 1519 2004
5715 4 2 1 1 1409 1559 1968 2103
5716 4 2 1 1 483 1741 524 1958
5717 4 2 1 1 1612 452 1745 2029
5718 4 2 1 1 946 1777 1647 2084
5719 4 2 1 1 853 1803 1519 2060
5720 4 2 1 1 316 1725 318 2116
5721 4 2 1 1 1696 1821 1469 2130
5722 4 2 1 1 234 264 262 1737
5723 4 2 1 1 1497 1408 1764 1949
5724 4 2 1 1 1596 1702 1462 2026
5725 4 2 1 1 1366 1515 1902 2047
5726 4 2 1 1 1373 1783 1544 2221
5727 4 2 1 1 916 772 774 1760
5728 4 2 1 1 576 586 1685 2027
5729 4 2 1 1 1669 1793 1568 2085
5730 4 2 1 1 669 1670 490 1727
5731 4 2 1 1 1387 1707 1601 1761
5732 4 2 1 1 413 1639 288 2346
5733 4 2 1 1 1506 1369 1898 2078
5734 4 2 1 1 1657 2036 1817 2181
5735 4 2 1 1 1216 1763 1529 2091
5736 4 2 1 1 1479 2147 1950 2176
5737 4 2 1 1 692 1558 693 2048
5738 4 2 1 1 1554 1448 1912 2111
5739 4 2 1 1 535 652 1311 1779
5740 4 2 1 1 1514 1889 1870 2113
5741 4 2 1 1 1603 2123 1952 2144
5742 4 2 1 1 443 445 1597 1903
5743 4 2 1 1 1786 2022 1706 2120
5744 4 2 1 1 1415 1859 1592 2265
5745 4 2 1 1 1055 1851 1625 2035
5746 4 2 1 1 1366 1492 1766 1936
5747 4 2 1 1 1507 1747 1412 2237
5748 4 2 1 1 1157 1837 1290 2102
5749 4 2 1 1 610 1270 1012 2105
5750 4 2 1 1 1064 1802 1524 2046
5751 4 2 1 1 1442 1543 1762 2187
5752 4 2 1 1 1542 1831 555 2268
5753 4 2 1 1 727 2045 726 2273
5754 4 2 1 1 1091 1272 1823 2134
5755 4 2 1 1 1391 1971 1710 2241
5756 4 2 1 1 340 2188 1541 2349
5757 4 2 1 1 1747 1758 1438 1822
5758 4 2 1 1 1601 1761 847 2110
5759 4 2 1 1 1572 2095 1482 2175
5760 4 2 1 1 1411 1985 1861 2085
5761 4 2 1 1 1137 1135 1973 2190
5762 4 2 1 1 790 764 747 1808
5763 4 2 1 1 848 1707 846 1761
5764 4 2 1 1 1212 1510 1942 2211
5765 4 2 1 1 1468 1842 1545 1902
5766 4 2 1 1 1532 769 1877 2205
5767 4 2 1 1 1704 1855 1370 1866
5768 4 2 1 1 977 663 826 1843
5769 4 2 1 1 209 210 211 1587
5770 4 2 1 1 1440 1716 1510 2067
5771 4 2 1 1 976 816 826 1546
5772 4 2 1 1 860 1829 1772 2086
5773 4 2 1 1 1680 2016 1366 2259
5774 4 2 1 1 1870 1889 1461 2113
5775 4 2 1 1 1599 1452 2098 2142
5776 4 2 1 1 1373 1798 1544 1983
5777 4 2 1 1 1372 1595 1981 2042
5778 4 2 1 1 1614 1992 1494 2290
5779 4 2 1 1 1541 2188 1776 2349
5780 4 2 1 1 621 623 2148 2323
5781 4 2 1 1 264 1737 1539 2019
5782 4 2 1 1 552 1831 1626 2030
5783 4 2 1 1 663 1546 1868 2230
5784 4 2 1 1 1296 1631 1304 2211
5785 4 2 1 1 921 659 963 1749
5786 4 2 1 1 1726 2013 1754 2247
5787 4 2 1 1 1236 1300 1020 1609
5788 4 2 1 1 419 1623 1011 2326
5789 4 2 1 1 1629 1870 924 1957
5790 4 2 1 1 1400 1796 1516 2071
5791 4 2 1 1 739 1504 1008 1953
5792 4 2 1 1 1392 1612 1640 2355
5793 4 2 1 1 1160 1128 1537 1907
5794 4 2 1 1 1300 1710 1281 1909
5795 4 2 1 1 1367 1764 1825 1933
5796 4 2 1 1 1747 1758 1672 1995
5797 4 2 1 1 1454 1671 2007 2124
5798 4 2 1 1 1386 1626 1566 2063
5799 4 2 1 1 880 1742 1532 1906
5800 4 2 1 1 1298 1738 1712 2289
5801 4 2 1 1 1391 1918 1645 2293
5802 4 2 1 1 462 501 531 1818
5803 4 2 1 1 1471 1751 2042 2249
5804 4 2 1 1 1449 1492 2068 2184
5805 4 2 1 1 1534 1619 1411 2328
5806 4 2 1 1 1593 1732 1403 1945
5807 4 2 1 1 1305 1695 1657 1857
5808 4 2 1 1 1528 1956 1588 2161
5809 4 2 1 1 1432 1792 1639 2272
5810 4 2 1 1 1426 1922 2087 2282
5811 4 2 1 1 1248 1819 1636 1989
5812 4 2 1 1 1590 1605 1384 2172
5813 4 2 1 1 1612 1640 1450 2014
5814 4 2 1 1 586 1583 595 1915
5815 4 2 1 1 1587 1787 1567 1999
5816 4 2 1 1 381 333 356 1703
5817 4 2 1 1 1754 2013 1658 2247
5818 4 2 1 1 834 1638 837 1828
5819 4 2 1 1 1050 1087 1282 1714
5820 4 2 1 1 1536 1438 1692 2150
5821 4 2 1 1 1606 1859 1528 2215
5822 4 2 1 1 857 856 1769 2213
5823 4 2 1 1 922 1655 1834 1997
5824 4 2 1 1 1447 1617 1850 2344
5825 4 2 1 1 1756 1936 1467 2222
5826 4 2 1 1 733 729 721 1679
5827 4 2 1 1 844 686 841 2299
5828 4 2 1 1 1400 1516 1796 2005
5829 4 2 1 1 1520 1402 1738 2017
5830 4 2 1 1 1656 1825 1592 2275
5831 4 2 1 1 191 1539 264 1990
5832 4 2 1 1 1395 1804 1604 2248
5833 4 2 1 1 1426 2087 1922 2177
5834 4 2 1 1 1591 813 1878 2075
5835 4 2 1 1 1266 2090 1714 2193
5836 4 2 1 1 422 1033 477 1657
5837 4 2 1 1 1604 1686 1474 2092
5838 4 2 1 1 1043 1044 1045 2171
5839 4 2 1 1 1610 1643 1413 1889
5840 4 2 1 1 1383 1685 2223 2310
5841 4 2 1 1 846 1707 965 1761
5842 4 2 1 1 1508 1378 1860 2092
5843 4 2 1 1 1709 1892 760 2258
5844 4 2 1 1 1289 1712 1298 1738
5845 4 2 1 1 1369 1848 1526 2238
5846 4 2 1 1 1374 1991 1954 2206
5847 4 2 1 1 313 1827 310 2054
5848 4 2 1 1 352 346 1730 2219
5849 4 2 1 1 1423 1745 1503 2036
5850 4 2 1 1 1078 1072 1079 1904
5851 4 2 1 1 1420 1635 1591 1860
5852 4 2 1 1 1125 1823 1131 1840
5853 4 2 1 1 1099 1235 1098 1614
5854 4 2 1 1 965 1761 1707 1865
5855 4 2 1 1 1374 1891 1691 2206
5856 4 2 1 1 1566 1626 1386 1924
5857 4 2 1 1 1070 1524 1812 2046
5858 4 2 1 1 1579 1839 1815 1950
5859 4 2 1 1 435 437 1701 2210
5860 4 2 1 1 1178 1682 1034 1697
5861 4 2 1 1 1066 1062 1065 1778
5862 4 2 1 1 1488 1832 1714 2073
5863 4 2 1 1 1465 1959 1760 2123
5864 4 2 1 1 1659 1393 1811 1984
5865 4 2 1 1 1425 1862 1748 2177
5866 4 2 1 1 449 450 1612 2154
5867 4 2 1 1 1589 1973 1674 2190
5868 4 2 1 1 561 1590 560 1844
5869 4 2 1 1 1632 1640 1450 2327
5870 4 2 1 1 1131 1823 1632 1840
5871 4 2 1 1 1554 1448 1674 2157
5872 4 2 1 1 1476 2105 1750 2217
5873 4 2 1 1 1496 1864 1721 2012
5874 4 2 1 1 170 1663 414 1873
5875 4 2 1 1 759 1686 758 2106
5876 4 2 1 1 1008 1953 1504 2213
5877 4 2 1 1 733 765 742 1679
5878 4 2 1 1 1373 1544 1798 2221
5879 4 2 1 1 1531 1887 1874 2119
5880 4 2 1 1 922 1834 932 1997
5881 4 2 1 1 670 1828 837 2277
5882 4 2 1 1 1643 1884 1389 2293
5883 4 2 1 1 1417 1509 1807 1838
5884 4 2 1 1 1706 1786 1429 2022
5885 4 2 1 1 1406 1666 1785 1894
5886 4 2 1 1 307 1853 360 2329
5887 4 2 1 1 1392 1755 1646 2108
5888 4 2 1 1 880 769 749 1532
5889 4 2 1 1 1613 2005 951 2018
5890 4 2 1 1 737 744 738 2196
5891 4 2 1 1 1391 1710 1609 1909
5892 4 2 1 1 1019 387 363 1719
5893 4 2 1 1 833 877 1923 2263
5894 4 2 1 1 691 1957 1516 2048
5895 4 2 1 1 1145 1946 1239 2096
5896 4 2 1 1 1731 1827 312 1962
5897 4 2 1 1 1119 1614 1235 1992
5898 4 2 1 1 1624 1916 1417 2261
5899 4 2 1 1 443 444 445 1903
5900 4 2 1 1 1369 1864 1951 2012
5901 4 2 1 1 344 1940 343 2329
5902 4 2 1 1 1146 1716 2067 2211
5903 4 2 1 1 1564 1642 1457 1933
5904 4 2 1 1 1331 1988 2190 2202
5905 4 2 1 1 687 864 920 1703
5906 4 2 1 1 1474 1741 1635 2140
5907 4 2 1 1 1450 1835 1715 2218
5908 4 2 1 1 801 757 803 1531
5909 4 2 1 1 1415 1764 1592 2117
5910 4 2 1 1 1365 1507 1822 1931
5911 4 2 1 1 1011 507 419 2326
5912 4 2 1 1 1375 1916 1542 2192
5913 4 2 1 1 340 405 2188 2349
5914 4 2 1 1 692 694 693 1558
5915 4 2 1 1 1537 2153 1664 2252
5916 4 2 1 1 1204 1209 1183 1641
5917 4 2 1 1 1400 1703 1613 2005
5918 4 2 1 1 1461 1870 1629 1889
5919 4 2 1 1 1494 1992 1588 2290
5920 4 2 1 1 1640 1392 1755 2014
5921 4 2 1 1 924 1957 1870 1974
5922 4 2 1 1 1390 1628 1606 1956
5923 4 2 1 1 1259 1836 1094 2194
5924 4 2 1 1 1220 1272 1118 2134
5925 4 2 1 1 1417 1831 1916 2268
5926 4 2 1 1 1449 1507 1815 2145
5927 4 2 1 1 1439 2101 1709 2108
5928 4 2 1 1 1179 1330 1794 2291
5929 4 2 1 1 1513 1896 1803 2133
5930 4 2 1 1 701 922 699 1655
5931 4 2 1 1 1456 2035 2070 2198
5932 4 2 1 1 375 1676 334 1734
5933 4 2 1 1 965 931 1761 1865
5934 4 2 1 1 1765 1775 1698 2230
5935 4 2 1 1 1509 1535 1816 2192
5936 4 2 1 1 1536 1436 1724 1918
5937 4 2 1 1 1335 281 171 1588
5938 4 2 1 1 970 1670 902 1958
5939 4 2 1 1 1112 2000 1110 2127
5940 4 2 1 1 1656 1825 1549 2117
5941 4 2 1 1 1370 1871 1704 2246
5942 4 2 1 1 1128 1907 1671 2304
5943 4 2 1 1 1550 1814 1430 2208
5944 4 2 1 1 1245 1657 1305 1695
5945 4 2 1 1 928 1538 1834 2322
5946 4 2 1 1 1549 1800 1634 2023
5947 4 2 1 1 708 1593 709 1945
5948 4 2 1 1 1611 1758 1600 1886
5949 4 2 1 1 310 1827 1731 2054
5950 4 2 1 1 1888 1556 2127 2200
5951 4 2 1 1 1675 2099 1713 2205
5952 4 2 1 1 307 360 311 2329
5953 4 2 1 1 1324 1835 1622 2264
5954 4 2 1 1 754 757 1687 1768
5955 4 2 1 1 209 210 1587 1861
5956 4 2 1 1 1403 1901 1616 2286
5957 4 2 1 1 1430 1814 1595 2064
5958 4 2 1 1 1450 1640 1632 2014
5959 4 2 1 1 984 1746 819 2260
5960 4 2 1 1 1549 1377 2023 2034
5961 4 2 1 1 371 1613 369 2018
5962 4 2 1 1 1402 1520 1738 2289
5963 4 2 1 1 1131 1632 1161 1840
5964 4 2 1 1 362 1719 336 2054
5965 4 2 1 1 1417 1807 1509 1916
5966 4 2 1 1 1455 1869 1829 2004
5967 4 2 1 1 1440 1506 1716 1978
5968 4 2 1 1 861 963 999 2283
5969 4 2 1 1 1539 1990 191 2347
5970 4 2 1 1 1463 1895 1628 2039
5971 4 2 1 1 1498 1965 1701 2248
5972 4 2 1 1 320 1648 319 1910
5973 4 2 1 1 1495 1981 1648 2042
5974 4 2 1 1 700 699 698 1515
5975 4 2 1 1 1593 1891 1500 2286
5976 4 2 1 1 1496 1721 1649 2012
5977 4 2 1 1 1979 2263 1782 2270
5978 4 2 1 1 367 411 397 1710
5979 4 2 1 1 1753 1808 1408 1976
5980 4 2 1 1 1413 1643 1629 1889
5981 4 2 1 1 1435 1542 1781 2059
5982 4 2 1 1 1527 1727 1427 1887
5983 4 2 1 1 1497 1379 2044 2239
5984 4 2 1 1 1435 1781 1542 1799
5985 4 2 1 1 1319 1017 1196 1672
5986 4 2 1 1 198 1606 199 2321
5987 4 2 1 1 1509 1916 1535 2192
5988 4 2 1 1 1608 1759 1111 2000
5989 4 2 1 1 1573 1891 1405 1922
5990 4 2 1 1 367 1710 397 1971
5991 4 2 1 1 1275 1087 1653 1832
5992 4 2 1 1 1607 2273 1426 2311
5993 4 2 1 1 822 1598 823 2126
5994 4 2 1 1 927 1686 1768 2106
5995 4 2 1 1 1433 1783 2081 2221
5996 4 2 1 1 725 718 1667 2045
5997 4 2 1 1 1426 1607 1948 2273
5998 4 2 1 1 1445 1946 1805 2165
5999 4 2 1 1 190 230 1856 2244
6000 4 2 1 1 1287 1271 1530 2281
6001 4 2 1 1 1588 1956 1390 2161
6002 4 2 1 1 1767 1988 1494 2290
6003 4 2 1 1 1492 1936 1714 2090
6004 4 2 1 1 1722 1766 1492 2055
6005 4 2 1 1 1602 1834 1538 2266
6006 4 2 1 1 276 1763 1529 2256
6007 4 2 1 1 1259 1099 1094 1836
6008 4 2 1 1 344 342 343 1940
6009 4 2 1 1 1145 1257 1239 1946
6010 4 2 1 1 1627 1911 1720 2348
6011 4 2 1 1 1369 1755 1848 2181
6012 4 2 1 1 1409 1930 1532 1968
6013 4 2 1 1 1780 2044 1564 2098
6014 4 2 1 1 527 500 1958 2210
6015 4 2 1 1 1566 1386 2063 2091
6016 4 2 1 1 1410 1499 1898 2152
6017 4 2 1 1 1888 2127 1982 2200
6018 4 2 1 1 1300 1236 1281 1710
6019 4 2 1 1 1459 1669 1568 2201
6020 4 2 1 1 1735 1426 2273 2311
6021 4 2 1 1 946 801 1647 2156
6022 4 2 1 1 795 811 810 1535
6023 4 2 1 1 1528 1859 1606 2161
6024 4 2 1 1 220 222 278 1920
6025 4 2 1 1 860 1504 1772 1829
6026 4 2 1 1 1426 1771 1618 1800
6027 4 2 1 1 1495 1372 1744 1981
6028 4 2 1 1 488 1622 1027 1835
6029 4 2 1 1 1055 1851 2035 2070
6030 4 2 1 1 1401 1759 1580 1833
6031 4 2 1 1 1501 1813 341 2188
6032 4 2 1 1 682 1651 868 1847
6033 4 2 1 1 1403 1677 1659 1790
6034 4 2 1 1 401 1499 339 2207
6035 4 2 1 1 1546 1698 1775 2230
6036 4 2 1 1 818 832 1660 1782
6037 4 2 1 1 1408 1497 1808 1949
6038 4 2 1 1 1440 1658 2067 2307
6039 4 2 1 1 1406 1518 1904 1933
6040 4 2 1 1 1723 1853 1639 2346
6041 4 2 1 1 1426 1948 1735 2273
6042 4 2 1 1 438 504 2015 2062
6043 4 2 1 1 1192 1995 1194 2236
6044 4 2 1 1 325 1971 1551 1972
6045 4 2 1 1 1377 1656 1549 2135
6046 4 2 1 1 789 909 1735 2028
6047 4 2 1 1 1440 2067 1580 2307
6048 4 2 1 1 1761 1849 845 2110
6049 4 2 1 1 946 938 724 1777
6050 4 2 1 1 1721 1458 1864 1951
6051 4 2 1 1 375 660 896 1676
6052 4 2 1 1 639 2197 1529 2256
6053 4 2 1 1 1497 1764 1408 2044
6054 4 2 1 1 1423 2036 1503 2181
6055 4 2 1 1 1479 1966 1560 2066
6056 4 2 1 1 1452 2089 1642 2112
6057 4 2 1 1 1175 1177 1174 1739
6058 4 2 1 1 1415 1607 1797 2117
6059 4 2 1 1 1102 1658 1091 2307
6060 4 2 1 1 582 2217 1476 2324
6061 4 2 1 1 897 736 738 2103
6062 4 2 1 1 1290 1345 1033 1817
6063 4 2 1 1 315 1725 1547 1905
6064 4 2 1 1 1735 2028 909 2212
6065 4 2 1 1 1490 1572 1754 2057
6066 4 2 1 1 1413 1514 1870 1974
6067 4 2 1 1 1140 1139 1599 2089
6068 4 2 1 1 1415 1797 1764 2117
6069 4 2 1 1 441 440 442 2015
6070 4 2 1 1 1369 1951 1496 2012
6071 4 2 1 1 321 1683 1910 2241
6072 4 2 1 1 532 169 1577 2197
6073 4 2 1 1 1469 1596 2058 2318
6074 4 2 1 1 1603 1892 919 2101
6075 4 2 1 1 1510 1716 1410 2211
6076 4 2 1 1 719 713 1773 2045
6077 4 2 1 1 1723 1853 347 1927
6078 4 2 1 1 441 442 443 1818
6079 4 2 1 1 1456 1574 2035 2198
6080 4 2 1 1 913 1834 1602 2274
6081 4 2 1 1 766 787 934 1652
6082 4 2 1 1 1978 2067 1658 2307
6083 4 2 1 1 1421 1527 1757 1874
6084 4 2 1 1 1707 1865 1761 1966
6085 4 2 1 1 1428 1787 1587 1999
6086 4 2 1 1 1306 1499 1854 1913
6087 4 2 1 1 401 1499 1913 2152
6088 4 2 1 1 2058 2297 1552 2318
6089 4 2 1 1 1481 1912 1705 1935
6090 4 2 1 1 432 1661 506 2062
6091 4 2 1 1 264 191 195 1539
6092 4 2 1 1 992 1874 1527 2126
6093 4 2 1 1 720 1728 728 2081
6094 4 2 1 1 1401 1608 1996 2000
6095 4 2 1 1 422 1033 1657 1817
6096 4 2 1 1 1444 2253 1955 2309
6097 4 2 1 1 1462 1881 1753 2107
6098 4 2 1 1 1631 1942 1510 2211
6099 4 2 1 1 1413 1643 1610 2114
6100 4 2 1 1 223 194 1856 1920
6101 4 2 1 1 1403 1616 1659 2132
6102 4 2 1 1 804 1543 800 2224
6103 4 2 1 1 1326 1178 1034 1697
6104 4 2 1 1 1733 1816 831 1967
6105 4 2 1 1 1627 1720 1483 1752
6106 4 2 1 1 1561 1935 1812 2074
6107 4 2 1 1 591 1583 577 2027
6108 4 2 1 1 1391 1744 1683 1970
6109 4 2 1 1 1617 1875 1401 2344
6110 4 2 1 1 1631 1905 1547 2041
6111 4 2 1 1 601 900 540 2189
6112 4 2 1 1 1462 1696 1596 2026
6113 4 2 1 1 1243 1580 1759 2067
6114 4 2 1 1 1764 1825 1592 2117
6115 4 2 1 1 215 1567 1932 2128
6116 4 2 1 1 1476 1750 1717 2217
6117 4 2 1 1 1404 1596 1702 2172
6118 4 2 1 1 1543 1981 1744 2010
6119 4 2 1 1 1390 1656 1859 2265
6120 4 2 1 1 1815 1839 1365 1950
6121 4 2 1 1 1451 1859 1606 2215
6122 4 2 1 1 1512 1679 1652 2342
6123 4 2 1 1 1757 1866 1531 2119
6124 4 2 1 1 1275 1087 1048 1653
6125 4 2 1 1 1416 2042 1751 2249
6126 4 2 1 1 1440 1580 2013 2307
6127 4 2 1 1 1639 1853 349 2346
6128 4 2 1 1 1380 2131 2041 2295
6129 4 2 1 1 1133 1298 1712 2289
6130 4 2 1 1 761 1603 919 2101
6131 4 2 1 1 1477 1750 1507 1931
6132 4 2 1 1 2141 2145 1692 2150
6133 4 2 1 1 336 1631 406 1905
6134 4 2 1 1 1488 1714 1832 2222
6135 4 2 1 1 1384 1605 1590 2351
6136 4 2 1 1 1401 1814 1550 1850
6137 4 2 1 1 1508 1878 1860 2056
6138 4 2 1 1 1604 1965 1644 2248
6139 4 2 1 1 1641 1700 1469 2093
6140 4 2 1 1 401 1913 1499 2207
6141 4 2 1 1 1441 1618 1800 2282
6142 4 2 1 1 1591 1635 1420 2075
6143 4 2 1 1 1405 1584 1573 2282
6144 4 2 1 1 1454 1553 2072 2232
6145 4 2 1 1 1307 1666 1078 1821
6146 4 2 1 1 1423 1755 1745 2014
6147 4 2 1 1 198 199 1606 1956
6148 4 2 1 1 800 2224 1543 2234
6149 4 2 1 1 896 295 375 1676
6150 4 2 1 1 828 1702 830 1967
6151 4 2 1 1 206 1669 1568 1985
6152 4 2 1 1 416 530 901 1958
6153 4 2 1 1 1287 1530 1224 1973
6154 4 2 1 1 968 666 1637 2123
6155 4 2 1 1 751 1892 1709 2101
6156 4 2 1 1 1376 1952 1640 2037
6157 4 2 1 1 1479 1950 1560 2176
6158 4 2 1 1 1450 1521 2037 2154
6159 4 2 1 1 1637 1638 1392 1937
6160 4 2 1 1 1487 1626 2030 2350
6161 4 2 1 1 215 218 238 2128
6162 4 2 1 1 1507 2141 1747 2150
6163 4 2 1 1 730 890 915 1753
6164 4 2 1 1 1556 1610 1391 1970
6165 4 2 1 1 1200 1202 1201 2105
6166 4 2 1 1 1572 1788 1490 2305
6167 4 2 1 1 1814 1996 1595 2064
6168 4 2 1 1 1524 2094 1954 2206
6169 4 2 1 1 446 447 445 1938
6170 4 2 1 1 1475 1624 1911 1975
6171 4 2 1 1 1429 1538 1786 2322
6172 4 2 1 1 1596 1702 1455 1934
6173 4 2 1 1 1539 1752 1990 2347
6174 4 2 1 1 1512 1652 1994 2342
6175 4 2 1 1 1756 1811 1382 1875
6176 4 2 1 1 1409 1649 2012 2258
6177 4 2 1 1 455 453 1745 1937
6178 4 2 1 1 1634 2157 1377 2328
6179 4 2 1 1 1607 1771 908 2311
6180 4 2 1 1 1706 2212 1862 2254
6181 4 2 1 1 1812 1935 1561 2336
6182 4 2 1 1 1386 1720 1627 1911
6183 4 2 1 1 1712 1819 1636 2143
6184 4 2 1 1 1565 2095 1788 2253
6185 4 2 1 1 944 865 866 1713
6186 4 2 1 1 176 224 239 1591
6187 4 2 1 1 322 321 1683 1910
6188 4 2 1 1 1663 2128 1932 2337
6189 4 2 1 1 963 1769 855 2133
6190 4 2 1 1 999 1967 1502 2076
6191 4 2 1 1 708 1786 1593 1945
6192 4 2 1 1 203 1669 205 1980
6193 4 2 1 1 339 1499 401 2152
6194 4 2 1 1 1736 1798 1563 2182
6195 4 2 1 1 708 710 709 1593
6196 4 2 1 1 1672 1747 1412 1758
6197 4 2 1 1 198 1681 216 1956
6198 4 2 1 1 1092 1666 1307 2093
6199 4 2 1 1 1367 1594 1785 2203
6200 4 2 1 1 1829 2209 1418 2316
6201 4 2 1 1 192 1627 1752 1990
6202 4 2 1 1 1455 1826 1769 2283
6203 4 2 1 1 542 678 601 1838
6204 4 2 1 1 1566 1626 1464 2063
6205 4 2 1 1 1365 1815 1507 1931
6206 4 2 1 1 190 188 230 2244
6207 4 2 1 1 676 944 904 1784
6208 4 2 1 1 1390 1628 2039 2265
6209 4 2 1 1 1590 1993 1799 2172
6210 4 2 1 1 1422 2007 1690 2304
6211 4 2 1 1 532 1577 169 2002
6212 4 2 1 1 1518 1836 1825 2024
6213 4 2 1 1 726 740 727 2273
6214 4 2 1 1 1029 423 430 1664
6215 4 2 1 1 1513 2069 1601 2227
6216 4 2 1 1 542 1668 678 1838
6217 4 2 1 1 1428 1567 1787 1999
6218 4 2 1 1 313 312 310 1827
6219 4 2 1 1 829 1702 828 2159
6220 4 2 1 1 1390 1681 1628 1956
6221 4 2 1 1 1506 1978 1440 2247
6222 4 2 1 1 1604 1925 1686 2092
6223 4 2 1 1 1150 1293 1163 1982
6224 4 2 1 1 231 1651 184 1847
6225 4 2 1 1 1428 1860 1878 2056
6226 4 2 1 1 1313 1926 1206 2011
6227 4 2 1 1 1113 1716 1291 1854
6228 4 2 1 1 601 540 1838 2189
6229 4 2 1 1 1560 1449 1884 2088
6230 4 2 1 1 1403 1732 1593 2132
6231 4 2 1 1 379 335 370 1784
6232 4 2 1 1 1688 2008 568 2324
6233 4 2 1 1 1374 1891 1584 2094
6234 4 2 1 1 1039 1041 1191 1867
6235 4 2 1 1 1473 1672 1758 1995
6236 4 2 1 1 1137 1973 1589 2190
6237 4 2 1 1 1031 1566 603 1824
6238 4 2 1 1 1873 2128 1689 2343
6239 4 2 1 1 1348 1750 1717 2237
6240 4 2 1 1 1296 1631 1163 2242
6241 4 2 1 1 314 316 335 1725
6242 4 2 1 1 813 974 1591 1878
6243 4 2 1 1 1156 2136 1699 2155
6244 4 2 1 1 1423 1745 1715 2014
6245 4 2 1 1 1760 1952 1465 2123
6246 4 2 1 1 1627 1856 194 1920
6247 4 2 1 1 1043 1284 1130 1678
6248 4 2 1 1 1046 1275 2171 2225
6249 4 2 1 1 1178 1907 1171 2139
6250 4 2 1 1 698 1515 699 1997
6251 4 2 1 1 1408 1808 1497 2044
6252 4 2 1 1 1223 1259 1846 1880
6253 4 2 1 1 1380 2041 1595 2122
6254 4 2 1 1 1380 1595 1833 2122
6255 4 2 1 1 749 880 1532 2103
6256 4 2 1 1 1519 1769 1414 2133
6257 4 2 1 1 878 1676 1734 2224
6258 4 2 1 1 1382 1756 1582 1811
6259 4 2 1 1 1344 1190 1944 2003
6260 4 2 1 1 719 1773 718 2045
6261 4 2 1 1 1370 1855 1548 1917
6262 4 2 1 1 725 955 730 1667
6263 4 2 1 1 1149 2136 1156 2155
6264 4 2 1 1 700 1515 698 2086
6265 4 2 1 1 993 541 626 2110
6266 4 2 1 1 236 2128 1873 2343
6267 4 2 1 1 325 1551 326 1972
6268 4 2 1 1 1559 1480 1968 2103
6269 4 2 1 1 1183 1181 1700 1791
6270 4 2 1 1 716 1945 1538 2322
6271 4 2 1 1 778 813 1635 1878
6272 4 2 1 1 1211 1609 1300 2180
6273 4 2 1 1 1530 1729 1448 1973
6274 4 2 1 1 1259 1276 1223 1846
6275 4 2 1 1 1413 1744 1543 2235
6276 4 2 1 1 1638 1951 1828 2285
6277 4 2 1 1 1424 1722 1815 1926
6278 4 2 1 1 1195 1995 1672 2236
6279 4 2 1 1 1462 1702 1596 1934
6280 4 2 1 1 1950 2147 1479 2209
6281 4 2 1 1 1416 1905 1631 2041
6282 4 2 1 1 212 1999 1587 2118
6283 4 2 1 1 1441 2023 1771 2043
6284 4 2 1 1 1525 1452 1806 1977
6285 4 2 1 1 1223 1099 1259 1880
6286 4 2 1 1 1556 1970 1909 2200
6287 4 2 1 1 1373 1798 2182 2221
6288 4 2 1 1 1440 1510 1716 2077
6289 4 2 1 1 1458 1639 1848 1883
6290 4 2 1 1 1306 1913 1023 2207
6291 4 2 1 1 1266 1714 2073 2193
6292 4 2 1 1 804 800 1543 1974
6293 4 2 1 1 626 2110 541 2335
6294 4 2 1 1 1303 1144 1525 2220
6295 4 2 1 1 307 311 309 1526
6296 4 2 1 1 1044 1724 1101 2171
6297 4 2 1 1 971 965 1707 1865
6298 4 2 1 1 1410 1716 1510 2077
6299 4 2 1 1 1459 1793 1669 2083
6300 4 2 1 1 448 447 446 1938
6301 4 2 1 1 1116 1105 1280 1893
6302 4 2 1 1 1623 1969 1011 2326
6303 4 2 1 1 1462 1667 1569 2107
6304 4 2 1 1 580 1844 1733 1876
6305 4 2 1 1 600 1501 638 2082
6306 4 2 1 1 1608 2000 1112 2127
6307 4 2 1 1 1502 1414 1749 2148
6308 4 2 1 1 1413 1543 1744 2010
6309 4 2 1 1 1003 631 386 657
6310 4 2 1 1 1538 716 1879 1945
6311 4 2 1 1 1396 1823 1754 2327
6312 4 2 1 1 1468 1748 1545 1842
6313 4 2 1 1 1481 1584 2165 2284
6314 4 2 1 1 667 369 1613 2018
6315 4 2 1 1 1499 1410 1854 1913
6316 4 2 1 1 1497 1919 763 2315
6317 4 2 1 1 1111 1278 1759 1942
6318 4 2 1 1 1390 1614 1656 2275
6319 4 2 1 1 1747 1822 1438 2141
6320 4 2 1 1 1128 1537 1907 2304
6321 4 2 1 1 1444 1636 1565 2309
6322 4 2 1 1 1467 1811 1756 1875
6323 4 2 1 1 1413 1629 1957 1974
6324 4 2 1 1 732 1693 1921 2052
6325 4 2 1 1 1550 1532 1930 1968
6326 4 2 1 1 1683 1744 1391 2288
6327 4 2 1 1 1590 1844 561 1876
6328 4 2 1 1 1400 1718 1796 2071
6329 4 2 1 1 1460 1885 1697 1907
6330 4 2 1 1 1721 1864 1649 2012
6331 4 2 1 1 1413 1870 1629 1974
6332 4 2 1 1 1718 1849 1466 2223
6333 4 2 1 1 1270 2105 610 2217
6334 4 2 1 1 1290 1157 1126 1837
6335 4 2 1 1 1371 1968 1900 2079
6336 4 2 1 1 973 176 235 2343
6337 4 2 1 1 698 1921 1515 1997
6338 4 2 1 1 975 179 240 1868
6339 4 2 1 1 665 540 900 2189
6340 4 2 1 1 393 1501 354 2082
6341 4 2 1 1 1465 1899 1612 2037
6342 4 2 1 1 1409 1532 1930 2053
6343 4 2 1 1 1414 1502 1826 2148
6344 4 2 1 1 1406 1785 1518 1933
6345 4 2 1 1 1744 1981 1372 2010
6346 4 2 1 1 1450 2037 1612 2154
6347 4 2 1 1 1072 1080 1079 1858
6348 4 2 1 1 1498 1664 1661 2153
6349 4 2 1 1 1398 2182 1798 2221
6350 4 2 1 1 1143 1806 2089 2167
6351 4 2 1 1 719 713 2045 2212
6352 4 2 1 1 1414 1502 1769 1826
6353 4 2 1 1 1640 2037 1952 2355
6354 4 2 1 1 543 603 1343 2109
6355 4 2 1 1 1230 1671 1128 1907
6356 4 2 1 1 351 392 596 2174
6357 4 2 1 1 1153 1151 2127 2200
6358 4 2 1 1 1659 2240 1447 2301
6359 4 2 1 1 1232 1553 1329 2232
6360 4 2 1 1 1404 1967 1502 2172
6361 4 2 1 1 281 259 171 1588
6362 4 2 1 1 479 459 1817 2036
6363 4 2 1 1 1453 1656 1614 1825
6364 4 2 1 1 1529 1763 276 1920
6365 4 2 1 1 1428 1591 1999 2334
6366 4 2 1 1 722 912 768 1879
6367 4 2 1 1 1951 2255 1828 2285
6368 4 2 1 1 1525 2001 1406 2220
6369 4 2 1 1 952 947 1874 2199
6370 4 2 1 1 1640 1952 2108 2355
6371 4 2 1 1 308 1731 312 1962
6372 4 2 1 1 880 1906 1532 2103
6373 4 2 1 1 1153 1909 1556 2225
6374 4 2 1 1 1369 1864 1848 1951
6375 4 2 1 1 1253 1252 1029 1664
6376 4 2 1 1 1498 2062 1395 2153
6377 4 2 1 1 1367 2024 1825 2117
6378 4 2 1 1 1372 1981 1595 2064
6379 4 2 1 1 1307 1821 1078 1904
6380 4 2 1 1 1294 1153 1152 1556
6381 4 2 1 1 1416 2041 1510 2122
6382 4 2 1 1 399 303 513 1695
6383 4 2 1 1 1714 1936 1467 2090
6384 4 2 1 1 946 1647 1777 2156
6385 4 2 1 1 178 1330 1794 2202
6386 4 2 1 1 802 1649 898 2009
6387 4 2 1 1 1445 1633 1946 2165
6388 4 2 1 1 1694 1960 1273 2143
6389 4 2 1 1 1440 2013 1658 2307
6390 4 2 1 1 1370 1531 1871 2246
6391 4 2 1 1 1104 1692 2145 2150
6392 4 2 1 1 1434 1856 1627 1911
6393 4 2 1 1 845 1761 780 1849
6394 4 2 1 1 692 1865 1558 2048
6395 4 2 1 1 1046 1101 1275 2225
6396 4 2 1 1 1699 1893 1485 2146
6397 4 2 1 1 1612 1899 1465 2204
6398 4 2 1 1 431 430 1664 2173
6399 4 2 1 1 737 738 1559 2196
6400 4 2 1 1 871 1651 680 2260
6401 4 2 1 1 705 2120 1786 2137
6402 4 2 1 1 1380 1845 1547 2077
6403 4 2 1 1 887 742 934 1652
6404 4 2 1 1 1243 1580 1088 2353
6405 4 2 1 1 1472 1849 1761 1986
6406 4 2 1 1 361 371 2018 2226
6407 4 2 1 1 1659 1677 1447 2240
6408 4 2 1 1 1697 2072 1454 2118
6409 4 2 1 1 1573 2087 1381 2177
6410 4 2 1 1 1243 1088 1580 2307
6411 4 2 1 1 448 1899 1521 2154
6412 4 2 1 1 959 987 512 1727
6413 4 2 1 1 1335 1014 281 1588
6414 4 2 1 1 1553 1794 1568 2233
6415 4 2 1 1 1708 717 1901 1945
6416 4 2 1 1 1093 1518 1836 1961
6417 4 2 1 1 1498 1664 2153 2252
6418 4 2 1 1 1323 1661 1168 2245
6419 4 2 1 1 1539 1581 2239 2354
6420 4 2 1 1 1528 1669 1980 2215
6421 4 2 1 1 813 1591 974 2075
6422 4 2 1 1 1084 1893 1561 2074
6423 4 2 1 1 809 1635 988 2140
6424 4 2 1 1 1046 2171 1101 2225
6425 4 2 1 1 1542 1844 1799 2192
6426 4 2 1 1 1012 1316 1352 1533
6427 4 2 1 1 828 831 1816 1967
6428 4 2 1 1 1408 1764 1522 2168
6429 4 2 1 1 1383 1718 1620 1882
6430 4 2 1 1 1805 2165 1946 2341
6431 4 2 1 1 264 1539 195 2019
6432 4 2 1 1 1389 1889 1610 2183
6433 4 2 1 1 1507 1750 1412 1931
6434 4 2 1 1 1426 1800 1618 2282
6435 4 2 1 1 562 560 561 1590
6436 4 2 1 1 1375 1525 1781 1977
6437 4 2 1 1 1399 1616 1790 2095
6438 4 2 1 1 812 1768 1686 2231
6439 4 2 1 1 508 1715 1341 1817
6440 4 2 1 1 399 1354 383 1695
6441 4 2 1 1 176 975 240 2334
6442 4 2 1 1 327 326 325 1551
6443 4 2 1 1 1625 2097 1943 2191
6444 4 2 1 1 924 1629 734 1870
6445 4 2 1 1 981 262 175 1737
6446 4 2 1 1 1190 1188 1585 2003
6447 4 2 1 1 1147 2000 1617 2073
6448 4 2 1 1 395 1913 1719 2054
6449 4 2 1 1 1816 1535 2026 2192
6450 4 2 1 1 1367 1841 1594 2024
6451 4 2 1 1 1530 1863 1385 2124
6452 4 2 1 1 1445 1524 2046 2284
6453 4 2 1 1 1721 1927 1458 2255
6454 4 2 1 1 680 177 234 1746
6455 4 2 1 1 757 1531 801 2156
6456 4 2 1 1 455 457 467 2298
6457 4 2 1 1 213 239 1999 2128
6458 4 2 1 1 382 627 533 1915
6459 4 2 1 1 1367 1764 1522 1948
6460 4 2 1 1 1439 2144 1603 2313
6461 4 2 1 1 605 2236 1886 2306
6462 4 2 1 1 1738 1855 1548 2308
6463 4 2 1 1 1490 1754 1823 2327
6464 4 2 1 1 930 1974 1870 2234
6465 4 2 1 1 1384 1801 1533 2331
6466 4 2 1 1 1647 1874 947 2199
6467 4 2 1 1 1446 1698 1652 2179
6468 4 2 1 1 1569 1667 1425 2107
6469 4 2 1 1 927 758 1686 2106
6470 4 2 1 1 1091 1658 1978 2134
6471 4 2 1 1 833 1923 1660 2263
6472 4 2 1 1 295 896 676 1784
6473 4 2 1 1 740 1797 1522 1949
6474 4 2 1 1 1657 470 1817 2036
6475 4 2 1 1 206 1568 207 1985
6476 4 2 1 1 1528 1859 2161 2215
6477 4 2 1 1 1522 1797 740 2273
6478 4 2 1 1 1554 1928 1276 2111
6479 4 2 1 1 1439 2101 1852 2196
6480 4 2 1 1 412 1003 386 657
6481 4 2 1 1 1587 1861 210 2233
6482 4 2 1 1 1445 1802 1524 1954
6483 4 2 1 1 576 577 586 2027
6484 4 2 1 1 1532 1742 1713 2333
6485 4 2 1 1 1390 2039 1895 2265
6486 4 2 1 1 1536 1724 1436 2180
6487 4 2 1 1 1412 1747 1507 1822
6488 4 2 1 1 211 1587 212 1999
6489 4 2 1 1 1412 1758 1747 1822
6490 4 2 1 1 1098 1235 1119 1614
6491 4 2 1 1 1430 2064 1595 2131
6492 4 2 1 1 785 1619 766 2043
6493 4 2 1 1 215 1567 214 1932
6494 4 2 1 1 790 1808 747 1949
6495 4 2 1 1 806 757 1768 1887
6496 4 2 1 1 347 349 1853 2346
6497 4 2 1 1 697 734 695 1629
6498 4 2 1 1 313 1547 1827 2054
6499 4 2 1 1 1563 1422 1798 1983
6500 4 2 1 1 560 1844 1590 2059
6501 4 2 1 1 1456 1545 1662 2191
6502 4 2 1 1 1637 1937 465 2277
6503 4 2 1 1 1696 1799 1596 2026
6504 4 2 1 1 1614 1825 1457 1836
6505 4 2 1 1 1456 2070 1615 2198
6506 4 2 1 1 1896 2227 616 2320
6507 4 2 1 1 1131 1220 1632 1823
6508 4 2 1 1 1393 1574 1908 2198
6509 4 2 1 1 1039 1776 1188 2349
6510 4 2 1 1 481 1639 519 2346
6511 4 2 1 1 1554 1674 1448 2111
6512 4 2 1 1 1428 1999 1868 2334
6513 4 2 1 1 891 424 675 1741
6514 4 2 1 1 1426 1771 1607 2311
6515 4 2 1 1 1439 1709 1646 2108
6516 4 2 1 1 1376 2057 1952 2313
6517 4 2 1 1 1553 2232 1863 2291
6518 4 2 1 1 443 1597 445 2169
6519 4 2 1 1 1183 1209 1182 2093
6520 4 2 1 1 506 432 482 1661
6521 4 2 1 1 297 304 305 1927
6522 4 2 1 1 1429 1655 1538 2322
6523 4 2 1 1 359 1830 409 1947
6524 4 2 1 1 773 1511 2084 2199
6525 4 2 1 1 1125 1819 1124 1998
6526 4 2 1 1 1415 1592 2163 2265
6527 4 2 1 1 799 2224 800 2234
6528 4 2 1 1 1594 1948 1367 2121
6529 4 2 1 1 1386 1720 1624 2063
6530 4 2 1 1 402 1639 288 1872
6531 4 2 1 1 1370 1684 1544 1871
6532 4 2 1 1 460 1622 488 1835
6533 4 2 1 1 1470 1593 1891 2160
6534 4 2 1 1 1538 1403 1879 1984
6535 4 2 1 1 1688 1412 2008 2324
6536 4 2 1 1 927 1686 812 1768
6537 4 2 1 1 184 682 1002 1847
6538 4 2 1 1 749 1532 1877 2103
6539 4 2 1 1 1580 2067 1243 2307
6540 4 2 1 1 1543 1495 1981 2224
6541 4 2 1 1 952 1874 2126 2199
6542 4 2 1 1 1616 1659 1991 2301
6543 4 2 1 1 799 804 800 2224
6544 4 2 1 1 1640 2057 1646 2108
6545 4 2 1 1 961 1598 822 2126
6546 4 2 1 1 1470 2022 1786 2120
6547 4 2 1 1 340 359 409 1947
6548 4 2 1 1 1066 1778 1065 2339
6549 4 2 1 1 715 720 714 2160
6550 4 2 1 1 595 596 637 1915
6551 4 2 1 1 1402 1938 1597 2149
6552 4 2 1 1 1317 1700 1181 2166
6553 4 2 1 1 1450 2037 1521 2195
6554 4 2 1 1 1472 1796 1718 2071
6555 4 2 1 1 658 492 961 2169
6556 4 2 1 1 1529 2197 226 2256
6557 4 2 1 1 1635 1741 1474 2025
6558 4 2 1 1 667 920 864 1613
6559 4 2 1 1 967 702 1810 2254
6560 4 2 1 1 1821 2001 1525 2130
6561 4 2 1 1 1370 1866 1531 2246
6562 4 2 1 1 1284 1130 1678 1995
6563 4 2 1 1 1134 1554 1276 2111
6564 4 2 1 1 1654 2063 1386 2091
6565 4 2 1 1 349 1853 1639 2329
6566 4 2 1 1 1348 1717 1201 2217
6567 4 2 1 1 1460 1907 1697 2139
6568 4 2 1 1 1404 1502 1876 2172
6569 4 2 1 1 1284 1995 1678 2150
6570 4 2 1 1 219 270 256 2233
6571 4 2 1 1 1770 1827 1419 1962
6572 4 2 1 1 1174 2129 1359 2162
6573 4 2 1 1 1501 1776 354 2082
6574 4 2 1 1 1375 1525 1977 2001
6575 4 2 1 1 1480 1559 2079 2303
6576 4 2 1 1 481 464 1639 1883
6577 4 2 1 1 1161 1840 1632 2218
6578 4 2 1 1 1627 1434 1911 2348
6579 4 2 1 1 1620 1882 1718 1986
6580 4 2 1 1 577 595 586 1583
6581 4 2 1 1 1670 1727 1010 2231
6582 4 2 1 1 1725 1905 1648 2041
6583 4 2 1 1 1528 1980 1451 2215
6584 4 2 1 1 221 1697 1932 2118
6585 4 2 1 1 364 396 1751 2242
6586 4 2 1 1 1207 1625 1320 2097
6587 4 2 1 1 1542 1844 558 2059
6588 4 2 1 1 1230 1671 1907 2232
6589 4 2 1 1 1128 1160 1537 2304
6590 4 2 1 1 1659 1790 1677 2240
6591 4 2 1 1 1420 1873 1663 2128
6592 4 2 1 1 1105 1084 1096 1893
6593 4 2 1 1 664 848 847 1601
6594 4 2 1 1 1369 1506 1897 2078
6595 4 2 1 1 404 1250 1719 1913
6596 4 2 1 1 852 971 850 1803
6597 4 2 1 1 1580 1447 2021 2353
6598 4 2 1 1 1345 1305 1657 1857
6599 4 2 1 1 1452 1806 1654 2089
6600 4 2 1 1 1965 2025 1474 2210
6601 4 2 1 1 295 676 370 1784
6602 4 2 1 1 914 922 928 1834
6603 4 2 1 1 1812 1935 1397 2074
6604 4 2 1 1 459 1745 454 2029
6605 4 2 1 1 1685 1944 1585 2003
6606 4 2 1 1 1519 2209 1829 2316
6607 4 2 1 1 1477 1815 1507 2011
6608 4 2 1 1 1680 1889 1461 2259
6609 4 2 1 1 554 1626 552 1831
6610 4 2 1 1 943 942 836 1723
6611 4 2 1 1 236 1873 1689 2343
6612 4 2 1 1 1054 1056 2035 2198
6613 4 2 1 1 1617 2000 1488 2073
6614 4 2 1 1 1989 1991 1636 2050
6615 4 2 1 1 1474 2025 1965 2248
6616 4 2 1 1 803 1874 1531 1887
6617 4 2 1 1 878 660 935 1734
6618 4 2 1 1 1428 1775 1787 2056
6619 4 2 1 1 1659 1790 2240 2301
6620 4 2 1 1 215 1932 218 2128
6621 4 2 1 1 1534 1411 1793 2328
6622 4 2 1 1 1444 1855 1738 2308
6623 4 2 1 1 1408 1522 2107 2168
6624 4 2 1 1 1390 1606 1628 2265
6625 4 2 1 1 1706 1810 703 2254
6626 4 2 1 1 467 457 1883 2298
6627 4 2 1 1 1189 1356 1037 1776
6628 4 2 1 1 1306 1854 1299 1913
6629 4 2 1 1 533 287 382 1915
6630 4 2 1 1 1110 2000 1147 2073
6631 4 2 1 1 1216 2109 1529 2256
6632 4 2 1 1 519 481 464 1639
6633 4 2 1 1 364 2242 1751 2249
6634 4 2 1 1 1472 1718 1849 1986
6635 4 2 1 1 377 312 380 1827
6636 4 2 1 1 1540 1853 1526 1864
6637 4 2 1 1 1705 1912 1373 1935
6638 4 2 1 1 1690 1804 1537 2007
6639 4 2 1 1 1930 2053 1532 2333
6640 4 2 1 1 1091 1658 1102 1978
6641 4 2 1 1 1482 1616 1901 2286
6642 4 2 1 1 1495 1734 1676 2224
6643 4 2 1 1 208 207 206 1568
6644 4 2 1 1 1091 1978 1103 2134
6645 4 2 1 1 1508 1925 1378 2092
6646 4 2 1 1 1514 1430 2049 2064
6647 4 2 1 1 1568 1985 1669 2085
6648 4 2 1 1 1697 1885 1460 1932
6649 4 2 1 1 245 225 209 1861
6650 4 2 1 1 910 1735 909 2212
6651 4 2 1 1 1414 1605 2040 2148
6652 4 2 1 1 1657 1792 470 2036
6653 4 2 1 1 1432 1657 1570 2181
6654 4 2 1 1 1815 1926 1722 2011
6655 4 2 1 1 1539 2239 1737 2354
6656 4 2 1 1 1399 1565 1636 1991
6657 4 2 1 1 312 1731 310 1827
6658 4 2 1 1 898 802 771 1649
6659 4 2 1 1 1570 1657 1432 1857
6660 4 2 1 1 1493 2080 1594 2203
6661 4 2 1 1 1493 1805 1594 2080
6662 4 2 1 1 1676 1981 1495 2224
6663 4 2 1 1 1466 1939 1849 2110
6664 4 2 1 1 1421 1597 1820 2149
6665 4 2 1 1 1418 1772 1504 1829
6666 4 2 1 1 1210 1724 1044 2180
6667 4 2 1 1 296 677 920 1703
6668 4 2 1 1 1367 1785 1518 2203
6669 4 2 1 1 1153 1556 1294 2225
6670 4 2 1 1 1366 1579 2047 2051
6671 4 2 1 1 1522 1764 1408 1949
6672 4 2 1 1 469 528 1663 2170
6673 4 2 1 1 1658 1823 1091 1998
6674 4 2 1 1 719 2045 910 2212
6675 4 2 1 1 1108 1617 1147 2000
6676 4 2 1 1 1773 1842 1425 1862
6677 4 2 1 1 1639 503 1872 2272
6678 4 2 1 1 1584 2094 1524 2206
6679 4 2 1 1 1409 1906 1532 2053
6680 4 2 1 1 1392 1612 1745 2014
6681 4 2 1 1 1357 2011 1507 2145
6682 4 2 1 1 1488 2000 1608 2127
6683 4 2 1 1 462 1818 1727 2186
6684 4 2 1 1 1544 1783 1373 1935
6685 4 2 1 1 1121 1276 1928 2111
6686 4 2 1 1 705 1706 2120 2137
6687 4 2 1 1 322 320 321 1910
6688 4 2 1 1 1384 1665 1552 2297
6689 4 2 1 1 1382 1677 1984 2208
6690 4 2 1 1 1258 1846 1946 2341
6691 4 2 1 1 1543 804 1974 2187
6692 4 2 1 1 192 1752 191 1990
6693 4 2 1 1 519 503 413 1639
6694 4 2 1 1 254 1588 1014 1767
6695 4 2 1 1 789 909 910 1735
6696 4 2 1 1 1033 1245 477 1657
6697 4 2 1 1 276 226 1529 1920
6698 4 2 1 1 1416 1648 1905 2041
6699 4 2 1 1 1107 1946 1575 2096
6700 4 2 1 1 733 1679 721 2279
6701 4 2 1 1 1407 1680 1579 2047
6702 4 2 1 1 1365 1621 1665 1931
6703 4 2 1 1 981 668 262 1737
6704 4 2 1 1 971 1803 852 2060
6705 4 2 1 1 1413 1543 1762 2235
6706 4 2 1 1 1229 1575 2070 2096
6707 4 2 1 1 1475 1780 1624 1975
6708 4 2 1 1 1479 1803 1707 2060
6709 4 2 1 1 751 919 1892 2101
6710 4 2 1 1 927 1768 812 2231
6711 4 2 1 1 1385 1863 1553 2124
6712 4 2 1 1 1131 1220 1161 1632
6713 4 2 1 1 228 1979 1782 2270
6714 4 2 1 1 371 1972 1613 2018
6715 4 2 1 1 555 1542 558 2006
6716 4 2 1 1 651 1944 599 2003
6717 4 2 1 1 1149 1548 2136 2155
6718 4 2 1 1 1494 2034 1674 2157
6719 4 2 1 1 1087 1714 1653 1832
6720 4 2 1 1 928 768 914 1834
6721 4 2 1 1 846 965 931 1761
6722 4 2 1 1 649 1018 1571 2332
6723 4 2 1 1 1537 1885 2007 2252
6724 4 2 1 1 176 674 1591 2343
6725 4 2 1 1 1134 1674 1136 1880
6726 4 2 1 1 430 1241 1664 2139
6727 4 2 1 1 1397 1691 1584 2206
6728 4 2 1 1 599 651 585 1944
6729 4 2 1 1 877 875 786 1941
6730 4 2 1 1 418 959 512 1727
6731 4 2 1 1 1101 2171 1724 2225
6732 4 2 1 1 1383 1718 1882 2310
6733 4 2 1 1 264 1746 189 1990
6734 4 2 1 1 1534 1446 1994 2356
6735 4 2 1 1 1373 1783 1705 1935
6736 4 2 1 1 1246 1695 1305 1857
6737 4 2 1 1 1640 2014 1755 2325
6738 4 2 1 1 1464 1626 1566 2228
6739 4 2 1 1 1643 1610 2114 2293
6740 4 2 1 1 321 323 1683 2241
6741 4 2 1 1 680 234 917 1746
6742 4 2 1 1 172 247 1553 2072
6743 4 2 1 1 834 1638 1828 2285
6744 4 2 1 1 1571 2006 607 2059
6745 4 2 1 1 327 1551 325 1971
6746 4 2 1 1 639 548 2197 2256
6747 4 2 1 1 176 240 1868 2334
6748 4 2 1 1 1423 1817 2036 2181
6749 4 2 1 1 1237 1236 366 1710
6750 4 2 1 1 922 699 1655 1997
6751 4 2 1 1 451 449 1612 2204
6752 4 2 1 1 501 525 418 1527
6753 4 2 1 1 361 371 293 2018
6754 4 2 1 1 715 1789 1728 2160
6755 4 2 1 1 498 1312 1623 2345
6756 4 2 1 1 853 856 957 2316
6757 4 2 1 1 1608 1150 1942 1982
6758 4 2 1 1 1728 1777 1433 2081
6759 4 2 1 1 1583 1939 1466 2027
6760 4 2 1 1 2057 2108 1952 2313
6761 4 2 1 1 1308 1714 1087 1832
6762 4 2 1 1 1705 2165 1584 2282
6763 4 2 1 1 381 296 920 1703
6764 4 2 1 1 372 1913 2054 2152
6765 4 2 1 1 223 1856 1577 1920
6766 4 2 1 1 661 832 1979 2263
6767 4 2 1 1 1946 2165 1633 2341
6768 4 2 1 1 1676 2099 1981 2224
6769 4 2 1 1 1237 366 289 1710
6770 4 2 1 1 1381 1573 1805 2087
6771 4 2 1 1 809 814 988 1635
6772 4 2 1 1 1424 1926 1815 2319
6773 4 2 1 1 1566 1824 1349 2167
6774 4 2 1 1 1227 1767 1333 2290
6775 4 2 1 1 1708 2079 1559 2303
6776 4 2 1 1 860 960 1829 2086
6777 4 2 1 1 1615 1914 1802 1954
6778 4 2 1 1 910 2045 1735 2212
6779 4 2 1 1 223 194 230 1856
6780 4 2 1 1 1575 1851 1107 2070
6781 4 2 1 1 1713 2131 1675 2205
6782 4 2 1 1 1517 1754 1658 1998
6783 4 2 1 1 918 668 1737 1746
6784 4 2 1 1 847 993 664 1601
6785 4 2 1 1 257 228 180 1979
6786 4 2 1 1 1387 1600 1758 1882
6787 4 2 1 1 1612 1392 1745 1937
6788 4 2 1 1 919 1603 807 1892
6789 4 2 1 1 1396 1726 1754 2247
6790 4 2 1 1 177 1746 680 2244
6791 4 2 1 1 1557 1478 2136 2250
6792 4 2 1 1 1158 1520 2264 2289
6793 4 2 1 1 1870 1957 1629 1974
6794 4 2 1 1 1441 1800 1705 2282
6795 4 2 1 1 1422 1804 1690 2007
6796 4 2 1 1 1461 1870 1834 1997
6797 4 2 1 1 357 1023 1249 1913
6798 4 2 1 1 1567 1787 1587 2118
6799 4 2 1 1 1588 1390 1681 1992
6800 4 2 1 1 952 775 947 2199
6801 4 2 1 1 1536 1436 1867 2180
6802 4 2 1 1 1108 1147 1110 2000
6803 4 2 1 1 1463 1628 2267 2347
6804 4 2 1 1 1381 1594 1748 2177
6805 4 2 1 1 618 1779 650 2059
6806 4 2 1 1 697 1629 695 1921
6807 4 2 1 1 519 464 503 1639
6808 4 2 1 1 948 1721 835 2255
6809 4 2 1 1 1634 1705 1441 1800
6810 4 2 1 1 838 1638 781 1892
6811 4 2 1 1 1182 1303 1791 1821
6812 4 2 1 1 1007 1959 666 2123
6813 4 2 1 1 249 1711 979 1979
6814 4 2 1 1 286 171 259 1681
6815 4 2 1 1 1396 1754 1658 2247
6816 4 2 1 1 1428 1546 1775 2230
6817 4 2 1 1 1864 1962 1419 2251
6818 4 2 1 1 1389 1653 1884 2068
6819 4 2 1 1 1528 1767 1459 2083
6820 4 2 1 1 1474 1965 1604 2248
6821 4 2 1 1 667 889 369 2018
6822 4 2 1 1 1054 2035 1574 2198
6823 4 2 1 1 226 1529 1920 2197
6824 4 2 1 1 1729 1928 1912 2111
6825 4 2 1 1 1460 1907 1537 2252
6826 4 2 1 1 1459 2190 1988 2202
6827 4 2 1 1 1718 1986 1882 2310
6828 4 2 1 1 967 702 700 1810
6829 4 2 1 1 1308 1283 1087 1714
6830 4 2 1 1 1460 2139 1682 2173
6831 4 2 1 1 1479 2060 1693 2209
6832 4 2 1 1 1092 1078 1307 1666
6833 4 2 1 1 1454 2124 1553 2232
6834 4 2 1 1 1567 1999 1591 2128
6835 4 2 1 1 1677 1790 1403 2079
6836 4 2 1 1 361 293 1734 2018
6837 4 2 1 1 1610 1744 1391 1970
6838 4 2 1 1 922 914 932 1834
6839 4 2 1 1 1460 1885 1907 2252
6840 4 2 1 1 1590 1876 561 2323
6841 4 2 1 1 1825 1933 1518 2024
6842 4 2 1 1 1273 1694 1274 1960
6843 4 2 1 1 1429 1786 1706 2137
6844 4 2 1 1 798 770 865 2205
6845 4 2 1 1 1107 1575 1229 2096
6846 4 2 1 1 357 1023 1913 2207
6847 4 2 1 1 1367 1518 1785 1933
6848 4 2 1 1 627 1915 382 2082
6849 4 2 1 1 305 1853 1540 1927
6850 4 2 1 1 1149 1162 1169 2308
6851 4 2 1 1 193 191 1752 2347
6852 4 2 1 1 1448 1534 2032 2157
6853 4 2 1 1 313 336 1547 2054
6854 4 2 1 1 1116 1929 1893 2304
6855 4 2 1 1 1481 1935 1812 2336
6856 4 2 1 1 1586 1726 1440 1930
6857 4 2 1 1 309 1526 311 2152
6858 4 2 1 1 661 832 982 1782
6859 4 2 1 1 1180 1571 1361 2166
6860 4 2 1 1 1634 2023 1377 2034
6861 4 2 1 1 1107 1229 1575 2070
6862 4 2 1 1 1540 1864 1526 1962
6863 4 2 1 1 1500 1789 1728 1891
6864 4 2 1 1 393 1915 1501 2082
6865 4 2 1 1 989 870 1668 2038
6866 4 2 1 1 789 2028 1735 2311
6867 4 2 1 1 220 1763 278 2216
6868 4 2 1 1 1862 2212 1773 2254
6869 4 2 1 1 1431 1943 1666 2097
6870 4 2 1 1 282 178 1330 1794
6871 4 2 1 1 1512 2182 1373 2342
6872 4 2 1 1 942 1723 1927 2255
6873 4 2 1 1 1501 1915 638 2082
6874 4 2 1 1 1012 1316 1533 2105
6875 4 2 1 1 1560 1884 2066 2088
6876 4 2 1 1 1384 1700 1801 2331
6877 4 2 1 1 1647 1866 1531 1874
6878 4 2 1 1 1490 1754 1572 2305
6879 4 2 1 1 361 2018 1734 2226
6880 4 2 1 1 1411 1843 1546 1985
6881 4 2 1 1 1606 1451 1980 2270
6882 4 2 1 1 771 776 898 1721
6883 4 2 1 1 951 1613 864 2005
6884 4 2 1 1 801 947 946 1647
6885 4 2 1 1 1289 1712 1738 2143
6886 4 2 1 1 736 737 738 1559
6887 4 2 1 1 1663 1420 2128 2337
6888 4 2 1 1 1697 1885 1454 1907
6889 4 2 1 1 1654 2089 1806 2167
6890 4 2 1 1 1569 2107 1425 2121
6891 4 2 1 1 1416 1608 1942 1982
6892 4 2 1 1 233 1577 223 1856
6893 4 2 1 1 842 1730 546 1939
6894 4 2 1 1 1537 1690 2007 2304
6895 4 2 1 1 449 450 451 1612
6896 4 2 1 1 1507 1822 1747 2141
6897 4 2 1 1 1479 2147 2060 2209
6898 4 2 1 1 455 1745 454 2036
6899 4 2 1 1 1306 1302 1499 2207
6900 4 2 1 1 1069 1960 1524 2050
6901 4 2 1 1 1582 2016 1655 2115
6902 4 2 1 1 1732 2022 1576 2158
6903 4 2 1 1 1884 2088 1692 2171
6904 4 2 1 1 1669 1985 1411 2085
6905 4 2 1 1 1728 1777 1500 2269
6906 4 2 1 1 1585 1944 1190 2003
6907 4 2 1 1 732 1693 698 1921
6908 4 2 1 1 1542 1781 1571 2006
6909 4 2 1 1 1329 1232 1016 1553
6910 4 2 1 1 1107 1239 1946 2096
6911 4 2 1 1 596 595 591 1583
6912 4 2 1 1 691 693 1957 2048
6913 4 2 1 1 1409 1709 1906 2258
6914 4 2 1 1 492 1598 961 2169
6915 4 2 1 1 1323 1362 1022 2245
6916 4 2 1 1 206 1568 1669 2201
6917 4 2 1 1 1478 1757 1818 2020
6918 4 2 1 1 1623 2136 1478 2250
6919 4 2 1 1 678 900 601 1838
6920 4 2 1 1 1207 1313 1320 2055
6921 4 2 1 1 529 399 513 1354
6922 4 2 1 1 1720 1752 1627 2348
6923 4 2 1 1 1373 1912 1705 1994
6924 4 2 1 1 277 251 260 1795
6925 4 2 1 1 1122 1973 1135 2111
6926 4 2 1 1 212 211 210 1587
6927 4 2 1 1 1510 1440 1833 2077
6928 4 2 1 1 1517 2301 1790 2305
6929 4 2 1 1 1715 2014 1632 2102
6930 4 2 1 1 1645 2235 1610 2293
6931 4 2 1 1 701 704 1655 2137
6932 4 2 1 1 1278 1155 1212 1942
6933 4 2 1 1 1497 1808 1581 2044
6934 4 2 1 1 848 965 846 1707
6935 4 2 1 1 1143 2089 1142 2167
6936 4 2 1 1 1399 1989 1819 2305
6937 4 2 1 1 483 524 527 1958
6938 4 2 1 1 254 253 1588 1767
6939 4 2 1 1 1708 1900 1559 2079
6940 4 2 1 1 1654 1806 1452 2063
6941 4 2 1 1 969 840 1807 1838
6942 4 2 1 1 1385 1568 2032 2085
6943 4 2 1 1 1381 1805 1594 2087
6944 4 2 1 1 1216 2091 1529 2109
6945 4 2 1 1 1569 1696 1462 1881
6946 4 2 1 1 803 757 806 1887
6947 4 2 1 1 1433 1777 1728 2269
6948 4 2 1 1 1739 1992 1390 2275
6949 4 2 1 1 1822 2176 1758 2178
6950 4 2 1 1 372 1913 395 2054
6951 4 2 1 1 1367 1522 1764 2121
6952 4 2 1 1 1390 1588 1681 1956
6953 4 2 1 1 1407 1643 1680 2259
6954 4 2 1 1 1468 1842 1773 1862
6955 4 2 1 1 1635 1878 813 2075
6956 4 2 1 1 1098 1100 1961 2314
6957 4 2 1 1 1501 1776 1541 2188
6958 4 2 1 1 741 1797 1607 2273
6959 4 2 1 1 691 1516 2005 2048
6960 4 2 1 1 751 1709 760 2258
6961 4 2 1 1 922 701 704 1655
6962 4 2 1 1 1320 1625 1067 2097
6963 4 2 1 1 952 2126 775 2199
6964 4 2 1 1 1380 1930 1532 2333
6965 4 2 1 1 555 1831 1542 2006
6966 4 2 1 1 1367 1518 2024 2203
6967 4 2 1 1 1449 1815 1722 2145
6968 4 2 1 1 1671 1907 1537 2304
6969 4 2 1 1 221 2072 1697 2118
6970 4 2 1 1 1735 2028 1562 2177
6971 4 2 1 1 1133 1298 1289 1712
6972 4 2 1 1 1405 1705 1584 2282
6973 4 2 1 1 305 1540 306 2330
6974 4 2 1 1 605 655 1886 2236
6975 4 2 1 1 1140 1599 1139 2314
6976 4 2 1 1 1616 1790 1659 2301
6977 4 2 1 1 1382 2113 1814 2208
6978 4 2 1 1 476 414 515 1663
6979 4 2 1 1 195 1539 191 2347
6980 4 2 1 1 1362 1214 1557 2245
6981 4 2 1 1 414 1663 528 1873
6982 4 2 1 1 1381 2087 1594 2177
6983 4 2 1 1 1469 1696 1596 2318
6984 4 2 1 1 1406 1933 1564 2168
6985 4 2 1 1 678 840 1838 2302
6986 4 2 1 1 1401 1550 1833 1850
6987 4 2 1 1 336 315 1547 1905
6988 4 2 1 1 1387 1758 2176 2178
6989 4 2 1 1 1142 2089 1654 2167
6990 4 2 1 1 376 1676 295 2116
6991 4 2 1 1 1243 1089 1088 2307
6992 4 2 1 1 1603 2123 1637 2355
6993 4 2 1 1 1502 1404 1876 1967
6994 4 2 1 1 1489 1849 1718 2223
6995 4 2 1 1 949 1540 948 2330
6996 4 2 1 1 1417 1916 1831 2261
6997 4 2 1 1 650 2059 1779 2332
6998 4 2 1 1 1457 1933 1642 1961
6999 4 2 1 1 1070 2046 1812 2312
7000 4 2 1 1 1645 2114 2235 2293
7001 4 2 1 1 1610 2235 2114 2293
7002 4 2 1 1 1618 1771 1426 2311
7003 4 2 1 1 339 1499 1940 2207
7004 4 2 1 1 1277 1248 1288 1636
7005 4 2 1 1 1097 1091 1823 1998
7006 4 2 1 1 1287 1530 1973 2281
7007 4 2 1 1 404 1719 395 1913
7008 4 2 1 1 510 1000 523 1689
7009 4 2 1 1 1447 1677 1659 1811
7010 4 2 1 1 795 1807 794 1976
7011 4 2 1 1 919 761 807 1603
7012 4 2 1 1 198 197 1628 2321
7013 4 2 1 1 624 986 614 1733
7014 4 2 1 1 1498 2173 1664 2252
7015 4 2 1 1 1438 1536 1692 2088
7016 4 2 1 1 1524 1960 1636 2050
7017 4 2 1 1 1429 2022 1732 2158
7018 4 2 1 1 918 983 819 1581
7019 4 2 1 1 1141 1139 2089 2112
7020 4 2 1 1 1042 1210 1044 2180
7021 4 2 1 1 582 566 654 2324
7022 4 2 1 1 1211 1300 1210 2180
7023 4 2 1 1 1453 1846 1841 2024
7024 4 2 1 1 1493 1841 1846 2024
7025 4 2 1 1 242 1663 275 1932
7026 4 2 1 1 1630 1820 1421 2280
7027 4 2 1 1 1527 1874 820 1887
7028 4 2 1 1 1475 1808 1581 2033
7029 4 2 1 1 1056 2070 2035 2198
7030 4 2 1 1 1524 1802 1486 1954
7031 4 2 1 1 1605 1826 1384 2172
7032 4 2 1 1 1366 2047 1902 2051
7033 4 2 1 1 1277 1248 1636 1989
7034 4 2 1 1 1195 1747 1672 1995
7035 4 2 1 1 873 1698 1765 2179
7036 4 2 1 1 1153 1556 1909 2200
7037 4 2 1 1 1606 1956 199 2294
7038 4 2 1 1 857 2213 1769 2283
7039 4 2 1 1 1625 1851 2097 2191
7040 4 2 1 1 1534 1736 1448 2032
7041 4 2 1 1 1528 1956 1606 2294
7042 4 2 1 1 1554 1674 2034 2157
7043 4 2 1 1 1648 1905 317 2249
7044 4 2 1 1 767 1618 906 2028
7045 4 2 1 1 1205 1641 1203 1926
7046 4 2 1 1 1715 1423 1817 2036
7047 4 2 1 1 1418 1829 1504 1869
7048 4 2 1 1 1790 2240 1517 2305
7049 4 2 1 1 1632 1450 1840 2327
7050 4 2 1 1 591 546 1730 1939
7051 4 2 1 1 834 837 670 1828
7052 4 2 1 1 1421 1820 1760 2280
7053 4 2 1 1 333 381 369 1613
7054 4 2 1 1 1481 2165 1633 2284
7055 4 2 1 1 981 824 1006 1737
7056 4 2 1 1 918 917 668 1746
7057 4 2 1 1 1526 1940 1898 2238
7058 4 2 1 1 1432 1526 1940 2329
7059 4 2 1 1 1135 1674 1134 2111
7060 4 2 1 1 227 173 1711 1843
7061 4 2 1 1 602 573 578 2335
7062 4 2 1 1 584 646 643 2228
7063 4 2 1 1 1513 1621 1611 2320
7064 4 2 1 1 768 913 914 1834
7065 4 2 1 1 767 907 1618 2028
7066 4 2 1 1 1499 1898 1940 2238
7067 4 2 1 1 1539 1443 1737 2239
7068 4 2 1 1 1756 1936 1680 2016
7069 4 2 1 1 1434 1581 1975 2348
7070 4 2 1 1 1411 1793 1669 2085
7071 4 2 1 1 963 854 1749 2133
7072 4 2 1 1 1718 1774 1620 2071
7073 4 2 1 1 489 521 500 1670
7074 4 2 1 1 797 762 1852 2144
7075 4 2 1 1 756 1562 888 2120
7076 4 2 1 1 1714 1488 2073 2222
7077 4 2 1 1 1462 1569 1667 2300
7078 4 2 1 1 330 329 1555 1963
7079 4 2 1 1 813 809 778 1635
7080 4 2 1 1 1648 1910 1495 2042
7081 4 2 1 1 970 812 1670 2231
7082 4 2 1 1 1413 1516 1762 1957
7083 4 2 1 1 1111 1608 1150 1942
7084 4 2 1 1 251 1795 277 2267
7085 4 2 1 1 1972 2018 371 2226
7086 4 2 1 1 1323 1022 1661 2245
7087 4 2 1 1 369 889 293 2018
7088 4 2 1 1 1430 1675 2131 2205
7089 4 2 1 1 1575 1805 1493 2080
7090 4 2 1 1 1516 1413 1762 2235
7091 4 2 1 1 1084 2074 1561 2336
7092 4 2 1 1 831 958 1733 1967
7093 4 2 1 1 459 1715 508 1817
7094 4 2 1 1 1501 1583 1813 2223
7095 4 2 1 1 1517 2021 1076 2307
7096 4 2 1 1 1592 1895 2039 2265
7097 4 2 1 1 909 888 756 1562
7098 4 2 1 1 424 524 483 1741
7099 4 2 1 1 1762 2018 1442 2187
7100 4 2 1 1 1323 1253 1168 1661
7101 4 2 1 1 1660 1782 1443 1919
7102 4 2 1 1 1305 1246 1035 1695
7103 4 2 1 1 1059 1673 1065 1914
7104 4 2 1 1 1621 1688 1611 2320
7105 4 2 1 1 1581 2044 1379 2239
7106 4 2 1 1 1282 1714 1266 2090
7107 4 2 1 1 847 993 1601 2110
7108 4 2 1 1 1521 2017 1520 2195
7109 4 2 1 1 1593 1500 1891 2160
7110 4 2 1 1 320 318 1648 2116
7111 4 2 1 1 1375 1977 1780 2001
7112 4 2 1 1 696 1921 695 2052
7113 4 2 1 1 1164 1302 1165 1857
7114 4 2 1 1 329 331 1555 2188
7115 4 2 1 1 1199 1750 1198 2237
7116 4 2 1 1 1528 1494 2083 2161
7117 4 2 1 1 1561 2281 1084 2336
7118 4 2 1 1 1615 1802 1256 2096
7119 4 2 1 1 1421 1820 1630 2149
7120 4 2 1 1 722 1879 1708 2303
7121 4 2 1 1 723 722 1708 2303
7122 4 2 1 1 793 2033 792 2317
7123 4 2 1 1 1672 1886 655 2236
7124 4 2 1 1 1908 2115 1582 2158
7125 4 2 1 1 320 318 319 1648
7126 4 2 1 1 1711 1809 1411 1964
7127 4 2 1 1 1428 1775 1765 2230
7128 4 2 1 1 1112 1110 1244 2127
7129 4 2 1 1 1152 1244 1308 2127
7130 4 2 1 1 1423 2014 1715 2102
7131 4 2 1 1 432 431 1664 2173
7132 4 2 1 1 1426 2028 1735 2177
7133 4 2 1 1 1544 1684 1398 1871
7134 4 2 1 1 1393 1732 1576 2158
7135 4 2 1 1 1452 1525 1806 2112
7136 4 2 1 1 1916 2026 1535 2192
7137 4 2 1 1 1112 1608 1111 2000
7138 4 2 1 1 1499 1854 1410 1898
7139 4 2 1 1 1458 1540 1853 1927
7140 4 2 1 1 1103 1272 1091 2134
7141 4 2 1 1 1395 1684 1604 1804
7142 4 2 1 1 1552 1424 1839 2319
7143 4 2 1 1 1619 1809 1523 1941
7144 4 2 1 1 1437 1981 1676 2099
7145 4 2 1 1 983 1581 791 2033
7146 4 2 1 1 1729 1928 1095 2336
7147 4 2 1 1 1767 1988 1459 2083
7148 4 2 1 1 427 471 477 1695
7149 4 2 1 1 1283 1266 1714 2073
7150 4 2 1 1 1463 2267 1752 2347
7151 4 2 1 1 1494 2083 2034 2157
7152 4 2 1 1 1396 1755 1646 1897
7153 4 2 1 1 1529 2109 639 2256
7154 4 2 1 1 1475 1581 1808 2044
7155 4 2 1 1 1116 1893 1690 2304
7156 4 2 1 1 1551 1774 1645 2229
7157 4 2 1 1 1416 1510 1942 2122
7158 4 2 1 1 1610 2010 1744 2183
7159 4 2 1 1 871 867 680 1651
7160 4 2 1 1 323 322 321 1683
7161 4 2 1 1 1153 1151 1152 2127
7162 4 2 1 1 1780 1975 1475 2044
7163 4 2 1 1 373 406 1631 1905
7164 4 2 1 1 1722 2055 1492 2184
7165 4 2 1 1 1490 1788 1712 1819
7166 4 2 1 1 1463 1739 1599 2162
7167 4 2 1 1 639 548 589 2197
7168 4 2 1 1 1507 1815 1477 1931
7169 4 2 1 1 413 1639 503 1872
7170 4 2 1 1 173 672 979 1711
7171 4 2 1 1 1162 1738 1169 2308
7172 4 2 1 1 1525 1406 1821 2220
7173 4 2 1 1 603 543 643 2109
7174 4 2 1 1 914 933 932 1834
7175 4 2 1 1 1715 2014 1745 2029
7176 4 2 1 1 340 1830 409 2349
7177 4 2 1 1 733 742 729 1679
7178 4 2 1 1 698 1693 732 2086
7179 4 2 1 1 907 1618 2028 2311
7180 4 2 1 1 1370 1855 1757 1866
7181 4 2 1 1 1029 430 1241 1664
7182 4 2 1 1 1376 1788 1630 2017
7183 4 2 1 1 705 1706 881 2120
7184 4 2 1 1 608 1571 607 2332
7185 4 2 1 1 1543 1974 1514 2010
7186 4 2 1 1 1577 1924 647 2197
7187 4 2 1 1 1367 2024 1594 2203
7188 4 2 1 1 375 334 374 1734
7189 4 2 1 1 1496 2012 1649 2258
7190 4 2 1 1 1507 1449 2141 2145
7191 4 2 1 1 1445 1575 1805 1946
7192 4 2 1 1 331 330 329 1555
7193 4 2 1 1 1407 1950 1693 2047
7194 4 2 1 1 1636 2143 1960 2309
7195 4 2 1 1 1605 2172 1590 2323
7196 4 2 1 1 1462 1753 1667 2107
7197 4 2 1 1 558 2006 1542 2059
7198 4 2 1 1 367 1710 1971 2241
7199 4 2 1 1 647 532 1577 2197
7200 4 2 1 1 357 1249 294 1913
7201 4 2 1 1 1516 1957 1558 2048
7202 4 2 1 1 1055 1067 1625 1851
7203 4 2 1 1 562 1590 561 2323
7204 4 2 1 1 1384 1533 1801 2351
7205 4 2 1 1 1744 2010 1372 2183
7206 4 2 1 1 449 1899 448 2154
7207 4 2 1 1 1514 1543 2010 2064
7208 4 2 1 1 1497 2044 1581 2239
7209 4 2 1 1 1786 2120 1706 2137
7210 4 2 1 1 373 1905 1631 2242
7211 4 2 1 1 1421 1866 1647 1874
7212 4 2 1 1 501 525 1527 2169
7213 4 2 1 1 1921 2047 1693 2086
7214 4 2 1 1 276 1529 226 2256
7215 4 2 1 1 1689 1873 1420 2128
7216 4 2 1 1 1375 1781 1525 2130
7217 4 2 1 1 1814 2208 1850 2344
7218 4 2 1 1 1350 1034 1178 1682
7219 4 2 1 1 1449 1560 1950 2141
7220 4 2 1 1 1400 1774 1718 2071
7221 4 2 1 1 978 1711 1843 1964
7222 4 2 1 1 1606 2270 1980 2294
7223 4 2 1 1 1402 1969 1622 2289
7224 4 2 1 1 1059 1065 1062 1914
7225 4 2 1 1 1499 1432 1857 2238
7226 4 2 1 1 1290 1126 1165 1570
7227 4 2 1 1 521 490 530 1670
7228 4 2 1 1 1488 1875 1617 2073
7229 4 2 1 1 1373 1935 1912 1983
7230 4 2 1 1 1367 1825 1764 2117
7231 4 2 1 1 1632 2014 1715 2218
7232 4 2 1 1 1693 1418 2209 2316
7233 4 2 1 1 945 1974 804 2187
7234 4 2 1 1 181 1034 265 1682
7235 4 2 1 1 1516 2114 1413 2235
7236 4 2 1 1 999 963 659 2076
7237 4 2 1 1 745 1797 747 2315
7238 4 2 1 1 1401 1580 1759 2000
7239 4 2 1 1 1955 2253 1704 2309
7240 4 2 1 1 1395 1661 1557 2245
7241 4 2 1 1 200 199 1956 2294
7242 4 2 1 1 683 1723 300 1927
7243 4 2 1 1 313 336 315 1547
7244 4 2 1 1 710 714 911 2160
7245 4 2 1 1 1307 1083 1821 1904
7246 4 2 1 1 1792 2036 1657 2181
7247 4 2 1 1 1672 1758 1412 2008
7248 4 2 1 1 1440 1726 1586 2247
7249 4 2 1 1 993 673 541 2110
7250 4 2 1 1 1485 1548 1699 1917
7251 4 2 1 1 1960 2143 1694 2309
7252 4 2 1 1 213 1999 1567 2128
7253 4 2 1 1 1471 1556 1888 2200
7254 4 2 1 1 773 2144 1511 2199
7255 4 2 1 1 1414 1826 1605 2148
7256 4 2 1 1 244 182 1215 1763
7257 4 2 1 1 1788 1819 1490 2305
7258 4 2 1 1 1425 1842 1748 1862
7259 4 2 1 1 1636 1989 1399 1991
7260 4 2 1 1 1439 2101 1603 2144
7261 4 2 1 1 760 2258 1892 2285
7262 4 2 1 1 710 882 709 1901
7263 4 2 1 1 362 363 336 1719
7264 4 2 1 1 717 1708 722 1879
7265 4 2 1 1 1058 1229 1615 2096
7266 4 2 1 1 1486 1991 1989 2050
7267 4 2 1 1 1664 2173 1460 2252
7268 4 2 1 1 1563 1798 1736 1983
7269 4 2 1 1 590 591 577 2027
7270 4 2 1 1 1398 1684 1604 2257
7271 4 2 1 1 1375 1799 1696 2026
7272 4 2 1 1 717 723 722 1708
7273 4 2 1 1 1395 1644 2015 2062
7274 4 2 1 1 1613 1703 1400 1963
7275 4 2 1 1 906 1618 2279 2340
7276 4 2 1 1 1413 1744 1610 2010
7277 4 2 1 1 1593 1786 708 2262
7278 4 2 1 1 1130 1193 1192 1995
7279 4 2 1 1 1516 1957 1413 2114
7280 4 2 1 1 1982 2127 1151 2200
7281 4 2 1 1 1499 1857 1432 1940
7282 4 2 1 1 975 1868 240 2334
7283 4 2 1 1 1366 1515 2016 2115
7284 4 2 1 1 1008 1829 858 2213
7285 4 2 1 1 1490 1840 1520 2195
7286 4 2 1 1 398 1940 342 2207
7287 4 2 1 1 1917 2020 1684 2119
7288 4 2 1 1 1084 1082 2074 2336
7289 4 2 1 1 1372 1970 1744 2183
7290 4 2 1 1 1387 1966 1761 1986
7291 4 2 1 1 780 1796 688 1849
7292 4 2 1 1 1366 1902 1515 2115
7293 4 2 1 1 1796 1849 1718 2299
7294 4 2 1 1 1425 1735 2045 2212
7295 4 2 1 1 465 1937 1637 2204
7296 4 2 1 1 1155 1296 1212 1942
7297 4 2 1 1 329 1947 1555 1963
7298 4 2 1 1 1366 1680 1936 2016
7299 4 2 1 1 1474 2025 1741 2210
7300 4 2 1 1 1499 1940 1432 2238
7301 4 2 1 1 606 1896 616 2320
7302 4 2 1 1 1369 2078 1755 2181
7303 4 2 1 1 1307 1078 1083 1904
7304 4 2 1 1 1406 1569 1785 2168
7305 4 2 1 1 275 238 218 1663
7306 4 2 1 1 767 906 1618 2279
7307 4 2 1 1 1592 1825 1457 2275
7308 4 2 1 1 1379 1592 2039 2239
7309 4 2 1 1 1710 390 2061 2241
7310 4 2 1 1 1542 1464 1781 2006
7311 4 2 1 1 911 1740 939 1901
7312 4 2 1 1 1502 2172 1826 2323
7313 4 2 1 1 1337 2162 1795 2216
7314 4 2 1 1 1125 1097 1823 1998
7315 4 2 1 1 1408 1949 1753 2107
7316 4 2 1 1 717 936 1708 1901
7317 4 2 1 1 698 1515 1921 2086
7318 4 2 1 1 425 509 943 1723
7319 4 2 1 1 1333 1227 1014 1767
7320 4 2 1 1 1744 1970 1610 2183
7321 4 2 1 1 1598 1760 1421 1820
7322 4 2 1 1 419 499 498 1623
7323 4 2 1 1 1516 2005 1400 2151
7324 4 2 1 1 1208 1202 1801 2105
7325 4 2 1 1 1183 1181 1317 1700
7326 4 2 1 1 900 1838 969 2189
7327 4 2 1 1 1250 1019 363 1719
7328 4 2 1 1 1052 1050 2090 2184
7329 4 2 1 1 819 984 918 1746
7330 4 2 1 1 568 569 570 2320
7331 4 2 1 1 281 1588 253 1956
7332 4 2 1 1 238 275 170 1663
7333 4 2 1 1 1425 1667 1569 2300
7334 4 2 1 1 974 1591 1878 2334
7335 4 2 1 1 1571 1435 2059 2332
7336 4 2 1 1 707 2212 1706 2254
7337 4 2 1 1 1433 2221 1871 2276
7338 4 2 1 1 1185 1014 1335 1588
7339 4 2 1 1 1644 1818 1427 2020
7340 4 2 1 1 1144 2112 1525 2220
7341 4 2 1 1 192 194 220 1627
7342 4 2 1 1 265 1353 279 1682
7343 4 2 1 1 1757 1866 1855 2149
7344 4 2 1 1 1471 1888 1982 2200
7345 4 2 1 1 849 850 848 1707
7346 4 2 1 1 1418 1869 1839 2004
7347 4 2 1 1 851 850 849 1803
7348 4 2 1 1 721 1728 715 2279
7349 4 2 1 1 1423 1632 2014 2102
7350 4 2 1 1 1080 1518 1858 2194
7351 4 2 1 1 909 1562 756 2212
7352 4 2 1 1 284 1920 1577 2197
7353 4 2 1 1 1415 2163 1859 2265
7354 4 2 1 1 403 353 405 2349
7355 4 2 1 1 1441 1679 1652 2043
7356 4 2 1 1 1533 1801 1700 2331
7357 4 2 1 1 829 1953 1702 2159
7358 4 2 1 1 1381 1748 1594 2080
7359 4 2 1 1 223 1577 284 1920
7360 4 2 1 1 1548 1738 1402 1855
7361 4 2 1 1 818 824 832 1782
7362 4 2 1 1 435 433 434 1965
7363 4 2 1 1 1027 1622 1324 1835
7364 4 2 1 1 1561 1983 1935 2287
7365 4 2 1 1 1791 1821 1469 2093
7366 4 2 1 1 1077 1273 1960 2143
7367 4 2 1 1 542 989 678 1668
7368 4 2 1 1 588 647 1577 1924
7369 4 2 1 1 888 1562 909 2340
7370 4 2 1 1 1370 1917 1684 2119
7371 4 2 1 1 1050 1048 1087 1653
7372 4 2 1 1 1401 1580 2000 2353
7373 4 2 1 1 427 1354 513 1695
7374 4 2 1 1 1406 1525 1821 2001
7375 4 2 1 1 614 986 958 1733
7376 4 2 1 1 717 882 936 1901
7377 4 2 1 1 663 976 826 1546
7378 4 2 1 1 800 1543 1974 2234
7379 4 2 1 1 1691 1891 1374 2104
7380 4 2 1 1 1096 2074 1694 2155
7381 4 2 1 1 1437 1725 1784 2116
7382 4 2 1 1 1071 1072 1078 1666
7383 4 2 1 1 1534 1793 2157 2328
7384 4 2 1 1 1562 2028 909 2340
7385 4 2 1 1 1280 1168 1690 2245
7386 4 2 1 1 1397 2074 1935 2287
7387 4 2 1 1 1004 732 2052 2060
7388 4 2 1 1 1420 1741 1635 2025
7389 4 2 1 1 758 759 777 1686
7390 4 2 1 1 1708 1879 717 1945
7391 4 2 1 1 1420 1860 1591 2128
7392 4 2 1 1 1455 1504 1934 2213
7393 4 2 1 1 1600 1882 1387 1986
7394 4 2 1 1 1515 2047 1921 2086
7395 4 2 1 1 1514 1543 2064 2234
7396 4 2 1 1 1535 1881 1753 2159
7397 4 2 1 1 1728 1789 715 2279
7398 4 2 1 1 1413 1514 1974 2010
7399 4 2 1 1 401 357 1913 2207
7400 4 2 1 1 1700 1779 1533 2331
7401 4 2 1 1 1714 2090 1467 2193
7402 4 2 1 1 1753 1881 1462 2159
7403 4 2 1 1 945 1762 1974 2187
7404 4 2 1 1 1566 2063 1654 2091
7405 4 2 1 1 1596 2297 2058 2318
7406 4 2 1 1 1485 1955 1544 2287
7407 4 2 1 1 1559 1709 1409 2185
7408 4 2 1 1 1439 1709 1559 2185
7409 4 2 1 1 495 1959 1899 2204
7410 4 2 1 1 1566 1654 2063 2167
7411 4 2 1 1 1769 1826 1502 2283
7412 4 2 1 1 1589 1863 1530 1973
7413 4 2 1 1 589 647 1924 2197
7414 4 2 1 1 1805 1841 1388 2341
7415 4 2 1 1 1566 2091 1654 2167
7416 4 2 1 1 373 336 406 1905
7417 4 2 1 1 1426 1948 1594 2177
7418 4 2 1 1 1058 1615 1256 2096
7419 4 2 1 1 1324 2264 1622 2289
7420 4 2 1 1 703 1810 1706 2137
7421 4 2 1 1 1485 1699 1548 2155
7422 4 2 1 1 792 793 791 2033
7423 4 2 1 1 1479 1558 1865 1966
7424 4 2 1 1 1615 1802 1445 1954
7425 4 2 1 1 847 1761 846 2110
7426 4 2 1 1 1470 1786 1593 2262
7427 4 2 1 1 739 725 718 1667
7428 4 2 1 1 829 830 828 1702
7429 4 2 1 1 1379 1581 1975 2044
7430 4 2 1 1 1394 1740 1777 2269
7431 4 2 1 1 337 390 408 2241
7432 4 2 1 1 973 674 176 2343
7433 4 2 1 1 1512 1994 1652 2182
7434 4 2 1 1 1743 1765 1446 2179
7435 4 2 1 1 244 1215 1032 1763
7436 4 2 1 1 958 1733 1967 2076
7437 4 2 1 1 1539 1737 1443 2019
7438 4 2 1 1 1943 2058 1505 2100
7439 4 2 1 1 1658 1754 1517 2013
7440 4 2 1 1 1526 1940 311 2152
7441 4 2 1 1 1635 1508 2092 2140
7442 4 2 1 1 352 346 301 1730
7443 4 2 1 1 1327 1907 1697 2072
7444 4 2 1 1 1489 1718 1849 2299
7445 4 2 1 1 1445 1524 1802 2046
7446 4 2 1 1 1441 1618 1771 1800
7447 4 2 1 1 1644 1427 1818 2186
7448 4 2 1 1 1595 1814 1401 1996
7449 4 2 1 1 1609 1436 2180 2278
7450 4 2 1 1 1495 1744 1543 1981
7451 4 2 1 1 712 1772 998 1773
7452 4 2 1 1 528 1873 1663 2170
7453 4 2 1 1 1627 1856 1434 1990
7454 4 2 1 1 1149 1548 2155 2308
7455 4 2 1 1 603 1031 1343 2109
7456 4 2 1 1 1460 1697 1682 2139
7457 4 2 1 1 594 647 532 1577
7458 4 2 1 1 1626 1924 1566 2228
7459 4 2 1 1 773 1760 774 2144
7460 4 2 1 1 1248 1285 1288 1819
7461 4 2 1 1 1632 1837 1220 2102
7462 4 2 1 1 1630 1820 1376 2017
7463 4 2 1 1 1456 1766 1574 1908
7464 4 2 1 1 514 1598 516 1959
7465 4 2 1 1 1884 1918 1368 2088
7466 4 2 1 1 169 284 1577 2197
7467 4 2 1 1 1578 1996 1814 2064
7468 4 2 1 1 1591 1860 1567 2128
7469 4 2 1 1 1603 2144 1952 2313
7470 4 2 1 1 1501 1685 1585 2003
7471 4 2 1 1 1375 1696 1881 2026
7472 4 2 1 1 1055 1060 1851 2070
7473 4 2 1 1 1210 1724 1301 2225
7474 4 2 1 1 1421 1760 1598 2126
7475 4 2 1 1 1572 1439 1900 2057
7476 4 2 1 1 520 1741 1689 2170
7477 4 2 1 1 181 1682 242 1697
7478 4 2 1 1 1198 1750 1348 2237
7479 4 2 1 1 2089 2142 1599 2162
7480 4 2 1 1 2131 2295 1380 2333
7481 4 2 1 1 1537 1907 1885 2252
7482 4 2 1 1 1397 1565 1691 2206
7483 4 2 1 1 519 1639 413 2346
7484 4 2 1 1 1349 2091 1566 2167
7485 4 2 1 1 339 1940 1499 2152
7486 4 2 1 1 581 608 607 2332
7487 4 2 1 1 1672 1747 1195 2237
7488 4 2 1 1 1433 1871 1687 2246
7489 4 2 1 1 1395 1644 1604 2020
7490 4 2 1 1 1604 1644 1427 2020
7491 4 2 1 1 1600 1473 1758 1882
7492 4 2 1 1 1871 2221 1544 2276
7493 4 2 1 1 1124 1819 1247 1998
7494 4 2 1 1 341 353 354 2188
7495 4 2 1 1 750 2049 1877 2205
7496 4 2 1 1 1093 1094 1836 2194
7497 4 2 1 1 1663 1701 1460 2173
7498 4 2 1 1 1368 2066 1884 2088
7499 4 2 1 1 639 1529 1924 2109
7500 4 2 1 1 1826 2172 1605 2323
7501 4 2 1 1 1422 1929 2007 2304
7502 4 2 1 1 713 718 719 1773
7503 4 2 1 1 439 1818 441 2186
7504 4 2 1 1 439 440 441 2015
7505 4 2 1 1 1399 1788 1572 2305
7506 4 2 1 1 1517 1090 1998 2307
7507 4 2 1 1 1438 1758 1747 1995
7508 4 2 1 1 1367 1764 1948 2117
7509 4 2 1 1 956 863 748 1762
7510 4 2 1 1 1422 1530 1929 1983
7511 4 2 1 1 1724 1909 1301 2225
7512 4 2 1 1 1502 1826 1605 2323
7513 4 2 1 1 1674 1973 1448 2111
7514 4 2 1 1 1095 1928 1729 2111
7515 4 2 1 1 1084 1082 1081 2074
7516 4 2 1 1 1632 2325 1640 2327
7517 4 2 1 1 1468 1810 1772 1902
7518 4 2 1 1 1443 1660 2163 2265
7519 4 2 1 1 970 812 902 2140
7520 4 2 1 1 1394 1777 1647 2246
7521 4 2 1 1 470 422 1657 1817
7522 4 2 1 1 1451 1809 1711 1941
7523 4 2 1 1 255 1016 172 1553
7524 4 2 1 1 1472 1718 1796 1849
7525 4 2 1 1 1434 1990 1856 2244
7526 4 2 1 1 1449 1884 1692 2338
7527 4 2 1 1 1581 1497 2239 2354
7528 4 2 1 1 1675 1981 2099 2224
7529 4 2 1 1 1297 1013 365 1751
7530 4 2 1 1 402 349 288 1639
7531 4 2 1 1 1559 1439 1900 2196
7532 4 2 1 1 1506 2134 1837 2271
7533 4 2 1 1 767 906 907 2028
7534 4 2 1 1 1897 1506 2134 2325
7535 4 2 1 1 872 784 925 1771
7536 4 2 1 1 1632 2014 1640 2325
7537 4 2 1 1 522 1001 509 1723
7538 4 2 1 1 799 1675 2099 2224
7539 4 2 1 1 954 890 1753 1976
7540 4 2 1 1 1604 1686 1398 2257
7541 4 2 1 1 1794 2190 1172 2291
7542 4 2 1 1 394 398 342 2207
7543 4 2 1 1 1731 1419 1962 2251
7544 4 2 1 1 317 1725 316 1905
7545 4 2 1 1 1079 1262 1904 1961
7546 4 2 1 1 1686 2092 1508 2140
7547 4 2 1 1 1494 1674 2083 2157
7548 4 2 1 1 1586 1897 1506 2247
7549 4 2 1 1 1424 1815 1579 1839
7550 4 2 1 1 1044 1210 1101 1724
7551 4 2 1 1 1389 1578 1889 2183
7552 4 2 1 1 432 433 431 2173
7553 4 2 1 1 1301 1724 1210 1909
7554 4 2 1 1 1403 1538 1879 1945
7555 4 2 1 1 1820 2017 1521 2037
7556 4 2 1 1 1267 1574 1054 2090
7557 4 2 1 1 734 932 1870 1997
7558 4 2 1 1 1735 1862 1425 2177
7559 4 2 1 1 1600 1758 1473 1886
7560 4 2 1 1 754 1768 1687 2106
7561 4 2 1 1 500 1670 521 1958
7562 4 2 1 1 1409 1726 1586 1930
7563 4 2 1 1 689 864 687 2005
7564 4 2 1 1 1388 1705 1634 1800
7565 4 2 1 1 1820 2017 1630 2149
7566 4 2 1 1 1458 1883 1848 1951
7567 4 2 1 1 1109 1243 1088 2353
7568 4 2 1 1 1602 1382 2113 2266
7569 4 2 1 1 1156 1699 1115 2155
7570 4 2 1 1 1389 1832 1714 2222
7571 4 2 1 1 1680 1756 1461 1889
7572 4 2 1 1 1475 1975 1581 2044
7573 4 2 1 1 868 1847 1651 2038
7574 4 2 1 1 1644 2015 1818 2020
7575 4 2 1 1 1413 1762 1543 1974
7576 4 2 1 1 1376 2017 1820 2037
7577 4 2 1 1 1467 1617 1875 2073
7578 4 2 1 1 1587 1787 1454 2118
7579 4 2 1 1 1395 1604 1684 2020
7580 4 2 1 1 1513 2227 1896 2320
7581 4 2 1 1 1804 2248 2153 2252
7582 4 2 1 1 1116 1106 1893 1929
7583 4 2 1 1 961 1598 514 1959
7584 4 2 1 1 1125 1133 1285 1712
7585 4 2 1 1 1426 1735 1948 2177
7586 4 2 1 1 811 1816 1535 2159
7587 4 2 1 1 1828 1883 1503 2298
7588 4 2 1 1 881 1706 705 2137
7589 4 2 1 1 1406 1785 1933 2168
7590 4 2 1 1 853 852 1803 2060
7591 4 2 1 1 1503 1848 1883 1951
7592 4 2 1 1 1402 1597 1903 2149
7593 4 2 1 1 1923 2243 1660 2263
7594 4 2 1 1 1517 1754 1998 2305
7595 4 2 1 1 1386 1624 1911 2261
7596 4 2 1 1 734 924 695 1629
7597 4 2 1 1 210 212 1587 2118
7598 4 2 1 1 635 2217 582 2324
7599 4 2 1 1 834 1828 2255 2285
7600 4 2 1 1 1497 1764 1592 2163
7601 4 2 1 1 1542 2006 1571 2059
7602 4 2 1 1 1614 1992 1739 2275
7603 4 2 1 1 1443 2265 1628 2321
7604 4 2 1 1 1542 1831 1464 2006
7605 4 2 1 1 1220 1632 2102 2218
7606 4 2 1 1 1366 1582 1908 2115
7607 4 2 1 1 1767 1459 1988 2202
7608 4 2 1 1 192 193 191 1752
7609 4 2 1 1 1434 1746 1539 1990
7610 4 2 1 1 454 1745 452 2029
7611 4 2 1 1 1575 1851 1456 2191
7612 4 2 1 1 1466 1600 1986 2310
7613 4 2 1 1 1728 1789 1500 2160
7614 4 2 1 1 1619 1698 1411 1964
7615 4 2 1 1 1455 1829 1504 2213
7616 4 2 1 1 1562 909 2028 2212
7617 4 2 1 1 1630 1866 1855 2253
7618 4 2 1 1 663 976 1546 2230
7619 4 2 1 1 590 1939 2027 2335
7620 4 2 1 1 1645 1774 1400 2071
7621 4 2 1 1 1628 2265 1606 2321
7622 4 2 1 1 799 1675 798 2099
7623 4 2 1 1 1369 1526 1864 1898
7624 4 2 1 1 1693 2047 1950 2209
7625 4 2 1 1 344 343 1872 2329
7626 4 2 1 1 371 369 293 2018
7627 4 2 1 1 1569 1881 1408 2168
7628 4 2 1 1 960 859 1829 2086
7629 4 2 1 1 1458 1853 1723 1927
7630 4 2 1 1 1508 1686 1925 2092
7631 4 2 1 1 1341 1715 1222 1817
7632 4 2 1 1 855 857 856 1769
7633 4 2 1 1 1379 2039 1539 2239
7634 4 2 1 1 1572 1376 1788 2175
7635 4 2 1 1 1104 1692 1047 2145
7636 4 2 1 1 866 805 950 1742
7637 4 2 1 1 1491 1827 1725 2295
7638 4 2 1 1 1182 1303 1167 1791
7639 4 2 1 1 1870 2234 1514 2274
7640 4 2 1 1 541 2110 1939 2335
7641 4 2 1 1 1585 1685 1473 1944
7642 4 2 1 1 580 1876 1733 2076
7643 4 2 1 1 507 1622 460 2326
7644 4 2 1 1 1814 1401 1875 2344
7645 4 2 1 1 1377 1809 1523 2328
7646 4 2 1 1 1399 1819 1788 2305
7647 4 2 1 1 1153 1301 1909 2225
7648 4 2 1 1 1676 2099 1784 2116
7649 4 2 1 1 491 443 445 2169
7650 4 2 1 1 1359 2129 1264 2162
7651 4 2 1 1 583 655 1672 1886
7652 4 2 1 1 1430 2131 1532 2205
7653 4 2 1 1 1349 1566 1031 1824
7654 4 2 1 1 1523 1809 1377 2135
7655 4 2 1 1 1509 1816 1733 2192
7656 4 2 1 1 1733 1816 1404 2192
7657 4 2 1 1 1374 1954 2094 2206
7658 4 2 1 1 1657 1695 1432 1857
7659 4 2 1 1 1342 1171 1160 2139
7660 4 2 1 1 284 226 1920 2197
7661 4 2 1 1 1556 1832 1294 2225
7662 4 2 1 1 1374 2094 1584 2206
7663 4 2 1 1 1381 1562 1862 2022
7664 4 2 1 1 1432 1940 1872 2329
7665 4 2 1 1 1361 2166 1571 2332
7666 4 2 1 1 1571 1781 1435 2065
7667 4 2 1 1 281 259 1588 1956
7668 4 2 1 1 1526 1432 1940 2238
7669 4 2 1 1 653 2236 605 2306
7670 4 2 1 1 1426 2087 1800 2282
7671 4 2 1 1 215 213 1567 2128
7672 4 2 1 1 1300 1609 1211 2278
7673 4 2 1 1 1648 1416 1905 2249
7674 4 2 1 1 1784 2099 1437 2116
7675 4 2 1 1 213 214 215 1567
7676 4 2 1 1 1408 2168 1564 2214
7677 4 2 1 1 1535 1375 1881 2026
7678 4 2 1 1 1283 1266 1282 1714
7679 4 2 1 1 1549 1948 1607 2117
7680 4 2 1 1 1085 1722 1313 2011
7681 4 2 1 1 1413 1610 1744 2235
7682 4 2 1 1 807 1603 772 2123
7683 4 2 1 1 988 1958 902 2140
7684 4 2 1 1 1504 1829 1455 1869
7685 4 2 1 1 249 227 1711 1979
7686 4 2 1 1 1711 1843 1411 1985
7687 4 2 1 1 831 964 958 1967
7688 4 2 1 1 772 807 761 1603
7689 4 2 1 1 488 460 507 1622
7690 4 2 1 1 1179 1016 1330 2291
7691 4 2 1 1 1391 1683 1971 2241
7692 4 2 1 1 1467 2073 1875 2222
7693 4 2 1 1 1389 1653 1714 1832
7694 4 2 1 1 1741 1958 1474 2210
7695 4 2 1 1 866 865 769 1713
7696 4 2 1 1 1468 1748 1842 1862
7697 4 2 1 1 542 551 1668 1838
7698 4 2 1 1 1035 383 1354 1695
7699 4 2 1 1 1715 2014 1450 2218
7700 4 2 1 1 1507 1412 1822 1931
7701 4 2 1 1 1607 1797 1948 2273
7702 4 2 1 1 1522 1948 1797 2273
7703 4 2 1 1 1404 1844 1733 2192
7704 4 2 1 1 1536 1867 1436 2031
7705 4 2 1 1 1377 1523 2023 2328
7706 4 2 1 1 1523 1377 2023 2135
7707 4 2 1 1 1552 1839 1424 2100
7708 4 2 1 1 527 466 500 2210
7709 4 2 1 1 1516 1400 2071 2151
7710 4 2 1 1 832 1660 1782 2263
7711 4 2 1 1 232 231 1847 2002
7712 4 2 1 1 1057 1574 1054 2352
7713 4 2 1 1 975 663 179 1868
7714 4 2 1 1 1416 2042 1595 2122
7715 4 2 1 1 1170 1160 1171 1907
7716 4 2 1 1 737 1559 736 2303
7717 4 2 1 1 1195 1194 1995 2236
7718 4 2 1 1 1455 2004 1826 2297
7719 4 2 1 1 1650 1668 1417 2302
7720 4 2 1 1 1086 1095 1928 2336
7721 4 2 1 1 1625 1943 1545 2191
7722 4 2 1 1 1725 1827 1547 2295
7723 4 2 1 1 331 330 1555 2164
7724 4 2 1 1 472 1689 1873 2170
7725 4 2 1 1 337 1751 2061 2249
7726 4 2 1 1 404 1249 1250 1913
7727 4 2 1 1 1472 1718 1620 2071
7728 4 2 1 1 1612 2037 1640 2355
7729 4 2 1 1 1558 1472 1865 1966
7730 4 2 1 1 919 760 751 1892
7731 4 2 1 1 1981 2010 1543 2064
7732 4 2 1 1 1204 1183 1208 1700
7733 4 2 1 1 1425 2045 1735 2121
7734 4 2 1 1 1591 1428 1860 1878
7735 4 2 1 1 1676 1437 2099 2116
7736 4 2 1 1 498 1623 2250 2345
7737 4 2 1 1 838 919 807 1892
7738 4 2 1 1 1768 2231 1427 2257
7739 4 2 1 1 210 247 2118 2233
7740 4 2 1 1 576 1685 599 2306
7741 4 2 1 1 1486 1802 1524 2050
7742 4 2 1 1 1474 1670 1958 2140
7743 4 2 1 1 1522 1735 2045 2121
7744 4 2 1 1 1534 1793 1411 2085
7745 4 2 1 1 1331 1227 1988 2202
7746 4 2 1 1 1410 1731 2054 2152
7747 4 2 1 1 1384 2331 1533 2351
7748 4 2 1 1 365 1751 1013 2061
7749 4 2 1 1 1859 2163 1660 2265
7750 4 2 1 1 1432 1695 1657 2272
7751 4 2 1 1 1111 1155 1278 1942
7752 4 2 1 1 1375 1535 1916 2026
7753 4 2 1 1 774 1760 772 2144
7754 4 2 1 1 1662 2115 1908 2158
7755 4 2 1 1 575 1600 573 2335
7756 4 2 1 1 1911 1975 1720 2348
7757 4 2 1 1 1516 1762 2005 2151
7758 4 2 1 1 1779 2059 1435 2332
7759 4 2 1 1 1561 2074 1812 2336
7760 4 2 1 1 1295 1019 1296 1631
7761 4 2 1 1 1058 1256 1229 2096
7762 4 2 1 1 1364 1842 1545 1943
7763 4 2 1 1 331 2164 1555 2188
7764 4 2 1 1 1413 1974 1543 2010
7765 4 2 1 1 1388 1841 1805 2087
7766 4 2 1 1 1687 1871 1531 2246
7767 4 2 1 1 1595 1401 1833 2122
7768 4 2 1 1 1620 1438 1882 2178
7769 4 2 1 1 1403 1708 1879 2079
7770 4 2 1 1 1331 2190 1794 2202
7771 4 2 1 1 528 476 469 1663
7772 4 2 1 1 941 1784 896 2099
7773 4 2 1 1 1759 2000 1580 2353
7774 4 2 1 1 1649 1742 1419 2009
7775 4 2 1 1 1396 1755 1897 2325
7776 4 2 1 1 1372 1996 1578 2064
7777 4 2 1 1 1886 2236 1473 2306
7778 4 2 1 1 939 1740 938 2084
7779 4 2 1 1 1509 1807 1535 1916
7780 4 2 1 1 1773 1862 1425 2212
7781 4 2 1 1 1447 2240 1778 2301
7782 4 2 1 1 1582 1984 1538 2266
7783 4 2 1 1 1370 1531 1866 2119
7784 4 2 1 1 1367 1948 1522 2121
7785 4 2 1 1 1353 1315 426 1682
7786 4 2 1 1 1889 2010 1610 2183
7787 4 2 1 1 169 284 233 1577
7788 4 2 1 1 300 683 1001 1723
7789 4 2 1 1 1526 311 1940 2329
7790 4 2 1 1 707 756 1706 2212
7791 4 2 1 1 961 823 1598 1959
7792 4 2 1 1 1603 2108 1439 2313
7793 4 2 1 1 1564 2098 2044 2214
7794 4 2 1 1 1364 2058 1943 2100
7795 4 2 1 1 751 1709 738 2101
7796 4 2 1 1 461 1557 502 2345
7797 4 2 1 1 1504 1953 1934 2213
7798 4 2 1 1 1054 1574 1057 2198
7799 4 2 1 1 750 749 769 1877
7800 4 2 1 1 585 576 599 2306
7801 4 2 1 1 1971 1972 1683 2288
7802 4 2 1 1 1449 2088 1560 2141
7803 4 2 1 1 346 345 2164 2219
7804 4 2 1 1 461 504 502 1557
7805 4 2 1 1 864 951 667 1613
7806 4 2 1 1 1795 2129 277 2267
7807 4 2 1 1 1460 1701 1663 2337
7808 4 2 1 1 472 520 1689 2170
7809 4 2 1 1 1603 772 2123 2144
7810 4 2 1 1 353 2188 405 2349
7811 4 2 1 1 1391 1609 1724 1909
7812 4 2 1 1 1629 1870 1461 1997
7813 4 2 1 1 1370 1871 1531 2119
7814 4 2 1 1 329 340 331 2188
7815 4 2 1 1 970 669 1010 1670
7816 4 2 1 1 1625 1505 1943 2097
7817 4 2 1 1 551 550 1668 2030
7818 4 2 1 1 1466 1849 1761 2110
7819 4 2 1 1 1667 2045 1425 2107
7820 4 2 1 1 1389 1884 1643 2068
7821 4 2 1 1 1500 1891 1691 2104
7822 4 2 1 1 1367 1518 1933 2024
7823 4 2 1 1 1463 1795 1752 2267
7824 4 2 1 1 611 1319 534 1717
7825 4 2 1 1 1708 1559 1900 2196
7826 4 2 1 1 1435 1571 2065 2166
7827 4 2 1 1 1284 1193 1130 1995
7828 4 2 1 1 1403 1616 2132 2286
7829 4 2 1 1 772 1603 761 2144
7830 4 2 1 1 1598 1760 1465 1959
7831 4 2 1 1 1728 1789 1405 1891
7832 4 2 1 1 1705 2282 1405 2342
7833 4 2 1 1 1289 2143 1738 2308
7834 4 2 1 1 1245 1345 1305 1657
7835 4 2 1 1 1465 1760 1598 1820
7836 4 2 1 1 1406 1642 1904 2220
7837 4 2 1 1 1395 1557 1699 2245
7838 4 2 1 1 1081 2074 1082 2336
7839 4 2 1 1 1605 1826 1502 2148
7840 4 2 1 1 1375 1525 2001 2130
7841 4 2 1 1 1571 1781 1464 2006
7842 4 2 1 1 1483 1795 1752 2142
7843 4 2 1 1 1752 1795 1463 2142
7844 4 2 1 1 961 822 992 2126
7845 4 2 1 1 732 1921 696 2052
7846 4 2 1 1 1451 2263 1979 2270
7847 4 2 1 1 1408 1522 1949 2107
7848 4 2 1 1 614 580 1733 2076
7849 4 2 1 1 1561 1893 1084 2281
7850 4 2 1 1 1398 1768 1687 1871
7851 4 2 1 1 1403 1593 1901 2286
7852 4 2 1 1 1395 1699 1690 2245
7853 4 2 1 1 1488 1875 1578 1996
7854 4 2 1 1 1489 1730 1583 2174
7855 4 2 1 1 1369 1526 1898 2238
7856 4 2 1 1 1407 1680 2047 2259
7857 4 2 1 1 1102 1091 1089 2307
7858 4 2 1 1 499 498 1623 2250
7859 4 2 1 1 773 1760 2144 2199
7860 4 2 1 1 701 1655 1810 2137
7861 4 2 1 1 1143 2089 1806 2112
7862 4 2 1 1 1579 2047 1839 2209
7863 4 2 1 1 963 855 854 2133
7864 4 2 1 1 1439 1852 2144 2313
7865 4 2 1 1 584 587 556 1924
7866 4 2 1 1 1551 1972 1971 2288
7867 4 2 1 1 2019 2039 1539 2347
7868 4 2 1 1 992 820 1527 1874
7869 4 2 1 1 1271 1929 1530 2281
7870 4 2 1 1 474 473 476 2173
7871 4 2 1 1 1806 2063 1654 2167
7872 4 2 1 1 1403 2132 1593 2286
7873 4 2 1 1 1876 2172 1502 2323
7874 4 2 1 1 1324 1234 1835 2264
7875 4 2 1 1 265 279 186 1682
7876 4 2 1 1 534 1319 1024 1717
7877 4 2 1 1 570 571 572 1611
7878 4 2 1 1 754 1687 731 2106
7879 4 2 1 1 1672 1886 1758 2008
7880 4 2 1 1 1596 1696 1462 2318
7881 4 2 1 1 1536 1918 1724 2171
7882 4 2 1 1 1372 1595 1996 2064
7883 4 2 1 1 270 250 1794 2201
7884 4 2 1 1 438 506 504 2062
7885 4 2 1 1 419 499 1623 2326
7886 4 2 1 1 684 301 1003 1730
7887 4 2 1 1 1741 2025 1420 2210
7888 4 2 1 1 1724 1918 1484 2171
7889 4 2 1 1 1761 1865 1472 1966
7890 4 2 1 1 867 868 682 1651
7891 4 2 1 1 1053 1051 1052 2055
7892 4 2 1 1 1787 1885 1378 2007
7893 4 2 1 1 1214 2136 1557 2245
7894 4 2 1 1 405 340 409 2349
7895 4 2 1 1 1331 1172 1794 2190
7896 4 2 1 1 1112 1150 1608 1982
7897 4 2 1 1 959 992 820 1527
7898 4 2 1 1 833 886 1660 1923
7899 4 2 1 1 1579 1950 2047 2209
7900 4 2 1 1 1736 1994 2182 2356
7901 4 2 1 1 1139 1642 1961 2314
7902 4 2 1 1 1640 2037 1450 2195
7903 4 2 1 1 1850 2208 1677 2344
7904 4 2 1 1 552 1626 556 2030
7905 4 2 1 1 1585 1776 1501 2003
7906 4 2 1 1 1178 1170 1171 1907
7907 4 2 1 1 1054 1057 1056 2198
7908 4 2 1 1 1561 1935 2074 2287
7909 4 2 1 1 798 1675 770 2205
7910 4 2 1 1 797 773 762 2144
7911 4 2 1 1 1553 2124 1863 2232
7912 4 2 1 1 898 835 948 1721
7913 4 2 1 1 1579 1839 1950 2209
7914 4 2 1 1 1408 1564 2044 2214
7915 4 2 1 1 1698 1765 1446 1775
7916 4 2 1 1 618 650 581 2059
7917 4 2 1 1 773 774 772 2144
7918 4 2 1 1 1612 2037 1521 2154
7919 4 2 1 1 1537 2007 1804 2252
7920 4 2 1 1 580 561 1844 1876
7921 4 2 1 1 1525 1806 1781 1977
7922 4 2 1 1 710 1593 708 2262
7923 4 2 1 1 782 2049 750 2205
7924 4 2 1 1 1827 1845 1731 2054
7925 4 2 1 1 1430 1532 1877 2205
7926 4 2 1 1 480 481 425 1723
7927 4 2 1 1 690 688 780 1796
7928 4 2 1 1 1413 1610 1889 2010
7929 4 2 1 1 1418 2004 1839 2209
7930 4 2 1 1 1606 1859 1390 2161
7931 4 2 1 1 1582 1655 2016 2266
7932 4 2 1 1 1626 1831 1417 2030
7933 4 2 1 1 466 1965 500 2210
7934 4 2 1 1 1645 2071 1400 2151
7935 4 2 1 1 1706 1862 1562 2022
7936 4 2 1 1 1385 1736 1563 2356
7937 4 2 1 1 1712 1738 1520 2289
7938 4 2 1 1 1208 1202 1204 1801
7939 4 2 1 1 1458 1927 1723 2255
7940 4 2 1 1 1139 1642 1262 1961
7941 4 2 1 1 170 238 1663 1873
7942 4 2 1 1 176 1591 674 2334
7943 4 2 1 1 592 594 2002 2350
7944 4 2 1 1 484 670 2277 2298
7945 4 2 1 1 1611 1412 1758 2008
7946 4 2 1 1 176 1591 239 2343
7947 4 2 1 1 1636 1960 1077 2050
7948 4 2 1 1 316 1725 315 1905
7949 4 2 1 1 421 506 482 1661
7950 4 2 1 1 459 454 452 2029
7951 4 2 1 1 233 1856 231 2002
7952 4 2 1 1 1494 1880 1674 2034
7953 4 2 1 1 1445 1805 1575 1890
7954 4 2 1 1 1620 1383 1882 2031
7955 4 2 1 1 1126 1570 1837 2271
7956 4 2 1 1 1380 1532 2131 2333
7957 4 2 1 1 703 1706 881 2137
7958 4 2 1 1 1699 2136 1548 2155
7959 4 2 1 1 1711 1941 1809 1964
7960 4 2 1 1 1499 1857 1570 2238
7961 4 2 1 1 1480 1602 1879 2208
7962 4 2 1 1 962 1000 510 1689
7963 4 2 1 1 1502 1605 2148 2323
7964 4 2 1 1 674 975 176 2334
7965 4 2 1 1 1830 2180 1436 2278
7966 4 2 1 1 1567 1428 1787 1860
7967 4 2 1 1 1301 1210 1300 1909
7968 4 2 1 1 1773 2212 713 2254
7969 4 2 1 1 900 678 840 1838
7970 4 2 1 1 1592 1764 1497 2214
7971 4 2 1 1 1409 1906 1649 2258
7972 4 2 1 1 1388 2165 1705 2282
7973 4 2 1 1 1658 1998 1091 2307
7974 4 2 1 1 1189 1776 1188 2003
7975 4 2 1 1 1279 1778 1247 1989
7976 4 2 1 1 1414 1769 1749 2133
7977 4 2 1 1 1450 1640 2195 2327
7978 4 2 1 1 1514 1974 1543 2234
7979 4 2 1 1 1649 1721 1496 2258
7980 4 2 1 1 600 2003 1501 2082
7981 4 2 1 1 1433 2081 1777 2156
7982 4 2 1 1 951 667 1613 2018
7983 4 2 1 1 227 248 173 1843
7984 4 2 1 1 1724 1918 1436 2229
7985 4 2 1 1 1110 1112 1111 2000
7986 4 2 1 1 703 881 705 2137
7987 4 2 1 1 1615 2070 1058 2198
7988 4 2 1 1 1646 1439 2057 2185
7989 4 2 1 1 1929 1983 1530 2281
7990 4 2 1 1 303 399 383 1695
7991 4 2 1 1 369 371 333 1613
7992 4 2 1 1 325 324 323 1683
7993 4 2 1 1 1089 1243 2067 2307
7994 4 2 1 1 906 2028 1618 2340
7995 4 2 1 1 1071 1666 1092 2097
7996 4 2 1 1 1547 1845 1827 2054
7997 4 2 1 1 1596 1934 2297 2318
7998 4 2 1 1 1127 1537 1160 2304
7999 4 2 1 1 1426 1922 1618 2028
8000 4 2 1 1 1481 1912 1729 1928
8001 4 2 1 1 758 812 927 1686
8002 4 2 1 1 373 1631 406 2242
8003 4 2 1 1 617 640 1824 2006
8004 4 2 1 1 209 210 1861 2233
8005 4 2 1 1 1582 1936 1756 2016
8006 4 2 1 1 575 2027 576 2306
8007 4 2 1 1 1410 1898 1731 2152
8008 4 2 1 1 1498 1701 2173 2252
8009 4 2 1 1 1089 2067 1102 2307
8010 4 2 1 1 1614 1390 1992 2275
8011 4 2 1 1 1796 2048 1516 2071
8012 4 2 1 1 275 1663 218 1932
8013 4 2 1 1 805 802 953 2009
8014 4 2 1 1 991 541 673 1939
8015 4 2 1 1 1391 1724 1609 2229
8016 4 2 1 1 924 695 1629 1957
8017 4 2 1 1 1573 1584 2165 2282
8018 4 2 1 1 1267 1054 1574 2352
8019 4 2 1 1 1505 1666 1943 2097
8020 4 2 1 1 1418 1693 2086 2316
8021 4 2 1 1 1795 2162 1483 2216
8022 4 2 1 1 1875 2073 1488 2222
8023 4 2 1 1 590 541 1939 2335
8024 4 2 1 1 1302 1857 1499 2207
8025 4 2 1 1 1959 2123 1465 2204
8026 4 2 1 1 1761 1849 1466 1986
8027 4 2 1 1 958 614 1733 2076
8028 4 2 1 1 1508 1860 1635 2092
8029 4 2 1 1 1386 1624 1720 1911
8030 4 2 1 1 1329 1553 1016 2291
8031 4 2 1 1 504 2015 1557 2250
8032 4 2 1 1 1077 1273 1274 1960
8033 4 2 1 1 1493 1594 1805 1841
8034 4 2 1 1 1622 1938 460 2326
8035 4 2 1 1 1496 1892 2258 2285
8036 4 2 1 1 669 987 1010 1727
8037 4 2 1 1 799 1675 2224 2234
8038 4 2 1 1 325 1683 323 1971
8039 4 2 1 1 1418 2086 1829 2316
8040 4 2 1 1 1389 1680 1643 1889
8041 4 2 1 1 1829 2086 859 2316
8042 4 2 1 1 1420 1689 2128 2343
8043 4 2 1 1 1437 1713 1675 2099
8044 4 2 1 1 1658 1978 1440 2067
8045 4 2 1 1 1703 1796 1400 2299
8046 4 2 1 1 1493 1841 1805 2341
8047 4 2 1 1 1545 1842 1748 1943
8048 4 2 1 1 1391 1909 1556 1970
8049 4 2 1 1 912 913 768 1602
8050 4 2 1 1 634 1270 610 2217
8051 4 2 1 1 1129 1863 1671 2232
8052 4 2 1 1 1198 1201 1348 1750
8053 4 2 1 1 393 382 1915 2082
8054 4 2 1 1 1438 1747 2141 2150
8055 4 2 1 1 1575 1946 1445 2096
8056 4 2 1 1 1173 1589 1863 2291
8057 4 2 1 1 737 2196 1559 2303
8058 4 2 1 1 331 1813 2164 2188
8059 4 2 1 1 1434 1990 1539 2348
8060 4 2 1 1 1417 1668 1838 2302
8061 4 2 1 1 883 1878 1765 2230
8062 4 2 1 1 1603 1952 2108 2313
8063 4 2 1 1 1153 1294 1301 2225
8064 4 2 1 1 1690 1699 1395 2146
8065 4 2 1 1 1411 1809 1793 2328
8066 4 2 1 1 924 1870 930 1974
8067 4 2 1 1 1027 1255 1324 1622
8068 4 2 1 1 1437 1784 1713 2099
8069 4 2 1 1 314 315 316 1725
8070 4 2 1 1 597 842 546 1939
8071 4 2 1 1 757 743 1687 2156
8072 4 2 1 1 549 592 545 1847
8073 4 2 1 1 1804 1925 1604 2248
8074 4 2 1 1 627 638 1915 2082
8075 4 2 1 1 345 1703 356 2164
8076 4 2 1 1 1591 1860 1635 1878
8077 4 2 1 1 1500 1777 1740 2269
8078 4 2 1 1 1591 2075 1420 2128
8079 4 2 1 1 1389 1756 1680 1889
8080 4 2 1 1 925 1771 784 2043
8081 4 2 1 1 991 842 597 1939
8082 4 2 1 1 1632 1450 2014 2218
8083 4 2 1 1 1420 2128 2075 2343
8084 4 2 1 1 1836 1846 1453 2194
8085 4 2 1 1 1826 2004 1665 2297
8086 4 2 1 1 486 1835 2029 2154
8087 4 2 1 1 1711 1941 876 1979
8088 4 2 1 1 725 719 718 2045
8089 4 2 1 1 1720 2142 1752 2348
8090 4 2 1 1 1846 2024 1453 2194
8091 4 2 1 1 1628 2039 2019 2347
8092 4 2 1 1 1227 1988 1767 2290
8093 4 2 1 1 338 411 1609 1971
8094 4 2 1 1 1569 1408 1881 2107
8095 4 2 1 1 1821 1904 1083 2220
8096 4 2 1 1 588 1577 647 2350
8097 4 2 1 1 376 295 378 2116
8098 4 2 1 1 223 284 226 1920
8099 4 2 1 1 1485 1684 1917 2146
8100 4 2 1 1 1370 1704 1866 2246
8101 4 2 1 1 1807 1838 840 2302
8102 4 2 1 1 1602 1877 1430 2208
8103 4 2 1 1 1396 1897 2134 2325
8104 4 2 1 1 1125 1285 1124 1819
8105 4 2 1 1 931 1865 692 2048
8106 4 2 1 1 1417 1838 1807 2302
8107 4 2 1 1 1431 1851 1575 2080
8108 4 2 1 1 828 964 831 1967
8109 4 2 1 1 435 1965 466 2210
8110 4 2 1 1 1591 2075 2128 2343
8111 4 2 1 1 1454 1787 1587 2124
8112 4 2 1 1 1671 1929 1129 2304
8113 4 2 1 1 540 622 1838 2189
8114 4 2 1 1 1425 2107 2045 2121
8115 4 2 1 1 1380 1547 1845 2295
8116 4 2 1 1 546 631 596 1730
8117 4 2 1 1 310 2054 1731 2152
8118 4 2 1 1 333 1613 371 1972
8119 4 2 1 1 1369 1586 1898 2251
8120 4 2 1 1 754 927 757 1768
8121 4 2 1 1 860 1772 960 2086
8122 4 2 1 1 1517 2240 1790 2301
8123 4 2 1 1 214 1567 213 2118
8124 4 2 1 1 1197 1199 1198 2237
8125 4 2 1 1 492 658 525 2169
8126 4 2 1 1 1504 1773 1772 1842
8127 4 2 1 1 1600 1882 1685 2306
8128 4 2 1 1 581 2059 650 2332
8129 4 2 1 1 1417 1838 1831 2268
8130 4 2 1 1 744 1852 2101 2196
8131 4 2 1 1 255 219 256 1553
8132 4 2 1 1 554 556 552 1626
8133 4 2 1 1 1320 2035 1625 2055
8134 4 2 1 1 1277 1636 1077 2050
8135 4 2 1 1 574 575 576 2306
8136 4 2 1 1 1096 1694 1148 2155
8137 4 2 1 1 1443 1539 2019 2039
8138 4 2 1 1 1602 2113 1834 2266
8139 4 2 1 1 223 233 284 1577
8140 4 2 1 1 1344 544 1189 2003
8141 4 2 1 1 1748 1943 1842 1987
8142 4 2 1 1 1093 1080 1094 2194
8143 4 2 1 1 1398 1798 1544 2221
8144 4 2 1 1 1828 1951 1458 2255
8145 4 2 1 1 198 200 199 1956
8146 4 2 1 1 1473 1758 1672 1886
8147 4 2 1 1 1761 1966 1472 1986
8148 4 2 1 1 1522 1948 1735 2121
8149 4 2 1 1 1517 1778 2240 2301
8150 4 2 1 1 1058 1615 1229 2070
8151 4 2 1 1 1447 2296 1659 2301
8152 4 2 1 1 1814 1850 1401 2344
8153 4 2 1 1 1447 1850 1580 2240
8154 4 2 1 1 1617 2339 1447 2353
8155 4 2 1 1 696 695 694 2052
8156 4 2 1 1 1441 1634 2023 2328
8157 4 2 1 1 666 839 968 1637
8158 4 2 1 1 855 856 853 1769
8159 4 2 1 1 1445 1615 1890 2096
8160 4 2 1 1 1346 1011 1623 1969
8161 4 2 1 1 439 1644 438 2015
8162 4 2 1 1 1693 2052 732 2060
8163 4 2 1 1 1625 1851 1456 2035
8164 4 2 1 1 882 710 911 1901
8165 4 2 1 1 592 2030 598 2350
8166 4 2 1 1 662 950 1770 2125
8167 4 2 1 1 1292 2136 1214 2245
8168 4 2 1 1 299 1038 1037 1776
8169 4 2 1 1 991 597 541 1939
8170 4 2 1 1 794 1976 1807 2317
8171 4 2 1 1 953 662 950 1770
8172 4 2 1 1 1580 2021 1447 2240
8173 4 2 1 1 1624 1417 1911 2261
8174 4 2 1 1 1471 2042 1910 2249
8175 4 2 1 1 1292 1699 2136 2245
8176 4 2 1 1 1289 1738 1162 2308
8177 4 2 1 1 1445 1890 1575 2096
8178 4 2 1 1 1378 2007 1885 2252
8179 4 2 1 1 478 1695 303 1872
8180 4 2 1 1 1619 1809 1411 2328
8181 4 2 1 1 1635 1860 1508 1878
8182 4 2 1 1 364 317 1905 2249
8183 4 2 1 1 1079 1093 1262 1961
8184 4 2 1 1 1842 1869 1504 2300
8185 4 2 1 1 191 264 189 1990
8186 4 2 1 1 876 1979 1941 2263
8187 4 2 1 1 1421 1874 1647 2199
8188 4 2 1 1 1066 2021 1778 2339
8189 4 2 1 1 1314 1245 1305 1695
8190 4 2 1 1 1056 1058 2070 2198
8191 4 2 1 1 1090 1091 1998 2307
8192 4 2 1 1 672 1711 173 1843
8193 4 2 1 1 1578 1756 1382 1875
8194 4 2 1 1 1436 1609 2180 2229
8195 4 2 1 1 1870 2113 1461 2274
8196 4 2 1 1 707 756 881 1706
8197 4 2 1 1 1004 2052 903 2060
8198 4 2 1 1 1687 1531 2156 2246
8199 4 2 1 1 833 875 877 2263
8200 4 2 1 1 1220 2102 1221 2218
8201 4 2 1 1 1567 1999 213 2118
8202 4 2 1 1 281 253 259 1956
8203 4 2 1 1 1687 1768 1531 1871
8204 4 2 1 1 1443 1539 2039 2239
8205 4 2 1 1 1562 2028 1735 2212
8206 4 2 1 1 963 855 1769 2283
8207 4 2 1 1 1299 1719 1250 1913
8208 4 2 1 1 1344 604 544 1944
8209 4 2 1 1 1666 1894 1505 1943
8210 4 2 1 1 886 1660 1923 2315
8211 4 2 1 1 1308 1244 1283 2073
8212 4 2 1 1 1724 2180 1609 2229
8213 4 2 1 1 1479 1865 1558 2052
8214 4 2 1 1 1421 1757 1597 2149
8215 4 2 1 1 1705 1994 1441 2342
8216 4 2 1 1 1380 2053 1930 2333
8217 4 2 1 1 1483 1752 1720 2142
8218 4 2 1 1 194 222 220 1920
8219 4 2 1 1 1096 1274 1148 1694
8220 4 2 1 1 1465 1820 1598 1899
8221 4 2 1 1 1306 1291 1299 1854
8222 4 2 1 1 583 1886 1672 2008
8223 4 2 1 1 1332 1014 1227 1767
8224 4 2 1 1 727 1735 910 2045
8225 4 2 1 1 1410 1898 1586 2251
8226 4 2 1 1 1362 1292 1214 2245
8227 4 2 1 1 1190 1585 1192 1944
8228 4 2 1 1 954 795 890 1976
8229 4 2 1 1 805 1742 880 1906
8230 4 2 1 1 300 1723 347 1927
8231 4 2 1 1 1039 1040 1830 2349
8232 4 2 1 1 1666 1894 1821 2093
8233 4 2 1 1 704 922 1655 2322
8234 4 2 1 1 198 1628 196 2267
8235 4 2 1 1 528 414 476 1663
8236 4 2 1 1 345 1703 2164 2219
8237 4 2 1 1 1564 1780 1408 2044
8238 4 2 1 1 2153 2248 1498 2252
8239 4 2 1 1 513 303 478 1695
8240 4 2 1 1 1690 1893 1422 1929
8241 4 2 1 1 968 1637 838 2123
8242 4 2 1 1 1144 1806 1166 2065
8243 4 2 1 1 1018 1361 1571 2332
8244 4 2 1 1 891 675 988 1741
8245 4 2 1 1 1504 1869 1455 1934
8246 4 2 1 1 1932 2128 1567 2337
8247 4 2 1 1 1758 1882 1438 2178
8248 4 2 1 1 1366 1936 1582 2016
8249 4 2 1 1 1325 1104 1254 2145
8250 4 2 1 1 1649 1864 1721 2009
8251 4 2 1 1 1468 1706 1862 2254
8252 4 2 1 1 1804 2153 1537 2252
8253 4 2 1 1 1436 1830 1541 1867
8254 4 2 1 1 1384 1590 2331 2351
8255 4 2 1 1 616 2227 2069 2320
8256 4 2 1 1 1794 2190 1459 2202
8257 4 2 1 1 1838 2189 622 2268
8258 4 2 1 1 470 1792 1657 2272
8259 4 2 1 1 1077 1960 1636 2143
8260 4 2 1 1 607 2006 558 2059
8261 4 2 1 1 1675 2049 783 2205
8262 4 2 1 1 1030 1830 1040 2349
8263 4 2 1 1 1039 1030 1040 2349
8264 4 2 1 1 216 1681 259 1956
8265 4 2 1 1 1003 546 631 657
8266 4 2 1 1 386 301 1003 412
8267 4 2 1 1 1486 1991 1659 2301
8268 4 2 1 1 329 328 1947 1963
8269 4 2 1 1 806 757 927 1768
8270 4 2 1 1 487 460 488 1835
8271 4 2 1 1 896 1676 940 2099
8272 4 2 1 1 1689 2075 997 2343
8273 4 2 1 1 882 939 936 1901
8274 4 2 1 1 602 626 541 2335
8275 4 2 1 1 1449 2068 1653 2184
8276 4 2 1 1 249 258 227 1979
8277 4 2 1 1 829 862 1702 1953
8278 4 2 1 1 1364 1869 1842 2300
8279 4 2 1 1 1447 2339 2021 2353
8280 4 2 1 1 742 766 1652 2043
8281 4 2 1 1 1497 1764 1797 1949
8282 4 2 1 1 1565 1704 1691 2269
8283 4 2 1 1 970 1670 1010 2231
8284 4 2 1 1 541 673 1939 2110
8285 4 2 1 1 580 561 559 1844
8286 4 2 1 1 1425 1773 1667 2300
8287 4 2 1 1 1790 2301 1399 2305
8288 4 2 1 1 790 1808 890 1976
8289 4 2 1 1 1429 1582 2115 2158
8290 4 2 1 1 1685 1882 1473 2306
8291 4 2 1 1 1630 1788 1376 2175
8292 4 2 1 1 1292 1699 1156 2136
8293 4 2 1 1 1449 1653 1884 2338
8294 4 2 1 1 1487 1668 1650 2038
8295 4 2 1 1 1420 1567 1860 2128
8296 4 2 1 1 1371 1790 1677 2079
8297 4 2 1 1 402 1639 1872 2329
8298 4 2 1 1 214 1932 1567 2118
8299 4 2 1 1 1545 1842 1364 2100
8300 4 2 1 1 1435 1571 2166 2332
8301 4 2 1 1 339 1940 398 2207
8302 4 2 1 1 1459 1988 1674 2083
8303 4 2 1 1 1132 1125 1131 1840
8304 4 2 1 1 651 544 1944 2003
8305 4 2 1 1 868 2038 1651 2260
8306 4 2 1 1 1123 1633 1242 2312
8307 4 2 1 1 588 589 647 1924
8308 4 2 1 1 955 1667 739 1953
8309 4 2 1 1 1413 2114 1610 2235
8310 4 2 1 1 1435 2059 1779 2331
8311 4 2 1 1 1405 1679 1618 2279
8312 4 2 1 1 1147 1108 1265 1617
8313 4 2 1 1 244 1763 1032 2216
8314 4 2 1 1 1436 2180 1724 2229
8315 4 2 1 1 1370 1866 1757 2119
8316 4 2 1 1 1081 1074 1812 2336
8317 4 2 1 1 1546 1428 1868 2230
8318 4 2 1 1 1443 1919 1737 2354
8319 4 2 1 1 1073 1960 1274 2074
8320 4 2 1 1 1371 1677 1790 2240
8321 4 2 1 1 1157 1220 1837 2102
8322 4 2 1 1 1677 1659 1811 1984
8323 4 2 1 1 522 509 428 1723
8324 4 2 1 1 1189 544 629 2003
8325 4 2 1 1 1605 2138 1590 2351
8326 4 2 1 1 1439 1852 2101 2144
8327 4 2 1 1 574 573 575 1600
8328 4 2 1 1 337 408 1910 2241
8329 4 2 1 1 1566 1464 1824 2167
8330 4 2 1 1 1648 1725 1437 2116
8331 4 2 1 1 1599 1739 1463 1895
8332 4 2 1 1 1457 1739 1599 1895
8333 4 2 1 1 822 961 823 1598
8334 4 2 1 1 1522 1764 2121 2168
8335 4 2 1 1 1248 1247 1819 1989
8336 4 2 1 1 1422 1893 1561 2281
8337 4 2 1 1 1081 1812 2074 2336
8338 4 2 1 1 1096 1274 1694 2074
8339 4 2 1 1 566 564 565 1605
8340 4 2 1 1 676 91 896 295
8341 4 2 1 1 1123 1928 1633 2312
8342 4 2 1 1 1447 1677 1811 2344
8343 4 2 1 1 1300 1020 1609 2278
8344 4 2 1 1 1496 2258 1721 2285
8345 4 2 1 1 1420 1860 1567 2337
8346 4 2 1 1 1389 1578 1756 1889
8347 4 2 1 1 1373 1912 1736 1983
8348 4 2 1 1 1287 1729 1095 2281
8349 4 2 1 1 1608 1112 1982 2127
8350 4 2 1 1 1178 1697 1327 1907
8351 4 2 1 1 1532 1906 1742 2053
8352 4 2 1 1 640 608 649 1571
8353 4 2 1 1 586 599 576 1685
8354 4 2 1 1 1559 1480 2103 2303
8355 4 2 1 1 770 1675 783 2205
8356 4 2 1 1 517 279 1353 1682
8357 4 2 1 1 1568 208 1861 2233
8358 4 2 1 1 1694 2074 1485 2155
8359 4 2 1 1 1450 2195 1840 2327
8360 4 2 1 1 750 1877 769 2205
8361 4 2 1 1 1764 2044 1497 2214
8362 4 2 1 1 923 1743 887 2179
8363 4 2 1 1 727 910 719 2045
8364 4 2 1 1 1893 1929 1690 2304
8365 4 2 1 1 956 879 2018 2187
8366 4 2 1 1 754 757 743 1687
8367 4 2 1 1 1218 1566 1349 2091
8368 4 2 1 1 1718 1466 1849 1986
8369 4 2 1 1 358 1269 1030 1830
8370 4 2 1 1 1422 1983 1929 2281
8371 4 2 1 1 1560 2066 1368 2088
8372 4 2 1 1 1789 1891 1500 2160
8373 4 2 1 1 1435 1590 2059 2331
8374 4 2 1 1 1031 1566 1218 2109
8375 4 2 1 1 1666 1505 1894 2093
8376 4 2 1 1 1453 1825 1614 1836
8377 4 2 1 1 1674 1988 1494 2083
8378 4 2 1 1 236 238 1873 2128
8379 4 2 1 1 1180 1322 1361 1571
8380 4 2 1 1 593 633 271 2002
8381 4 2 1 1 978 1711 672 1843
8382 4 2 1 1 1208 1316 1202 2105
8383 4 2 1 1 411 367 366 1710
8384 4 2 1 1 1490 1998 1754 2305
8385 4 2 1 1 1434 1975 1911 2348
8386 4 2 1 1 899 290 662 1770
8387 4 2 1 1 850 971 965 1707
8388 4 2 1 1 1556 1471 1970 2200
8389 4 2 1 1 873 787 1698 2179
8390 4 2 1 1 1408 1764 2168 2214
8391 4 2 1 1 1789 1470 2262 2340
8392 4 2 1 1 1327 1697 1028 2072
8393 4 2 1 1 1024 534 1717 2217
8394 4 2 1 1 1430 1877 1602 2049
8395 4 2 1 1 1378 1804 2007 2252
8396 4 2 1 1 192 190 194 1627
8397 4 2 1 1 1140 1120 1599 2314
8398 4 2 1 1 741 740 1797 2273
8399 4 2 1 1 291 1269 358 1830
8400 4 2 1 1 196 198 197 1628
8401 4 2 1 1 1595 1372 1996 2042
8402 4 2 1 1 1655 1834 1538 2322
8403 4 2 1 1 242 186 263 1682
8404 4 2 1 1 1537 1804 1690 2153
8405 4 2 1 1 1503 2036 1792 2181
8406 4 2 1 1 1614 1825 1656 2275
8407 4 2 1 1 1376 1952 2175 2313
8408 4 2 1 1 1394 1777 2246 2269
8409 4 2 1 1 290 899 355 1770
8410 4 2 1 1 1128 1230 1129 1671
8411 4 2 1 1 1568 1794 1459 2201
8412 4 2 1 1 397 367 1971 2241
8413 4 2 1 1 1768 1871 1398 2257
8414 4 2 1 1 1432 1792 1657 2181
8415 4 2 1 1 2120 2262 1470 2340
8416 4 2 1 1 251 1752 2267 2347
8417 4 2 1 1 574 1886 1600 2306
8418 4 2 1 1 881 756 888 2120
8419 4 2 1 1 504 1557 461 2250
8420 4 2 1 1 1404 1596 1799 2026
8421 4 2 1 1 814 1635 813 2075
8422 4 2 1 1 1395 2062 1661 2153
8423 4 2 1 1 91 676 370 295
8424 4 2 1 1 1480 1879 1708 2079
8425 4 2 1 1 1836 1453 2024 2194
8426 4 2 1 1 1522 1797 1764 1949
8427 4 2 1 1 1207 1320 1067 2097
8428 4 2 1 1 1109 1111 1759 2000
8429 4 2 1 1 1834 1461 2113 2274
8430 4 2 1 1 1134 1276 1121 2111
8431 4 2 1 1 1374 1954 1576 2094
8432 4 2 1 1 1017 1672 613 2236
8433 4 2 1 1 1444 1955 1694 2309
8434 4 2 1 1 297 305 306 2330
8435 4 2 1 1 1129 1128 1671 2304
8436 4 2 1 1 879 1734 935 2018
8437 4 2 1 1 1223 1134 1136 1880
8438 4 2 1 1 918 1746 1737 2354
8439 4 2 1 1 1673 2198 1059 2352
8440 4 2 1 1 889 94 293 935
8441 4 2 1 1 728 926 2081 2156
8442 4 2 1 1 1177 1359 1174 2129
8443 4 2 1 1 1267 1057 1054 2352
8444 4 2 1 1 1296 1155 1163 1942
8445 4 2 1 1 1456 2035 1851 2070
8446 4 2 1 1 1791 1435 1993 2130
8447 4 2 1 1 1362 1557 1214 2345
8448 4 2 1 1 1646 1726 1396 1897
8449 4 2 1 1 1815 1926 1477 2319
8450 4 2 1 1 594 1577 532 2002
8451 4 2 1 1 1574 1766 1492 1936
8452 4 2 1 1 1043 1041 1042 1867
8453 4 2 1 1 1404 1816 1702 2026
8454 4 2 1 1 1365 1621 1822 2176
8455 4 2 1 1 1287 1973 1729 2281
8456 4 2 1 1 1461 1756 1680 2016
8457 4 2 1 1 1749 1896 579 2040
8458 4 2 1 1 395 1719 362 2054
8459 4 2 1 1 895 297 86 679
8460 4 2 1 1 1802 2046 1256 2096
8461 4 2 1 1 289 1710 390 2061
8462 4 2 1 1 384 299 1037 1776
8463 4 2 1 1 1772 1773 1468 1842
8464 4 2 1 1 1296 1295 1631 2242
8465 4 2 1 1 1211 1609 2180 2278
8466 4 2 1 1 1455 1934 1869 2297
8467 4 2 1 1 745 747 763 2315
8468 4 2 1 1 1381 1748 1862 2177
8469 4 2 1 1 1098 1119 1100 2314
8470 4 2 1 1 839 666 496 1637
8471 4 2 1 1 169 1577 233 2002
8472 4 2 1 1 1434 1975 1581 2033
8473 4 2 1 1 1812 1960 1073 2074
8474 4 2 1 1 901 669 970 1670
8475 4 2 1 1 655 613 1672 2236
8476 4 2 1 1 914 1834 913 2274
8477 4 2 1 1 1591 1878 1635 2075
8478 4 2 1 1 1180 2065 1571 2166
8479 4 2 1 1 1150 1111 1112 1608
8480 4 2 1 1 442 2015 440 2250
8481 4 2 1 1 704 1655 2137 2322
8482 4 2 1 1 1415 1797 1607 1923
8483 4 2 1 1 1702 2213 830 2283
8484 4 2 1 1 853 957 852 2060
8485 4 2 1 1 1142 1176 1338 1654
8486 4 2 1 1 190 1627 192 1990
8487 4 2 1 1 1767 1988 1227 2202
8488 4 2 1 1 790 791 764 1808
8489 4 2 1 1 796 1789 2262 2340
8490 4 2 1 1 1048 1653 1050 2184
8491 4 2 1 1 1137 1589 1172 2190
8492 4 2 1 1 565 1605 564 2323
8493 4 2 1 1 310 372 2054 2152
8494 4 2 1 1 304 297 86 895
8495 4 2 1 1 1419 1864 1540 1962
8496 4 2 1 1 293 374 361 1734
8497 4 2 1 1 431 474 430 2173
8498 4 2 1 1 1772 1829 1418 2086
8499 4 2 1 1 689 691 2005 2048
8500 4 2 1 1 1433 1687 2156 2246
8501 4 2 1 1 583 1672 656 2008
8502 4 2 1 1 437 473 433 1701
8503 4 2 1 1 795 810 794 1807
8504 4 2 1 1 1190 1188 1191 1585
8505 4 2 1 1 411 1609 368 2278
8506 4 2 1 1 1852 1900 1439 2196
8507 4 2 1 1 1140 1139 1120 2314
8508 4 2 1 1 317 316 315 1905
8509 4 2 1 1 1174 1359 1264 2162
8510 4 2 1 1 1373 1798 1736 2182
8511 4 2 1 1 679 949 948 2330
8512 4 2 1 1 337 1751 365 2061
8513 4 2 1 1 1814 1875 1401 1996
8514 4 2 1 1 232 231 184 1847
8515 4 2 1 1 662 899 88 290
8516 4 2 1 1 1488 1556 1888 2183
8517 4 2 1 1 1667 1773 1425 2045
8518 4 2 1 1 935 93 374 660
8519 4 2 1 1 1256 1802 1064 2046
8520 4 2 1 1 1218 1031 1349 1566
8521 4 2 1 1 1572 1900 1439 2313
8522 4 2 1 1 286 1681 216 2267
8523 4 2 1 1 745 741 740 1797
8524 4 2 1 1 1279 1062 1066 1778
8525 4 2 1 1 1364 1842 1943 1987
8526 4 2 1 1 1440 1586 1930 2077
8527 4 2 1 1 981 175 982 1782
8528 4 2 1 1 1842 1869 1364 2100
8529 4 2 1 1 233 1577 1856 2002
8530 4 2 1 1 290 1770 380 2125
8531 4 2 1 1 1642 1904 1262 1961
8532 4 2 1 1 1479 1966 1707 2176
8533 4 2 1 1 981 1006 668 1737
8534 4 2 1 1 1505 1943 1894 2058
8535 4 2 1 1 1424 1625 1766 2055
8536 4 2 1 1 1603 1465 1952 2123
8537 4 2 1 1 969 900 840 1838
8538 4 2 1 1 1506 1897 2134 2247
8539 4 2 1 1 380 290 377 1770
8540 4 2 1 1 656 583 655 1672
8541 4 2 1 1 948 942 1927 2255
8542 4 2 1 1 1422 1690 1929 2304
8543 4 2 1 1 355 88 899 290
8544 4 2 1 1 1422 1561 1983 2281
8545 4 2 1 1 377 1962 1770 2330
8546 4 2 1 1 904 90 676 370
8547 4 2 1 1 689 2005 1796 2048
8548 4 2 1 1 1699 1917 1548 2136
8549 4 2 1 1 1686 1768 1398 2257
8550 4 2 1 1 1870 1974 1514 2234
8551 4 2 1 1 1378 1925 1804 2248
8552 4 2 1 1 1618 1426 2028 2311
8553 4 2 1 1 360 1853 349 2329
8554 4 2 1 1 1659 1677 1403 1984
8555 4 2 1 1 1578 1875 1488 2222
8556 4 2 1 1 1717 2008 1672 2237
8557 4 2 1 1 306 1962 377 2330
8558 4 2 1 1 1190 1189 1188 2003
8559 4 2 1 1 746 908 741 1607
8560 4 2 1 1 1565 1691 2104 2269
8561 4 2 1 1 1025 1794 1330 2202
8562 4 2 1 1 1405 1728 1679 2279
8563 4 2 1 1 876 979 1711 1979
8564 4 2 1 1 1864 1898 1526 2251
8565 4 2 1 1 667 95 369 889
8566 4 2 1 1 1471 2061 1751 2249
8567 4 2 1 1 1095 2281 1729 2336
8568 4 2 1 1 1095 1238 2281 2336
8569 4 2 1 1 1717 2008 1412 2324
8570 4 2 1 1 1729 1973 1095 2111
8571 4 2 1 1 779 1765 883 1878
8572 4 2 1 1 184 231 187 1651
8573 4 2 1 1 518 288 413 1872
8574 4 2 1 1 1365 2147 1621 2176
8575 4 2 1 1 217 2201 1767 2202
8576 4 2 1 1 1698 1775 1446 2356
8577 4 2 1 1 1126 1165 1570 2271
8578 4 2 1 1 444 446 445 1938
8579 4 2 1 1 92 375 660 896
8580 4 2 1 1 524 466 527 2210
8581 4 2 1 1 1382 1602 2113 2208
8582 4 2 1 1 1456 1574 1766 2035
8583 4 2 1 1 1435 1993 1590 2331
8584 4 2 1 1 1693 1921 1407 2047
8585 4 2 1 1 1281 1710 1237 2200
8586 4 2 1 1 1710 2061 1237 2200
8587 4 2 1 1 1470 1593 2160 2262
8588 4 2 1 1 1369 1898 1864 2251
8589 4 2 1 1 1438 1620 2088 2178
8590 4 2 1 1 1649 1864 1419 2012
8591 4 2 1 1 90 904 379 370
8592 4 2 1 1 770 783 2049 2205
8593 4 2 1 1 1142 1176 1654 2089
8594 4 2 1 1 252 1681 286 2267
8595 4 2 1 1 1467 2073 1714 2193
8596 4 2 1 1 1582 1756 1382 2266
8597 4 2 1 1 1547 1410 1845 2054
8598 4 2 1 1 1511 2175 1952 2313
8599 4 2 1 1 1279 1066 1247 1778
8600 4 2 1 1 386 301 351 1730
8601 4 2 1 1 1707 1966 1387 2176
8602 4 2 1 1 571 1611 570 2320
8603 4 2 1 1 1442 1744 1683 2288
8604 4 2 1 1 1564 1457 2098 2214
8605 4 2 1 1 1396 2134 1897 2247
8606 4 2 1 1 920 96 381 667
8607 4 2 1 1 1147 1617 1265 2193
8608 4 2 1 1 1489 2174 1583 2223
8609 4 2 1 1 1782 2270 1606 2321
8610 4 2 1 1 974 1591 825 2075
8611 4 2 1 1 1371 1850 1677 2240
8612 4 2 1 1 607 1571 640 2006
8613 4 2 1 1 809 777 778 2140
8614 4 2 1 1 1735 1425 1862 2212
8615 4 2 1 1 1395 1690 2153 2245
8616 4 2 1 1 1393 1914 1673 2198
8617 4 2 1 1 1423 1837 1570 2078
8618 4 2 1 1 933 1834 914 2274
8619 4 2 1 1 1477 1926 1815 2011
8620 4 2 1 1 319 1648 317 2249
8621 4 2 1 1 1460 2173 1701 2252
8622 4 2 1 1 781 760 1892 2285
8623 4 2 1 1 319 318 317 1648
8624 4 2 1 1 1382 1756 1578 2113
8625 4 2 1 1 1766 1908 1366 1936
8626 4 2 1 1 1419 1540 1864 2009
8627 4 2 1 1 1701 1420 2025 2210
8628 4 2 1 1 1701 2170 1420 2210
8629 4 2 1 1 1726 1897 1586 2247
8630 4 2 1 1 702 703 1810 2254
8631 4 2 1 1 677 97 296 920
8632 4 2 1 1 338 327 325 1971
8633 4 2 1 1 1380 1833 1550 1930
8634 4 2 1 1 1097 1091 1272 1823
8635 4 2 1 1 1696 1462 1881 2026
8636 4 2 1 1 799 783 798 1675
8637 4 2 1 1 1514 2010 1889 2113
8638 4 2 1 1 94 374 293 935
8639 4 2 1 1 1375 2026 1916 2192
8640 4 2 1 1 479 459 508 1817
8641 4 2 1 1 462 439 441 2186
8642 4 2 1 1 1399 1565 1991 2095
8643 4 2 1 1 1781 1791 1435 2065
8644 4 2 1 1 1380 1845 1930 2053
8645 4 2 1 1 882 911 939 1901
8646 4 2 1 1 1371 1900 1790 2079
8647 4 2 1 1 1457 1895 1599 2098
8648 4 2 1 1 572 1886 583 2008
8649 4 2 1 1 462 441 1818 2186
8650 4 2 1 1 649 1571 608 2332
8651 4 2 1 1 642 568 2008 2324
8652 4 2 1 1 1554 1846 1453 1880
8653 4 2 1 1 510 523 429 1689
8654 4 2 1 1 783 1675 799 2234
8655 4 2 1 1 883 1878 2230 2334
8656 4 2 1 1 473 433 1701 2173
8657 4 2 1 1 1404 1799 1844 2192
8658 4 2 1 1 529 513 427 1354
8659 4 2 1 1 1512 1994 2182 2342
8660 4 2 1 1 1051 2055 1722 2184
8661 4 2 1 1 1368 1620 1774 2071
8662 4 2 1 1 1049 1722 2145 2184
8663 4 2 1 1 517 186 279 1682
8664 4 2 1 1 1286 1293 1982 2061
8665 4 2 1 1 281 254 253 1588
8666 4 2 1 1 1389 1643 1680 2068
8667 4 2 1 1 296 1703 345 2219
8668 4 2 1 1 1599 1739 1457 2314
8669 4 2 1 1 1598 1899 516 1959
8670 4 2 1 1 423 431 430 1664
8671 4 2 1 1 463 516 514 1598
8672 4 2 1 1 819 1581 983 2033
8673 4 2 1 1 876 1941 1711 1964
8674 4 2 1 1 1731 1419 1827 1962
8675 4 2 1 1 522 391 1001 1723
8676 4 2 1 1 1793 2032 1534 2157
8677 4 2 1 1 1380 1845 2053 2333
8678 4 2 1 1 1469 1791 1993 2130
8679 4 2 1 1 660 878 940 1676
8680 4 2 1 1 778 779 883 1878
8681 4 2 1 1 281 1014 254 1588
8682 4 2 1 1 92 375 896 295
8683 4 2 1 1 747 1797 740 1949
8684 4 2 1 1 1084 1893 1106 2281
8685 4 2 1 1 1123 1257 1242 1633
8686 4 2 1 1 1394 1647 1866 2246
8687 4 2 1 1 1371 1754 1726 2013
8688 4 2 1 1 1802 1914 1486 1954
8689 4 2 1 1 1412 1621 1822 1931
8690 4 2 1 1 1143 1806 2167 2292
8691 4 2 1 1 1700 2166 1779 2331
8692 4 2 1 1 1418 1902 1772 2086
8693 4 2 1 1 1425 1842 1773 2300
8694 4 2 1 1 940 1676 878 2224
8695 4 2 1 1 1057 2198 1574 2352
8696 4 2 1 1 1289 1298 1162 1738
8697 4 2 1 1 1399 1636 1819 1989
8698 4 2 1 1 197 196 1628 2347
8699 4 2 1 1 951 956 879 2018
8700 4 2 1 1 889 879 935 2018
8701 4 2 1 1 1480 1877 1602 2208
8702 4 2 1 1 1468 1862 1773 2254
8703 4 2 1 1 521 490 1670 2186
8704 4 2 1 1 1611 1758 1886 2008
8705 4 2 1 1 184 1002 274 1847
8706 4 2 1 1 861 999 1967 2283
8707 4 2 1 1 927 806 1768 2231
8708 4 2 1 1 1030 74 1269 358
8709 4 2 1 1 1489 1813 2174 2223
8710 4 2 1 1 1464 1824 1571 2006
8711 4 2 1 1 1064 1802 1063 2050
8712 4 2 1 1 632 1779 1311 2332
8713 4 2 1 1 1735 2028 1426 2311
8714 4 2 1 1 306 377 355 2330
8715 4 2 1 1 790 792 1808 1976
8716 4 2 1 1 1446 2182 1994 2356
8717 4 2 1 1 579 1749 619 1896
8718 4 2 1 1 1456 1851 1575 2070
8719 4 2 1 1 490 1727 1670 2186
8720 4 2 1 1 1442 1613 2018 2151
8721 4 2 1 1 1398 1768 1686 2106
8722 4 2 1 1 1729 1912 1448 2111
8723 4 2 1 1 1575 1890 1615 2096
8724 4 2 1 1 789 1735 2273 2311
8725 4 2 1 1 1300 1211 1020 2278
8726 4 2 1 1 621 563 623 2323
8727 4 2 1 1 1894 1943 1364 2058
8728 4 2 1 1 1461 1834 1655 1997
8729 4 2 1 1 783 770 798 1675
8730 4 2 1 1 860 960 859 1829
8731 4 2 1 1 1471 1982 1888 2042
8732 4 2 1 1 1161 1632 1220 2218
8733 4 2 1 1 1592 1497 2163 2239
8734 4 2 1 1 1493 1946 1846 2341
8735 4 2 1 1 669 490 987 1727
8736 4 2 1 1 1884 1918 1484 2293
8737 4 2 1 1 375 374 93 660
8738 4 2 1 1 291 1269 74 358
8739 4 2 1 1 740 726 915 1949
8740 4 2 1 1 264 229 1737 2019
8741 4 2 1 1 377 1770 355 2330
8742 4 2 1 1 1439 1646 1709 2185
8743 4 2 1 1 1409 1709 1646 2185
8744 4 2 1 1 1600 1473 1882 2306
8745 4 2 1 1 781 838 837 1638
8746 4 2 1 1 381 296 97 920
8747 4 2 1 1 1368 1918 1884 2293
8748 4 2 1 1 1882 1986 1600 2310
8749 4 2 1 1 1287 1095 1729 1973
8750 4 2 1 1 286 1681 252 2129
8751 4 2 1 1 653 1944 2236 2306
8752 4 2 1 1 385 478 303 1872
8753 4 2 1 1 1897 2078 1506 2325
8754 4 2 1 1 804 2187 1543 2224
8755 4 2 1 1 570 572 583 2008
8756 4 2 1 1 1594 2024 1841 2203
8757 4 2 1 1 769 1713 865 2205
8758 4 2 1 1 388 413 288 2346
8759 4 2 1 1 1420 2075 1689 2343
8760 4 2 1 1 1415 1549 2117 2135
8761 4 2 1 1 1221 1715 1321 2218
8762 4 2 1 1 1603 1392 1892 2108
8763 4 2 1 1 308 312 377 1962
8764 4 2 1 1 1205 1204 1203 1641
8765 4 2 1 1 360 347 349 1853
8766 4 2 1 1 1552 1869 1455 2004
8767 4 2 1 1 1008 860 858 1829
8768 4 2 1 1 1380 1930 1845 2077
8769 4 2 1 1 1139 1961 1100 2314
8770 4 2 1 1 1464 1571 1824 2292
8771 4 2 1 1 1428 1787 1860 2056
8772 4 2 1 1 296 356 345 1703
8773 4 2 1 1 469 473 437 1701
8774 4 2 1 1 1229 2070 1615 2096
8775 4 2 1 1 1003 546 842 1730
8776 4 2 1 1 1459 1794 1589 2190
8777 4 2 1 1 236 237 1689 1873
8778 4 2 1 1 774 1760 775 2126
8779 4 2 1 1 1655 1834 1461 2266
8780 4 2 1 1 1382 1538 1984 2266
8781 4 2 1 1 1628 1681 1463 2267
8782 4 2 1 1 202 204 203 1980
8783 4 2 1 1 1482 1900 1708 2079
8784 4 2 1 1 1626 556 2030 2350
8785 4 2 1 1 1234 2218 1835 2264
8786 4 2 1 1 846 931 780 1761
8787 4 2 1 1 1845 1930 1586 2077
8788 4 2 1 1 1719 1913 1410 2054
8789 4 2 1 1 1517 2021 1580 2240
8790 4 2 1 1 1055 1625 1320 2035
8791 4 2 1 1 369 381 96 667
8792 4 2 1 1 1472 2048 1796 2071
8793 4 2 1 1 953 899 1770 2009
8794 4 2 1 1 1703 1963 356 2164
8795 4 2 1 1 197 2019 1628 2321
8796 4 2 1 1 1104 1047 1254 2145
8797 4 2 1 1 463 516 1598 1899
8798 4 2 1 1 1470 1891 1789 2160
8799 4 2 1 1 596 591 546 1730
8800 4 2 1 1 308 310 312 1731
8801 4 2 1 1 293 369 95 889
8802 4 2 1 1 1716 1978 1113 2067
8803 4 2 1 1 1395 1699 1917 2146
8804 4 2 1 1 1720 1911 1624 1975
8805 4 2 1 1 790 890 792 1976
8806 4 2 1 1 1121 1928 1095 2111
8807 4 2 1 1 205 1669 206 1985
8808 4 2 1 1 1493 1846 1841 2341
8809 4 2 1 1 1237 1710 289 2061
8810 4 2 1 1 1416 1648 2042 2249
8811 4 2 1 1 1770 2009 899 2330
8812 4 2 1 1 1616 1991 1565 2095
8813 4 2 1 1 2046 2284 1812 2312
8814 4 2 1 1 806 1887 1768 2231
8815 4 2 1 1 1092 1071 1078 1666
8816 4 2 1 1 866 880 805 1742
8817 4 2 1 1 1210 1101 1724 2225
8818 4 2 1 1 1403 1708 1901 1945
8819 4 2 1 1 620 921 619 1749
8820 4 2 1 1 1587 1999 1567 2118
8821 4 2 1 1 1925 2092 1604 2248
8822 4 2 1 1 1382 1811 1582 1984
8823 4 2 1 1 1490 2057 1754 2327
8824 4 2 1 1 1382 1578 1814 2113
8825 4 2 1 1 347 1853 305 1927
8826 4 2 1 1 622 2189 625 2268
8827 4 2 1 1 1573 2087 1922 2282
8828 4 2 1 1 1898 2078 1369 2238
8829 4 2 1 1 496 666 494 1637
8830 4 2 1 1 1586 1930 1845 2053
8831 4 2 1 1 1069 1077 1960 2050
8832 4 2 1 1 1100 1139 1262 1961
8833 4 2 1 1 1262 1904 1642 2220
8834 4 2 1 1 372 395 362 2054
8835 4 2 1 1 1378 1563 1787 2007
8836 4 2 1 1 1373 1994 1705 2342
8837 4 2 1 1 1629 1997 1461 2259
8838 4 2 1 1 466 435 500 1965
8839 4 2 1 1 1117 1129 1929 2304
8840 4 2 1 1 1326 243 1028 1697
8841 4 2 1 1 1222 1817 1715 2102
8842 4 2 1 1 838 837 1638 2277
8843 4 2 1 1 1175 1119 1235 1992
8844 4 2 1 1 288 1639 349 2346
8845 4 2 1 1 349 1639 402 2329
8846 4 2 1 1 240 224 176 1868
8847 4 2 1 1 1325 1747 1318 2150
8848 4 2 1 1 1675 2064 1543 2234
8849 4 2 1 1 549 542 550 1668
8850 4 2 1 1 484 1828 670 2298
8851 4 2 1 1 1420 1635 1741 2075
8852 4 2 1 1 1672 1412 1747 2237
8853 4 2 1 1 674 825 1591 2343
8854 4 2 1 1 939 938 797 2084
8855 4 2 1 1 1380 2041 1547 2295
8856 4 2 1 1 639 2109 628 2256
8857 4 2 1 1 1365 1822 1621 1931
8858 4 2 1 1 1018 1361 1322 1571
8859 4 2 1 1 680 867 52 187
8860 4 2 1 1 177 680 52 187
8861 4 2 1 1 1470 1562 2022 2120
8862 4 2 1 1 1574 1908 1766 1936
8863 4 2 1 1 1566 2063 1464 2167
8864 4 2 1 1 1532 2053 1742 2333
8865 4 2 1 1 744 751 738 2101
8866 4 2 1 1 1372 2010 1981 2064
8867 4 2 1 1 623 1876 580 2076
8868 4 2 1 1 1692 1884 1449 2088
8869 4 2 1 1 1558 1865 1472 2048
8870 4 2 1 1 1155 1111 1150 1942
8871 4 2 1 1 221 1932 214 2118
8872 4 2 1 1 251 193 1752 2347
8873 4 2 1 1 2069 2227 1513 2320
8874 4 2 1 1 824 1919 817 2354
8875 4 2 1 1 809 813 814 1635
8876 4 2 1 1 436 1644 439 2186
8877 4 2 1 1 1394 1866 1704 2246
8878 4 2 1 1 1377 2161 1656 2215
8879 4 2 1 1 1474 2092 1686 2140
8880 4 2 1 1 438 2015 1644 2062
8881 4 2 1 1 1146 1716 1113 2067
8882 4 2 1 1 1733 1816 1509 2189
8883 4 2 1 1 586 595 638 1915
8884 4 2 1 1 1619 1809 1941 1964
8885 4 2 1 1 273 523 1000 1689
8886 4 2 1 1 1457 1825 1614 2275
8887 4 2 1 1 1419 1962 1540 2009
8888 4 2 1 1 1764 1367 2121 2168
8889 4 2 1 1 971 753 965 1865
8890 4 2 1 1 691 693 748 1957
8891 4 2 1 1 1425 1569 1987 2300
8892 4 2 1 1 1006 824 817 2354
8893 4 2 1 1 1116 1117 1929 2304
8894 4 2 1 1 982 175 257 1782
8895 4 2 1 1 1027 1324 1234 1835
8896 4 2 1 1 1403 1879 1708 1945
8897 4 2 1 1 197 1628 2019 2347
8898 4 2 1 1 1268 1673 1059 2352
8899 4 2 1 1 1741 1420 2170 2210
8900 4 2 1 1 455 453 454 1745
8901 4 2 1 1 1555 2164 1813 2188
8902 4 2 1 1 1441 1800 1771 2023
8903 4 2 1 1 195 2019 1539 2347
8904 4 2 1 1 946 1647 894 2084
8905 4 2 1 1 1401 2000 1759 2122
8906 4 2 1 1 1674 1880 1554 2034
8907 4 2 1 1 1438 1822 1758 2178
8908 4 2 1 1 393 350 341 1915
8909 4 2 1 1 1196 1672 1195 2237
8910 4 2 1 1 1265 1617 1108 2339
8911 4 2 1 1 612 2008 1717 2324
8912 4 2 1 1 1544 1871 1398 2221
8913 4 2 1 1 1122 1095 1973 2111
8914 4 2 1 1 1447 1778 2296 2301
8915 4 2 1 1 1401 2000 1617 2353
8916 4 2 1 1 72 1236 1020 368
8917 4 2 1 1 630 267 169 2197
8918 4 2 1 1 588 1924 1577 2350
8919 4 2 1 1 1616 1399 1790 2301
8920 4 2 1 1 575 2027 1600 2335
8921 4 2 1 1 1702 1816 1404 1967
8922 4 2 1 1 1366 1908 1662 2115
8923 4 2 1 1 1278 1109 1111 1759
8924 4 2 1 1 780 845 846 1761
8925 4 2 1 1 1531 1871 1768 2119
8926 4 2 1 1 1088 2021 1580 2307
8927 4 2 1 1 1667 1773 1504 2300
8928 4 2 1 1 1377 2157 1793 2328
8929 4 2 1 1 1517 1778 2021 2240
8930 4 2 1 1 429 1689 237 1873
8931 4 2 1 1 1447 2296 1778 2339
8932 4 2 1 1 407 1297 365 2242
8933 4 2 1 1 1320 1053 2035 2055
8934 4 2 1 1 870 989 869 2038
8935 4 2 1 1 1172 1137 1173 1589
8936 4 2 1 1 1673 1914 1059 2198
8937 4 2 1 1 681 183 1000 1689
8938 4 2 1 1 1038 1188 1776 2349
8939 4 2 1 1 953 949 899 2009
8940 4 2 1 1 1374 2132 2104 2286
8941 4 2 1 1 945 1762 1957 1974
8942 4 2 1 1 804 945 800 1974
8943 4 2 1 1 1575 2080 1851 2191
8944 4 2 1 1 968 1007 666 2123
8945 4 2 1 1 1440 1930 1833 2077
8946 4 2 1 1 1608 2000 1401 2122
8947 4 2 1 1 1689 1741 1420 2170
8948 4 2 1 1 635 582 654 2324
8949 4 2 1 1 1141 2089 1143 2112
8950 4 2 1 1 532 630 169 2197
8951 4 2 1 1 1636 1444 2143 2309
8952 4 2 1 1 1252 1323 1022 1661
8953 4 2 1 1 1307 1821 1182 2093
8954 4 2 1 1 1140 2089 1599 2162
8955 4 2 1 1 1311 1352 1317 1779
8956 4 2 1 1 949 899 2009 2330
8957 4 2 1 1 248 227 205 1985
8958 4 2 1 1 1389 1756 1578 2222
8959 4 2 1 1 1555 330 1963 2164
8960 4 2 1 1 942 1723 683 1927
8961 4 2 1 1 1405 1891 1789 1922
8962 4 2 1 1 1389 1578 2183 2222
8963 4 2 1 1 1435 1700 1791 1993
8964 4 2 1 1 1358 2091 1349 2167
8965 4 2 1 1 1142 1654 1159 2167
8966 4 2 1 1 945 956 1762 2187
8967 4 2 1 1 1493 2024 1846 2194
8968 4 2 1 1 1386 1626 2063 2261
8969 4 2 1 1 512 531 418 1727
8970 4 2 1 1 949 2009 1540 2330
8971 4 2 1 1 1393 1811 1673 2296
8972 4 2 1 1 1145 1256 1064 2046
8973 4 2 1 1 1615 1914 1393 2198
8974 4 2 1 1 1506 1837 2134 2325
8975 4 2 1 1 1160 1170 1128 1907
8976 4 2 1 1 1368 1774 1645 2071
8977 4 2 1 1 1451 1979 1711 1980
8978 4 2 1 1 303 1695 344 1872
8979 4 2 1 1 1672 1995 1473 2236
8980 4 2 1 1 1889 2010 1578 2113
8981 4 2 1 1 642 568 570 2008
8982 4 2 1 1 1081 1073 1274 2074
8983 4 2 1 1 1131 1272 1220 1823
8984 4 2 1 1 1368 1645 1774 1918
8985 4 2 1 1 1116 1117 1106 1929
8986 4 2 1 1 1357 1310 1199 2011
8987 4 2 1 1 1464 2063 1626 2261
8988 4 2 1 1 306 1540 1962 2330
8989 4 2 1 1 1702 1934 1462 1953
8990 4 2 1 1 1575 1493 1805 1946
8991 4 2 1 1 1608 1759 2000 2122
8992 4 2 1 1 1834 1870 1461 2274
8993 4 2 1 1 1469 1791 1700 1993
8994 4 2 1 1 1434 1856 1651 2244
8995 4 2 1 1 540 622 601 1838
8996 4 2 1 1 1786 2120 705 2262
8997 4 2 1 1 1011 1312 1346 1623
8998 4 2 1 1 1421 2126 1874 2199
8999 4 2 1 1 905 796 2262 2340
9000 4 2 1 1 1578 1514 2010 2064
9001 4 2 1 1 417 670 994 2277
9002 4 2 1 1 1655 1461 2016 2266
9003 4 2 1 1 85 304 895 683
9004 4 2 1 1 591 597 546 1939
9005 4 2 1 1 227 173 249 1711
9006 4 2 1 1 461 2250 1557 2345
9007 4 2 1 1 1860 2025 1885 2337
9008 4 2 1 1 1129 1231 1863 2232
9009 4 2 1 1 198 216 259 1956
9010 4 2 1 1 1419 1742 1649 2053
9011 4 2 1 1 1039 1040 1041 1867
9012 4 2 1 1 921 671 619 1749
9013 4 2 1 1 1365 2147 1950 2209
9014 4 2 1 1 1401 1996 1608 2122
9015 4 2 1 1 1364 1943 1545 2100
9016 4 2 1 1 871 680 984 2260
9017 4 2 1 1 198 196 216 2267
9018 4 2 1 1 1387 1882 1758 2178
9019 4 2 1 1 891 988 814 1741
9020 4 2 1 1 363 404 1250 1719
9021 4 2 1 1 979 180 249 1979
9022 4 2 1 1 674 973 825 2343
9023 4 2 1 1 204 1669 203 1980
9024 4 2 1 1 1596 1462 1934 2318
9025 4 2 1 1 1447 2021 1778 2240
9026 4 2 1 1 1522 2121 2107 2168
9027 4 2 1 1 742 765 766 2043
9028 4 2 1 1 225 1843 248 1985
9029 4 2 1 1 1486 1989 1991 2301
9030 4 2 1 1 1468 1902 1662 2115
9031 4 2 1 1 1626 1924 556 2350
9032 4 2 1 1 895 679 948 1927
9033 4 2 1 1 1393 1659 1811 2296
9034 4 2 1 1 1168 1116 1280 1690
9035 4 2 1 1 219 1553 247 2233
9036 4 2 1 1 1404 1844 1590 1876
9037 4 2 1 1 1249 404 294 1913
9038 4 2 1 1 1403 1659 1732 2132
9039 4 2 1 1 903 1004 732 2052
9040 4 2 1 1 1287 1095 1238 2281
9041 4 2 1 1 1431 1943 1748 1987
9042 4 2 1 1 1620 1718 1472 1986
9043 4 2 1 1 1485 1955 1694 2155
9044 4 2 1 1 1077 1636 1288 2143
9045 4 2 1 1 1472 1966 1620 1986
9046 4 2 1 1 1373 1736 1798 1983
9047 4 2 1 1 1332 1767 1227 2202
9048 4 2 1 1 207 1861 225 1985
9049 4 2 1 1 1671 2007 1929 2304
9050 4 2 1 1 854 1896 1749 2133
9051 4 2 1 1 1402 1738 1969 2289
9052 4 2 1 1 1419 1649 2012 2053
9053 4 2 1 1 1721 1864 1540 2009
9054 4 2 1 1 1919 2239 1497 2354
9055 4 2 1 1 282 256 178 1794
9056 4 2 1 1 64 357 1023 1249
9057 4 2 1 1 577 591 595 1583
9058 4 2 1 1 316 318 378 2116
9059 4 2 1 1 781 1638 834 2285
9060 4 2 1 1 1466 1761 1601 2110
9061 4 2 1 1 1149 1156 1115 2155
9062 4 2 1 1 1267 1054 1052 2090
9063 4 2 1 1 788 805 880 1906
9064 4 2 1 1 479 1817 470 2036
9065 4 2 1 1 1367 1933 1825 2024
9066 4 2 1 1 494 1959 495 2204
9067 4 2 1 1 775 2126 1760 2199
9068 4 2 1 1 1332 254 1014 1767
9069 4 2 1 1 357 294 401 1913
9070 4 2 1 1 1462 1667 1953 2300
9071 4 2 1 1 642 2008 612 2324
9072 4 2 1 1 1033 1345 1245 1657
9073 4 2 1 1 1751 1982 1293 2061
9074 4 2 1 1 1675 1981 1543 2064
9075 4 2 1 1 1347 613 536 2236
9076 4 2 1 1 1461 1889 1756 2113
9077 4 2 1 1 398 401 339 2207
9078 4 2 1 1 1398 1687 1768 2106
9079 4 2 1 1 1381 1594 1805 2080
9080 4 2 1 1 1372 1578 2010 2064
9081 4 2 1 1 393 382 287 1915
9082 4 2 1 1 1026 604 1344 1944
9083 4 2 1 1 813 974 825 2075
9084 4 2 1 1 1286 2061 1982 2200
9085 4 2 1 1 1175 1739 1119 1992
9086 4 2 1 1 538 616 1896 2227
9087 4 2 1 1 446 460 448 1938
9088 4 2 1 1 1467 1936 1574 2090
9089 4 2 1 1 587 639 1924 2109
9090 4 2 1 1 1435 2166 1779 2332
9091 4 2 1 1 1556 1471 1888 1970
9092 4 2 1 1 627 638 533 1915
9093 4 2 1 1 1464 1781 1571 2292
9094 4 2 1 1 1081 1812 1073 2074
9095 4 2 1 1 905 2262 2120 2340
9096 4 2 1 1 1568 1861 1985 2085
9097 4 2 1 1 868 1005 2038 2260
9098 4 2 1 1 751 761 919 2101
9099 4 2 1 1 1315 1682 1350 2139
9100 4 2 1 1 867 682 53 187
9101 4 2 1 1 748 945 1762 1957
9102 4 2 1 1 1692 2088 1536 2171
9103 4 2 1 1 1815 2011 1722 2145
9104 4 2 1 1 1457 1614 1739 2275
9105 4 2 1 1 1222 1290 1817 2102
9106 4 2 1 1 1419 1864 1649 2009
9107 4 2 1 1 1660 1859 1415 2163
9108 4 2 1 1 1444 1738 1712 2143
9109 4 2 1 1 1589 1172 2190 2291
9110 4 2 1 1 324 1683 1972 2226
9111 4 2 1 1 51 234 680 177
9112 4 2 1 1 1047 2145 1692 2338
9113 4 2 1 1 1652 1994 1446 2182
9114 4 2 1 1 507 460 493 2326
9115 4 2 1 1 660 940 896 1676
9116 4 2 1 1 1399 1991 1989 2301
9117 4 2 1 1 542 551 550 1668
9118 4 2 1 1 1809 2215 2135 2243
9119 4 2 1 1 1251 603 537 1824
9120 4 2 1 1 755 1743 759 2106
9121 4 2 1 1 1470 1789 1891 1922
9122 4 2 1 1 1306 1249 1023 1913
9123 4 2 1 1 1794 2201 250 2202
9124 4 2 1 1 1195 1672 1017 2236
9125 4 2 1 1 450 2029 1612 2154
9126 4 2 1 1 485 465 1937 2277
9127 4 2 1 1 1616 1991 1399 2301
9128 4 2 1 1 927 1768 754 2106
9129 4 2 1 1 1436 1918 1774 2229
9130 4 2 1 1 1752 1990 1627 2348
9131 4 2 1 1 1480 2079 1708 2303
9132 4 2 1 1 1113 1154 1291 1716
9133 4 2 1 1 1619 1411 1809 1964
9134 4 2 1 1 1514 2113 1870 2274
9135 4 2 1 1 1449 2145 1722 2184
9136 4 2 1 1 1479 1865 1707 1966
9137 4 2 1 1 1286 1237 2061 2200
9138 4 2 1 1 857 1769 855 2283
9139 4 2 1 1 614 623 580 2076
9140 4 2 1 1 743 731 1687 2081
9141 4 2 1 1 845 846 1761 2110
9142 4 2 1 1 1552 2004 1455 2297
9143 4 2 1 1 947 894 946 1647
9144 4 2 1 1 1406 1821 1666 1894
9145 4 2 1 1 774 1760 773 2199
9146 4 2 1 1 170 414 272 1873
9147 4 2 1 1 260 251 193 1752
9148 4 2 1 1 1038 1039 1188 2349
9149 4 2 1 1 1702 2026 1816 2159
9150 4 2 1 1 1286 1281 1237 2200
9151 4 2 1 1 747 745 740 1797
9152 4 2 1 1 224 213 239 1999
9153 4 2 1 1 1322 1571 1180 2065
9154 4 2 1 1 1733 1844 1404 1876
9155 4 2 1 1 1616 2095 1565 2104
9156 4 2 1 1 1933 2168 1764 2214
9157 4 2 1 1 1240 1642 1139 2112
9158 4 2 1 1 1445 1805 1573 2165
9159 4 2 1 1 1407 1921 1693 2052
9160 4 2 1 1 1408 2044 1764 2214
9161 4 2 1 1 1366 1908 1582 1936
9162 4 2 1 1 1418 2047 1902 2086
9163 4 2 1 1 1515 1902 2047 2086
9164 4 2 1 1 1530 1671 1863 2124
9165 4 2 1 1 1391 1918 1724 2229
9166 4 2 1 1 1420 1741 1689 2075
9167 4 2 1 1 2090 2193 1266 2352
9168 4 2 1 1 71 1237 366 289
9169 4 2 1 1 1666 1821 1406 1904
9170 4 2 1 1 876 1711 978 1964
9171 4 2 1 1 1372 1970 1888 2042
9172 4 2 1 1 459 486 1715 2029
9173 4 2 1 1 710 2160 1593 2262
9174 4 2 1 1 1488 1888 1556 2127
9175 4 2 1 1 1236 71 1237 366
9176 4 2 1 1 522 428 391 1723
9177 4 2 1 1 1623 1903 499 2250
9178 4 2 1 1 470 422 477 1657
9179 4 2 1 1 321 320 319 1910
9180 4 2 1 1 1525 2112 1642 2220
9181 4 2 1 1 1312 2136 1623 2345
9182 4 2 1 1 1395 1684 1804 2146
9183 4 2 1 1 208 1568 270 2233
9184 4 2 1 1 1148 1274 1273 1694
9185 4 2 1 1 493 460 1938 2326
9186 4 2 1 1 739 955 725 1667
9187 4 2 1 1 1060 1107 1851 2070
9188 4 2 1 1 256 178 1794 2202
9189 4 2 1 1 606 579 1896 2040
9190 4 2 1 1 1411 1843 1711 1964
9191 4 2 1 1 1150 1163 1155 1942
9192 4 2 1 1 401 1913 372 2152
9193 4 2 1 1 1487 1856 1577 2002
9194 4 2 1 1 1194 1192 1193 1995
9195 4 2 1 1 1900 1968 1371 2185
9196 4 2 1 1 1431 1851 2080 2191
9197 4 2 1 1 1649 1906 788 2258
9198 4 2 1 1 1888 1970 1471 2042
9199 4 2 1 1 916 1959 1007 2123
9200 4 2 1 1 1364 1869 1552 2100
9201 4 2 1 1 717 1879 716 1945
9202 4 2 1 1 1387 1986 1882 2178
9203 4 2 1 1 665 900 969 2189
9204 4 2 1 1 728 1728 721 2081
9205 4 2 1 1 1157 1220 1118 1837
9206 4 2 1 1 346 301 1730 2174
9207 4 2 1 1 1364 1943 1894 1987
9208 4 2 1 1 1225 1136 1674 1988
9209 4 2 1 1 1293 1297 1163 1751
9210 4 2 1 1 711 796 1789 2262
9211 4 2 1 1 365 1751 337 2249
9212 4 2 1 1 1622 2264 1520 2289
9213 4 2 1 1 1109 2000 1759 2353
9214 4 2 1 1 1583 1466 2223 2310
9215 4 2 1 1 1501 1813 1583 1915
9216 4 2 1 1 1575 1615 1890 2070
9217 4 2 1 1 1562 1735 2177 2212
9218 4 2 1 1 854 995 1896 2133
9219 4 2 1 1 535 1311 632 1779
9220 4 2 1 1 1797 1415 2163 2315
9221 4 2 1 1 1256 2046 1145 2096
9222 4 2 1 1 1617 2000 1108 2353
9223 4 2 1 1 1511 2144 1760 2199
9224 4 2 1 1 1484 1832 1556 2225
9225 4 2 1 1 1373 1736 1994 2182
9226 4 2 1 1 1640 2325 1396 2327
9227 4 2 1 1 754 731 755 2106
9228 4 2 1 1 322 1683 324 2226
9229 4 2 1 1 640 607 608 1571
9230 4 2 1 1 698 697 1921 1997
9231 4 2 1 1 1421 1760 2199 2280
9232 4 2 1 1 1404 1876 1590 2172
9233 4 2 1 1 1506 2078 1837 2325
9234 4 2 1 1 1839 1869 1418 2100
9235 4 2 1 1 1388 2087 1805 2165
9236 4 2 1 1 565 2148 1605 2323
9237 4 2 1 1 681 1689 997 2343
9238 4 2 1 1 876 874 1941 1964
9239 4 2 1 1 256 270 250 1794
9240 4 2 1 1 1588 1992 1185 2290
9241 4 2 1 1 1446 1765 1698 2179
9242 4 2 1 1 1896 2040 1749 2133
9243 4 2 1 1 1805 1841 1594 2087
9244 4 2 1 1 270 1568 206 2201
9245 4 2 1 1 233 223 230 1856
9246 4 2 1 1 1420 1567 2128 2337
9247 4 2 1 1 869 545 1002 1847
9248 4 2 1 1 232 1847 593 2002
9249 4 2 1 1 521 1670 489 2186
9250 4 2 1 1 1532 2131 1713 2205
9251 4 2 1 1 883 1765 884 2230
9252 4 2 1 1 1839 1418 2051 2100
9253 4 2 1 1 1399 1572 1788 2095
9254 4 2 1 1 1457 1564 1933 2214
9255 4 2 1 1 1322 1571 2065 2292
9256 4 2 1 1 720 926 724 1777
9257 4 2 1 1 1862 2177 1735 2212
9258 4 2 1 1 436 438 1644 2062
9259 4 2 1 1 1377 2023 1634 2328
9260 4 2 1 1 1183 1182 1181 1791
9261 4 2 1 1 830 1702 862 2213
9262 4 2 1 1 1135 1134 1122 2111
9263 4 2 1 1 707 1706 703 2254
9264 4 2 1 1 908 872 925 1771
9265 4 2 1 1 869 682 868 1847
9266 4 2 1 1 1783 1935 1544 2276
9267 4 2 1 1 1437 1675 1981 2099
9268 4 2 1 1 1685 2027 1583 2310
9269 4 2 1 1 1899 1959 1465 2204
9270 4 2 1 1 1610 1970 1556 2183
9271 4 2 1 1 64 357 1249 294
9272 4 2 1 1 728 721 729 2081
9273 4 2 1 1 1312 1213 1623 2136
9274 4 2 1 1 1135 1225 1136 1674
9275 4 2 1 1 1137 1172 1135 2190
9276 4 2 1 1 1366 1662 1902 2115
9277 4 2 1 1 497 459 486 1715
9278 4 2 1 1 1296 1163 1295 2242
9279 4 2 1 1 698 699 697 1997
9280 4 2 1 1 978 1843 826 1964
9281 4 2 1 1 181 265 242 1682
9282 4 2 1 1 206 270 208 1568
9283 4 2 1 1 1223 1228 1099 1880
9284 4 2 1 1 1357 1325 1254 2145
9285 4 2 1 1 945 804 956 2187
9286 4 2 1 1 1134 1135 1136 1674
9287 4 2 1 1 1464 1831 1626 2228
9288 4 2 1 1 1429 2137 1655 2322
9289 4 2 1 1 1496 1892 1709 2258
9290 4 2 1 1 350 1813 341 1915
9291 4 2 1 1 1700 1435 2166 2331
9292 4 2 1 1 1192 1190 1191 1585
9293 4 2 1 1 781 1892 1638 2285
9294 4 2 1 1 1429 1662 2022 2158
9295 4 2 1 1 1647 2084 1394 2280
9296 4 2 1 1 901 1670 970 1958
9297 4 2 1 1 1464 1626 1831 2261
9298 4 2 1 1 1424 2051 1545 2100
9299 4 2 1 1 977 173 246 1843
9300 4 2 1 1 241 1697 242 1932
9301 4 2 1 1 1382 1814 1578 1875
9302 4 2 1 1 351 1730 301 2174
9303 4 2 1 1 1403 1901 1593 1945
9304 4 2 1 1 719 910 713 2212
9305 4 2 1 1 1659 1403 1732 1984
9306 4 2 1 1 1236 72 366 368
9307 4 2 1 1 1515 1810 1655 2115
9308 4 2 1 1 1404 1799 1596 2172
9309 4 2 1 1 1242 2046 1070 2312
9310 4 2 1 1 1129 1671 1230 2232
9311 4 2 1 1 467 1883 1828 2298
9312 4 2 1 1 1466 2027 1939 2335
9313 4 2 1 1 619 1749 671 1896
9314 4 2 1 1 234 917 51 680
9315 4 2 1 1 1154 1716 1146 2211
9316 4 2 1 1 792 791 790 1808
9317 4 2 1 1 1172 1589 1173 2291
9318 4 2 1 1 1482 1708 1900 2196
9319 4 2 1 1 1497 1797 2163 2315
9320 4 2 1 1 1382 1984 1582 2266
9321 4 2 1 1 1432 2181 1570 2238
9322 4 2 1 1 567 1688 2040 2320
9323 4 2 1 1 1163 1751 1297 2242
9324 4 2 1 1 1824 2167 1464 2292
9325 4 2 1 1 959 821 987 1727
9326 4 2 1 1 1379 2044 2098 2214
9327 4 2 1 1 1456 1890 1615 2070
9328 4 2 1 1 1727 1818 1427 2186
9329 4 2 1 1 752 788 1906 2258
9330 4 2 1 1 1394 1866 1630 2253
9331 4 2 1 1 1575 1890 1456 2070
9332 4 2 1 1 1377 1656 2135 2215
9333 4 2 1 1 1005 2038 1650 2302
9334 4 2 1 1 1432 1639 1872 2272
9335 4 2 1 1 1169 1969 1738 2289
9336 4 2 1 1 1781 1806 1525 2065
9337 4 2 1 1 1148 1694 1273 2308
9338 4 2 1 1 706 1945 716 2322
9339 4 2 1 1 499 1903 1623 2326
9340 4 2 1 1 1253 1323 1252 1661
9341 4 2 1 1 1327 1907 2072 2232
9342 4 2 1 1 1549 2023 1377 2135
9343 4 2 1 1 1297 1751 365 2242
9344 4 2 1 1 955 954 1753 2159
9345 4 2 1 1 1140 1599 1336 2162
9346 4 2 1 1 1402 1903 1597 1938
9347 4 2 1 1 821 1727 1887 2231
9348 4 2 1 1 533 382 81 627
9349 4 2 1 1 1345 1165 1305 1857
9350 4 2 1 1 1250 1304 1019 1719
9351 4 2 1 1 1590 1384 1993 2172
9352 4 2 1 1 1107 1229 1239 2096
9353 4 2 1 1 242 275 218 1932
9354 4 2 1 1 1386 2063 1624 2261
9355 4 2 1 1 187 682 53 184
9356 4 2 1 1 1464 1806 1781 2292
9357 4 2 1 1 1538 1945 1786 2322
9358 4 2 1 1 1419 1731 1827 1845
9359 4 2 1 1 1473 1886 1672 2236
9360 4 2 1 1 1179 1794 1172 2291
9361 4 2 1 1 1470 2120 1786 2262
9362 4 2 1 1 457 1792 458 1883
9363 4 2 1 1 1435 2065 1791 2166
9364 4 2 1 1 1456 1851 1625 2191
9365 4 2 1 1 1015 1222 1341 1715
9366 4 2 1 1 319 1910 1648 2249
9367 4 2 1 1 1563 1446 2056 2356
9368 4 2 1 1 1187 1349 1824 2167
9369 4 2 1 1 178 1025 1330 2202
9370 4 2 1 1 1418 2047 1839 2051
9371 4 2 1 1 1524 1584 2206 2284
9372 4 2 1 1 1517 1580 2013 2240
9373 4 2 1 1 304 85 300 683
9374 4 2 1 1 908 741 1607 2311
9375 4 2 1 1 787 815 816 1698
9376 4 2 1 1 774 775 1760 2199
9377 4 2 1 1 1590 1993 1384 2331
9378 4 2 1 1 429 472 1689 1873
9379 4 2 1 1 1674 1459 2083 2157
9380 4 2 1 1 286 252 268 2129
9381 4 2 1 1 1565 1374 1991 2104
9382 4 2 1 1 285 277 1795 2129
9383 4 2 1 1 1428 1765 1878 2230
9384 4 2 1 1 869 1847 868 2038
9385 4 2 1 1 1488 1888 1608 1996
9386 4 2 1 1 1524 1812 2046 2284
9387 4 2 1 1 1058 1914 1615 2198
9388 4 2 1 1 1731 1845 1410 2054
9389 4 2 1 1 818 1660 886 2315
9390 4 2 1 1 1462 2026 1702 2159
9391 4 2 1 1 1461 1997 1655 2016
9392 4 2 1 1 1159 1142 1338 1654
9393 4 2 1 1 1427 1604 2020 2257
9394 4 2 1 1 1464 1781 1806 1977
9395 4 2 1 1 1379 2098 1720 2142
9396 4 2 1 1 1289 1285 1712 2143
9397 4 2 1 1 477 422 132 1033
9398 4 2 1 1 1274 1960 1694 2074
9399 4 2 1 1 1673 1811 1447 2296
9400 4 2 1 1 227 258 203 1980
9401 4 2 1 1 1457 1961 1642 2314
9402 4 2 1 1 1038 1037 76 299
9403 4 2 1 1 1465 1899 1598 1959
9404 4 2 1 1 1726 1371 1968 2185
9405 4 2 1 1 2025 2252 1885 2337
9406 4 2 1 1 1217 2109 1216 2256
9407 4 2 1 1 656 655 613 1672
9408 4 2 1 1 1391 1645 1918 2229
9409 4 2 1 1 1813 2164 1555 2223
9410 4 2 1 1 271 593 33 633
9411 4 2 1 1 1098 1093 1836 1961
9412 4 2 1 1 1242 1633 2046 2312
9413 4 2 1 1 1412 1672 2008 2237
9414 4 2 1 1 1040 1867 1830 2180
9415 4 2 1 1 1753 1881 1408 2107
9416 4 2 1 1 1583 2174 1813 2223
9417 4 2 1 1 437 469 1701 2170
9418 4 2 1 1 1534 1994 1736 2356
9419 4 2 1 1 1465 1820 1899 2037
9420 4 2 1 1 1390 1859 1606 2265
9421 4 2 1 1 1209 1641 1205 2093
9422 4 2 1 1 470 1792 456 2036
9423 4 2 1 1 1470 1922 1562 2120
9424 4 2 1 1 1336 1140 1120 1599
9425 4 2 1 1 212 213 1999 2118
9426 4 2 1 1 501 491 525 2169
9427 4 2 1 1 1190 1344 1189 2003
9428 4 2 1 1 1565 1991 1616 2104
9429 4 2 1 1 732 698 696 1921
9430 4 2 1 1 1516 2071 1645 2151
9431 4 2 1 1 576 2027 1685 2306
9432 4 2 1 1 1366 2016 1582 2115
9433 4 2 1 1 1579 1839 2047 2051
9434 4 2 1 1 1646 1726 1409 2185
9435 4 2 1 1 1731 1526 1898 2251
9436 4 2 1 1 1462 1953 1934 2300
9437 4 2 1 1 1375 1799 2026 2192
9438 4 2 1 1 1320 1055 1067 1625
9439 4 2 1 1 1809 2135 1523 2243
9440 4 2 1 1 1729 1530 1983 2281
9441 4 2 1 1 1288 1077 1277 1636
9442 4 2 1 1 1224 1129 1231 1863
9443 4 2 1 1 244 182 29 1215
9444 4 2 1 1 1637 2123 1465 2355
9445 4 2 1 1 594 647 1577 2350
9446 4 2 1 1 1578 2010 1889 2183
9447 4 2 1 1 486 487 1835 2154
9448 4 2 1 1 1552 1665 2004 2297
9449 4 2 1 1 996 1668 2038 2302
9450 4 2 1 1 1059 1268 1065 1673
9451 4 2 1 1 855 1769 853 2133
9452 4 2 1 1 1364 1552 2058 2100
9453 4 2 1 1 1685 1882 1600 2310
9454 4 2 1 1 1428 2230 1878 2334
9455 4 2 1 1 385 288 518 1872
9456 4 2 1 1 221 247 2072 2118
9457 4 2 1 1 189 1746 177 2244
9458 4 2 1 1 863 951 864 2005
9459 4 2 1 1 663 1868 885 2230
9460 4 2 1 1 1397 1694 1960 2074
9461 4 2 1 1 916 823 1007 1959
9462 4 2 1 1 514 961 492 1598
9463 4 2 1 1 1860 1885 1567 2337
9464 4 2 1 1 361 1734 334 2226
9465 4 2 1 1 1617 2073 1467 2193
9466 4 2 1 1 1378 1925 1563 2007
9467 4 2 1 1 1818 2015 1478 2020
9468 4 2 1 1 1421 1866 1757 2149
9469 4 2 1 1 1395 2015 1644 2020
9470 4 2 1 1 651 599 648 2003
9471 4 2 1 1 1365 1950 1839 2209
9472 4 2 1 1 436 438 439 1644
9473 4 2 1 1 894 1647 947 2199
9474 4 2 1 1 606 538 616 1896
9475 4 2 1 1 1659 1447 1811 2296
9476 4 2 1 1 1378 1885 1860 2025
9477 4 2 1 1 1762 2151 1516 2235
9478 4 2 1 1 738 751 752 1709
9479 4 2 1 1 945 1957 924 1974
9480 4 2 1 1 1655 1997 1515 2016
9481 4 2 1 1 504 461 2015 2250
9482 4 2 1 1 1378 2092 1925 2248
9483 4 2 1 1 382 533 81 287
9484 4 2 1 1 2138 2331 1590 2351
9485 4 2 1 1 272 414 511 1873
9486 4 2 1 1 606 579 619 1896
9487 4 2 1 1 1694 2143 1273 2308
9488 4 2 1 1 429 237 511 1873
9489 4 2 1 1 177 189 234 1746
9490 4 2 1 1 1225 1674 1135 2190
9491 4 2 1 1 542 601 551 1838
9492 4 2 1 1 565 579 2040 2148
9493 4 2 1 1 728 720 721 1728
9494 4 2 1 1 728 2081 743 2156
9495 4 2 1 1 755 887 923 1743
9496 4 2 1 1 252 2129 1681 2267
9497 4 2 1 1 830 829 862 1702
9498 4 2 1 1 262 229 175 1737
9499 4 2 1 1 1207 1206 1313 1926
9500 4 2 1 1 1521 1899 1820 2037
9501 4 2 1 1 1047 1692 1045 2171
9502 4 2 1 1 1131 1125 1097 1823
9503 4 2 1 1 1318 1747 1195 1995
9504 4 2 1 1 1181 1791 1167 2065
9505 4 2 1 1 1888 1996 1372 2042
9506 4 2 1 1 1684 2020 1604 2257
9507 4 2 1 1 1394 1630 1866 2280
9508 4 2 1 1 1609 1971 1391 2229
9509 4 2 1 1 873 787 816 1698
9510 4 2 1 1 1064 1061 1063 1802
9511 4 2 1 1 1620 1986 1966 2178
9512 4 2 1 1 1701 2252 2025 2337
9513 4 2 1 1 1653 2068 1492 2184
9514 4 2 1 1 1049 1722 1085 2145
9515 4 2 1 1 1675 1543 1981 2224
9516 4 2 1 1 1566 1924 1529 2109
9517 4 2 1 1 331 1813 332 2164
9518 4 2 1 1 181 243 1326 1697
9519 4 2 1 1 556 1626 554 2228
9520 4 2 1 1 1514 1578 2010 2113
9521 4 2 1 1 707 713 2212 2254
9522 4 2 1 1 1552 1455 1869 2297
9523 4 2 1 1 579 621 1749 2148
9524 4 2 1 1 1634 1800 1441 2023
9525 4 2 1 1 671 1749 854 1896
9526 4 2 1 1 1465 2204 1637 2355
9527 4 2 1 1 1453 1554 1880 2034
9528 4 2 1 1 930 924 734 1870
9529 4 2 1 1 456 455 454 2036
9530 4 2 1 1 820 1874 803 1887
9531 4 2 1 1 1222 1715 1221 2102
9532 4 2 1 1 741 2273 1607 2311
9533 4 2 1 1 1857 1940 1499 2207
9534 4 2 1 1 1485 1917 1699 2146
9535 4 2 1 1 1464 1566 1824 2228
9536 4 2 1 1 425 481 509 1723
9537 4 2 1 1 1439 1603 2101 2108
9538 4 2 1 1 1505 2058 1894 2093
9539 4 2 1 1 1310 1206 1203 1926
9540 4 2 1 1 1354 427 1314 1695
9541 4 2 1 1 941 676 896 1784
9542 4 2 1 1 420 488 1027 1835
9543 4 2 1 1 1299 1250 1249 1913
9544 4 2 1 1 1140 1141 1139 2089
9545 4 2 1 1 1210 1301 1101 2225
9546 4 2 1 1 1573 1805 2087 2165
9547 4 2 1 1 1508 1765 1878 2056
9548 4 2 1 1 1428 1878 1765 2056
9549 4 2 1 1 1655 1429 2115 2137
9550 4 2 1 1 566 1688 568 2324
9551 4 2 1 1 946 1777 926 2156
9552 4 2 1 1 1678 1995 1438 2150
9553 4 2 1 1 1379 1895 2098 2142
9554 4 2 1 1 267 630 36 2197
9555 4 2 1 1 1384 1993 1700 2331
9556 4 2 1 1 1115 1156 1280 1699
9557 4 2 1 1 252 286 216 2267
9558 4 2 1 1 1646 2057 1439 2108
9559 4 2 1 1 1813 2164 1489 2174
9560 4 2 1 1 1962 2009 1770 2330
9561 4 2 1 1 1394 1704 1866 2253
9562 4 2 1 1 1570 1857 1432 2238
9563 4 2 1 1 402 344 343 1872
9564 4 2 1 1 1456 1766 1625 2035
9565 4 2 1 1 980 1979 876 2263
9566 4 2 1 1 324 322 323 1683
9567 4 2 1 1 1412 2008 1717 2237
9568 4 2 1 1 1869 1934 1504 2300
9569 4 2 1 1 1179 1331 1172 1794
9570 4 2 1 1 938 911 724 1740
9571 4 2 1 1 243 1028 1697 2072
9572 4 2 1 1 1594 1841 1493 2203
9573 4 2 1 1 1540 2009 1962 2330
9574 4 2 1 1 1373 1705 1783 2342
9575 4 2 1 1 1471 1710 2061 2241
9576 4 2 1 1 1364 1934 1869 2300
9577 4 2 1 1 1376 1572 2057 2313
9578 4 2 1 1 1840 2218 1161 2264
9579 4 2 1 1 1267 1574 2090 2352
9580 4 2 1 1 1378 2248 1804 2252
9581 4 2 1 1 1297 1293 1013 1751
9582 4 2 1 1 303 394 344 1695
9583 4 2 1 1 1024 1717 1348 2217
9584 4 2 1 1 1395 2153 1661 2245
9585 4 2 1 1 1422 1929 1893 2281
9586 4 2 1 1 968 839 838 1637
9587 4 2 1 1 1473 1944 1685 2306
9588 4 2 1 1 1332 269 1767 2202
9589 4 2 1 1 1443 1737 2239 2354
9590 4 2 1 1 1655 2115 1810 2137
9591 4 2 1 1 299 1037 76 384
9592 4 2 1 1 1724 2171 1484 2225
9593 4 2 1 1 375 376 334 1676
9594 4 2 1 1 651 648 544 2003
9595 4 2 1 1 1424 1839 1579 2051
9596 4 2 1 1 1459 2032 1793 2157
9597 4 2 1 1 886 818 833 1660
9598 4 2 1 1 1702 1953 862 2213
9599 4 2 1 1 1461 1756 2016 2266
9600 4 2 1 1 1378 1804 1925 2007
9601 4 2 1 1 1085 1313 1206 2011
9602 4 2 1 1 1208 1183 1317 1700
9603 4 2 1 1 470 458 1792 2272
9604 4 2 1 1 1435 1791 1781 2130
9605 4 2 1 1 1574 1467 2090 2352
9606 4 2 1 1 1410 1586 1845 2251
9607 4 2 1 1 266 30 182 1036
9608 4 2 1 1 385 518 478 1872
9609 4 2 1 1 1435 1781 1799 2130
9610 4 2 1 1 1515 1655 2016 2115
9611 4 2 1 1 419 498 125 1312
9612 4 2 1 1 508 459 497 1715
9613 4 2 1 1 1410 1731 1898 2251
9614 4 2 1 1 187 1651 188 2244
9615 4 2 1 1 1342 1253 1029 1664
9616 4 2 1 1 721 715 892 2279
9617 4 2 1 1 560 558 1844 2059
9618 4 2 1 1 553 554 552 1831
9619 4 2 1 1 422 508 1341 1817
9620 4 2 1 1 436 1644 1965 2062
9621 4 2 1 1 1591 1428 1878 2334
9622 4 2 1 1 489 436 439 2186
9623 4 2 1 1 1626 1831 554 2228
9624 4 2 1 1 1384 1826 1665 2297
9625 4 2 1 1 975 885 663 1868
9626 4 2 1 1 620 579 621 1749
9627 4 2 1 1 444 1938 1903 2326
9628 4 2 1 1 974 674 1591 2334
9629 4 2 1 1 819 983 791 2033
9630 4 2 1 1 1215 182 30 1036
9631 4 2 1 1 1623 1903 1402 2326
9632 4 2 1 1 1342 1664 1241 2139
9633 4 2 1 1 1032 244 29 1215
9634 4 2 1 1 1657 1792 1432 2272
9635 4 2 1 1 1395 1917 1684 2146
9636 4 2 1 1 996 2038 1005 2302
9637 4 2 1 1 1468 1810 1706 2254
9638 4 2 1 1 1595 2041 1380 2131
9639 4 2 1 1 1410 1845 1586 2077
9640 4 2 1 1 1910 2042 1648 2249
9641 4 2 1 1 955 1953 829 2159
9642 4 2 1 1 1482 1900 1852 2196
9643 4 2 1 1 1507 2011 1815 2145
9644 4 2 1 1 678 1668 996 2302
9645 4 2 1 1 1895 2098 1457 2214
9646 4 2 1 1 948 835 942 2255
9647 4 2 1 1 1013 1751 1293 2061
9648 4 2 1 1 963 861 855 2283
9649 4 2 1 1 1469 1821 1791 2130
9650 4 2 1 1 950 904 944 2125
9651 4 2 1 1 1450 2014 1715 2029
9652 4 2 1 1 1460 1932 1885 2337
9653 4 2 1 1 1128 1127 1160 2304
9654 4 2 1 1 1451 1941 1711 1979
9655 4 2 1 1 1525 1791 1781 2065
9656 4 2 1 1 857 830 2213 2283
9657 4 2 1 1 1394 1866 1647 2280
9658 4 2 1 1 1055 1320 1053 2035
9659 4 2 1 1 734 697 932 1997
9660 4 2 1 1 1317 1184 1779 2166
9661 4 2 1 1 228 2270 1782 2321
9662 4 2 1 1 373 406 292 2242
9663 4 2 1 1 811 828 1816 2159
9664 4 2 1 1 1383 1882 1685 2310
9665 4 2 1 1 1629 1921 1997 2259
9666 4 2 1 1 511 237 272 1873
9667 4 2 1 1 1218 1566 2091 2109
9668 4 2 1 1 1404 1816 1733 1967
9669 4 2 1 1 375 295 376 1676
9670 4 2 1 1 363 362 395 1719
9671 4 2 1 1 1791 2065 1181 2166
9672 4 2 1 1 1324 1158 2264 2289
9673 4 2 1 1 2060 2147 1519 2209
9674 4 2 1 1 839 838 1637 2277
9675 4 2 1 1 910 727 789 1735
9676 4 2 1 1 1531 1647 2156 2246
9677 4 2 1 1 789 1735 727 2273
9678 4 2 1 1 1463 1599 1895 2142
9679 4 2 1 1 1236 1237 1281 1710
9680 4 2 1 1 1882 1986 1620 2178
9681 4 2 1 1 1069 1277 1077 2050
9682 4 2 1 1 1394 2246 1704 2269
9683 4 2 1 1 1178 1327 1170 1907
9684 4 2 1 1 1556 1970 1888 2183
9685 4 2 1 1 431 423 432 1664
9686 4 2 1 1 1660 1859 1451 2243
9687 4 2 1 1 964 828 830 1967
9688 4 2 1 1 566 567 568 1688
9689 4 2 1 1 402 1872 343 2329
9690 4 2 1 1 422 1341 1033 1817
9691 4 2 1 1 715 721 720 1728
9692 4 2 1 1 548 639 628 2256
9693 4 2 1 1 1769 2213 1455 2283
9694 4 2 1 1 1452 1806 2089 2112
9695 4 2 1 1 1209 1205 1360 2093
9696 4 2 1 1 1304 1719 1299 2211
9697 4 2 1 1 1445 1802 1615 2096
9698 4 2 1 1 1103 1118 1272 2134
9699 4 2 1 1 1388 1705 1800 2282
9700 4 2 1 1 1694 2143 1444 2309
9701 4 2 1 1 1650 2033 985 2317
9702 4 2 1 1 241 221 1697 1932
9703 4 2 1 1 1265 2193 1617 2339
9704 4 2 1 1 1391 2229 1971 2288
9705 4 2 1 1 1195 1747 1197 2237
9706 4 2 1 1 1396 1823 1632 2134
9707 4 2 1 1 441 443 501 1818
9708 4 2 1 1 262 668 50 234
9709 4 2 1 1 1562 1862 1706 2212
9710 4 2 1 1 271 633 169 2002
9711 4 2 1 1 754 743 731 1687
9712 4 2 1 1 1564 2168 1933 2214
9713 4 2 1 1 727 1735 2045 2273
9714 4 2 1 1 1583 2027 1466 2310
9715 4 2 1 1 1381 1862 1562 2177
9716 4 2 1 1 958 1967 964 2076
9717 4 2 1 1 1420 1635 1860 2025
9718 4 2 1 1 1663 1932 1460 2337
9719 4 2 1 1 1121 1086 1095 1928
9720 4 2 1 1 1211 2180 1830 2278
9721 4 2 1 1 1691 2104 1374 2206
9722 4 2 1 1 767 892 906 2279
9723 4 2 1 1 1405 1573 1922 2282
9724 4 2 1 1 802 788 771 1649
9725 4 2 1 1 219 255 247 1553
9726 4 2 1 1 176 239 235 2343
9727 4 2 1 1 1581 1975 1475 2033
9728 4 2 1 1 1616 1991 1374 2104
9729 4 2 1 1 1243 1109 1278 1759
9730 4 2 1 1 1040 1830 1211 2180
9731 4 2 1 1 1518 1858 2194 2203
9732 4 2 1 1 1102 1113 1978 2067
9733 4 2 1 1 1580 2021 1088 2353
9734 4 2 1 1 1616 2104 1374 2132
9735 4 2 1 1 1518 2194 2024 2203
9736 4 2 1 1 680 917 984 1746
9737 4 2 1 1 1565 1374 2104 2206
9738 4 2 1 1 1353 426 517 1682
9739 4 2 1 1 1388 2165 1805 2341
9740 4 2 1 1 389 365 1013 2061
9741 4 2 1 1 1269 1211 1830 2278
9742 4 2 1 1 1011 419 125 1312
9743 4 2 1 1 1523 2135 1923 2243
9744 4 2 1 1 1225 1988 1674 2190
9745 4 2 1 1 1353 265 1034 1682
9746 4 2 1 1 1375 1696 1799 2130
9747 4 2 1 1 1773 1842 1504 2300
9748 4 2 1 1 465 1637 494 2204
9749 4 2 1 1 1074 1070 1812 2312
9750 4 2 1 1 1473 2236 1944 2306
9751 4 2 1 1 1514 1602 2113 2274
9752 4 2 1 1 569 571 570 2320
9753 4 2 1 1 1756 1889 1578 2113
9754 4 2 1 1 1040 1269 1211 1830
9755 4 2 1 1 1612 2014 1450 2029
9756 4 2 1 1 1612 2029 1450 2154
9757 4 2 1 1 259 216 286 1681
9758 4 2 1 1 386 351 79 631
9759 4 2 1 1 1469 1821 1894 2093
9760 4 2 1 1 1081 1082 1074 2336
9761 4 2 1 1 592 550 598 2030
9762 4 2 1 1 1415 1923 2135 2243
9763 4 2 1 1 1397 1960 1812 2074
9764 4 2 1 1 516 1899 495 1959
9765 4 2 1 1 1700 1435 1791 2166
9766 4 2 1 1 1327 1178 1028 1697
9767 4 2 1 1 685 352 99 684
9768 4 2 1 1 606 2040 1896 2320
9769 4 2 1 1 1592 1895 1457 2214
9770 4 2 1 1 1415 1859 1660 2243
9771 4 2 1 1 879 878 1734 2187
9772 4 2 1 1 1178 1326 1028 1697
9773 4 2 1 1 1570 1423 2078 2181
9774 4 2 1 1 1450 2029 1835 2154
9775 4 2 1 1 1855 1866 1630 2149
9776 4 2 1 1 1731 1898 1526 2152
9777 4 2 1 1 1590 2172 1876 2323
9778 4 2 1 1 1047 1692 2171 2338
9779 4 2 1 1 1055 1060 1067 1851
9780 4 2 1 1 837 834 781 1638
9781 4 2 1 1 1650 2038 1005 2260
9782 4 2 1 1 1401 1595 1996 2122
9783 4 2 1 1 1377 1809 1793 2215
9784 4 2 1 1 1449 2145 2184 2338
9785 4 2 1 1 1380 2295 1845 2333
9786 4 2 1 1 1523 1941 1809 2243
9787 4 2 1 1 304 347 305 1927
9788 4 2 1 1 1479 2052 1693 2060
9789 4 2 1 1 295 370 378 1784
9790 4 2 1 1 753 903 694 2052
9791 4 2 1 1 1396 2057 1640 2327
9792 4 2 1 1 1695 1872 478 2272
9793 4 2 1 1 1251 603 155 537
9794 4 2 1 1 1831 2006 554 2228
9795 4 2 1 1 688 1796 689 2299
9796 4 2 1 1 559 560 558 1844
9797 4 2 1 1 300 1001 391 1723
9798 4 2 1 1 285 1795 1021 2129
9799 4 2 1 1 876 978 874 1964
9800 4 2 1 1 817 1919 764 2354
9801 4 2 1 1 1781 1791 1525 2130
9802 4 2 1 1 1613 1400 2005 2151
9803 4 2 1 1 1799 1993 1435 2130
9804 4 2 1 1 1331 1794 1025 2202
9805 4 2 1 1 256 1794 250 2202
9806 4 2 1 1 1240 1262 1642 2220
9807 4 2 1 1 325 326 324 1972
9808 4 2 1 1 1040 1042 1867 2180
9809 4 2 1 1 1399 1991 1616 2095
9810 4 2 1 1 493 1938 444 2326
9811 4 2 1 1 1409 1649 1906 2053
9812 4 2 1 1 858 1829 856 2213
9813 4 2 1 1 1321 1221 1015 1715
9814 4 2 1 1 1467 2193 2090 2352
9815 4 2 1 1 1375 1799 1781 2130
9816 4 2 1 1 122 421 1252 1022
9817 4 2 1 1 668 917 50 234
9818 4 2 1 1 932 933 734 1870
9819 4 2 1 1 821 1887 806 2231
9820 4 2 1 1 728 743 926 2156
9821 4 2 1 1 426 1315 119 430
9822 4 2 1 1 1244 1110 1147 2073
9823 4 2 1 1 1439 1559 1900 2185
9824 4 2 1 1 869 1002 682 1847
9825 4 2 1 1 677 687 1703 2299
9826 4 2 1 1 1405 1783 1705 2342
9827 4 2 1 1 960 1772 967 2086
9828 4 2 1 1 273 1000 183 1689
9829 4 2 1 1 678 601 138 542
9830 4 2 1 1 1536 1678 1867 2031
9831 4 2 1 1 1113 1114 1103 1978
9832 4 2 1 1 1292 1156 1214 2136
9833 4 2 1 1 1378 1885 2025 2252
9834 4 2 1 1 439 438 440 2015
9835 4 2 1 1 421 482 122 1252
9836 4 2 1 1 509 1001 943 1723
9837 4 2 1 1 1260 1107 1239 1946
9838 4 2 1 1 1578 1875 1814 1996
9839 4 2 1 1 1415 2117 1656 2135
9840 4 2 1 1 687 688 689 2299
9841 4 2 1 1 1787 2007 1563 2124
9842 4 2 1 1 623 539 621 2076
9843 4 2 1 1 1151 1286 1982 2200
9844 4 2 1 1 1565 2253 1444 2309
9845 4 2 1 1 1088 1076 2021 2307
9846 4 2 1 1 1576 1954 1445 2094
9847 4 2 1 1 1287 1122 1095 1973
9848 4 2 1 1 1196 1348 1717 2237
9849 4 2 1 1 296 677 1703 2219
9850 4 2 1 1 879 878 935 1734
9851 4 2 1 1 1339 632 1311 2332
9852 4 2 1 1 1796 2005 1516 2048
9853 4 2 1 1 329 328 327 1947
9854 4 2 1 1 1689 1420 1873 2170
9855 4 2 1 1 1248 1247 1124 1819
9856 4 2 1 1 1479 1560 1966 2176
9857 4 2 1 1 1622 1969 1324 2289
9858 4 2 1 1 1768 1887 1531 2119
9859 4 2 1 1 1327 1230 1907 2232
9860 4 2 1 1 1067 1625 1851 2097
9861 4 2 1 1 689 1796 690 2048
9862 4 2 1 1 1703 2219 677 2299
9863 4 2 1 1 1573 2087 1388 2165
9864 4 2 1 1 937 782 2049 2274
9865 4 2 1 1 732 2086 1693 2316
9866 4 2 1 1 844 845 780 1849
9867 4 2 1 1 624 1733 625 2189
9868 4 2 1 1 1414 1749 2040 2133
9869 4 2 1 1 236 1689 183 2343
9870 4 2 1 1 335 379 380 2125
9871 4 2 1 1 231 188 187 1651
9872 4 2 1 1 1715 1817 1423 2102
9873 4 2 1 1 1859 2135 1656 2215
9874 4 2 1 1 1628 2019 1443 2321
9875 4 2 1 1 1405 1618 1922 2279
9876 4 2 1 1 367 390 1710 2241
9877 4 2 1 1 1523 1809 1619 2328
9878 4 2 1 1 860 967 960 1772
9879 4 2 1 1 1742 1906 1649 2053
9880 4 2 1 1 299 1038 1776 2349
9881 4 2 1 1 1839 2047 1418 2209
9882 4 2 1 1 1800 1841 1388 2087
9883 4 2 1 1 1325 1197 1318 1747
9884 4 2 1 1 625 624 580 1733
9885 4 2 1 1 532 169 633 2002
9886 4 2 1 1 1108 2339 1617 2353
9887 4 2 1 1 1468 1772 1810 2254
9888 4 2 1 1 989 870 678 1668
9889 4 2 1 1 273 429 523 1689
9890 4 2 1 1 1692 2088 1449 2141
9891 4 2 1 1 1551 1971 2229 2288
9892 4 2 1 1 937 2049 2234 2274
9893 4 2 1 1 1393 1673 1914 2296
9894 4 2 1 1 367 390 289 1710
9895 4 2 1 1 1799 1993 1596 2172
9896 4 2 1 1 199 2270 1606 2294
9897 4 2 1 1 1009 1733 986 2189
9898 4 2 1 1 1395 1804 1690 2146
9899 4 2 1 1 687 920 677 1703
9900 4 2 1 1 1262 1139 1240 1642
9901 4 2 1 1 365 364 396 1751
9902 4 2 1 1 300 347 304 1927
9903 4 2 1 1 1433 1687 1871 2221
9904 4 2 1 1 1375 1780 1881 2001
9905 4 2 1 1 1410 1845 1731 2251
9906 4 2 1 1 873 1765 779 2179
9907 4 2 1 1 1243 1759 1278 2067
9908 4 2 1 1 1779 2166 1435 2331
9909 4 2 1 1 985 1650 1005 2260
9910 4 2 1 1 1643 1884 1368 2066
9911 4 2 1 1 1377 2034 2083 2157
9912 4 2 1 1 271 232 593 2002
9913 4 2 1 1 1574 1936 1492 2090
9914 4 2 1 1 930 1870 933 2274
9915 4 2 1 1 1024 1348 1201 2217
9916 4 2 1 1 771 1649 788 2258
9917 4 2 1 1 735 2103 1877 2303
9918 4 2 1 1 1369 1897 1586 2012
9919 4 2 1 1 359 327 338 1947
9920 4 2 1 1 1289 1288 1285 2143
9921 4 2 1 1 1656 2117 1549 2135
9922 4 2 1 1 1543 2224 1675 2234
9923 4 2 1 1 831 986 1009 1733
9924 4 2 1 1 744 893 1852 2196
9925 4 2 1 1 512 987 490 1727
9926 4 2 1 1 974 674 825 1591
9927 4 2 1 1 502 421 123 1022
9928 4 2 1 1 1421 1630 1866 2149
9929 4 2 1 1 712 860 998 1772
9930 4 2 1 1 1543 1974 1762 2187
9931 4 2 1 1 1715 2102 1632 2218
9932 4 2 1 1 1622 1969 1402 2326
9933 4 2 1 1 1809 1377 2135 2215
9934 4 2 1 1 1245 477 132 1033
9935 4 2 1 1 233 230 231 1856
9936 4 2 1 1 614 580 624 1733
9937 4 2 1 1 1778 2021 1447 2339
9938 4 2 1 1 1694 1485 2074 2287
9939 4 2 1 1 1544 2221 1783 2276
9940 4 2 1 1 392 637 79 596
9941 4 2 1 1 1754 2057 1396 2327
9942 4 2 1 1 930 933 937 2274
9943 4 2 1 1 937 913 782 2274
9944 4 2 1 1 1729 1973 1530 2281
9945 4 2 1 1 766 934 742 1652
9946 4 2 1 1 892 2279 1789 2340
9947 4 2 1 1 1347 1017 613 2236
9948 4 2 1 1 458 457 456 1792
9949 4 2 1 1 1449 2184 1653 2338
9950 4 2 1 1 1377 2083 2161 2215
9951 4 2 1 1 1616 1374 1991 2132
9952 4 2 1 1 1003 842 684 1730
9953 4 2 1 1 360 307 305 1853
9954 4 2 1 1 1233 420 1027 1835
9955 4 2 1 1 905 705 2120 2262
9956 4 2 1 1 1143 2167 1187 2292
9957 4 2 1 1 776 835 1721 2285
9958 4 2 1 1 1894 2058 1469 2093
9959 4 2 1 1 906 2279 892 2340
9960 4 2 1 1 723 1708 936 2196
9961 4 2 1 1 1409 1968 1559 2185
9962 4 2 1 1 1591 2128 239 2343
9963 4 2 1 1 1395 1690 1804 2153
9964 4 2 1 1 1041 1040 1042 1867
9965 4 2 1 1 244 278 182 1763
9966 4 2 1 1 1470 1922 2120 2340
9967 4 2 1 1 1010 1727 821 2231
9968 4 2 1 1 1511 2199 1760 2280
9969 4 2 1 1 831 827 828 1816
9970 4 2 1 1 1815 1839 1424 2319
9971 4 2 1 1 1706 2022 1562 2120
9972 4 2 1 1 1196 1017 1195 1672
9973 4 2 1 1 1263 1021 285 1795
9974 4 2 1 1 1396 1632 1823 2327
9975 4 2 1 1 1768 2119 1871 2257
9976 4 2 1 1 924 693 695 1957
9977 4 2 1 1 504 461 440 2015
9978 4 2 1 1 1789 1470 2160 2262
9979 4 2 1 1 313 314 312 1827
9980 4 2 1 1 471 1695 478 2272
9981 4 2 1 1 1196 1348 1319 1717
9982 4 2 1 1 1346 1312 1213 1623
9983 4 2 1 1 835 2255 1721 2285
9984 4 2 1 1 1701 2170 1663 2337
9985 4 2 1 1 1764 1933 1367 2168
9986 4 2 1 1 1124 1247 1090 1998
9987 4 2 1 1 442 444 443 1903
9988 4 2 1 1 423 120 1029 430
9989 4 2 1 1 1438 2088 1560 2178
9990 4 2 1 1 666 972 415 1959
9991 4 2 1 1 1687 743 2081 2156
9992 4 2 1 1 1573 1388 2087 2282
9993 4 2 1 1 833 1660 832 2263
9994 4 2 1 1 1122 1137 1135 1973
9995 4 2 1 1 1860 1420 2025 2337
9996 4 2 1 1 1562 2120 1922 2340
9997 4 2 1 1 750 912 735 1877
9998 4 2 1 1 833 818 832 1660
9999 4 2 1 1 1466 1718 2223 2310
10000 4 2 1 1 209 1861 208 2233
10001 4 2 1 1 1515 1921 2047 2259
10002 4 2 1 1 1407 2047 1921 2259
10003 4 2 1 1 962 510 102 424
10004 4 2 1 1 276 222 226 1920
10005 4 2 1 1 1049 1051 1722 2184
10006 4 2 1 1 1759 1608 1942 2122
10007 4 2 1 1 1045 1692 1104 2150
10008 4 2 1 1 1459 1767 2201 2202
10009 4 2 1 1 1461 2113 1756 2266
10010 4 2 1 1 432 506 434 2062
10011 4 2 1 1 1482 1901 1740 2286
10012 4 2 1 1 629 544 648 2003
10013 4 2 1 1 487 448 460 2154
10014 4 2 1 1 1488 1996 1578 2183
10015 4 2 1 1 1372 1578 1996 2183
10016 4 2 1 1 1132 1840 1161 2264
10017 4 2 1 1 1622 1402 1938 2326
10018 4 2 1 1 671 854 995 1896
10019 4 2 1 1 1468 1810 1902 2115
10020 4 2 1 1 1467 1714 2073 2222
10021 4 2 1 1 1560 2088 1438 2141
10022 4 2 1 1 969 827 1009 2189
10023 4 2 1 1 583 605 655 1886
10024 4 2 1 1 567 565 579 2040
10025 4 2 1 1 551 552 550 2030
10026 4 2 1 1 1623 1402 1969 2326
10027 4 2 1 1 1697 1907 1454 2072
10028 4 2 1 1 1509 2189 1838 2268
10029 4 2 1 1 1406 1904 1821 2220
10030 4 2 1 1 1364 1934 2300 2318
10031 4 2 1 1 1342 1029 1241 1664
10032 4 2 1 1 1445 2046 1633 2165
10033 4 2 1 1 736 1559 2103 2303
10034 4 2 1 1 1434 1650 2033 2260
10035 4 2 1 1 1075 2021 1066 2339
10036 4 2 1 1 796 892 1789 2340
10037 4 2 1 1 1083 1904 1262 2220
10038 4 2 1 1 1129 1117 1128 2304
10039 4 2 1 1 1445 2046 2165 2284
10040 4 2 1 1 175 981 49 262
10041 4 2 1 1 668 49 981 262
10042 4 2 1 1 252 277 2129 2267
10043 4 2 1 1 1562 888 2120 2340
10044 4 2 1 1 1444 1630 1855 2253
10045 4 2 1 1 1390 1859 1656 2161
10046 4 2 1 1 1559 2196 1708 2303
10047 4 2 1 1 162 534 611 1319
10048 4 2 1 1 1169 1738 1298 2289
10049 4 2 1 1 1419 2012 1864 2251
10050 4 2 1 1 1573 2165 1388 2282
10051 4 2 1 1 1428 1765 1775 2056
10052 4 2 1 1 1446 1775 1765 2056
10053 4 2 1 1 1416 1595 2041 2122
10054 4 2 1 1 1230 1128 1170 1907
10055 4 2 1 1 1251 1031 603 1824
10056 4 2 1 1 1618 1922 2279 2340
10057 4 2 1 1 1702 1953 1462 2159
10058 4 2 1 1 1442 2151 1762 2235
10059 4 2 1 1 174 1263 285 1795
10060 4 2 1 1 808 1650 985 2317
10061 4 2 1 1 1089 1243 1102 2067
10062 4 2 1 1 1102 1146 1113 2067
10063 4 2 1 1 423 1029 121 482
10064 4 2 1 1 1806 1464 2167 2292
10065 4 2 1 1 1596 1934 1455 2297
10066 4 2 1 1 1393 1908 1582 2158
10067 4 2 1 1 1414 2040 1749 2148
10068 4 2 1 1 1012 1270 1316 2105
10069 4 2 1 1 1432 1872 1639 2329
10070 4 2 1 1 404 395 294 1913
10071 4 2 1 1 1065 1673 1268 2339
10072 4 2 1 1 1538 1834 1655 2266
10073 4 2 1 1 1377 1793 2083 2215
10074 4 2 1 1 347 1723 348 2346
10075 4 2 1 1 1051 1313 1722 2055
10076 4 2 1 1 1444 1788 1630 2253
10077 4 2 1 1 1223 1136 1228 1880
10078 4 2 1 1 1419 1770 1962 2009
10079 4 2 1 1 711 1789 2160 2262
10080 4 2 1 1 1206 1926 1310 2011
10081 4 2 1 1 1839 1869 1552 2004
10082 4 2 1 1 1736 2032 1534 2356
10083 4 2 1 1 472 520 429 1689
10084 4 2 1 1 1397 1694 2074 2287
10085 4 2 1 1 1264 2129 1795 2162
10086 4 2 1 1 330 328 329 1963
10087 4 2 1 1 534 162 1024 1319
10088 4 2 1 1 1638 1496 1951 2285
10089 4 2 1 1 997 2075 825 2343
10090 4 2 1 1 1515 2016 1997 2259
10091 4 2 1 1 1407 1579 1950 2047
10092 4 2 1 1 1195 1017 1194 2236
10093 4 2 1 1 833 877 886 1923
10094 4 2 1 1 551 1838 622 2268
10095 4 2 1 1 533 637 287 1915
10096 4 2 1 1 200 1956 253 2294
10097 4 2 1 1 776 835 898 1721
10098 4 2 1 1 144 619 620 921
10099 4 2 1 1 1834 2113 1602 2274
10100 4 2 1 1 1082 1238 1095 2336
10101 4 2 1 1 1443 2019 1628 2039
10102 4 2 1 1 1704 2276 1955 2309
10103 4 2 1 1 1624 1452 1977 2063
10104 4 2 1 1 1517 1998 1819 2305
10105 4 2 1 1 1809 1941 1451 2243
10106 4 2 1 1 942 943 683 1723
10107 4 2 1 1 1589 2190 1794 2291
10108 4 2 1 1 1633 2165 2046 2284
10109 4 2 1 1 735 749 1877 2103
10110 4 2 1 1 1307 1821 1083 2220
10111 4 2 1 1 565 564 563 2323
10112 4 2 1 1 1146 1154 1113 1716
10113 4 2 1 1 1503 1848 1792 1883
10114 4 2 1 1 1371 2013 1850 2240
10115 4 2 1 1 1673 2193 1268 2339
10116 4 2 1 1 1367 1933 1785 2168
10117 4 2 1 1 127 1255 488 507
10118 4 2 1 1 1559 1968 1900 2185
10119 4 2 1 1 332 2164 1813 2174
10120 4 2 1 1 1638 1937 1637 2277
10121 4 2 1 1 499 1903 442 2250
10122 4 2 1 1 551 622 553 2268
10123 4 2 1 1 571 2069 1611 2320
10124 4 2 1 1 1057 1059 2198 2352
10125 4 2 1 1 1377 1634 2034 2157
10126 4 2 1 1 1630 2017 1855 2149
10127 4 2 1 1 1376 2175 1572 2313
10128 4 2 1 1 656 611 612 1717
10129 4 2 1 1 1382 1984 1677 2344
10130 4 2 1 1 1221 1222 1015 1715
10131 4 2 1 1 537 617 640 1824
10132 4 2 1 1 1565 1991 1374 2206
10133 4 2 1 1 831 958 986 1733
10134 4 2 1 1 470 479 422 1817
10135 4 2 1 1 1522 2045 2107 2121
10136 4 2 1 1 1250 1299 1304 1719
10137 4 2 1 1 1539 1990 1752 2348
10138 4 2 1 1 354 1776 384 2082
10139 4 2 1 1 1002 545 636 1847
10140 4 2 1 1 468 1741 520 2170
10141 4 2 1 1 554 1831 555 2006
10142 4 2 1 1 1280 1156 1292 1699
10143 4 2 1 1 1592 2163 2039 2239
10144 4 2 1 1 366 367 289 1710
10145 4 2 1 1 234 189 264 1746
10146 4 2 1 1 1487 2002 1577 2350
10147 4 2 1 1 1693 2060 1519 2209
10148 4 2 1 1 1438 1560 2141 2178
10149 4 2 1 1 172 247 255 1553
10150 4 2 1 1 1651 1847 1487 2038
10151 4 2 1 1 496 1637 465 2277
10152 4 2 1 1 941 944 676 1784
10153 4 2 1 1 1047 2171 1046 2338
10154 4 2 1 1 1425 1987 1569 2121
10155 4 2 1 1 1603 2101 761 2144
10156 4 2 1 1 675 902 988 1958
10157 4 2 1 1 1447 1673 2296 2339
10158 4 2 1 1 381 356 296 1703
10159 4 2 1 1 1580 2021 1517 2307
10160 4 2 1 1 1147 2073 1617 2193
10161 4 2 1 1 1397 1955 1694 2287
10162 4 2 1 1 751 752 1709 2258
10163 4 2 1 1 1385 2032 1736 2356
10164 4 2 1 1 1331 1988 1225 2190
10165 4 2 1 1 622 540 625 2189
10166 4 2 1 1 1138 1846 1259 2194
10167 4 2 1 1 1955 2276 1397 2309
10168 4 2 1 1 203 204 205 1669
10169 4 2 1 1 1074 1070 1073 1812
10170 4 2 1 1 1151 1286 1293 1982
10171 4 2 1 1 287 637 392 1915
10172 4 2 1 1 1791 1821 1525 2130
10173 4 2 1 1 878 1734 2187 2224
10174 4 2 1 1 1405 1922 1618 2282
10175 4 2 1 1 1515 1902 1810 2115
10176 4 2 1 1 938 939 911 1740
10177 4 2 1 1 1658 1823 1396 2134
10178 4 2 1 1 1567 1860 1787 1885
10179 4 2 1 1 555 1831 553 2268
10180 4 2 1 1 670 484 990 1828
10181 4 2 1 1 450 449 448 2154
10182 4 2 1 1 1701 1460 2252 2337
10183 4 2 1 1 1690 1804 1422 2146
10184 4 2 1 1 1660 1415 1923 2315
10185 4 2 1 1 215 214 218 1932
10186 4 2 1 1 1638 1503 1937 2298
10187 4 2 1 1 1382 1811 1984 2344
10188 4 2 1 1 1407 1921 1629 2259
10189 4 2 1 1 661 180 979 1979
10190 4 2 1 1 1806 2065 1781 2292
10191 4 2 1 1 1057 1268 1059 2352
10192 4 2 1 1 524 1741 468 2210
10193 4 2 1 1 1204 1205 1209 1641
10194 4 2 1 1 1505 1641 2058 2093
10195 4 2 1 1 1442 1613 1972 2018
10196 4 2 1 1 1153 1909 1281 2200
10197 4 2 1 1 1153 1301 1281 1909
10198 4 2 1 1 1405 1789 1728 2279
10199 4 2 1 1 1218 1349 1358 2091
10200 4 2 1 1 455 485 1937 2298
10201 4 2 1 1 1112 1151 1150 1982
10202 4 2 1 1 868 1651 871 2260
10203 4 2 1 1 1454 1907 1671 2232
10204 4 2 1 1 1282 1052 1050 2090
10205 4 2 1 1 621 2148 563 2323
10206 4 2 1 1 715 1789 892 2279
10207 4 2 1 1 1176 2089 1140 2162
10208 4 2 1 1 1005 1650 808 2302
10209 4 2 1 1 1459 2201 1794 2202
10210 4 2 1 1 185 226 2197 2256
10211 4 2 1 1 1469 2058 1641 2093
10212 4 2 1 1 1612 1745 2014 2029
10213 4 2 1 1 1693 2060 732 2316
10214 4 2 1 1 463 1598 492 2169
10215 4 2 1 1 1694 1955 1485 2287
10216 4 2 1 1 1370 1684 1871 2119
10217 4 2 1 1 1860 2025 1635 2092
10218 4 2 1 1 1702 1455 2213 2283
10219 4 2 1 1 1572 1439 2057 2313
10220 4 2 1 1 1841 2024 1493 2203
10221 4 2 1 1 745 886 746 2315
10222 4 2 1 1 1795 2129 1463 2162
10223 4 2 1 1 444 1903 499 2326
10224 4 2 1 1 884 883 779 1765
10225 4 2 1 1 1748 1842 1425 1987
10226 4 2 1 1 229 262 264 1737
10227 4 2 1 1 1580 1517 2013 2307
10228 4 2 1 1 876 979 672 1711
10229 4 2 1 1 1395 1684 1917 2020
10230 4 2 1 1 334 361 374 1734
10231 4 2 1 1 592 593 1847 2002
10232 4 2 1 1 483 416 104 1958
10233 4 2 1 1 323 1971 1683 2241
10234 4 2 1 1 1381 1805 1890 2080
10235 4 2 1 1 1427 1887 1768 2119
10236 4 2 1 1 1420 1663 2170 2337
10237 4 2 1 1 1419 2053 2012 2251
10238 4 2 1 1 830 1967 1702 2283
10239 4 2 1 1 1379 1592 1895 2039
10240 4 2 1 1 1184 1311 1317 1779
10241 4 2 1 1 1369 2012 1586 2251
10242 4 2 1 1 562 2138 1590 2323
10243 4 2 1 1 1531 1866 1647 2246
10244 4 2 1 1 1279 1989 1277 2050
10245 4 2 1 1 1306 1023 1302 2207
10246 4 2 1 1 1045 1047 1104 1692
10247 4 2 1 1 1412 1717 1750 2237
10248 4 2 1 1 1795 2142 1483 2162
10249 4 2 1 1 1684 2119 2020 2257
10250 4 2 1 1 257 47 661 180
10251 4 2 1 1 1402 1855 2017 2149
10252 4 2 1 1 977 672 173 1843
10253 4 2 1 1 1806 1977 1452 2063
10254 4 2 1 1 1193 1995 1284 2150
10255 4 2 1 1 1605 2138 564 2323
10256 4 2 1 1 1132 1131 1161 1840
10257 4 2 1 1 1306 1164 1291 1854
10258 4 2 1 1 655 536 613 2236
10259 4 2 1 1 1369 2181 1848 2238
10260 4 2 1 1 900 601 138 678
10261 4 2 1 1 927 929 806 2231
10262 4 2 1 1 1443 2239 1919 2354
10263 4 2 1 1 1409 1930 1586 2053
10264 4 2 1 1 991 541 149 673
10265 4 2 1 1 629 2003 600 2082
10266 4 2 1 1 1746 2244 1434 2260
10267 4 2 1 1 337 389 390 2061
10268 4 2 1 1 1024 1319 1348 1717
10269 4 2 1 1 1670 1727 1427 2186
10270 4 2 1 1 1238 1084 1106 2281
10271 4 2 1 1 1340 502 123 1022
10272 4 2 1 1 1427 1727 1670 2231
10273 4 2 1 1 1463 2142 1795 2162
10274 4 2 1 1 483 675 103 424
10275 4 2 1 1 954 730 955 1753
10276 4 2 1 1 536 604 1347 2236
10277 4 2 1 1 996 1668 870 2038
10278 4 2 1 1 1551 1645 2151 2288
10279 4 2 1 1 1722 2011 1085 2145
10280 4 2 1 1 314 380 312 1827
10281 4 2 1 1 454 453 452 1745
10282 4 2 1 1 539 659 143 620
10283 4 2 1 1 1481 1928 1729 2336
10284 4 2 1 1 1368 1643 2066 2114
10285 4 2 1 1 1529 2091 1566 2109
10286 4 2 1 1 1534 2032 2085 2356
10287 4 2 1 1 1021 1334 252 2129
10288 4 2 1 1 365 364 1751 2249
10289 4 2 1 1 1143 1142 1159 2167
10290 4 2 1 1 921 144 619 671
10291 4 2 1 1 589 587 639 1924
10292 4 2 1 1 1004 903 971 2060
10293 4 2 1 1 1635 2025 1474 2092
10294 4 2 1 1 1551 2151 1972 2288
10295 4 2 1 1 1116 1690 1127 2304
10296 4 2 1 1 647 630 532 2197
10297 4 2 1 1 1258 1260 1257 1946
10298 4 2 1 1 1489 2164 1703 2219
10299 4 2 1 1 2104 2132 1616 2286
10300 4 2 1 1 1280 1699 1292 2245
10301 4 2 1 1 689 690 691 2048
10302 4 2 1 1 1423 2102 1837 2325
10303 4 2 1 1 1438 2141 1822 2178
10304 4 2 1 1 378 370 335 1784
10305 4 2 1 1 1600 1886 1473 2306
10306 4 2 1 1 886 1923 746 2315
10307 4 2 1 1 299 1776 403 2349
10308 4 2 1 1 1420 1663 1873 2170
10309 4 2 1 1 1408 2107 1569 2168
10310 4 2 1 1 183 236 237 1689
10311 4 2 1 1 310 308 309 1731
10312 4 2 1 1 1797 1923 1415 2315
10313 4 2 1 1 179 240 42 975
10314 4 2 1 1 1151 1982 1112 2127
10315 4 2 1 1 1315 1241 119 430
10316 4 2 1 1 1777 2156 1647 2246
10317 4 2 1 1 1294 1832 1275 2225
10318 4 2 1 1 1464 2063 1806 2167
10319 4 2 1 1 1429 2115 1662 2158
10320 4 2 1 1 1747 1995 1318 2150
10321 4 2 1 1 964 1967 999 2076
10322 4 2 1 1 1660 2163 1415 2315
10323 4 2 1 1 1632 1840 1450 2218
10324 4 2 1 1 968 838 807 2123
10325 4 2 1 1 1379 1895 1592 2214
10326 4 2 1 1 1178 1171 1350 2139
10327 4 2 1 1 1055 2035 1056 2070
10328 4 2 1 1 69 365 1297 1013
10329 4 2 1 1 258 1980 1979 2270
10330 4 2 1 1 946 926 801 2156
10331 4 2 1 1 723 1708 2196 2303
10332 4 2 1 1 1311 1779 1184 2332
10333 4 2 1 1 1457 1895 1592 2275
10334 4 2 1 1 484 670 417 2277
10335 4 2 1 1 1893 1929 1106 2281
10336 4 2 1 1 636 593 232 1847
10337 4 2 1 1 1941 1979 1451 2263
10338 4 2 1 1 1267 2090 1266 2352
10339 4 2 1 1 1423 1755 2078 2181
10340 4 2 1 1 192 260 193 1752
10341 4 2 1 1 1449 1884 1653 2068
10342 4 2 1 1 666 415 494 1959
10343 4 2 1 1 346 2164 332 2174
10344 4 2 1 1 681 183 1689 2343
10345 4 2 1 1 1630 1788 2175 2253
10346 4 2 1 1 508 130 1341 497
10347 4 2 1 1 960 859 2086 2316
10348 4 2 1 1 1281 1909 1710 2200
10349 4 2 1 1 2095 2175 1788 2253
10350 4 2 1 1 1396 1897 1726 2247
10351 4 2 1 1 774 773 775 2199
10352 4 2 1 1 1445 1573 2094 2165
10353 4 2 1 1 66 1250 1019 363
10354 4 2 1 1 824 981 982 1782
10355 4 2 1 1 1343 1031 1218 2109
10356 4 2 1 1 1803 2060 1479 2147
10357 4 2 1 1 394 303 383 1695
10358 4 2 1 1 1498 1661 2062 2153
10359 4 2 1 1 514 492 463 1598
10360 4 2 1 1 661 980 832 2263
10361 4 2 1 1 221 243 1697 2072
10362 4 2 1 1 363 395 404 1719
10363 4 2 1 1 1671 1537 2007 2304
10364 4 2 1 1 1123 1121 1276 1928
10365 4 2 1 1 534 612 611 1717
10366 4 2 1 1 1466 1986 1718 2310
10367 4 2 1 1 1405 1922 1789 2279
10368 4 2 1 1 1850 2013 1580 2240
10369 4 2 1 1 1477 1931 1815 2319
10370 4 2 1 1 1733 1876 1404 1967
10371 4 2 1 1 1557 2136 1214 2345
10372 4 2 1 1 587 643 639 2109
10373 4 2 1 1 479 454 459 2036
10374 4 2 1 1 753 692 931 1865
10375 4 2 1 1 1279 1277 1063 2050
10376 4 2 1 1 1741 2170 468 2210
10377 4 2 1 1 1193 1318 1995 2150
10378 4 2 1 1 1409 1586 2012 2053
10379 4 2 1 1 261 228 1782 2321
10380 4 2 1 1 1837 2102 1632 2325
10381 4 2 1 1 1200 1198 1199 1750
10382 4 2 1 1 346 351 301 2174
10383 4 2 1 1 1511 2144 1852 2313
10384 4 2 1 1 1417 1831 1626 2261
10385 4 2 1 1 1166 1806 1143 2292
10386 4 2 1 1 455 485 453 1937
10387 4 2 1 1 212 214 213 2118
10388 4 2 1 1 1354 1314 1035 1695
10389 4 2 1 1 458 456 470 1792
10390 4 2 1 1 1478 1903 1623 2250
10391 4 2 1 1 1488 2183 1578 2222
10392 4 2 1 1 1565 2104 1691 2206
10393 4 2 1 1 961 514 972 1959
10394 4 2 1 1 449 495 1899 2204
10395 4 2 1 1 484 2277 417 2298
10396 4 2 1 1 329 359 340 1947
10397 4 2 1 1 985 2033 1650 2260
10398 4 2 1 1 493 460 446 1938
10399 4 2 1 1 818 1919 1660 2315
10400 4 2 1 1 244 278 1763 2216
10401 4 2 1 1 1056 1058 1229 2070
10402 4 2 1 1 1277 1989 1636 2050
10403 4 2 1 1 1645 2071 1516 2114
10404 4 2 1 1 1590 2138 1605 2323
10405 4 2 1 1 1368 2071 1645 2114
10406 4 2 1 1 1282 1087 1283 1714
10407 4 2 1 1 1047 1045 1046 2171
10408 4 2 1 1 711 796 715 1789
10409 4 2 1 1 678 996 840 2302
10410 4 2 1 1 210 247 212 2118
10411 4 2 1 1 1691 1783 1433 2276
10412 4 2 1 1 185 267 36 2197
10413 4 2 1 1 1465 1760 1820 1952
10414 4 2 1 1 313 362 336 2054
10415 4 2 1 1 1557 2015 1478 2250
10416 4 2 1 1 1859 1656 2161 2215
10417 4 2 1 1 597 541 149 991
10418 4 2 1 1 488 1027 128 420
10419 4 2 1 1 1347 604 1026 2236
10420 4 2 1 1 706 1786 1945 2322
10421 4 2 1 1 1972 2226 1683 2288
10422 4 2 1 1 245 224 1868 1999
10423 4 2 1 1 310 1731 309 2152
10424 4 2 1 1 1442 2226 1972 2288
10425 4 2 1 1 1094 1098 1093 1836
10426 4 2 1 1 688 1849 1796 2299
10427 4 2 1 1 2024 2194 1493 2203
10428 4 2 1 1 35 169 630 267
10429 4 2 1 1 931 692 690 2048
10430 4 2 1 1 1397 1960 1694 2309
10431 4 2 1 1 1240 1139 1141 2112
10432 4 2 1 1 1221 2102 1715 2218
10433 4 2 1 1 1255 126 1011 507
10434 4 2 1 1 1466 1600 2027 2335
10435 4 2 1 1 1099 1098 1094 1836
10436 4 2 1 1 1369 2078 2181 2238
10437 4 2 1 1 384 354 403 1776
10438 4 2 1 1 1474 1635 2092 2140
10439 4 2 1 1 1169 1309 1969 2289
10440 4 2 1 1 908 1771 925 2311
10441 4 2 1 1 1048 1653 2184 2338
10442 4 2 1 1 1415 1656 1859 2135
10443 4 2 1 1 624 141 614 986
10444 4 2 1 1 557 555 553 2268
10445 4 2 1 1 782 770 783 2049
10446 4 2 1 1 1470 1789 1922 2340
10447 4 2 1 1 1608 1888 1488 2127
10448 4 2 1 1 1677 1984 1811 2344
10449 4 2 1 1 992 952 1874 2126
10450 4 2 1 1 462 441 501 1818
10451 4 2 1 1 562 609 618 2138
10452 4 2 1 1 197 198 199 2321
10453 4 2 1 1 1638 1892 1496 2285
10454 4 2 1 1 542 137 989 549
10455 4 2 1 1 1645 1516 2151 2235
10456 4 2 1 1 685 841 686 2219
10457 4 2 1 1 750 735 749 1877
10458 4 2 1 1 894 773 2084 2199
10459 4 2 1 1 1314 477 133 1245
10460 4 2 1 1 1378 1787 1860 1885
10461 4 2 1 1 493 446 444 1938
10462 4 2 1 1 1358 1349 1159 2167
10463 4 2 1 1 560 618 581 2059
10464 4 2 1 1 470 1657 471 2272
10465 4 2 1 1 1391 1971 1683 2288
10466 4 2 1 1 1739 1895 1457 2275
10467 4 2 1 1 1756 1875 1578 2222
10468 4 2 1 1 683 943 1001 1723
10469 4 2 1 1 821 806 929 2231
10470 4 2 1 1 46 249 979 180
10471 4 2 1 1 225 207 209 1861
10472 4 2 1 1 1615 2070 1575 2096
10473 4 2 1 1 1189 1344 167 544
10474 4 2 1 1 894 2084 1647 2199
10475 4 2 1 1 1792 1848 1503 2181
10476 4 2 1 1 1423 1632 2102 2325
10477 4 2 1 1 815 978 826 1964
10478 4 2 1 1 388 505 413 2346
10479 4 2 1 1 853 1803 851 2133
10480 4 2 1 1 499 461 498 2250
10481 4 2 1 1 945 956 748 1762
10482 4 2 1 1 748 924 945 1957
10483 4 2 1 1 352 301 99 684
10484 4 2 1 1 808 1005 985 1650
10485 4 2 1 1 1474 1604 2092 2248
10486 4 2 1 1 426 474 475 1682
10487 4 2 1 1 1004 732 2060 2316
10488 4 2 1 1 1141 1142 1143 2089
10489 4 2 1 1 62 298 383 1246
10490 4 2 1 1 300 348 347 1723
10491 4 2 1 1 1762 1413 1957 1974
10492 4 2 1 1 1344 1190 1026 1944
10493 4 2 1 1 799 2099 940 2224
10494 4 2 1 1 701 1810 703 2137
10495 4 2 1 1 711 1789 715 2160
10496 4 2 1 1 478 471 427 1695
10497 4 2 1 1 1442 1683 2226 2288
10498 4 2 1 1 960 2086 732 2316
10499 4 2 1 1 1415 1660 1923 2243
10500 4 2 1 1 199 1606 2270 2321
10501 4 2 1 1 1578 1372 2010 2183
10502 4 2 1 1 919 781 760 1892
10503 4 2 1 1 1463 1599 2142 2162
10504 4 2 1 1 373 364 317 1905
10505 4 2 1 1 206 1669 204 2201
10506 4 2 1 1 978 876 672 1711
10507 4 2 1 1 1534 2032 1793 2085
10508 4 2 1 1 169 267 284 2197
10509 4 2 1 1 1858 1493 2194 2203
10510 4 2 1 1 1367 1785 2121 2168
10511 4 2 1 1 241 181 242 1697
10512 4 2 1 1 590 541 597 1939
10513 4 2 1 1 765 925 784 2043
10514 4 2 1 1 356 333 328 1963
10515 4 2 1 1 1125 1124 1097 1998
10516 4 2 1 1 1421 1760 2126 2199
10517 4 2 1 1 800 930 937 2234
10518 4 2 1 1 1442 2018 1972 2226
10519 4 2 1 1 1693 1418 2047 2209
10520 4 2 1 1 1490 1840 2195 2327
10521 4 2 1 1 686 677 2219 2299
10522 4 2 1 1 1813 1915 350 2174
10523 4 2 1 1 769 865 770 2205
10524 4 2 1 1 461 440 2015 2250
10525 4 2 1 1 1396 2134 1632 2325
10526 4 2 1 1 235 183 973 2343
10527 4 2 1 1 1375 1881 1696 2001
10528 4 2 1 1 35 169 532 630
10529 4 2 1 1 1514 2049 1602 2274
10530 4 2 1 1 1466 2027 1600 2310
10531 4 2 1 1 1451 2215 1809 2243
10532 4 2 1 1 1300 1281 1301 1909
10533 4 2 1 1 544 1344 166 604
10534 4 2 1 1 477 471 470 1657
10535 4 2 1 1 630 548 36 2197
10536 4 2 1 1 789 2273 741 2311
10537 4 2 1 1 1387 1966 1986 2178
10538 4 2 1 1 2049 2064 1675 2234
10539 4 2 1 1 1433 1687 2081 2156
10540 4 2 1 1 1025 1179 1330 1794
10541 4 2 1 1 1510 1833 1759 2122
10542 4 2 1 1 993 541 148 626
10543 4 2 1 1 800 1974 930 2234
10544 4 2 1 1 1074 1073 1081 1812
10545 4 2 1 1 1219 1763 1216 2091
10546 4 2 1 1 321 1910 319 2249
10547 4 2 1 1 1599 2098 1895 2142
10548 4 2 1 1 1119 1739 1120 2314
10549 4 2 1 1 264 195 229 2019
10550 4 2 1 1 1738 2143 1444 2308
10551 4 2 1 1 653 655 605 2236
10552 4 2 1 1 1693 2047 1418 2086
10553 4 2 1 1 338 397 411 1971
10554 4 2 1 1 982 47 661 257
10555 4 2 1 1 409 1830 358 2349
10556 4 2 1 1 1603 1952 1465 2355
10557 4 2 1 1 752 788 897 1906
10558 4 2 1 1 1443 1660 1919 2163
10559 4 2 1 1 604 1944 1026 2236
10560 4 2 1 1 1187 2167 1824 2292
10561 4 2 1 1 1416 1942 1608 2122
10562 4 2 1 1 1466 2110 1601 2335
10563 4 2 1 1 1072 1068 1261 1858
10564 4 2 1 1 1315 1353 1034 1682
10565 4 2 1 1 1467 1875 1756 2222
10566 4 2 1 1 141 958 614 986
10567 4 2 1 1 629 1189 167 544
10568 4 2 1 1 1783 2221 1433 2276
10569 4 2 1 1 416 500 521 1958
10570 4 2 1 1 1514 2064 2049 2234
10571 4 2 1 1 252 1334 268 2129
10572 4 2 1 1 39 973 235 183
10573 4 2 1 1 653 585 1944 2306
10574 4 2 1 1 464 457 458 1883
10575 4 2 1 1 1613 1442 1972 2151
10576 4 2 1 1 1667 1504 1953 2300
10577 4 2 1 1 1347 536 165 604
10578 4 2 1 1 797 762 893 1852
10579 4 2 1 1 1162 1298 1169 1738
10580 4 2 1 1 1461 1997 2016 2259
10581 4 2 1 1 1241 1029 120 430
10582 4 2 1 1 126 419 1011 507
10583 4 2 1 1 1198 1200 1201 1750
10584 4 2 1 1 298 398 394 2207
10585 4 2 1 1 518 413 503 1872
10586 4 2 1 1 1453 1825 1836 2024
10587 4 2 1 1 599 600 648 2003
10588 4 2 1 1 1632 1396 2325 2327
10589 4 2 1 1 1577 2002 594 2350
10590 4 2 1 1 1255 1027 127 488
10591 4 2 1 1 482 1029 121 1252
10592 4 2 1 1 759 755 923 1743
10593 4 2 1 1 705 2137 1786 2322
10594 4 2 1 1 1097 1090 1091 1998
10595 4 2 1 1 517 475 186 1682
10596 4 2 1 1 232 593 33 271
10597 4 2 1 1 1419 1731 1845 2251
10598 4 2 1 1 520 510 429 1689
10599 4 2 1 1 534 612 1717 2217
10600 4 2 1 1 1186 1185 1992 2290
10601 4 2 1 1 1422 1893 1690 2146
10602 4 2 1 1 624 986 1733 2189
10603 4 2 1 1 1902 2047 1418 2051
10604 4 2 1 1 1637 1465 2123 2204
10605 4 2 1 1 486 487 420 1835
10606 4 2 1 1 641 535 618 1779
10607 4 2 1 1 189 1990 1746 2244
10608 4 2 1 1 1438 2141 1692 2150
10609 4 2 1 1 879 1734 2018 2187
10610 4 2 1 1 1514 2234 2049 2274
10611 4 2 1 1 1380 1833 1930 2077
10612 4 2 1 1 1447 1677 1850 2240
10613 4 2 1 1 209 208 210 2233
10614 4 2 1 1 838 781 919 1892
10615 4 2 1 1 1287 1224 1137 1973
10616 4 2 1 1 1510 1759 1942 2122
10617 4 2 1 1 427 477 133 1314
10618 4 2 1 1 1469 1894 1696 2318
10619 4 2 1 1 436 1965 434 2062
10620 4 2 1 1 1031 603 155 1251
10621 4 2 1 1 1182 1167 1181 1791
10622 4 2 1 1 285 1021 252 2129
10623 4 2 1 1 339 311 1940 2152
10624 4 2 1 1 825 2075 1591 2343
10625 4 2 1 1 409 358 405 2349
10626 4 2 1 1 681 1000 962 1689
10627 4 2 1 1 673 541 148 993
10628 4 2 1 1 1493 1805 1946 2341
10629 4 2 1 1 528 511 414 1873
10630 4 2 1 1 249 173 45 979
10631 4 2 1 1 1091 1102 1103 1978
10632 4 2 1 1 1685 2027 1600 2306
10633 4 2 1 1 960 967 700 2086
10634 4 2 1 1 1168 1127 1116 1690
10635 4 2 1 1 1346 1363 1011 1969
10636 4 2 1 1 1167 1144 1166 2065
10637 4 2 1 1 1193 1284 1318 2150
10638 4 2 1 1 762 744 1852 2101
10639 4 2 1 1 1464 1977 1806 2063
10640 4 2 1 1 755 759 758 2106
10641 4 2 1 1 620 619 579 1749
10642 4 2 1 1 1464 2006 1831 2228
10643 4 2 1 1 1584 2094 1573 2165
10644 4 2 1 1 217 250 2201 2202
10645 4 2 1 1 483 104 675 1958
10646 4 2 1 1 783 2049 1675 2234
10647 4 2 1 1 389 337 365 2061
10648 4 2 1 1 1409 2012 1649 2053
10649 4 2 1 1 1365 1815 1931 2319
10650 4 2 1 1 1308 1275 1294 1832
10651 4 2 1 1 1513 1896 2040 2320
10652 4 2 1 1 1582 2016 1756 2266
10653 4 2 1 1 246 44 173 977
10654 4 2 1 1 384 403 299 1776
10655 4 2 1 1 709 717 716 1945
10656 4 2 1 1 785 766 784 2043
10657 4 2 1 1 901 970 902 1958
10658 4 2 1 1 1876 1967 1733 2076
10659 4 2 1 1 894 773 797 2084
10660 4 2 1 1 513 478 427 1695
10661 4 2 1 1 812 1686 777 2140
10662 4 2 1 1 1231 1232 1329 2232
10663 4 2 1 1 723 717 936 1708
10664 4 2 1 1 1382 2208 1814 2344
10665 4 2 1 1 975 885 1868 2334
10666 4 2 1 1 1423 2014 1632 2325
10667 4 2 1 1 1376 2037 1640 2195
10668 4 2 1 1 563 561 1876 2323
10669 4 2 1 1 1143 1806 1144 2112
10670 4 2 1 1 1612 2204 1465 2355
10671 4 2 1 1 891 962 102 424
10672 4 2 1 1 598 2030 556 2350
10673 4 2 1 1 397 1971 323 2241
10674 4 2 1 1 1032 1763 1219 2216
10675 4 2 1 1 799 798 940 2099
10676 4 2 1 1 896 940 941 2099
10677 4 2 1 1 842 597 150 991
10678 4 2 1 1 1575 1890 1805 2080
10679 4 2 1 1 822 774 775 2126
10680 4 2 1 1 461 498 2250 2345
10681 4 2 1 1 1133 1289 1285 1712
10682 4 2 1 1 712 1772 1773 2254
10683 4 2 1 1 877 872 746 1923
10684 4 2 1 1 1567 1885 1932 2337
10685 4 2 1 1 1552 1869 1839 2100
10686 4 2 1 1 1749 2040 579 2148
10687 4 2 1 1 1633 1928 1481 2312
10688 4 2 1 1 187 188 177 2244
10689 4 2 1 1 1035 62 383 1246
10690 4 2 1 1 613 536 164 1347
10691 4 2 1 1 901 104 416 1958
10692 4 2 1 1 563 561 623 1876
10693 4 2 1 1 514 415 972 1959
10694 4 2 1 1 867 871 868 1651
10695 4 2 1 1 1557 2136 1699 2245
10696 4 2 1 1 1721 2255 1951 2285
10697 4 2 1 1 1421 1866 1630 2280
10698 4 2 1 1 1174 1120 1119 1739
10699 4 2 1 1 1182 1307 1303 1821
10700 4 2 1 1 973 183 681 2343
10701 4 2 1 1 40 973 176 235
10702 4 2 1 1 681 997 825 2343
10703 4 2 1 1 1177 1175 1185 1992
10704 4 2 1 1 737 723 2196 2303
10705 4 2 1 1 677 686 687 2299
10706 4 2 1 1 514 516 415 1959
10707 4 2 1 1 806 820 803 1887
10708 4 2 1 1 1468 1773 1772 2254
10709 4 2 1 1 1429 1786 2137 2322
10710 4 2 1 1 437 2170 1701 2210
10711 4 2 1 1 145 538 619 1896
10712 4 2 1 1 857 830 862 2213
10713 4 2 1 1 463 447 516 1899
10714 4 2 1 1 1331 1179 1025 1794
10715 4 2 1 1 1258 1259 1138 1846
10716 4 2 1 1 966 1896 995 2227
10717 4 2 1 1 980 876 875 2263
10718 4 2 1 1 1428 1868 2230 2334
10719 4 2 1 1 1351 1071 1092 2097
10720 4 2 1 1 1027 1233 128 420
10721 4 2 1 1 444 499 493 2326
10722 4 2 1 1 520 468 524 1741
10723 4 2 1 1 1008 862 1953 2213
10724 4 2 1 1 1126 1164 1165 2271
10725 4 2 1 1 1489 2164 1813 2223
10726 4 2 1 1 1409 1726 1930 1968
10727 4 2 1 1 1425 1987 1842 2300
10728 4 2 1 1 1450 1835 2218 2264
10729 4 2 1 1 1421 2199 1647 2280
10730 4 2 1 1 1463 2129 1795 2267
10731 4 2 1 1 1569 1987 1785 2121
10732 4 2 1 1 938 946 894 2084
10733 4 2 1 1 531 490 462 1727
10734 4 2 1 1 1594 2087 1426 2177
10735 4 2 1 1 274 1002 636 1847
10736 4 2 1 1 1303 1821 1307 2220
10737 4 2 1 1 650 1779 632 2332
10738 4 2 1 1 1759 1833 1401 2122
10739 4 2 1 1 1465 2037 1612 2355
10740 4 2 1 1 1058 1059 1914 2198
10741 4 2 1 1 503 478 1872 2272
10742 4 2 1 1 1265 1268 2193 2339
10743 4 2 1 1 1368 1645 1918 2293
10744 4 2 1 1 331 341 1813 2188
10745 4 2 1 1 839 1637 496 2277
10746 4 2 1 1 596 79 351 631
10747 4 2 1 1 1318 1195 1193 1995
10748 4 2 1 1 1241 1315 1350 2139
10749 4 2 1 1 422 1341 131 1033
10750 4 2 1 1 246 248 225 1843
10751 4 2 1 1 1382 1875 1811 2344
10752 4 2 1 1 973 39 681 183
10753 4 2 1 1 1074 2312 1812 2336
10754 4 2 1 1 1118 1126 1837 2271
10755 4 2 1 1 1516 1645 2114 2235
10756 4 2 1 1 1694 1444 2143 2308
10757 4 2 1 1 675 891 103 424
10758 4 2 1 1 1030 358 1830 2349
10759 4 2 1 1 711 2160 710 2262
10760 4 2 1 1 1026 1347 165 604
10761 4 2 1 1 1432 1848 1792 2181
10762 4 2 1 1 504 440 438 2015
10763 4 2 1 1 1471 1982 1751 2061
10764 4 2 1 1 1378 2025 1860 2092
10765 4 2 1 1 876 1941 875 2263
10766 4 2 1 1 1164 1291 1854 2271
10767 4 2 1 1 1789 2279 1922 2340
10768 4 2 1 1 964 861 1967 2283
10769 4 2 1 1 1080 1858 1261 2194
10770 4 2 1 1 1398 1871 1687 2221
10771 4 2 1 1 1006 918 668 1737
10772 4 2 1 1 1033 1222 1290 1817
10773 4 2 1 1 207 208 209 1861
10774 4 2 1 1 848 850 965 1707
10775 4 2 1 1 1774 1918 1645 2229
10776 4 2 1 1 1440 2013 1726 2247
10777 4 2 1 1 868 871 1005 2260
10778 4 2 1 1 1372 1888 1970 2183
10779 4 2 1 1 1344 1026 166 604
10780 4 2 1 1 702 703 701 1810
10781 4 2 1 1 291 409 410 2278
10782 4 2 1 1 722 768 716 1879
10783 4 2 1 1 1801 2105 1476 2351
10784 4 2 1 1 1190 1192 1026 1944
10785 4 2 1 1 1443 2039 1628 2265
10786 4 2 1 1 385 402 288 1872
10787 4 2 1 1 1928 2312 1086 2336
10788 4 2 1 1 1392 2108 1603 2355
10789 4 2 1 1 283 220 278 2216
10790 4 2 1 1 617 2006 1824 2228
10791 4 2 1 1 1306 1299 1249 1913
10792 4 2 1 1 1830 1867 1436 2180
10793 4 2 1 1 563 1876 623 2323
10794 4 2 1 1 429 511 472 1873
10795 4 2 1 1 204 206 205 1669
10796 4 2 1 1 211 212 213 1999
10797 4 2 1 1 521 489 490 2186
10798 4 2 1 1 561 560 559 1844
10799 4 2 1 1 744 737 893 2196
10800 4 2 1 1 1217 628 2109 2256
10801 4 2 1 1 1685 1600 2027 2310
10802 4 2 1 1 1447 1850 1677 2344
10803 4 2 1 1 385 303 344 1872
10804 4 2 1 1 391 1723 428 2346
10805 4 2 1 1 1315 1034 1350 1682
10806 4 2 1 1 1748 1943 1431 2191
10807 4 2 1 1 1385 2085 2032 2356
10808 4 2 1 1 462 1727 490 2186
10809 4 2 1 1 1593 1500 2160 2286
10810 4 2 1 1 291 1830 409 2278
10811 4 2 1 1 780 688 844 1849
10812 4 2 1 1 1377 1793 1809 2328
10813 4 2 1 1 1545 1943 1748 2191
10814 4 2 1 1 1189 1037 1188 1776
10815 4 2 1 1 1051 1085 1049 1722
10816 4 2 1 1 1015 1341 130 497
10817 4 2 1 1 1010 821 929 2231
10818 4 2 1 1 1611 2069 1513 2320
10819 4 2 1 1 947 803 952 1874
10820 4 2 1 1 937 2049 783 2234
10821 4 2 1 1 1421 1647 1866 2280
10822 4 2 1 1 1721 1458 1951 2255
10823 4 2 1 1 1454 2072 1907 2232
10824 4 2 1 1 276 182 278 1763
10825 4 2 1 1 1423 1755 2014 2325
10826 4 2 1 1 1365 2004 2147 2209
10827 4 2 1 1 954 890 730 1753
10828 4 2 1 1 1195 1194 1193 1995
10829 4 2 1 1 796 892 715 1789
10830 4 2 1 1 958 964 999 2076
10831 4 2 1 1 1064 1063 1069 2050
10832 4 2 1 1 929 927 812 2231
10833 4 2 1 1 240 176 41 975
10834 4 2 1 1 1394 1630 2175 2253
10835 4 2 1 1 1248 1279 1247 1989
10836 4 2 1 1 1075 1066 1065 2339
10837 4 2 1 1 252 251 277 2267
10838 4 2 1 1 619 671 145 1896
10839 4 2 1 1 351 392 79 596
10840 4 2 1 1 856 1829 859 2316
10841 4 2 1 1 1313 1085 1051 1722
10842 4 2 1 1 908 789 741 2311
10843 4 2 1 1 1432 1872 1695 2272
10844 4 2 1 1 662 1770 290 2125
10845 4 2 1 1 1552 2004 1665 2319
10846 4 2 1 1 1327 1230 1170 1907
10847 4 2 1 1 881 703 707 1706
10848 4 2 1 1 1877 2103 1480 2303
10849 4 2 1 1 1822 2141 1560 2178
10850 4 2 1 1 350 1915 392 2174
10851 4 2 1 1 1603 1465 2123 2355
10852 4 2 1 1 1224 1231 1173 1863
10853 4 2 1 1 1368 1884 1643 2293
10854 4 2 1 1 1035 1314 1305 1695
10855 4 2 1 1 980 661 876 1979
10856 4 2 1 1 1440 1978 1716 2067
10857 4 2 1 1 1382 1677 2208 2344
10858 4 2 1 1 782 750 770 2205
10859 4 2 1 1 480 1828 467 1883
10860 4 2 1 1 485 2277 1937 2298
10861 4 2 1 1 1184 1779 2166 2332
10862 4 2 1 1 1088 1089 1076 2307
10863 4 2 1 1 790 747 915 1949
10864 4 2 1 1 1332 269 254 1767
10865 4 2 1 1 1511 1952 1760 2144
10866 4 2 1 1 478 59 385 303
10867 4 2 1 1 245 211 224 1999
10868 4 2 1 1 1618 2028 1922 2340
10869 4 2 1 1 811 829 828 2159
10870 4 2 1 1 175 261 257 1782
10871 4 2 1 1 779 873 884 1765
10872 4 2 1 1 1708 1879 1480 2303
10873 4 2 1 1 705 708 1786 2262
10874 4 2 1 1 1519 2147 2004 2209
10875 4 2 1 1 544 604 651 1944
10876 4 2 1 1 1052 1051 1050 2184
10877 4 2 1 1 574 605 1886 2306
10878 4 2 1 1 834 2255 835 2285
10879 4 2 1 1 356 1963 330 2164
10880 4 2 1 1 1318 1197 1195 1747
10881 4 2 1 1 185 276 226 2256
10882 4 2 1 1 574 605 572 1886
10883 4 2 1 1 743 728 731 2081
10884 4 2 1 1 1570 2078 1837 2271
10885 4 2 1 1 1506 1837 2078 2271
10886 4 2 1 1 962 997 681 1689
10887 4 2 1 1 1064 1256 1061 1802
10888 4 2 1 1 1561 1729 1983 2281
10889 4 2 1 1 1264 1795 1337 2162
10890 4 2 1 1 341 332 331 1813
10891 4 2 1 1 907 2028 789 2311
10892 4 2 1 1 343 349 402 2329
10893 4 2 1 1 1450 1840 2195 2264
10894 4 2 1 1 991 843 842 1939
10895 4 2 1 1 508 1341 131 422
10896 4 2 1 1 782 770 2049 2205
10897 4 2 1 1 1781 2065 1571 2292
10898 4 2 1 1 257 261 228 1782
10899 4 2 1 1 429 273 237 1689
10900 4 2 1 1 1675 2049 1430 2064
10901 4 2 1 1 1756 2113 1382 2266
10902 4 2 1 1 1166 2065 1806 2292
10903 4 2 1 1 994 670 837 2277
10904 4 2 1 1 861 999 964 1967
10905 4 2 1 1 607 555 558 2006
10906 4 2 1 1 829 955 862 1953
10907 4 2 1 1 946 724 926 1777
10908 4 2 1 1 1138 1259 1094 2194
10909 4 2 1 1 592 594 593 2002
10910 4 2 1 1 336 373 315 1905
10911 4 2 1 1 840 810 969 1807
10912 4 2 1 1 388 288 349 2346
10913 4 2 1 1 1982 2061 1471 2200
10914 4 2 1 1 1068 1060 1107 1851
10915 4 2 1 1 909 789 907 2028
10916 4 2 1 1 922 932 699 1997
10917 4 2 1 1 941 798 865 2099
10918 4 2 1 1 1529 1924 1577 2197
10919 4 2 1 1 717 722 716 1879
10920 4 2 1 1 1577 1920 1529 2197
10921 4 2 1 1 1212 1296 1304 2211
10922 4 2 1 1 1154 1146 1212 2211
10923 4 2 1 1 1209 1307 1182 2093
10924 4 2 1 1 556 554 584 2228
10925 4 2 1 1 692 693 691 2048
10926 4 2 1 1 793 985 2033 2317
10927 4 2 1 1 1420 2170 1701 2337
10928 4 2 1 1 203 202 1980 2294
10929 4 2 1 1 526 465 494 2204
10930 4 2 1 1 723 936 737 2196
10931 4 2 1 1 420 1233 129 497
10932 4 2 1 1 448 449 447 1899
10933 4 2 1 1 554 2006 617 2228
10934 4 2 1 1 1392 1640 2108 2355
10935 4 2 1 1 226 222 223 1920
10936 4 2 1 1 1077 1288 1273 2143
10937 4 2 1 1 1903 1938 1402 2326
10938 4 2 1 1 332 1813 350 2174
10939 4 2 1 1 519 413 505 2346
10940 4 2 1 1 524 424 520 1741
10941 4 2 1 1 42 179 975 663
10942 4 2 1 1 762 2101 1852 2144
10943 4 2 1 1 364 319 317 2249
10944 4 2 1 1 1357 1085 2011 2145
10945 4 2 1 1 705 1786 706 2322
10946 4 2 1 1 661 1979 980 2263
10947 4 2 1 1 961 972 823 1959
10948 4 2 1 1 834 1828 836 2255
10949 4 2 1 1 1379 1720 1975 2348
10950 4 2 1 1 1391 1645 2229 2288
10951 4 2 1 1 1175 1174 1119 1739
10952 4 2 1 1 1658 1440 1978 2247
10953 4 2 1 1 10 511 237 272
10954 4 2 1 1 1312 1214 2136 2345
10955 4 2 1 1 1258 1276 1259 1846
10956 4 2 1 1 852 850 851 1803
10957 4 2 1 1 650 535 632 1779
10958 4 2 1 1 1547 1905 1725 2041
10959 4 2 1 1 232 233 231 2002
10960 4 2 1 1 918 984 917 1746
10961 4 2 1 1 205 206 207 1985
10962 4 2 1 1 843 1939 673 2110
10963 4 2 1 1 1952 2144 1511 2313
10964 4 2 1 1 1221 1161 1220 2218
10965 4 2 1 1 1785 1569 2121 2168
10966 4 2 1 1 258 201 1980 2270
10967 4 2 1 1 1147 1266 2073 2193
10968 4 2 1 1 602 575 573 2335
10969 4 2 1 1 628 543 153 2109
10970 4 2 1 1 1275 1308 1087 1832
10971 4 2 1 1 1713 2131 1532 2333
10972 4 2 1 1 543 603 154 1343
10973 4 2 1 1 566 568 654 2324
10974 4 2 1 1 620 659 143 921
10975 4 2 1 1 1630 1394 2175 2280
10976 4 2 1 1 1445 2046 1802 2096
10977 4 2 1 1 706 709 716 1945
10978 4 2 1 1 1368 2114 1645 2293
10979 4 2 1 1 964 1967 830 2283
10980 4 2 1 1 612 1717 2217 2324
10981 4 2 1 1 870 996 678 1668
10982 4 2 1 1 918 1737 1006 2354
10983 4 2 1 1 876 661 979 1979
10984 4 2 1 1 1265 1065 1268 2339
10985 4 2 1 1 203 1980 201 2294
10986 4 2 1 1 1218 2091 1216 2109
10987 4 2 1 1 1734 1442 2018 2187
10988 4 2 1 1 1251 1187 1824 2292
10989 4 2 1 1 1438 1995 1747 2150
10990 4 2 1 1 564 2138 562 2323
10991 4 2 1 1 1067 1351 1207 2097
10992 4 2 1 1 1104 1325 1318 2150
10993 4 2 1 1 1684 1398 1871 2257
10994 4 2 1 1 1157 1118 1126 1837
10995 4 2 1 1 1440 1658 2013 2247
10996 4 2 1 1 174 277 260 1795
10997 4 2 1 1 670 990 836 1828
10998 4 2 1 1 700 702 701 1810
10999 4 2 1 1 863 689 691 2005
11000 4 2 1 1 1225 1331 1227 1988
11001 4 2 1 1 472 1873 528 2170
11002 4 2 1 1 1658 2013 1517 2307
11003 4 2 1 1 236 215 238 2128
11004 4 2 1 1 845 847 846 2110
11005 4 2 1 1 1365 1931 1665 2319
11006 4 2 1 1 1049 2184 2145 2338
11007 4 2 1 1 1394 2175 2095 2253
11008 4 2 1 1 646 537 603 1824
11009 4 2 1 1 322 361 334 2226
11010 4 2 1 1 940 2099 1676 2224
11011 4 2 1 1 751 760 752 2258
11012 4 2 1 1 241 214 221 1932
11013 4 2 1 1 764 817 763 1919
11014 4 2 1 1 964 830 861 2283
11015 4 2 1 1 981 48 982 175
11016 4 2 1 1 1339 1311 1184 2332
11017 4 2 1 1 581 607 558 2059
11018 4 2 1 1 385 518 59 478
11019 4 2 1 1 1434 1627 1990 2348
11020 4 2 1 1 1184 2166 1361 2332
11021 4 2 1 1 899 355 1770 2330
11022 4 2 1 1 1517 1998 1658 2307
11023 4 2 1 1 851 853 852 1803
11024 4 2 1 1 104 901 675 1958
11025 4 2 1 1 543 1343 153 2109
11026 4 2 1 1 1793 2083 1459 2157
11027 4 2 1 1 824 982 832 1782
11028 4 2 1 1 921 963 854 1749
11029 4 2 1 1 1735 1948 1522 2273
11030 4 2 1 1 648 600 629 2003
11031 4 2 1 1 612 2217 635 2324
11032 4 2 1 1 697 695 696 1921
11033 4 2 1 1 1169 1298 1309 2289
11034 4 2 1 1 860 712 967 1772
11035 4 2 1 1 207 225 248 1985
11036 4 2 1 1 565 563 2148 2323
11037 4 2 1 1 1533 2331 2138 2351
11038 4 2 1 1 1250 66 404 363
11039 4 2 1 1 1242 1145 1070 2046
11040 4 2 1 1 1173 1863 1231 2291
11041 4 2 1 1 236 238 237 1873
11042 4 2 1 1 1519 1693 2209 2316
11043 4 2 1 1 1404 1816 2026 2192
11044 4 2 1 1 215 239 213 2128
11045 4 2 1 1 702 707 703 2254
11046 4 2 1 1 1632 2134 1837 2325
11047 4 2 1 1 1237 289 389 2061
11048 4 2 1 1 1423 1837 2078 2325
11049 4 2 1 1 333 371 326 1972
11050 4 2 1 1 1800 2087 1388 2282
11051 4 2 1 1 636 232 274 1847
11052 4 2 1 1 1166 1144 1143 1806
11053 4 2 1 1 199 2270 228 2321
11054 4 2 1 1 1454 1671 2124 2232
11055 4 2 1 1 48 982 175 257
11056 4 2 1 1 1692 2141 1449 2145
11057 4 2 1 1 1934 1953 1504 2300
11058 4 2 1 1 1187 1349 1031 1824
11059 4 2 1 1 1497 2163 1919 2315
11060 4 2 1 1 1021 26 252 1334
11061 4 2 1 1 179 245 240 1868
11062 4 2 1 1 873 934 787 2179
11063 4 2 1 1 203 258 201 1980
11064 4 2 1 1 556 1924 588 2350
11065 4 2 1 1 552 556 598 2030
11066 4 2 1 1 1465 1952 1820 2037
11067 4 2 1 1 945 924 930 1974
11068 4 2 1 1 1302 1246 1857 2207
11069 4 2 1 1 444 442 499 1903
11070 4 2 1 1 834 670 836 1828
11071 4 2 1 1 844 1849 688 2299
11072 4 2 1 1 705 704 2137 2322
11073 4 2 1 1 1551 2229 1645 2288
11074 4 2 1 1 1271 1106 1929 2281
11075 4 2 1 1 923 873 779 2179
11076 4 2 1 1 1375 2001 1696 2130
11077 4 2 1 1 1562 2177 1862 2212
11078 4 2 1 1 594 592 598 2350
11079 4 2 1 1 285 252 277 2129
11080 4 2 1 1 1665 1931 1477 2319
11081 4 2 1 1 437 468 2170 2210
11082 4 2 1 1 1187 1166 1143 2292
11083 4 2 1 1 387 66 1019 363
11084 4 2 1 1 1442 1734 2018 2226
11085 4 2 1 1 1461 2016 1680 2259
11086 4 2 1 1 854 851 995 2133
11087 4 2 1 1 762 744 893 1852
11088 4 2 1 1 1096 1084 1081 2074
11089 4 2 1 1 365 1751 396 2242
11090 4 2 1 1 989 678 137 542
11091 4 2 1 1 547 629 600 2082
11092 4 2 1 1 1442 2235 1744 2288
11093 4 2 1 1 425 990 484 1828
11094 4 2 1 1 1061 1058 1059 1914
11095 4 2 1 1 613 163 611 1319
11096 4 2 1 1 1240 1083 1262 2220
11097 4 2 1 1 1650 2038 1668 2302
11098 4 2 1 1 1098 1100 1093 1961
11099 4 2 1 1 263 475 13 515
11100 4 2 1 1 1877 2049 1430 2205
11101 4 2 1 1 812 758 777 1686
11102 4 2 1 1 578 573 571 2069
11103 4 2 1 1 1264 1021 1795 2129
11104 4 2 1 1 331 332 330 2164
11105 4 2 1 1 302 354 384 2082
11106 4 2 1 1 145 966 538 1896
11107 4 2 1 1 1337 1795 1263 2216
11108 4 2 1 1 1013 1237 389 2061
11109 4 2 1 1 778 883 813 1878
11110 4 2 1 1 69 365 407 1297
11111 4 2 1 1 1123 1086 1928 2312
11112 4 2 1 1 199 201 2270 2294
11113 4 2 1 1 661 46 979 180
11114 4 2 1 1 1233 1015 129 497
11115 4 2 1 1 2135 2215 1859 2243
11116 4 2 1 1 1282 1266 1267 2090
11117 4 2 1 1 203 201 202 2294
11118 4 2 1 1 1382 1814 1875 2344
11119 4 2 1 1 934 923 887 2179
11120 4 2 1 1 511 429 10 237
11121 4 2 1 1 1146 1243 1278 2067
11122 4 2 1 1 937 782 783 2049
11123 4 2 1 1 998 718 712 1773
11124 4 2 1 1 546 597 150 842
11125 4 2 1 1 1365 1665 2004 2319
11126 4 2 1 1 895 942 683 1927
11127 4 2 1 1 1632 1840 1823 2327
11128 4 2 1 1 1628 196 2267 2347
11129 4 2 1 1 992 952 820 1874
11130 4 2 1 1 1674 1988 1459 2190
11131 4 2 1 1 1263 1795 174 2216
11132 4 2 1 1 1475 2033 1650 2317
11133 4 2 1 1 1522 2045 1735 2273
11134 4 2 1 1 2136 2250 1623 2345
11135 4 2 1 1 1519 2060 1693 2316
11136 4 2 1 1 1309 1324 1969 2289
11137 4 2 1 1 996 870 1005 2038
11138 4 2 1 1 174 28 1263 2216
11139 4 2 1 1 113 994 839 2277
11140 4 2 1 1 1369 1897 1755 2078
11141 4 2 1 1 916 807 772 2123
11142 4 2 1 1 1213 1156 1149 2136
11143 4 2 1 1 666 1007 972 1959
11144 4 2 1 1 1368 1643 2114 2293
11145 4 2 1 1 827 811 828 1816
11146 4 2 1 1 554 555 617 2006
11147 4 2 1 1 1642 2112 1240 2220
11148 4 2 1 1 310 372 362 2054
11149 4 2 1 1 1271 1117 1129 1929
11150 4 2 1 1 821 820 806 1887
11151 4 2 1 1 1687 2081 1512 2221
11152 4 2 1 1 185 36 548 2197
11153 4 2 1 1 1312 1214 1213 2136
11154 4 2 1 1 2107 2121 1569 2168
11155 4 2 1 1 277 174 285 1795
11156 4 2 1 1 306 307 308 1962
11157 4 2 1 1 1032 1219 1337 2216
11158 4 2 1 1 1365 1839 1815 2319
11159 4 2 1 1 1180 1181 2065 2166
11160 4 2 1 1 634 610 582 2217
11161 4 2 1 1 1196 1195 1197 2237
11162 4 2 1 1 713 712 1773 2254
11163 4 2 1 1 1520 2195 1840 2264
11164 4 2 1 1 1448 1973 1729 2111
11165 4 2 1 1 274 232 184 1847
11166 4 2 1 1 341 350 332 1813
11167 4 2 1 1 352 345 346 2219
11168 4 2 1 1 966 995 849 2227
11169 4 2 1 1 1427 2119 1768 2257
11170 4 2 1 1 311 343 342 1940
11171 4 2 1 1 1820 1952 1376 2037
11172 4 2 1 1 973 674 40 176
11173 4 2 1 1 1148 2155 1694 2308
11174 4 2 1 1 185 645 280 2256
11175 4 2 1 1 1701 2025 1420 2337
11176 4 2 1 1 1287 1238 1271 2281
11177 4 2 1 1 1544 1955 2276 2287
11178 4 2 1 1 1240 2112 1144 2220
11179 4 2 1 1 1664 2139 1460 2173
11180 4 2 1 1 1433 2081 1687 2221
11181 4 2 1 1 164 613 1347 1017
11182 4 2 1 1 965 753 931 1865
11183 4 2 1 1 1727 1427 1887 2231
11184 4 2 1 1 1972 2151 1442 2288
11185 4 2 1 1 256 250 178 2202
11186 4 2 1 1 1486 1778 1989 2301
11187 4 2 1 1 1397 1694 1955 2309
11188 4 2 1 1 1283 1147 1266 2073
11189 4 2 1 1 1824 2006 1464 2228
11190 4 2 1 1 254 217 253 1767
11191 4 2 1 1 1330 20 282 1016
11192 4 2 1 1 1692 2145 1449 2338
11193 4 2 1 1 1268 2193 1673 2352
11194 4 2 1 1 711 905 796 2262
11195 4 2 1 1 1215 1219 1032 1763
11196 4 2 1 1 1269 1830 291 2278
11197 4 2 1 1 195 191 193 2347
11198 4 2 1 1 1046 1044 1101 2171
11199 4 2 1 1 185 2197 548 2256
11200 4 2 1 1 616 2069 571 2320
11201 4 2 1 1 1533 2105 1801 2351
11202 4 2 1 1 1363 1309 1324 1969
11203 4 2 1 1 910 909 756 2212
11204 4 2 1 1 1303 1307 1083 2220
11205 4 2 1 1 563 562 561 2323
11206 4 2 1 1 1215 1216 1219 1763
11207 4 2 1 1 1206 1207 1205 1926
11208 4 2 1 1 719 725 726 2045
11209 4 2 1 1 672 45 173 979
11210 4 2 1 1 1036 1217 1216 2256
11211 4 2 1 1 977 44 173 672
11212 4 2 1 1 594 588 647 2350
11213 4 2 1 1 1205 1203 1206 1926
11214 4 2 1 1 291 358 409 1830
11215 4 2 1 1 217 1767 269 2202
11216 4 2 1 1 820 952 803 1874
11217 4 2 1 1 408 321 337 1910
11218 4 2 1 1 360 305 347 1853
11219 4 2 1 1 1557 2250 2136 2345
11220 4 2 1 1 1091 1090 1089 2307
11221 4 2 1 1 684 842 841 1730
11222 4 2 1 1 991 673 843 1939
11223 4 2 1 1 145 671 966 1896
11224 4 2 1 1 343 1940 311 2329
11225 4 2 1 1 1080 1261 1138 2194
11226 4 2 1 1 727 719 726 2045
11227 4 2 1 1 13 186 475 263
11228 4 2 1 1 849 848 664 2227
11229 4 2 1 1 711 710 708 2262
11230 4 2 1 1 453 485 465 1937
11231 4 2 1 1 1073 1069 1077 1960
11232 4 2 1 1 1226 1988 1227 2290
11233 4 2 1 1 927 754 758 2106
11234 4 2 1 1 494 465 496 1637
11235 4 2 1 1 728 729 731 2081
11236 4 2 1 1 299 403 405 2349
11237 4 2 1 1 285 26 252 1021
11238 4 2 1 1 1319 613 163 1017
11239 4 2 1 1 1435 1700 1993 2331
11240 4 2 1 1 905 705 881 2120
11241 4 2 1 1 337 1910 321 2249
11242 4 2 1 1 761 2101 762 2144
11243 4 2 1 1 1383 2223 1718 2310
11244 4 2 1 1 1691 1433 2269 2276
11245 4 2 1 1 1502 1967 1876 2076
11246 4 2 1 1 176 674 41 975
11247 4 2 1 1 1684 1871 2119 2257
11248 4 2 1 1 1633 2284 2046 2312
11249 4 2 1 1 737 736 723 2303
11250 4 2 1 1 229 2019 197 2321
11251 4 2 1 1 1888 1996 1488 2183
11252 4 2 1 1 1372 1996 1888 2183
11253 4 2 1 1 1176 1140 1336 2162
11254 4 2 1 1 949 802 898 2009
11255 4 2 1 1 1226 1227 1333 2290
11256 4 2 1 1 921 854 671 1749
11257 4 2 1 1 953 899 662 1770
11258 4 2 1 1 1775 2056 1446 2356
11259 4 2 1 1 856 858 859 1829
11260 4 2 1 1 563 564 562 2323
11261 4 2 1 1 627 382 82 2082
11262 4 2 1 1 1222 1157 1290 2102
11263 4 2 1 1 1673 2193 1467 2352
11264 4 2 1 1 190 1990 189 2244
11265 4 2 1 1 1005 808 996 2302
11266 4 2 1 1 1430 2049 1675 2205
11267 4 2 1 1 776 834 835 2285
11268 4 2 1 1 1633 1481 2284 2312
11269 4 2 1 1 1704 2269 1433 2276
11270 4 2 1 1 324 1972 371 2226
11271 4 2 1 1 387 1019 67 1295
11272 4 2 1 1 794 1807 2302 2317
11273 4 2 1 1 1979 1980 1451 2270
11274 4 2 1 1 534 635 612 2217
11275 4 2 1 1 906 909 2028 2340
11276 4 2 1 1 1235 1186 1175 1992
11277 4 2 1 1 1106 1084 1105 1893
11278 4 2 1 1 186 242 265 1682
11279 4 2 1 1 1746 1990 1434 2244
11280 4 2 1 1 1164 1114 1291 2271
11281 4 2 1 1 65 1249 1250 404
11282 4 2 1 1 972 111 666 415
11283 4 2 1 1 1110 1109 1108 2000
11284 4 2 1 1 1427 2020 2119 2257
11285 4 2 1 1 337 321 319 2249
11286 4 2 1 1 290 355 377 1770
11287 4 2 1 1 1181 1167 1180 2065
11288 4 2 1 1 1217 628 153 2109
11289 4 2 1 1 688 690 689 1796
11290 4 2 1 1 325 323 397 1971
11291 4 2 1 1 1466 1939 2110 2335
11292 4 2 1 1 1868 885 2230 2334
11293 4 2 1 1 1105 1116 1106 1893
11294 4 2 1 1 436 434 438 2062
11295 4 2 1 1 1118 1114 1126 2271
11296 4 2 1 1 1775 2085 1385 2356
11297 4 2 1 1 1438 2088 1692 2141
11298 4 2 1 1 785 874 815 1964
11299 4 2 1 1 1149 2155 1148 2308
11300 4 2 1 1 929 970 1010 2231
11301 4 2 1 1 1109 1108 2000 2353
11302 4 2 1 1 960 698 732 2086
11303 4 2 1 1 1388 1633 2165 2341
11304 4 2 1 1 1032 1263 28 2216
11305 4 2 1 1 590 2027 575 2335
11306 4 2 1 1 1500 2104 1691 2269
11307 4 2 1 1 1863 2124 1671 2232
11308 4 2 1 1 792 1976 794 2317
11309 4 2 1 1 410 411 368 2278
11310 4 2 1 1 290 89 662 2125
11311 4 2 1 1 1012 610 160 1270
11312 4 2 1 1 786 875 874 1941
11313 4 2 1 1 739 1008 862 1953
11314 4 2 1 1 722 723 735 2303
11315 4 2 1 1 174 244 28 2216
11316 4 2 1 1 223 222 194 1920
11317 4 2 1 1 1058 1056 1057 2198
11318 4 2 1 1 1123 1242 1086 2312
11319 4 2 1 1 1357 1254 1085 2145
11320 4 2 1 1 978 672 826 1843
11321 4 2 1 1 512 959 107 987
11322 4 2 1 1 1264 1359 1021 2129
11323 4 2 1 1 470 471 458 2272
11324 4 2 1 1 106 987 669 490
11325 4 2 1 1 1233 1027 1234 1835
11326 4 2 1 1 353 340 405 2188
11327 4 2 1 1 870 869 868 2038
11328 4 2 1 1 905 2120 888 2340
11329 4 2 1 1 967 1772 712 2254
11330 4 2 1 1 1396 1658 2134 2247
11331 4 2 1 1 1061 1059 1062 1914
11332 4 2 1 1 1827 1845 1547 2295
11333 4 2 1 1 236 239 2128 2343
11334 4 2 1 1 1777 1433 2156 2246
11335 4 2 1 1 1302 1246 1305 1857
11336 4 2 1 1 1286 1013 1293 2061
11337 4 2 1 1 855 853 854 2133
11338 4 2 1 1 1270 1201 2105 2217
11339 4 2 1 1 419 507 493 2326
11340 4 2 1 1 372 310 309 2152
11341 4 2 1 1 1047 1046 1048 2338
11342 4 2 1 1 321 408 323 2241
11343 4 2 1 1 1217 153 1343 2109
11344 4 2 1 1 813 883 974 1878
11345 4 2 1 1 1248 1124 1285 1819
11346 4 2 1 1 1028 243 1328 2072
11347 4 2 1 1 1518 1836 2024 2194
11348 4 2 1 1 1304 1299 1154 2211
11349 4 2 1 1 1450 2218 1840 2264
11350 4 2 1 1 705 905 708 2262
11351 4 2 1 1 1823 1840 1490 2327
11352 4 2 1 1 1055 1056 1060 2070
11353 4 2 1 1 1096 1081 1274 2074
11354 4 2 1 1 197 2019 195 2347
11355 4 2 1 1 372 294 395 1913
11356 4 2 1 1 345 356 330 2164
11357 4 2 1 1 1108 1075 2339 2353
11358 4 2 1 1 604 653 1944 2236
11359 4 2 1 1 708 706 705 1786
11360 4 2 1 1 883 2230 885 2334
11361 4 2 1 1 1045 1104 1284 2150
11362 4 2 1 1 1726 1968 1409 2185
11363 4 2 1 1 292 396 373 2242
11364 4 2 1 1 1519 2060 1803 2147
11365 4 2 1 1 1721 1951 1496 2285
11366 4 2 1 1 1544 2276 1935 2287
11367 4 2 1 1 1373 2182 1994 2342
11368 4 2 1 1 98 677 296 2219
11369 4 2 1 1 393 354 382 2082
11370 4 2 1 1 951 889 667 2018
11371 4 2 1 1 1768 1887 1427 2231
11372 4 2 1 1 1261 1080 1072 1858
11373 4 2 1 1 202 200 253 2294
11374 4 2 1 1 1004 2060 957 2316
11375 4 2 1 1 617 537 646 1824
11376 4 2 1 1 1434 2244 1651 2260
11377 4 2 1 1 1220 1157 1221 2102
11378 4 2 1 1 600 638 627 2082
11379 4 2 1 1 1237 70 1013 389
11380 4 2 1 1 1070 1145 1064 2046
11381 4 2 1 1 445 463 491 2169
11382 4 2 1 1 616 571 569 2320
11383 4 2 1 1 794 1807 840 2302
11384 4 2 1 1 486 2029 450 2154
11385 4 2 1 1 1329 1016 1179 2291
11386 4 2 1 1 847 673 993 2110
11387 4 2 1 1 1583 1915 1813 2174
11388 4 2 1 1 1086 2312 1074 2336
11389 4 2 1 1 743 757 801 2156
11390 4 2 1 1 1082 1086 1074 2336
11391 4 2 1 1 1586 2053 1845 2251
11392 4 2 1 1 1379 2098 1895 2214
11393 4 2 1 1 1038 1188 1037 1776
11394 4 2 1 1 1251 1322 1187 2292
11395 4 2 1 1 990 425 116 943
11396 4 2 1 1 775 894 947 2199
11397 4 2 1 1 404 65 1249 294
11398 4 2 1 1 808 2302 1650 2317
11399 4 2 1 1 1280 1292 1168 2245
11400 4 2 1 1 1919 2163 1660 2315
11401 4 2 1 1 1234 1324 1158 2264
11402 4 2 1 1 793 808 985 2317
11403 4 2 1 1 892 733 721 2279
11404 4 2 1 1 1340 1362 1214 2345
11405 4 2 1 1 1369 1864 2012 2251
11406 4 2 1 1 556 587 588 1924
11407 4 2 1 1 170 272 238 1873
11408 4 2 1 1 1254 2145 1047 2338
11409 4 2 1 1 1067 1851 1068 2097
11410 4 2 1 1 303 478 59 513
11411 4 2 1 1 705 706 704 2322
11412 4 2 1 1 704 928 922 2322
11413 4 2 1 1 928 706 716 2322
11414 4 2 1 1 1083 1078 1079 1904
11415 4 2 1 1 140 624 540 2189
11416 4 2 1 1 1083 1079 1262 1904
11417 4 2 1 1 1443 2039 2163 2239
11418 4 2 1 1 197 195 196 2347
11419 4 2 1 1 1303 1240 1144 2220
11420 4 2 1 1 781 776 760 2285
11421 4 2 1 1 1451 1660 2243 2263
11422 4 2 1 1 259 253 200 1956
11423 4 2 1 1 618 535 650 1779
11424 4 2 1 1 892 767 733 2279
11425 4 2 1 1 645 628 1355 2256
11426 4 2 1 1 970 929 812 2231
11427 4 2 1 1 818 817 824 1919
11428 4 2 1 1 1397 2276 1955 2287
11429 4 2 1 1 1432 1848 2181 2238
11430 4 2 1 1 107 418 959 512
11431 4 2 1 1 1565 1704 2253 2309
11432 4 2 1 1 590 602 541 2335
11433 4 2 1 1 494 495 526 2204
11434 4 2 1 1 229 197 261 2321
11435 4 2 1 1 339 309 311 2152
11436 4 2 1 1 1040 1030 1269 1830
11437 4 2 1 1 1625 2035 1766 2055
11438 4 2 1 1 321 1910 408 2241
11439 4 2 1 1 1271 1238 1106 2281
11440 4 2 1 1 646 617 1824 2228
11441 4 2 1 1 1419 1845 2053 2251
11442 4 2 1 1 1535 1816 2026 2159
11443 4 2 1 1 1184 1180 1361 2166
11444 4 2 1 1 461 442 440 2250
11445 4 2 1 1 1691 2269 1704 2276
11446 4 2 1 1 796 906 892 2340
11447 4 2 1 1 624 140 986 2189
11448 4 2 1 1 735 736 2103 2303
11449 4 2 1 1 591 590 597 1939
11450 4 2 1 1 485 496 465 2277
11451 4 2 1 1 428 1723 481 2346
11452 4 2 1 1 1032 28 244 2216
11453 4 2 1 1 1659 2296 1486 2301
11454 4 2 1 1 796 905 888 2340
11455 4 2 1 1 904 662 89 2125
11456 4 2 1 1 339 342 398 1940
11457 4 2 1 1 884 816 976 2230
11458 4 2 1 1 1109 1110 1111 2000
11459 4 2 1 1 1322 1180 1166 2065
11460 4 2 1 1 1322 2065 1166 2292
11461 4 2 1 1 1471 2061 1710 2200
11462 4 2 1 1 1423 2078 1755 2325
11463 4 2 1 1 1343 603 154 1031
11464 4 2 1 1 16 1326 1034 181
11465 4 2 1 1 512 490 531 1727
11466 4 2 1 1 1788 2095 1572 2175
11467 4 2 1 1 1239 1256 1145 2096
11468 4 2 1 1 1095 1086 1082 2336
11469 4 2 1 1 348 1723 391 2346
11470 4 2 1 1 906 888 909 2340
11471 4 2 1 1 290 379 89 2125
11472 4 2 1 1 1451 2243 1941 2263
11473 4 2 1 1 481 480 464 1883
11474 4 2 1 1 1074 1242 1070 2312
11475 4 2 1 1 904 89 379 2125
11476 4 2 1 1 1066 1075 1076 2021
11477 4 2 1 1 957 1004 852 2060
11478 4 2 1 1 1592 2039 2163 2265
11479 4 2 1 1 451 526 449 2204
11480 4 2 1 1 800 783 799 2234
11481 4 2 1 1 221 247 172 2072
11482 4 2 1 1 1442 2151 2235 2288
11483 4 2 1 1 623 561 580 1876
11484 4 2 1 1 747 740 915 1949
11485 4 2 1 1 428 509 481 1723
11486 4 2 1 1 1461 1834 2113 2266
11487 4 2 1 1 1231 1129 1230 2232
11488 4 2 1 1 1254 1049 1085 2145
11489 4 2 1 1 652 159 535 1311
11490 4 2 1 1 752 771 788 2258
11491 4 2 1 1 1234 1161 2218 2264
11492 4 2 1 1 1490 1819 1998 2305
11493 4 2 1 1 1088 2021 1075 2353
11494 4 2 1 1 821 1010 987 1727
11495 4 2 1 1 228 258 1979 2270
11496 4 2 1 1 535 158 632 1311
11497 4 2 1 1 903 732 696 2052
11498 4 2 1 1 1501 2003 1776 2082
11499 4 2 1 1 750 769 770 2205
11500 4 2 1 1 82 382 302 2082
11501 4 2 1 1 188 190 189 2244
11502 4 2 1 1 547 627 82 2082
11503 4 2 1 1 1586 2012 2053 2251
11504 4 2 1 1 292 387 67 1295
11505 4 2 1 1 494 415 495 1959
11506 4 2 1 1 589 588 587 1924
11507 4 2 1 1 401 398 357 2207
11508 4 2 1 1 158 1339 632 1311
11509 4 2 1 1 1107 1060 1229 2070
11510 4 2 1 1 1143 1144 1141 2112
11511 4 2 1 1 1489 2219 1703 2299
11512 4 2 1 1 677 98 685 2219
11513 4 2 1 1 1433 1704 2246 2269
11514 4 2 1 1 1122 1121 1095 2111
11515 4 2 1 1 503 471 478 2272
11516 4 2 1 1 971 852 1004 2060
11517 4 2 1 1 1225 1226 1136 1988
11518 4 2 1 1 960 700 698 2086
11519 4 2 1 1 1336 1174 1264 2162
11520 4 2 1 1 1645 2235 2151 2288
11521 4 2 1 1 500 435 436 1965
11522 4 2 1 1 346 345 332 2164
11523 4 2 1 1 190 192 191 1990
11524 4 2 1 1 1397 1935 2276 2287
11525 4 2 1 1 1560 2176 1822 2178
11526 4 2 1 1 1439 2108 2057 2313
11527 4 2 1 1 484 115 670 990
11528 4 2 1 1 1162 1149 1148 2308
11529 4 2 1 1 1356 400 77 384
11530 4 2 1 1 633 594 532 2002
11531 4 2 1 1 1378 2025 2248 2252
11532 4 2 1 1 1481 2312 1928 2336
11533 4 2 1 1 287 392 350 1915
11534 4 2 1 1 271 169 233 2002
11535 4 2 1 1 70 1237 289 389
11536 4 2 1 1 878 2187 804 2224
11537 4 2 1 1 425 509 116 943
11538 4 2 1 1 111 494 666 415
11539 4 2 1 1 548 645 185 2256
11540 4 2 1 1 533 595 637 1915
11541 4 2 1 1 159 652 1012 1311
11542 4 2 1 1 826 672 977 1843
11543 4 2 1 1 1239 1257 1260 1946
11544 4 2 1 1 792 795 794 1976
11545 4 2 1 1 634 582 635 2217
11546 4 2 1 1 401 294 372 1913
11547 4 2 1 1 1272 1131 1097 1823
11548 4 2 1 1 1603 2108 1952 2355
11549 4 2 1 1 1443 2163 2039 2265
11550 4 2 1 1 1748 1431 2080 2191
11551 4 2 1 1 553 555 554 1831
11552 4 2 1 1 607 640 617 2006
11553 4 2 1 1 263 12 170 515
11554 4 2 1 1 762 761 744 2101
11555 4 2 1 1 258 180 228 1979
11556 4 2 1 1 289 390 389 2061
11557 4 2 1 1 1755 2078 1897 2325
11558 4 2 1 1 1173 1231 1329 2291
11559 4 2 1 1 113 417 994 2277
11560 4 2 1 1 1476 2217 1717 2324
11561 4 2 1 1 420 487 488 1835
11562 4 2 1 1 1263 1337 1264 1795
11563 4 2 1 1 572 605 583 1886
11564 4 2 1 1 1547 2041 1725 2295
11565 4 2 1 1 1227 1331 1025 2202
11566 4 2 1 1 1922 2028 1562 2340
11567 4 2 1 1 1424 1839 2051 2100
11568 4 2 1 1 883 974 1878 2334
11569 4 2 1 1 1054 1055 1053 2035
11570 4 2 1 1 810 840 794 1807
11571 4 2 1 1 436 435 434 1965
11572 4 2 1 1 324 371 361 2226
11573 4 2 1 1 1339 1018 157 2332
11574 4 2 1 1 347 348 349 2346
11575 4 2 1 1 1270 1024 1201 2217
11576 4 2 1 1 713 712 718 1773
11577 4 2 1 1 221 243 241 1697
11578 4 2 1 1 272 11 511 414
11579 4 2 1 1 1055 1054 1056 2035
11580 4 2 1 1 987 106 512 490
11581 4 2 1 1 1885 2252 1460 2337
11582 4 2 1 1 817 764 983 2354
11583 4 2 1 1 2021 2339 1075 2353
11584 4 2 1 1 422 479 508 1817
11585 4 2 1 1 1377 2083 1793 2157
11586 4 2 1 1 1277 1279 1248 1989
11587 4 2 1 1 819 2033 985 2260
11588 4 2 1 1 606 616 569 2320
11589 4 2 1 1 735 736 749 2103
11590 4 2 1 1 12 170 515 414
11591 4 2 1 1 1033 1341 1222 1817
11592 4 2 1 1 1151 1153 1286 2200
11593 4 2 1 1 265 16 1034 181
11594 4 2 1 1 663 885 976 2230
11595 4 2 1 1 1404 2026 1799 2192
11596 4 2 1 1 551 601 622 1838
11597 4 2 1 1 469 472 528 2170
11598 4 2 1 1 1608 1982 1888 2127
11599 4 2 1 1 451 465 526 2204
11600 4 2 1 1 604 536 653 2236
11601 4 2 1 1 1293 1150 1151 1982
11602 4 2 1 1 1274 1073 1077 1960
11603 4 2 1 1 400 644 83 547
11604 4 2 1 1 1451 1859 2215 2243
11605 4 2 1 1 1018 1251 156 649
11606 4 2 1 1 658 108 525 959
11607 4 2 1 1 652 610 160 1012
11608 4 2 1 1 313 310 362 2054
11609 4 2 1 1 1328 243 172 2072
11610 4 2 1 1 479 470 456 2036
11611 4 2 1 1 955 739 862 1953
11612 4 2 1 1 1058 1057 1059 2198
11613 4 2 1 1 112 496 839 666
11614 4 2 1 1 1133 1158 1298 2289
11615 4 2 1 1 1353 1315 118 426
11616 4 2 1 1 682 1002 54 184
11617 4 2 1 1 683 84 300 1001
11618 4 2 1 1 590 577 575 2027
11619 4 2 1 1 140 540 665 2189
11620 4 2 1 1 268 252 26 1334
11621 4 2 1 1 649 1251 156 537
11622 4 2 1 1 1024 634 534 2217
11623 4 2 1 1 1219 1216 1358 2091
11624 4 2 1 1 1919 2163 1497 2239
11625 4 2 1 1 1443 2163 1919 2239
11626 4 2 1 1 593 33 636 232
11627 4 2 1 1 642 612 568 2324
11628 4 2 1 1 1364 1842 1987 2300
11629 4 2 1 1 251 2267 196 2347
11630 4 2 1 1 142 614 958 2076
11631 4 2 1 1 503 478 518 1872
11632 4 2 1 1 426 475 517 1682
11633 4 2 1 1 1031 1251 1187 1824
11634 4 2 1 1 199 200 201 2294
11635 4 2 1 1 1681 2129 1463 2267
11636 4 2 1 1 1415 2135 1859 2243
11637 4 2 1 1 320 376 318 2116
11638 4 2 1 1 435 466 437 2210
11639 4 2 1 1 261 199 228 2321
11640 4 2 1 1 1165 1302 1305 1857
11641 4 2 1 1 243 181 241 1697
11642 4 2 1 1 246 173 248 1843
11643 4 2 1 1 653 605 585 2306
11644 4 2 1 1 348 391 428 2346
11645 4 2 1 1 161 1024 634 534
11646 4 2 1 1 1075 1088 1076 2021
11647 4 2 1 1 858 860 859 1829
11648 4 2 1 1 645 37 185 280
11649 4 2 1 1 397 323 367 2241
11650 4 2 1 1 140 665 986 2189
11651 4 2 1 1 539 614 142 2076
11652 4 2 1 1 142 659 539 2076
11653 4 2 1 1 1332 1227 1025 2202
11654 4 2 1 1 575 577 576 2027
11655 4 2 1 1 628 1217 1355 2256
11656 4 2 1 1 204 217 250 2201
11657 4 2 1 1 809 988 902 2140
11658 4 2 1 1 883 884 885 2230
11659 4 2 1 1 437 466 468 2210
11660 4 2 1 1 419 493 499 2326
11661 4 2 1 1 1511 2084 2199 2280
11662 4 2 1 1 1186 1185 1175 1992
11663 4 2 1 1 639 643 543 2109
11664 4 2 1 1 1013 69 365 389
11665 4 2 1 1 183 237 273 1689
11666 4 2 1 1 302 547 82 2082
11667 4 2 1 1 858 856 857 2213
11668 4 2 1 1 372 339 401 2152
11669 4 2 1 1 968 916 1007 2123
11670 4 2 1 1 1839 2004 1365 2209
11671 4 2 1 1 1384 2172 1826 2297
11672 4 2 1 1 34 169 271 633
11673 4 2 1 1 285 174 27 1263
11674 4 2 1 1 524 468 466 2210
11675 4 2 1 1 1263 1264 1021 1795
11676 4 2 1 1 472 468 520 2170
11677 4 2 1 1 948 942 895 1927
11678 4 2 1 1 1365 2004 1839 2319
11679 4 2 1 1 287 533 80 637
11680 4 2 1 1 486 450 487 2154
11681 4 2 1 1 342 339 311 1940
11682 4 2 1 1 879 804 878 2187
11683 4 2 1 1 1037 1356 77 384
11684 4 2 1 1 407 365 396 2242
11685 4 2 1 1 907 908 925 2311
11686 4 2 1 1 1148 1115 1096 2155
11687 4 2 1 1 288 388 57 413
11688 4 2 1 1 871 984 819 2260
11689 4 2 1 1 170 11 272 414
11690 4 2 1 1 1729 2281 1561 2336
11691 4 2 1 1 853 851 854 2133
11692 4 2 1 1 98 296 352 2219
11693 4 2 1 1 500 416 527 1958
11694 4 2 1 1 653 585 651 1944
11695 4 2 1 1 701 703 704 2137
11696 4 2 1 1 352 685 98 2219
11697 4 2 1 1 461 499 442 2250
11698 4 2 1 1 933 930 734 1870
11699 4 2 1 1 637 80 287 392
11700 4 2 1 1 1515 1997 1921 2259
11701 4 2 1 1 106 669 530 490
11702 4 2 1 1 1327 2072 1232 2232
11703 4 2 1 1 1075 1265 1108 2339
11704 4 2 1 1 1028 18 1328 243
11705 4 2 1 1 1067 1068 1071 2097
11706 4 2 1 1 27 285 1263 1021
11707 4 2 1 1 328 330 356 1963
11708 4 2 1 1 1647 2199 2084 2280
11709 4 2 1 1 1048 2184 1049 2338
11710 4 2 1 1 749 736 897 2103
11711 4 2 1 1 1090 1076 1089 2307
11712 4 2 1 1 168 644 1356 629
11713 4 2 1 1 960 732 859 2316
11714 4 2 1 1 83 400 547 302
11715 4 2 1 1 348 428 56 2346
11716 4 2 1 1 844 688 686 2299
11717 4 2 1 1 449 526 495 2204
11718 4 2 1 1 707 713 756 2212
11719 4 2 1 1 1217 1218 1216 2109
11720 4 2 1 1 169 34 532 633
11721 4 2 1 1 1966 2176 1560 2178
11722 4 2 1 1 459 452 486 2029
11723 4 2 1 1 875 876 874 1941
11724 4 2 1 1 1624 2063 1977 2261
11725 4 2 1 1 1294 1275 1101 2225
11726 4 2 1 1 348 300 391 1723
11727 4 2 1 1 966 538 1896 2227
11728 4 2 1 1 936 893 737 2196
11729 4 2 1 1 930 800 945 1974
11730 4 2 1 1 825 973 681 2343
11731 4 2 1 1 240 245 224 1868
11732 4 2 1 1 1113 1103 1102 1978
11733 4 2 1 1 1060 1068 1067 1851
11734 4 2 1 1 843 673 845 2110
11735 4 2 1 1 863 864 689 2005
11736 4 2 1 1 608 581 650 2332
11737 4 2 1 1 1335 24 281 1014
11738 4 2 1 1 897 788 880 1906
11739 4 2 1 1 1812 2312 1481 2336
11740 4 2 1 1 413 388 57 505
11741 4 2 1 1 624 625 540 2189
11742 4 2 1 1 287 350 393 1915
11743 4 2 1 1 180 258 249 1979
11744 4 2 1 1 1093 1100 1262 1961
11745 4 2 1 1 306 308 377 1962
11746 4 2 1 1 638 595 533 1915
11747 4 2 1 1 1161 1321 1234 2218
11748 4 2 1 1 1937 2277 1638 2298
11749 4 2 1 1 142 958 659 2076
11750 4 2 1 1 480 467 457 1883
11751 4 2 1 1 1359 1334 1021 2129
11752 4 2 1 1 1216 1218 1358 2091
11753 4 2 1 1 496 113 839 2277
11754 4 2 1 1 1234 1132 1161 2264
11755 4 2 1 1 902 812 777 2140
11756 4 2 1 1 172 243 221 2072
11757 4 2 1 1 385 58 518 288
11758 4 2 1 1 545 592 593 1847
11759 4 2 1 1 890 795 792 1976
11760 4 2 1 1 1049 2145 1254 2338
11761 4 2 1 1 622 625 557 2268
11762 4 2 1 1 1018 1339 1361 2332
11763 4 2 1 1 503 458 471 2272
11764 4 2 1 1 1839 2004 1552 2319
11765 4 2 1 1 1196 1198 1348 2237
11766 4 2 1 1 909 907 906 2028
11767 4 2 1 1 251 196 193 2347
11768 4 2 1 1 505 56 428 2346
11769 4 2 1 1 1266 2193 1268 2352
11770 4 2 1 1 1980 2270 201 2294
11771 4 2 1 1 1004 957 732 2316
11772 4 2 1 1 818 763 1919 2315
11773 4 2 1 1 496 112 494 666
11774 4 2 1 1 437 468 469 2170
11775 4 2 1 1 565 563 621 2148
11776 4 2 1 1 1046 1045 1044 2171
11777 4 2 1 1 802 949 953 2009
11778 4 2 1 1 1024 1270 634 2217
11779 4 2 1 1 189 190 191 1990
11780 4 2 1 1 632 1339 157 2332
11781 4 2 1 1 1177 1334 1359 2129
11782 4 2 1 1 1179 1172 1173 2291
11783 4 2 1 1 200 198 259 1956
11784 4 2 1 1 955 829 954 2159
11785 4 2 1 1 655 653 536 2236
11786 4 2 1 1 1506 2134 1978 2247
11787 4 2 1 1 1271 1106 1117 1929
11788 4 2 1 1 338 325 397 1971
11789 4 2 1 1 56 505 388 2346
11790 4 2 1 1 699 932 697 1997
11791 4 2 1 1 772 761 762 2144
11792 4 2 1 1 1228 1226 1186 2290
11793 4 2 1 1 63 1023 357 2207
11794 4 2 1 1 20 255 282 1016
11795 4 2 1 1 1142 1140 1176 2089
11796 4 2 1 1 516 449 495 1899
11797 4 2 1 1 1270 610 160 634
11798 4 2 1 1 418 525 108 959
11799 4 2 1 1 675 901 902 1958
11800 4 2 1 1 748 693 924 1957
11801 4 2 1 1 669 901 105 530
11802 4 2 1 1 564 582 609 2138
11803 4 2 1 1 952 822 775 2126
11804 4 2 1 1 161 1024 1270 634
11805 4 2 1 1 205 207 248 1985
11806 4 2 1 1 933 914 913 2274
11807 4 2 1 1 1051 1053 1313 2055
11808 4 2 1 1 711 715 714 2160
11809 4 2 1 1 1048 1050 1049 2184
11810 4 2 1 1 38 1000 681 183
11811 4 2 1 1 1326 17 1028 243
11812 4 2 1 1 527 416 483 1958
11813 4 2 1 1 506 438 434 2062
11814 4 2 1 1 351 350 392 2174
11815 4 2 1 1 357 298 63 2207
11816 4 2 1 1 1244 1152 1112 2127
11817 4 2 1 1 1152 1151 1112 2127
11818 4 2 1 1 619 538 606 1896
11819 4 2 1 1 1092 1307 1209 2093
11820 4 2 1 1 462 490 489 2186
11821 4 2 1 1 1002 869 135 545
11822 4 2 1 1 373 317 315 1905
11823 4 2 1 1 58 518 288 413
11824 4 2 1 1 484 467 1828 2298
11825 4 2 1 1 886 877 746 1923
11826 4 2 1 1 583 656 642 2008
11827 4 2 1 1 511 528 472 1873
11828 4 2 1 1 1147 1265 1266 2193
11829 4 2 1 1 1086 1121 1123 1928
11830 4 2 1 1 244 283 278 2216
11831 4 2 1 1 415 516 495 1959
11832 4 2 1 1 1085 1206 1310 2011
11833 4 2 1 1 645 548 628 2256
11834 4 2 1 1 602 590 575 2335
11835 4 2 1 1 1364 1894 2058 2318
11836 4 2 1 1 889 951 879 2018
11837 4 2 1 1 1202 1316 1201 2105
11838 4 2 1 1 1474 2092 2025 2248
11839 4 2 1 1 1952 2037 1465 2355
11840 4 2 1 1 348 56 388 2346
11841 4 2 1 1 1229 1256 1239 2096
11842 4 2 1 1 530 901 105 416
11843 4 2 1 1 1433 2246 1777 2269
11844 4 2 1 1 1185 1186 1333 2290
11845 4 2 1 1 367 408 390 2241
11846 4 2 1 1 37 185 548 645
11847 4 2 1 1 1267 1266 1268 2352
11848 4 2 1 1 1283 1244 1147 2073
11849 4 2 1 1 589 548 630 2197
11850 4 2 1 1 1486 2296 1778 2301
11851 4 2 1 1 985 1005 871 2260
11852 4 2 1 1 583 642 570 2008
11853 4 2 1 1 632 157 608 2332
11854 4 2 1 1 371 324 326 1972
11855 4 2 1 1 714 710 711 2160
11856 4 2 1 1 1469 2058 1894 2318
11857 4 2 1 1 894 775 773 2199
11858 4 2 1 1 1042 1211 1210 2180
11859 4 2 1 1 799 878 804 2224
11860 4 2 1 1 1108 1088 1075 2353
11861 4 2 1 1 615 538 146 2227
11862 4 2 1 1 857 855 861 2283
11863 4 2 1 1 1209 1360 1092 2093
11864 4 2 1 1 1658 1978 2134 2247
11865 4 2 1 1 662 904 950 2125
11866 4 2 1 1 33 274 636 232
11867 4 2 1 1 281 171 24 1335
11868 4 2 1 1 1977 2063 1464 2261
11869 4 2 1 1 1269 291 73 2278
11870 4 2 1 1 290 380 379 2125
11871 4 2 1 1 615 616 538 2227
11872 4 2 1 1 266 280 1355 2256
11873 4 2 1 1 598 550 552 2030
11874 4 2 1 1 208 270 219 2233
11875 4 2 1 1 349 343 360 2329
11876 4 2 1 1 598 556 588 2350
11877 4 2 1 1 664 615 146 2227
11878 4 2 1 1 804 879 956 2187
11879 4 2 1 1 1013 1286 1237 2061
11880 4 2 1 1 773 772 762 2144
11881 4 2 1 1 784 766 765 2043
11882 4 2 1 1 685 686 677 2219
11883 4 2 1 1 365 337 364 2249
11884 4 2 1 1 1287 1137 1122 1973
11885 4 2 1 1 383 399 61 1354
11886 4 2 1 1 713 707 712 2254
11887 4 2 1 1 703 705 704 2137
11888 4 2 1 1 740 741 727 2273
11889 4 2 1 1 1230 1327 1232 2232
11890 4 2 1 1 219 247 210 2233
11891 4 2 1 1 1134 1121 1122 2111
11892 4 2 1 1 871 819 985 2260
11893 4 2 1 1 298 1246 63 2207
11894 4 2 1 1 329 327 359 1947
11895 4 2 1 1 1570 2181 2078 2238
11896 4 2 1 1 473 431 433 2173
11897 4 2 1 1 68 1297 407 2242
11898 4 2 1 1 604 653 651 1944
11899 4 2 1 1 905 881 888 2120
11900 4 2 1 1 797 938 894 2084
11901 4 2 1 1 297 87 679 2330
11902 4 2 1 1 1143 1159 1187 2167
11903 4 2 1 1 276 185 266 2256
11904 4 2 1 1 368 1020 73 2278
11905 4 2 1 1 450 486 452 2029
11906 4 2 1 1 1378 2025 2092 2248
11907 4 2 1 1 829 811 954 2159
11908 4 2 1 1 1387 2176 1966 2178
11909 4 2 1 1 1356 1189 168 629
11910 4 2 1 1 1040 1211 1042 2180
11911 4 2 1 1 761 751 744 2101
11912 4 2 1 1 1282 1267 1052 2090
11913 4 2 1 1 115 484 425 990
11914 4 2 1 1 355 899 87 2330
11915 4 2 1 1 346 332 350 2174
11916 4 2 1 1 239 215 236 2128
11917 4 2 1 1 560 581 558 2059
11918 4 2 1 1 252 216 251 2267
11919 4 2 1 1 250 270 206 2201
11920 4 2 1 1 1124 1090 1097 1998
11921 4 2 1 1 484 467 480 1828
11922 4 2 1 1 340 353 331 2188
11923 4 2 1 1 1269 73 1020 2278
11924 4 2 1 1 1049 1254 1047 2338
11925 4 2 1 1 1295 1297 68 2242
11926 4 2 1 1 378 318 376 2116
11927 4 2 1 1 18 172 1328 243
11928 4 2 1 1 647 589 630 2197
11929 4 2 1 1 236 235 239 2343
11930 4 2 1 1 992 822 952 2126
11931 4 2 1 1 1317 1181 1184 2166
11932 4 2 1 1 1355 280 645 2256
11933 4 2 1 1 292 1295 68 2242
11934 4 2 1 1 1176 1264 1337 2162
11935 4 2 1 1 1069 1063 1277 2050
11936 4 2 1 1 402 385 344 1872
11937 4 2 1 1 1528 2161 2083 2215
11938 4 2 1 1 185 226 267 2197
11939 4 2 1 1 1355 266 31 280
11940 4 2 1 1 101 1000 523 510
11941 4 2 1 1 250 217 269 2202
11942 4 2 1 1 1323 1292 1362 2245
11943 4 2 1 1 1144 1240 1141 2112
11944 4 2 1 1 539 623 614 2076
11945 4 2 1 1 937 783 800 2234
11946 4 2 1 1 1481 1812 2284 2312
11947 4 2 1 1 1017 1347 1194 2236
11948 4 2 1 1 1332 1025 269 2202
11949 4 2 1 1 579 606 567 2040
11950 4 2 1 1 639 543 628 2109
11951 4 2 1 1 272 237 238 1873
11952 4 2 1 1 189 177 188 2244
11953 4 2 1 1 793 792 794 2317
11954 4 2 1 1 266 1355 1036 2256
11955 4 2 1 1 63 1246 1023 2207
11956 4 2 1 1 1008 858 862 2213
11957 4 2 1 1 1080 1138 1094 2194
11958 4 2 1 1 1225 1135 1172 2190
11959 4 2 1 1 425 484 480 1828
11960 4 2 1 1 814 813 825 2075
11961 4 2 1 1 793 819 791 2033
11962 4 2 1 1 1294 1101 1301 2225
11963 4 2 1 1 146 538 966 2227
11964 4 2 1 1 113 496 417 2277
11965 4 2 1 1 17 1326 181 243
11966 4 2 1 1 199 201 228 2270
11967 4 2 1 1 426 118 1353 517
11968 4 2 1 1 1265 1268 1266 2193
11969 4 2 1 1 184 1002 54 274
11970 4 2 1 1 856 859 957 2316
11971 4 2 1 1 407 292 68 2242
11972 4 2 1 1 1148 1149 1115 2155
11973 4 2 1 1 1038 299 75 2349
11974 4 2 1 1 818 763 817 1919
11975 4 2 1 1 781 834 776 2285
11976 4 2 1 1 696 698 697 1921
11977 4 2 1 1 447 449 516 1899
11978 4 2 1 1 343 311 360 2329
11979 4 2 1 1 391 300 84 1001
11980 4 2 1 1 1243 1146 1102 2067
11981 4 2 1 1 758 754 755 2106
11982 4 2 1 1 241 242 218 1932
11983 4 2 1 1 1120 1139 1100 2314
11984 4 2 1 1 472 469 468 2170
11985 4 2 1 1 1032 1337 1263 2216
11986 4 2 1 1 690 692 691 2048
11987 4 2 1 1 1030 75 358 2349
11988 4 2 1 1 352 296 345 2219
11989 4 2 1 1 1197 1198 1196 2237
11990 4 2 1 1 368 73 291 2278
11991 4 2 1 1 1003 301 100 412
11992 4 2 1 1 579 565 621 2148
11993 4 2 1 1 799 940 878 2224
11994 4 2 1 1 479 456 454 2036
11995 4 2 1 1 195 197 229 2019
11996 4 2 1 1 23 254 1014 1332
11997 4 2 1 1 735 723 736 2303
11998 4 2 1 1 1313 1053 1320 2055
11999 4 2 1 1 1334 25 268 1335
12000 4 2 1 1 496 485 417 2277
12001 4 2 1 1 1162 1148 1273 2308
12002 4 2 1 1 1000 38 273 183
12003 4 2 1 1 224 211 213 1999
12004 4 2 1 1 684 301 100 1003
12005 4 2 1 1 1269 1020 1211 2278
12006 4 2 1 1 789 727 741 2273
12007 4 2 1 1 1234 1158 1132 2264
12008 4 2 1 1 1270 1201 1316 2105
12009 4 2 1 1 1347 1026 1194 2236
12010 4 2 1 1 1171 1342 1241 2139
12011 4 2 1 1 529 427 134 1354
12012 4 2 1 1 1153 1281 1286 2200
12013 4 2 1 1 839 837 838 2277
12014 4 2 1 1 833 832 980 2263
12015 4 2 1 1 1312 498 124 2345
12016 4 2 1 1 899 679 87 2330
12017 4 2 1 1 975 674 885 2334
12018 4 2 1 1 372 309 339 2152
12019 4 2 1 1 1289 1273 1288 2143
12020 4 2 1 1 833 980 875 2263
12021 4 2 1 1 1169 1309 1346 1969
12022 4 2 1 1 818 886 763 2315
12023 4 2 1 1 926 743 801 2156
12024 4 2 1 1 297 355 87 2330
12025 4 2 1 1 1025 178 269 2202
12026 4 2 1 1 1163 1297 1295 2242
12027 4 2 1 1 1036 266 31 1355
12028 4 2 1 1 794 2302 808 2317
12029 4 2 1 1 694 903 696 2052
12030 4 2 1 1 254 269 217 1767
12031 4 2 1 1 1109 1088 1108 2353
12032 4 2 1 1 152 1355 645 628
12033 4 2 1 1 1035 383 61 1354
12034 4 2 1 1 101 1000 510 962
12035 4 2 1 1 1141 1140 1142 2089
12036 4 2 1 1 609 562 564 2138
12037 4 2 1 1 1227 1226 1225 1988
12038 4 2 1 1 178 1025 21 1330
12039 4 2 1 1 431 473 474 2173
12040 4 2 1 1 835 834 836 2255
12041 4 2 1 1 836 942 835 2255
12042 4 2 1 1 616 578 571 2069
12043 4 2 1 1 1232 1028 1328 2072
12044 4 2 1 1 636 1002 135 545
12045 4 2 1 1 585 574 576 2306
12046 4 2 1 1 966 671 995 1896
12047 4 2 1 1 417 2277 485 2298
12048 4 2 1 1 279 1353 118 517
12049 4 2 1 1 658 492 109 961
12050 4 2 1 1 1030 1038 75 2349
12051 4 2 1 1 1117 1116 1127 2304
12052 4 2 1 1 455 467 485 2298
12053 4 2 1 1 798 941 940 2099
12054 4 2 1 1 284 267 226 2197
12055 4 2 1 1 282 178 21 1330
12056 4 2 1 1 899 949 679 2330
12057 4 2 1 1 1039 1038 1030 2349
12058 4 2 1 1 297 306 355 2330
12059 4 2 1 1 1353 118 1 279
12060 4 2 1 1 972 1007 823 1959
12061 4 2 1 1 22 1332 1025 269
12062 4 2 1 1 461 502 498 2345
12063 4 2 1 1 439 462 489 2186
12064 4 2 1 1 1237 71 70 289
12065 4 2 1 1 857 861 830 2283
12066 4 2 1 1 966 664 146 2227
12067 4 2 1 1 1057 1267 1268 2352
12068 4 2 1 1 522 391 84 1001
12069 4 2 1 1 87 86 297 679
12070 4 2 1 1 986 665 1009 2189
12071 4 2 1 1 212 221 214 2118
12072 4 2 1 1 899 87 88 355
12073 4 2 1 1 178 22 1025 269
12074 4 2 1 1 322 324 361 2226
12075 4 2 1 1 636 545 593 1847
12076 4 2 1 1 896 91 92 295
12077 4 2 1 1 662 88 89 290
12078 4 2 1 1 633 593 594 2002
12079 4 2 1 1 304 86 85 895
12080 4 2 1 1 904 89 90 379
12081 4 2 1 1 967 712 702 2254
12082 4 2 1 1 206 204 250 2201
12083 4 2 1 1 271 233 232 2002
12084 4 2 1 1 659 958 999 2076
12085 4 2 1 1 555 607 617 2006
12086 4 2 1 1 1184 1361 1339 2332
12087 4 2 1 1 358 75 299 2349
12088 4 2 1 1 676 90 91 370
12089 4 2 1 1 381 97 96 920
12090 4 2 1 1 1009 665 969 2189
12091 4 2 1 1 369 96 95 667
12092 4 2 1 1 756 713 910 2212
12093 4 2 1 1 522 84 6 1001
12094 4 2 1 1 867 53 52 187
12095 4 2 1 1 293 95 94 889
12096 4 2 1 1 1180 1184 1181 2166
12097 4 2 1 1 296 98 97 677
12098 4 2 1 1 331 353 341 2188
12099 4 2 1 1 374 94 93 935
12100 4 2 1 1 874 978 815 1964
12101 4 2 1 1 375 93 92 660
12102 4 2 1 1 1180 1167 1166 2065
12103 4 2 1 1 65 64 1249 294
12104 4 2 1 1 279 15 1353 265
12105 4 2 1 1 25 171 268 1335
12106 4 2 1 1 612 635 654 2324
12107 4 2 1 1 937 933 913 2274
12108 4 2 1 1 228 201 258 2270
12109 4 2 1 1 627 547 600 2082
12110 4 2 1 1 302 382 354 2082
12111 4 2 1 1 777 809 902 2140
12112 4 2 1 1 1126 1114 1164 2271
12113 4 2 1 1 553 622 557 2268
12114 4 2 1 1 481 519 505 2346
12115 4 2 1 1 847 845 673 2110
12116 4 2 1 1 218 214 241 1932
12117 4 2 1 1 81 82 627 382
12118 4 2 1 1 151 546 1003 657
12119 4 2 1 1 687 686 688 2299
12120 4 2 1 1 1349 1187 1159 2167
12121 4 2 1 1 1104 1318 1284 2150
12122 4 2 1 1 574 585 605 2306
12123 4 2 1 1 67 68 292 1295
12124 4 2 1 1 1214 1156 1213 2136
12125 4 2 1 1 251 216 196 2267
12126 4 2 1 1 1354 427 134 1314
12127 4 2 1 1 505 428 481 2346
12128 4 2 1 1 1024 161 162 534
12129 4 2 1 1 480 457 464 1883
12130 4 2 1 1 422 131 132 1033
12131 4 2 1 1 1119 1120 1100 2314
12132 4 2 1 1 1037 77 76 384
12133 4 2 1 1 1322 1166 1187 2292
12134 4 2 1 1 886 745 763 2315
12135 4 2 1 1 1003 546 151 842
12136 4 2 1 1 1038 76 75 299
12137 4 2 1 1 819 793 985 2033
12138 4 2 1 1 429 273 10 237
12139 4 2 1 1 142 141 958 614
12140 4 2 1 1 1222 1221 1157 2102
12141 4 2 1 1 1154 1212 1304 2211
12142 4 2 1 1 212 247 221 2118
12143 4 2 1 1 916 968 807 2123
12144 4 2 1 1 244 174 283 2216
12145 4 2 1 1 522 117 509 1001
12146 4 2 1 1 682 54 53 184
12147 4 2 1 1 152 1355 628 1217
12148 4 2 1 1 873 923 934 2179
12149 4 2 1 1 498 502 124 2345
12150 4 2 1 1 908 907 789 2311
12151 4 2 1 1 144 145 619 671
12152 4 2 1 1 680 52 51 177
12153 4 2 1 1 148 149 541 673
12154 4 2 1 1 1363 1346 1309 1969
12155 4 2 1 1 75 74 1030 358
12156 4 2 1 1 110 972 961 514
12157 4 2 1 1 367 323 408 2241
12158 4 2 1 1 498 124 125 1312
12159 4 2 1 1 300 85 84 683
12160 4 2 1 1 345 330 332 2164
12161 4 2 1 1 601 138 139 900
12162 4 2 1 1 136 135 869 545
12163 4 2 1 1 1327 1028 1232 2072
12164 4 2 1 1 274 1002 32 636
12165 4 2 1 1 808 794 840 2302
12166 4 2 1 1 1241 120 119 430
12167 4 2 1 1 1269 74 73 291
12168 4 2 1 1 1230 1232 1231 2232
12169 4 2 1 1 1240 1303 1083 2220
12170 4 2 1 1 598 588 594 2350
12171 4 2 1 1 1056 1229 1060 2070
12172 4 2 1 1 771 752 760 2258
12173 4 2 1 1 1292 1323 1168 2245
12174 4 2 1 1 182 30 29 1215
12175 4 2 1 1 1171 1241 1350 2139
12176 4 2 1 1 584 554 617 2228
12177 4 2 1 1 235 236 183 2343
12178 4 2 1 1 1331 1225 1172 2190
12179 4 2 1 1 197 199 261 2321
12180 4 2 1 1 535 159 158 1311
12181 4 2 1 1 612 654 568 2324
12182 4 2 1 1 1020 73 72 368
12183 4 2 1 1 167 168 1189 629
12184 4 2 1 1 155 156 1251 537
12185 4 2 1 1 99 98 352 685
12186 4 2 1 1 1176 1336 1264 2162
12187 4 2 1 1 110 972 514 415
12188 4 2 1 1 917 51 50 234
12189 4 2 1 1 147 146 664 615
12190 4 2 1 1 174 28 27 1263
12191 4 2 1 1 4 32 1002 636
12192 4 2 1 1 208 219 210 2233
12193 4 2 1 1 1002 32 4 274
12194 4 2 1 1 1015 130 129 497
12195 4 2 1 1 1117 1127 1128 2304
12196 4 2 1 1 711 708 905 2262
12197 4 2 1 1 870 868 1005 2038
12198 4 2 1 1 681 39 38 183
12199 4 2 1 1 487 450 448 2154
12200 4 2 1 1 1065 1265 1075 2339
12201 4 2 1 1 502 1340 124 2345
12202 4 2 1 1 36 37 185 548
12203 4 2 1 1 1158 1324 1309 2289
12204 4 2 1 1 1034 1353 15 265
12205 4 2 1 1 857 862 858 2213
12206 4 2 1 1 1343 1218 1217 2109
12207 4 2 1 1 943 509 117 1001
12208 4 2 1 1 186 517 13 475
12209 4 2 1 1 428 348 56 391
12210 4 2 1 1 1236 72 71 366
12211 4 2 1 1 1221 1321 1161 2218
12212 4 2 1 1 1048 1049 1047 2338
12213 4 2 1 1 668 50 49 262
12214 4 2 1 1 1312 124 1340 2345
12215 4 2 1 1 357 63 64 1023
12216 4 2 1 1 1086 1242 1074 2312
12217 4 2 1 1 102 103 891 424
12218 4 2 1 1 200 202 201 2294
12219 4 2 1 1 859 732 957 2316
12220 4 2 1 1 1026 165 166 604
12221 4 2 1 1 664 966 849 2227
12222 4 2 1 1 1255 127 126 507
12223 4 2 1 1 6 55 391 522
12224 4 2 1 1 997 814 825 2075
12225 4 2 1 1 620 143 144 921
12226 4 2 1 1 138 137 678 542
12227 4 2 1 1 706 928 704 2322
12228 4 2 1 1 279 118 1 517
12229 4 2 1 1 128 127 1027 488
12230 4 2 1 1 484 417 467 2298
12231 4 2 1 1 523 1000 2 273
12232 4 2 1 1 121 122 482 1252
12233 4 2 1 1 646 584 617 2228
12234 4 2 1 1 119 118 1315 426
12235 4 2 1 1 1302 1023 1246 2207
12236 4 2 1 1 132 133 477 1245
12237 4 2 1 1 906 796 888 2340
12238 4 2 1 1 492 525 491 2169
12239 4 2 1 1 301 100 99 684
12240 4 2 1 1 659 143 142 539
12241 4 2 1 1 391 84 6 522
12242 4 2 1 1 901 104 105 416
12243 4 2 1 1 279 1 14 517
12244 4 2 1 1 547 82 83 302
12245 4 2 1 1 918 1006 817 2354
12246 4 2 1 1 196 195 193 2347
12247 4 2 1 1 80 81 533 287
12248 4 2 1 1 244 29 28 1032
12249 4 2 1 1 1310 1357 1085 2011
12250 4 2 1 1 1355 1217 1036 2256
12251 4 2 1 1 961 492 109 514
12252 4 2 1 1 350 351 346 2174
12253 4 2 1 1 974 885 674 2334
12254 4 2 1 1 883 885 974 2334
12255 4 2 1 1 178 250 269 2202
12256 4 2 1 1 288 57 58 413
12257 4 2 1 1 421 122 123 1022
12258 4 2 1 1 139 140 540 665
12259 4 2 1 1 398 298 357 2207
12260 4 2 1 1 62 63 298 1246
12261 4 2 1 1 1351 1067 1071 2097
12262 4 2 1 1 793 794 808 2317
12263 4 2 1 1 1049 1050 1051 2184
12264 4 2 1 1 125 126 419 1011
12265 4 2 1 1 179 42 43 663
12266 4 2 1 1 546 150 151 842
12267 4 2 1 1 707 702 712 2254
12268 4 2 1 1 513 60 303 399
12269 4 2 1 1 613 164 163 1017
12270 4 2 1 1 491 463 492 2169
12271 4 2 1 1 661 47 46 180
12272 4 2 1 1 994 837 839 2277
12273 4 2 1 1 1340 1214 1312 2345
12274 4 2 1 1 645 1355 3 280
12275 4 2 1 1 7 644 400 1356
12276 4 2 1 1 364 337 319 2249
12277 4 2 1 1 817 983 918 2354
12278 4 2 1 1 2 9 523 273
12279 4 2 1 1 348 388 349 2346
12280 4 2 1 1 129 128 1233 420
12281 4 2 1 1 630 36 35 267
12282 4 2 1 1 24 254 281 1014
12283 4 2 1 1 1298 1158 1309 2289
12284 4 2 1 1 170 12 11 414
12285 4 2 1 1 31 30 266 1036
12286 4 2 1 1 185 280 266 2256
12287 4 2 1 1 674 41 40 176
12288 4 2 1 1 1029 121 120 423
12289 4 2 1 1 427 133 134 1314
12290 4 2 1 1 1002 4 54 274
12291 4 2 1 1 70 69 1013 389
12292 4 2 1 1 509 117 116 943
12293 4 2 1 1 254 24 23 1014
12294 4 2 1 1 78 386 631 657
12295 4 2 1 1 61 62 383 1035
12296 4 2 1 1 885 884 976 2230
12297 4 2 1 1 44 45 173 672
12298 4 2 1 1 467 417 485 2298
12299 4 2 1 1 981 49 48 175
12300 4 2 1 1 628 153 152 1217
12301 4 2 1 1 982 48 47 257
12302 4 2 1 1 1000 38 2 273
12303 4 2 1 1 1329 1179 1173 2291
12304 4 2 1 1 608 650 632 2332
12305 4 2 1 1 484 115 114 670
12306 4 2 1 1 291 410 368 2278
12307 4 2 1 1 386 78 412 657
12308 4 2 1 1 67 66 1019 387
12309 4 2 1 1 169 34 35 532
12310 4 2 1 1 137 136 989 549
12311 4 2 1 1 155 154 603 1031
12312 4 2 1 1 1034 15 16 265
12313 4 2 1 1 68 69 407 1297
12314 4 2 1 1 112 111 494 666
12315 4 2 1 1 1002 135 4 636
12316 4 2 1 1 492 109 108 658
12317 4 2 1 1 146 145 966 538
12318 4 2 1 1 1250 66 65 404
12319 4 2 1 1 492 108 525 658
12320 4 2 1 1 1186 1226 1333 2290
12321 4 2 1 1 45 46 249 979
12322 4 2 1 1 246 43 44 977
12323 4 2 1 1 496 113 112 839
12324 4 2 1 1 14 279 517 186
12325 4 2 1 1 240 41 42 975
12326 4 2 1 1 23 254 1332 269
12327 4 2 1 1 55 428 391 522
12328 4 2 1 1 59 60 303 513
12329 4 2 1 1 418 108 107 959
12330 4 2 1 1 624 140 141 986
12331 4 2 1 1 21 22 1025 178
12332 4 2 1 1 510 102 101 962
12333 4 2 1 1 166 167 1344 544
12334 4 2 1 1 148 147 993 626
12335 4 2 1 1 1270 160 161 634
12336 4 2 1 1 5 399 529 1354
12337 4 2 1 1 543 154 153 1343
12338 4 2 1 1 518 59 58 385
12339 4 2 1 1 358 299 405 2349
12340 4 2 1 1 634 635 534 2217
12341 4 2 1 1 675 103 104 483
12342 4 2 1 1 597 149 150 991
12343 4 2 1 1 973 40 39 235
12344 4 2 1 1 9 523 273 429
12345 4 2 1 1 502 123 124 1340
12346 4 2 1 1 1341 131 130 508
12347 4 2 1 1 263 13 12 515
12348 4 2 1 1 396 292 407 2242
12349 4 2 1 1 273 10 9 429
12350 4 2 1 1 517 13 14 186
12351 4 2 1 1 611 163 162 1319
12352 4 2 1 1 1355 31 3 280
12353 4 2 1 1 255 20 19 1016
12354 4 2 1 1 399 5 61 1354
12355 4 2 1 1 400 77 7 1356
12356 4 2 1 1 511 10 11 272
12357 4 2 1 1 1028 17 18 243
12358 4 2 1 1 808 840 996 2302
12359 4 2 1 1 428 56 55 391
12360 4 2 1 1 652 160 159 1012
12361 4 2 1 1 32 33 274 636
12362 4 2 1 1 285 27 26 1021
12363 4 2 1 1 388 56 57 505
12364 4 2 1 1 165 164 536 1347
12365 4 2 1 1 644 83 7 400
12366 4 2 1 1 79 80 637 392
12367 4 2 1 1 399 513 60 529
12368 4 2 1 1 109 110 961 514
12369 4 2 1 1 271 33 34 633
12370 4 2 1 1 644 7 168 1356
12371 4 2 1 1 3 152 1355 645
12372 4 2 1 1 669 105 106 530
12373 4 2 1 1 16 17 1326 181
12374 4 2 1 1 79 78 386 631
12375 4 2 1 1 156 157 1018 649
12376 4 2 1 1 116 115 425 990
12377 4 2 1 1 412 8 1003 657
12378 4 2 1 1 134 5 529 1354
12379 4 2 1 1 1003 100 8 412
12380 4 2 1 1 25 24 171 1335
12381 4 2 1 1 26 25 268 1334
12382 4 2 1 1 645 3 37 280
12383 4 2 1 1 114 113 417 994
12384 4 2 1 1 972 110 111 415
12385 4 2 1 1 172 19 18 1328
12386 4 2 1 1 1000 2 101 523
12387 4 2 1 1 8 151 1003 657
12388 4 2 1 1 157 158 1339 632
12389 4 2 1 1 512 107 106 987
12390 4 2 1 1 1332 22 23 269
12391 4 2 1 1 1353 1 15 279
12392 4 2 1 1 6 117 522 1001
12393 4 2 1 1 399 60 5 529
12394 4 2 1 1 282 21 20 1330
12395 4 2 1 1 412 78 8 657
12396 4 2 1 1 1969 2136 1213 1169
12397 4 2 1 1 1213 2136 1969 1623
12398 4 2 1 1 1858 1107 1946 1575
12399 4 2 1 1 1858 1946 1107 1261
12400 4 2 1 1 2058 1993 1641 1384
12401 4 2 1 1 2058 1641 1993 1469
12402 4 2 1 1 738 1906 752 897
12403 4 2 1 1 752 1906 738 1709
12404 4 2 1 1 1725 2333 2131 1437
12405 4 2 1 1 2131 2333 1725 2295
12406 4 2 1 1 2131 2041 1725 1437
12407 4 2 1 1 1725 2041 2131 2295
12408 4 2 1 1 2171 1832 2225 1275
12409 4 2 1 1 2171 2225 1832 1484
12410 4 2 1 1 1827 335 1725 314
12411 4 2 1 1 1827 1725 335 1491
12412 4 2 1 1 1727 501 418 1527
12413 4 2 1 1 1727 418 501 531
12414 4 2 1 1 2195 2264 1521 1450
12415 4 2 1 1 1521 2264 2195 1520
12416 4 2 1 1 1914 1065 2296 1673
12417 4 2 1 1 1914 2296 1065 1062
12418 4 2 1 1 1922 1381 2177 1573
12419 4 2 1 1 1922 2177 1381 1562
12420 4 2 1 1 1899 445 1938 1597
12421 4 2 1 1 1899 1938 445 447
12422 4 2 1 1 786 2043 785 784
12423 4 2 1 1 785 2043 786 1619
12424 4 2 1 1 2035 2090 1054 1574
12425 4 2 1 1 1054 2090 2035 1052
12426 4 2 1 1 1843 179 225 246
12427 4 2 1 1 1843 225 179 1546
12428 4 2 1 1 1759 1212 1942 1278
12429 4 2 1 1 1759 1942 1212 1510
12430 4 2 1 1 2107 915 1753 730
12431 4 2 1 1 2107 1753 915 1949
12432 4 2 1 1 626 2227 578 615
12433 4 2 1 1 578 2227 626 1601
12434 4 2 1 1 1381 2191 1890 1662
12435 4 2 1 1 1890 2191 1381 2080
12436 4 2 1 1 338 2278 411 410
12437 4 2 1 1 411 2278 338 1609
12438 4 2 1 1 1801 1200 1203 1477
12439 4 2 1 1 1801 1203 1200 1202
12440 4 2 1 1 2064 2113 1430 1814
12441 4 2 1 1 1430 2113 2064 1514
12442 4 2 1 1 1925 1684 1604 1398
12443 4 2 1 1 1925 1604 1684 1804
12444 4 2 1 1 1811 1936 1756 1582
12445 4 2 1 1 1756 1936 1811 1467
12446 4 2 1 1 1818 2250 1903 1478
12447 4 2 1 1 1903 2250 1818 442
12448 4 2 1 1 738 2103 1906 897
12449 4 2 1 1 1906 2103 738 1559
12450 4 2 1 1 2238 1506 1854 1898
12451 4 2 1 1 1999 209 1587 1861
12452 4 2 1 1 1999 1587 209 211
12453 4 2 1 1 1393 2352 1467 1574
12454 4 2 1 1 1467 2352 1393 1673
12455 4 2 1 1 2187 1495 2224 1734
12456 4 2 1 1 2187 2224 1495 1543
12457 4 2 1 1 2270 1660 2263 1782
12458 4 2 1 1 2270 2263 1660 1451
12459 4 2 1 1 1798 2146 1804 1684
12460 4 2 1 1 1804 2146 1798 1422
12461 4 2 1 1 2171 1048 1275 1046
12462 4 2 1 1 2171 1275 1048 1653
12463 4 2 1 1 2155 1105 1699 1115
12464 4 2 1 1 2155 1699 1105 1485
12465 4 2 1 1 1886 573 574 1600
12466 4 2 1 1 1886 574 573 572
12467 4 2 1 1 2219 684 841 1730
12468 4 2 1 1 2219 841 684 685
12469 4 2 1 1 582 2351 2217 1533
12470 4 2 1 1 582 2217 2351 1476
12471 4 2 1 1 2105 2217 2351 1533
12472 4 2 1 1 2105 2351 2217 1476
12473 4 2 1 1 1882 1995 1758 1438
12474 4 2 1 1 1758 1995 1882 1473
12475 4 2 1 1 2076 963 1749 1502
12476 4 2 1 1 2076 1749 963 659
12477 4 2 1 1 2260 1487 2038 1651
12478 4 2 1 1 2260 2038 1487 1650
12479 4 2 1 1 1741 962 997 891
12480 4 2 1 1 1741 997 962 1689
12481 4 2 1 1 2296 1062 1486 1778
12482 4 2 1 1 2296 1486 1062 1914
12483 4 2 1 1 2290 1136 1494 1228
12484 4 2 1 1 2290 1494 1136 1988
12485 4 2 1 1 2256 1215 1216 1036
12486 4 2 1 1 2256 1216 1215 1763
12487 4 2 1 1 1767 202 204 217
12488 4 2 1 1 1767 204 202 1528
12489 4 2 1 1 1748 2203 2080 1431
12490 4 2 1 1 2080 2203 1748 1594
12491 4 2 1 1 1400 2164 1703 1489
12492 4 2 1 1 1703 2164 1400 1963
12493 4 2 1 1 1233 2218 1234 1321
12494 4 2 1 1 1234 2218 1233 1835
12495 4 2 1 1 1972 328 1551 326
12496 4 2 1 1 1972 1551 328 1963
12497 4 2 1 1 1794 255 282 256
12498 4 2 1 1 383 1246 1695 1035
12499 4 2 1 1 1695 1246 383 298
12500 4 2 1 1 2161 1992 1614 1390
12501 4 2 1 1 2161 1614 1992 1494
12502 4 2 1 1 2194 1946 1261 1260
12503 4 2 1 1 2194 1261 1946 1493
12504 4 2 1 1 2194 1260 1846 1946
12505 4 2 1 1 2194 1846 1260 1138
12506 4 2 1 1 1258 1846 1260 1946
12507 4 2 1 1 1258 1260 1846 1138
12508 4 2 1 1 1964 787 785 1619
12509 4 2 1 1 1964 785 787 815
12510 4 2 1 1 1987 2318 2300 1569
12511 4 2 1 1 2300 2318 1987 1364
12512 4 2 1 1 1247 2021 1066 1076
12513 4 2 1 1 1066 2021 1247 1778
12514 4 2 1 1 1774 2088 2031 1620
12515 4 2 1 1 2056 1385 2356 1775
12516 4 2 1 1 2056 2356 1385 1563
12517 4 2 1 1 1955 1917 1684 1370
12518 4 2 1 1 1955 1684 1917 1485
12519 4 2 1 1 2105 1200 1801 1750
12520 4 2 1 1 2105 1801 1200 1202
12521 4 2 1 1 1014 2290 1185 1333
12522 4 2 1 1 1185 2290 1014 1588
12523 4 2 1 1 2002 1651 1487 1856
12524 4 2 1 1 2002 1487 1651 1847
12525 4 2 1 1 2084 2175 2280 1511
12526 4 2 1 1 2280 2175 2084 1394
12527 4 2 1 1 2296 1954 1914 1393
12528 4 2 1 1 2296 1914 1954 1486
12529 4 2 1 1 582 2138 610 609
12530 4 2 1 1 582 610 2138 1533
12531 4 2 1 1 641 610 2138 609
12532 4 2 1 1 641 2138 610 1533
12533 4 2 1 1 1771 767 907 1618
12534 4 2 1 1 1771 907 767 925
12535 4 2 1 1 2084 2144 1852 1511
12536 4 2 1 1 1852 2144 2084 797
12537 4 2 1 1 502 2345 1022 1340
12538 4 2 1 1 502 1022 2345 1557
12539 4 2 1 1 1362 1022 2345 1340
12540 4 2 1 1 1362 2345 1022 1557
12541 4 2 1 1 246 663 43 977
12542 4 2 1 1 43 663 246 179
12543 4 2 1 1 1969 1255 1324 1363
12544 4 2 1 1 1969 1324 1255 1622
12545 4 2 1 1 1719 406 387 363
12546 4 2 1 1 1719 387 406 1631
12547 4 2 1 1 1952 2280 1760 1820
12548 4 2 1 1 1760 2280 1952 1511
12549 4 2 1 1 2176 1803 1479 2147
12550 4 2 1 1 2176 1479 1803 1707
12551 4 2 1 1 1506 2271 2238 1854
12552 4 2 1 1 1499 2238 2271 1854
12553 4 2 1 1 1499 2271 2238 1570
12554 4 2 1 1 359 2278 338 410
12555 4 2 1 1 338 2278 359 1947
12556 4 2 1 1 2347 1463 2039 1752
12557 4 2 1 1 2347 2039 1463 1628
12558 4 2 1 1 2348 1581 1379 1539
12559 4 2 1 1 2348 1379 1581 1975
12560 4 2 1 1 1939 844 2110 843
12561 4 2 1 1 1939 2110 844 1849
12562 4 2 1 1 845 2110 844 843
12563 4 2 1 1 845 844 2110 1849
12564 4 2 1 1 2206 1812 1960 1524
12565 4 2 1 1 2206 1960 1812 1397
12566 4 2 1 1 1883 1639 2272 464
12567 4 2 1 1 2272 1639 1883 1792
12568 4 2 1 1 2272 458 1883 464
12569 4 2 1 1 1883 458 2272 1792
12570 4 2 1 1 2056 1743 1765 1446
12571 4 2 1 1 2056 1765 1743 1508
12572 4 2 1 1 2119 1527 1874 1757
12573 4 2 1 1 2119 1874 1527 1887
12574 4 2 1 1 1505 2093 1926 1641
12575 4 2 1 1 1505 1926 2093 1360
12576 4 2 1 1 1205 1926 2093 1641
12577 4 2 1 1 1205 2093 1926 1360
12578 4 2 1 1 1958 530 521 416
12579 4 2 1 1 1958 521 530 1670
12580 4 2 1 1 1315 430 2139 1241
12581 4 2 1 1 2139 430 1315 426
12582 4 2 1 1 2094 2284 2165 1584
12583 4 2 1 1 2165 2284 2094 1445
12584 4 2 1 1 1903 445 1938 444
12585 4 2 1 1 1903 1938 445 1597
12586 4 2 1 1 2285 771 760 2258
12587 4 2 1 1 2285 760 771 776
12588 4 2 1 1 2327 1376 1640 2195
12589 4 2 1 1 2327 1640 1376 2057
12590 4 2 1 1 2093 2097 1351 1092
12591 4 2 1 1 1351 2097 2093 1505
12592 4 2 1 1 1351 1360 2093 1092
12593 4 2 1 1 2093 1360 1351 1505
12594 4 2 1 1 1818 2119 1527 1427
12595 4 2 1 1 1527 2119 1818 1757
12596 4 2 1 1 1950 1822 2176 1365
12597 4 2 1 1 1950 2176 1822 1560
12598 4 2 1 1 2286 1394 1500 1740
12599 4 2 1 1 2286 1500 1394 2104
12600 4 2 1 1 2269 1500 1394 1740
12601 4 2 1 1 2269 1394 1500 2104
12602 4 2 1 1 2296 2339 1065 1778
12603 4 2 1 1 1065 2339 2296 1673
12604 4 2 1 1 643 1924 2109 587
12605 4 2 1 1 2109 1924 643 1566
12606 4 2 1 1 1754 2240 2013 1371
12607 4 2 1 1 2013 2240 1754 1517
12608 4 2 1 1 2118 1885 1787 1454
12609 4 2 1 1 2118 1787 1885 1567
12610 4 2 1 1 1537 1690 1127 2153
12611 4 2 1 1 1127 1690 1537 2304
12612 4 2 1 1 2228 556 1924 584
12613 4 2 1 1 2228 1924 556 1626
12614 4 2 1 1 2321 1737 1443 1782
12615 4 2 1 1 2321 1443 1737 2019
12616 4 2 1 1 1981 2116 1648 1437
12617 4 2 1 1 1648 2116 1981 1495
12618 4 2 1 1 2104 1891 2286 1500
12619 4 2 1 1 2104 2286 1891 1374
12620 4 2 1 1 2122 1380 1510 1833
12621 4 2 1 1 2122 1510 1380 2041
12622 4 2 1 1 1906 805 1649 788
12623 4 2 1 1 1906 1649 805 1742
12624 4 2 1 1 2316 853 2060 957
12625 4 2 1 1 2316 2060 853 1519
12626 4 2 1 1 2244 230 1651 188
12627 4 2 1 1 2244 1651 230 1856
12628 4 2 1 1 231 1651 230 188
12629 4 2 1 1 231 230 1651 1856
12630 4 2 1 1 1918 2031 2088 1536
12631 4 2 1 1 2088 2031 1918 1774
12632 4 2 1 1 1920 278 276 222
12633 4 2 1 1 1920 276 278 1763
12634 4 2 1 1 2334 176 224 1868
12635 4 2 1 1 224 176 2334 1591
12636 4 2 1 1 224 1999 2334 1868
12637 4 2 1 1 2334 1999 224 1591
12638 4 2 1 1 2197 639 1924 589
12639 4 2 1 1 2197 1924 639 1529
12640 4 2 1 1 2330 305 1927 297
12641 4 2 1 1 2330 1927 305 1540
12642 4 2 1 1 2328 1994 1634 1534
12643 4 2 1 1 2328 1634 1994 1441
12644 4 2 1 1 948 2330 1927 679
12645 4 2 1 1 1927 2330 948 1540
12646 4 2 1 1 1901 709 717 882
12647 4 2 1 1 1901 717 709 1945
12648 4 2 1 1 2278 359 409 410
12649 4 2 1 1 2278 409 359 1830
12650 4 2 1 1 1979 227 1980 258
12651 4 2 1 1 1979 1980 227 1711
12652 4 2 1 1 2049 750 912 782
12653 4 2 1 1 2049 912 750 1877
12654 4 2 1 1 2046 1946 1445 1633
12655 4 2 1 1 2046 1445 1946 2096
12656 4 2 1 1 2097 2191 1431 1943
12657 4 2 1 1 1431 2191 2097 1851
12658 4 2 1 1 1833 2067 1580 1440
12659 4 2 1 1 1580 2067 1833 1759
12660 4 2 1 1 1898 1940 2152 1499
12661 4 2 1 1 2152 1940 1898 1526
12662 4 2 1 1 2159 1881 2026 1535
12663 4 2 1 1 2159 2026 1881 1462
12664 4 2 1 1 1612 452 450 451
12665 4 2 1 1 1612 450 452 2029
12666 4 2 1 1 2336 1238 1084 1082
12667 4 2 1 1 2336 1084 1238 2281
12668 4 2 1 1 2046 1257 1242 1145
12669 4 2 1 1 2046 1242 1257 1633
12670 4 2 1 1 2126 774 823 822
12671 4 2 1 1 2126 823 774 1760
12672 4 2 1 1 1741 997 814 891
12673 4 2 1 1 1741 814 997 2075
12674 4 2 1 1 643 2228 1924 584
12675 4 2 1 1 1924 2228 643 1566
12676 4 2 1 1 2037 2017 2195 1376
12677 4 2 1 1 2037 2195 2017 1521
12678 4 2 1 1 304 683 1927 895
12679 4 2 1 1 1927 683 304 300
12680 4 2 1 1 2306 575 1600 574
12681 4 2 1 1 2306 1600 575 2027
12682 4 2 1 1 935 2018 293 889
12683 4 2 1 1 293 2018 935 1734
12684 4 2 1 1 2321 2265 1782 1443
12685 4 2 1 1 2321 1782 2265 1606
12686 4 2 1 1 1660 1782 2265 1443
12687 4 2 1 1 1660 2265 1782 1606
12688 4 2 1 1 578 2227 616 615
12689 4 2 1 1 616 2227 578 2069
12690 4 2 1 1 540 900 139 665
12691 4 2 1 1 139 900 540 601
12692 4 2 1 1 2171 1918 2088 1536
12693 4 2 1 1 2171 2088 1918 1484
12694 4 2 1 1 1486 1062 2050 1989
12695 4 2 1 1 1279 1062 2050 1063
12696 4 2 1 1 1279 2050 1062 1989
12697 4 2 1 1 578 2335 626 602
12698 4 2 1 1 626 2335 578 1601
12699 4 2 1 1 2103 880 897 749
12700 4 2 1 1 2103 897 880 1906
12701 4 2 1 1 1945 708 706 709
12702 4 2 1 1 1945 706 708 1786
12703 4 2 1 1 2342 1652 1441 1679
12704 4 2 1 1 2342 1441 1652 1994
12705 4 2 1 1 1939 841 842 1730
12706 4 2 1 1 1939 842 841 843
12707 4 2 1 1 2268 551 1831 553
12708 4 2 1 1 2268 1831 551 1838
12709 4 2 1 1 2274 930 2234 937
12710 4 2 1 1 2274 2234 930 1870
12711 4 2 1 1 2008 612 656 642
12712 4 2 1 1 2008 656 612 1717
12713 4 2 1 1 2008 572 1611 570
12714 4 2 1 1 2008 1611 572 1886
12715 4 2 1 1 1701 2248 2252 1498
12716 4 2 1 1 2252 2248 1701 2025
12717 4 2 1 1 680 187 2244 867
12718 4 2 1 1 2244 187 680 177
12719 4 2 1 1 746 2315 1797 745
12720 4 2 1 1 1797 2315 746 1923
12721 4 2 1 1 1441 1619 2023 2043
12722 4 2 1 1 1441 2023 1619 2328
12723 4 2 1 1 1523 2023 1619 2043
12724 4 2 1 1 1523 1619 2023 2328
12725 4 2 1 1 1394 2269 2253 2104
12726 4 2 1 1 1394 2253 2269 1704
12727 4 2 1 1 1565 2253 2269 2104
12728 4 2 1 1 1565 2269 2253 1704
12729 4 2 1 1 2229 1947 1774 1436
12730 4 2 1 1 2229 1774 1947 1551
12731 4 2 1 1 2268 2192 1916 1509
12732 4 2 1 1 2268 1916 2192 1542
12733 4 2 1 1 2236 1192 1026 1194
12734 4 2 1 1 2236 1026 1192 1944
12735 4 2 1 1 1934 2213 1702 1455
12736 4 2 1 1 1702 2213 1934 1953
12737 4 2 1 1 2320 568 567 1688
12738 4 2 1 1 2320 567 568 569
12739 4 2 1 1 2271 1291 1113 1114
12740 4 2 1 1 2271 1113 1291 1854
12741 4 2 1 1 1295 2242 387 1631
12742 4 2 1 1 1295 387 2242 292
12743 4 2 1 1 406 387 2242 1631
12744 4 2 1 1 406 2242 387 292
12745 4 2 1 1 689 2299 2005 687
12746 4 2 1 1 2005 2299 689 1796
12747 4 2 1 1 1890 2191 1575 1456
12748 4 2 1 1 1575 2191 1890 2080
12749 4 2 1 1 2177 2028 1922 1426
12750 4 2 1 1 2177 1922 2028 1562
12751 4 2 1 1 2115 2137 1706 1810
12752 4 2 1 1 1706 2137 2115 1429
12753 4 2 1 1 1893 2287 2074 1485
12754 4 2 1 1 2074 2287 1893 1561
12755 4 2 1 1 2078 2271 2238 1506
12756 4 2 1 1 2238 2271 2078 1570
12757 4 2 1 1 2309 2276 1565 1704
12758 4 2 1 1 2309 1565 2276 1397
12759 4 2 1 1 1691 1565 2276 1704
12760 4 2 1 1 1691 2276 1565 1397
12761 4 2 1 1 2336 1935 1729 1481
12762 4 2 1 1 2336 1729 1935 1561
12763 4 2 1 1 2274 782 1602 913
12764 4 2 1 1 2274 1602 782 2049
12765 4 2 1 1 912 1602 782 913
12766 4 2 1 1 912 782 1602 2049
12767 4 2 1 1 2291 1231 2232 1863
12768 4 2 1 1 2291 2232 1231 1329
12769 4 2 1 1 2216 260 174 283
12770 4 2 1 1 2216 174 260 1795
12771 4 2 1 1 1993 2297 2172 1384
12772 4 2 1 1 2172 2297 1993 1596
12773 4 2 1 1 869 549 136 545
12774 4 2 1 1 136 549 869 989
12775 4 2 1 1 1565 1397 1960 2206
12776 4 2 1 1 1565 1960 1397 2309
12777 4 2 1 1 664 626 147 615
12778 4 2 1 1 147 626 664 993
12779 4 2 1 1 2104 2253 2095 1565
12780 4 2 1 1 2095 2253 2104 1394
12781 4 2 1 1 2167 1358 1654 1159
12782 4 2 1 1 2167 1654 1358 2091
12783 4 2 1 1 1338 1654 1358 1159
12784 4 2 1 1 2227 995 1513 1896
12785 4 2 1 1 2227 1513 995 849
12786 4 2 1 1 1803 1513 851 1896
12787 4 2 1 1 1803 851 1513 849
12788 4 2 1 1 1513 995 851 1896
12789 4 2 1 1 1513 851 995 849
12790 4 2 1 1 1571 2292 1018 1824
12791 4 2 1 1 1571 1018 2292 1322
12792 4 2 1 1 1251 1018 2292 1824
12793 4 2 1 1 1251 2292 1018 1322
12794 4 2 1 1 172 1016 19 1328
12795 4 2 1 1 19 1016 172 255
12796 4 2 1 1 2265 2275 1895 1390
12797 4 2 1 1 1895 2275 2265 1592
12798 4 2 1 1 497 1341 1715 1015
12799 4 2 1 1 497 1715 1341 508
12800 4 2 1 1 2308 1289 1273 1162
12801 4 2 1 1 2308 1273 1289 2143
12802 4 2 1 1 417 670 114 994
12803 4 2 1 1 114 670 417 484
12804 4 2 1 1 2332 649 157 608
12805 4 2 1 1 2332 157 649 1018
12806 4 2 1 1 2320 567 606 2040
12807 4 2 1 1 2320 606 567 569
12808 4 2 1 1 282 1016 1794 1330
12809 4 2 1 1 1794 1016 282 255
12810 4 2 1 1 1062 2050 1914 1486
12811 4 2 1 1 1062 1914 2050 1063
12812 4 2 1 1 1802 1914 2050 1486
12813 4 2 1 1 1802 2050 1914 1063
12814 4 2 1 1 1654 1358 1219 1338
12815 4 2 1 1 1654 1219 1358 2091
$EndElements
